company_id,period,available_at,label_end,Equity,Liabilities,Current_Liabilities,Current_Assets,Revenue,Operating_Profit,Interest_Expense,Debt_Ratio,Current_Ratio,Operating_Margin,Interest_Coverage,distress_next_year,ROA,Operating_Cashflow,Cashflow_to_Debt
SYN000,0,2012-05-01,2013-05-01,50.85034052053971,26.65412607115317,8.715050482606722,15.933494299318362,79.21807049550492,7.1148187863874295,0.6501769177391737,52.41680940245997,182.8273322239272,8.981307852974211,10.9428966059383,0,9.17988226906914,8.189924948907624,30.72666846042757
SYN001,0,2012-05-01,2013-05-01,68.21067401665752,55.698227994631814,29.399326565718248,42.033239888507225,88.78436773283386,-0.10527350530222236,3.8568409921400018,81.65617595426475,142.97347864260618,-0.118572118032092,-0.027295267167291346,0,-0.08496040526017323,-2.7770160612256496,-4.985824794090932
SYN002,0,2012-05-01,2013-05-01,161.02640023945222,114.33894606066002,69.33459901137964,266.88287294158266,118.99724232783741,8.816812125662427,6.257470966362061,71.00633553916238,384.92019388152823,7.4092575199113515,1.4090056786613112,0,3.2018597271325686,13.220118673507626,11.56221841199584
SYN003,0,2012-05-01,2013-05-01,231.83685260078394,2939.5795495618354,1301.8820041809993,1317.8457541980817,1977.367392371478,139.3609866419085,205.34040575730367,1267.9518017024252,101.226205598189,7.047804428228757,0.6786827274833689,0,4.394282206110712,238.4786028229633,8.112677299667233
SYN004,0,2012-05-01,2013-05-01,471.4822924085242,1790.471848784497,727.2262569185593,799.0844699278169,2056.9220907821405,163.35369415808407,52.416889020681964,379.75378452455453,109.88113566109934,7.941656851765793,3.116432455455915,0,7.221795136479934,187.0594744140762,10.447495979401507
SYN005,0,2012-05-01,2013-05-01,192.53442521854885,227.84807623927344,132.91905506177125,127.98462019003298,323.8255693365058,-0.9652870656465045,7.911486604622715,118.34147372899133,96.28763921813535,-0.2980885875146626,-0.12201083233617348,0,-0.22962113368159626,-1.3381763448955832,-0.5873107936580971
SYN006,0,2012-05-01,2013-05-01,206.59532017502073,419.61372443873785,111.64712134474529,191.44402949858454,307.1196358911225,35.604516560612126,10.868253139862931,203.1090172242309,171.4724277641171,,3.2760109745715,0,5.68572377975996,42.1119921913479,10.035894857270357
SYN007,0,2012-05-01,2013-05-01,483.8130879047063,1340.8130329699698,656.2345703366493,1312.2436097338182,1817.084761571042,47.73435645464903,93.16524740677217,,199.96563257260817,2.6269746719673197,0.5123622572077153,0,2.6161171271496695,134.87178359550117,10.058955296455705
SYN008,0,2012-05-01,2013-05-01,86.1716469825465,68.74565093087749,43.89355113484433,38.81443446795245,129.26856507623347,2.46229745713727,2.378990434582588,79.77757573184306,88.42855832901638,1.904792132321714,1.0350178047560326,0,1.5894270622466786,-5.457407621749102,-7.938549636014686
SYN009,0,2012-05-01,2013-05-01,75.8301552240541,51.05020212930753,21.543989219057472,40.03098264305852,56.633503532789966,5.660611362311764,1.654220793722516,67.32176925982856,185.8104468769774,9.99516365614632,3.4219200869634894,0,4.461377222123492,12.998941406796506,25.463055707146584
SYN010,0,2012-05-01,2013-05-01,101.84457133713697,77.45369420146535,28.715214576691036,18.011546406229154,173.03741828812596,16.412869981029797,3.654203978353794,76.0508814407689,62.72474948123718,9.485156530537573,4.491503506168185,0,9.15394799371116,13.261558631972324,17.12191880412778
SYN011,0,2012-05-01,2013-05-01,138.74575470632874,114.62185525541462,45.73091436776996,50.28590810853225,186.47245812699254,-9.273388587779017,7.358132596108478,82.61287381226538,109.96042568519587,-4.973060730214432,-1.2602910407843788,0,-3.660052912516809,-11.64537758263443,-10.159822973275697
SYN012,0,2012-05-01,2013-05-01,611.7141150756374,690.7192095275182,331.427484104952,567.0242806959807,805.1082701295657,71.9843341524917,32.64674190702365,112.91536234080716,171.08547356212108,8.940950779316587,2.2049469548140395,0,5.526911266219708,49.23697085999186,7.128362753031304
SYN013,0,2012-05-01,2013-05-01,116.2579781141165,54.21640387539237,32.676258009846514,53.375376789860155,126.61968050461337,8.387581259966039,1.125559760377552,46.63456629374256,163.34605013149383,6.6242318939198706,7.451919973713836,0,4.9201417609375575,4.090615528554721,7.54497760116355
SYN014,0,2012-05-01,2013-05-01,370.5466620448132,220.89575811646736,119.65946664796935,124.06718917841124,446.6347736454342,18.486496505126585,8.008031141233381,59.61347941915954,103.68355522042324,4.139063412873062,2.308494582387367,0,3.125662934370771,13.552889328337173,6.135423080959033
SYN015,0,2012-05-01,2013-05-01,106.60574814332084,57.61491182711747,22.29615096324151,36.407122736052685,177.93984260100834,11.497945659843888,2.970259272004953,54.04484545210446,163.28882413863806,6.461703849893555,3.8710242463388274,0,7.001522014290806,14.07125440626156,24.422938367908216
SYN016,0,2012-05-01,2013-05-01,209.34661561171364,238.6749743631781,96.19464922325666,269.4895324332349,386.83712872488405,49.94099528125694,10.469381888582808,114.0094735545481,280.15023144144,12.910083229568855,4.770195204715875,0,11.147006394056982,55.964326633466555,23.447924015824476
SYN017,0,2012-05-01,2013-05-01,239.1095584037422,363.18690842670645,183.05016600798308,497.54999335394746,334.42547901429776,38.26648130870705,11.14183493681061,151.89142201227133,271.81073047060147,11.442453912750778,3.434486467061319,0,6.353429484665957,46.1163036348393,12.697677852599655
SYN018,0,2012-05-01,2013-05-01,215.52281584349373,151.50037592800408,75.93567507780648,275.6780622473436,243.2577184774192,26.128562782569233,5.680238016932226,70.29435623095196,363.04156375099546,10.741103281783293,4.59990632517204,0,7.119049522853155,23.977073759263124,15.826412055015295
SYN019,0,2012-05-01,2013-05-01,251.07020174659212,142.04209433592692,41.98134586122015,138.39680743206907,170.5766999071239,24.843412805448214,5.878940891259355,56.5746525664131,329.6626265617457,14.564364780755536,4.2258313640106,0,6.319673297686237,36.25788925940806,25.52615788222527
SYN020,0,2012-05-01,2013-05-01,91.62208940433779,39.681850249259405,19.077593044288147,49.6782531487415,80.91029126553273,15.069244379601644,0.8155352316768731,43.31035289332825,260.4010528656036,18.62463247122316,18.47773559533023,0,11.47661252157167,10.185600066942468,25.668158120052794
SYN021,0,2012-05-01,2013-05-01,411.29189059351427,493.7778023049202,270.98803794258754,602.877109833071,864.8201812098491,51.95033413520682,25.26150904775539,,222.47369825261387,6.007067742398236,2.056501614254231,0,5.739926388302631,65.43651731865417,13.252219320755426
SYN022,0,2012-05-01,2013-05-01,294.9172009889795,466.1950193845524,140.27075171254648,176.2003342905447,497.1596210207014,19.5298633185139,29.1594680231884,158.07657804333127,125.61445072428774,3.928288318833659,0.6697606178200242,0,2.565963703608544,26.449676589965097,5.673521914687688
SYN023,0,2012-05-01,2013-05-01,90.80232777424904,72.6813445098763,40.72703316654783,53.522269956746484,156.48880951080108,15.419459794992013,2.0608458540570345,80.04348158405722,131.41706084475692,9.853394529100651,7.482102440916124,0,9.431804154847873,19.75847577866803,27.185071921699453
SYN024,0,2012-05-01,2013-05-01,211.45965208285634,369.92122473502155,114.46556911233426,245.12211772395952,340.79413442393195,25.01179791992097,22.06930226881807,174.93702514467162,214.1448468957521,7.339268899742113,1.1333297997037441,0,4.302136330458649,48.26863779276377,13.048355856666266
SYN025,0,2012-05-01,2013-05-01,70.02045783001819,150.07909898879336,42.71113679811533,66.62781854839922,179.87759491745047,3.861049161900925,5.984003767072959,214.33607211356102,155.99635959897756,2.1464869839252856,0.6452283976066971,0,1.7542285035491392,-13.178033894852835,-8.78072561978591
SYN026,0,2012-05-01,2013-05-01,158.60712583491494,84.53527287815244,39.97530543767999,116.00661188509562,98.50732011348295,8.43693383578211,2.806541828147883,53.29853399281717,290.19568609912335,8.564778562712442,3.0061671453334027,0,3.4699558285342675,7.2795885383926855,8.611303057938132
SYN027,0,2012-05-01,2013-05-01,65.38151194523448,123.61141320708019,69.51835710679126,103.99979283125076,85.08592788465586,11.29865780013662,6.024417529779634,189.06172330584957,149.60047555711154,13.279114515214903,1.875477213238557,0,5.978349608076978,9.714403840494544,7.858824349997906
SYN028,0,2012-05-01,2013-05-01,245.39191617177696,146.09883116478994,72.5453133411768,137.4819159270209,257.0540406669789,25.9921004026952,4.228658491247835,59.53693725693849,189.5117818024311,10.111531542259915,6.146653946279117,0,,13.950826582648633,9.54889677858751
SYN029,0,2012-05-01,2013-05-01,1182.1140626426838,1650.2515628014528,813.0613114264669,911.8273571229386,2938.793057662895,86.19181133190726,58.21879005274365,139.60171991459273,112.14742902022883,2.9328982899004186,1.4804809796600253,0,3.043103282910084,-106.86342249904844,-6.475583778126411
SYN030,0,2012-05-01,2013-05-01,415.54379399081085,305.650809439059,87.69508782031217,265.04290140436706,637.5297306616221,-7.499778165075022,18.54331968912867,73.55441564982631,302.2323233741915,-1.1763809285085145,-0.40444636078144586,0,-1.039910466524215,15.37744954793057,5.031051472152749
SYN031,0,2012-05-01,2013-05-01,247.53341804299447,278.9789710186929,134.36328721932085,191.0025172084945,271.29512424921774,11.484613386398651,11.675024146119933,112.70355866464729,142.15379897391284,4.2332546219476574,0.9836907609493414,0,2.181261756606659,30.882134770226557,11.069699862129504
SYN032,0,2012-05-01,2013-05-01,78.88490884142698,116.14152417818963,52.95506584971826,39.33172961929463,111.77852583503251,8.218405357538677,7.914018188233068,147.22907826597762,74.27378096538405,7.352400916136386,,0,4.213995626281097,12.276598146220856,10.570378022063442
SYN033,0,2012-05-01,2013-05-01,193.67482806413847,289.8548377489895,74.12245709186645,59.518238147461844,185.50131853905953,-5.549445702654359,9.755255926887271,,80.29717373466949,-2.9915936697160763,-0.5688672592749793,0,-1.147694980270162,-2.9653970019199747,-1.0230627941038437
SYN034,0,2012-05-01,2013-05-01,340.0828507606399,242.98554388174935,135.19265690496997,189.57104243256046,484.55948016888317,36.74308310216623,7.747342926735445,71.44892585388541,140.22288397350923,7.582780774273613,4.742668996278565,0,6.301676345311378,28.3084506497186,11.650261244963245
SYN035,0,2012-05-01,2013-05-01,139.50938534142628,174.731114543763,59.03307565669177,137.41764710689532,333.22829155795546,18.882467843367408,8.176016554681878,125.24685283082377,232.78076837136328,5.6665260188699635,2.309494815363924,0,6.008922417787108,20.011459330443227,11.452716582673187
SYN036,0,2012-05-01,2013-05-01,162.47026304538701,132.94865720852687,57.88940926108468,85.4038486494857,245.6976532888861,17.104903043375796,8.041239480427087,81.82953281203643,147.5293144974226,6.961768993073862,2.1271475728350424,0,5.790049949635607,17.411279998034622,13.096243590279695
SYN037,0,2012-05-01,2013-05-01,45.32959471865941,35.46658764810738,15.350194171331742,18.444049627729655,74.05705135484602,3.0182377360183925,2.120334513778201,78.24157235076264,120.15515518478617,4.0755575340914385,1.423472436262063,0,3.7356192428961332,-5.775669997935559,-16.284820110805807
SYN038,0,2012-05-01,2013-05-01,81.54912997203982,163.48595874655265,85.35859566639624,166.50121543913934,155.55506305621265,7.286272600205142,5.206370990356181,200.47541746013223,195.06086544566608,,1.3994916254914578,0,2.973562944927031,13.882627623078816,8.49163299987165
SYN039,0,2012-05-01,2013-05-01,40.696949417942186,84.69344980844453,50.380370228923546,61.90097316046057,117.24583108746194,5.534287333319262,2.524277013699319,208.1076125354631,122.86724547514937,4.720242316497246,2.192424723310689,0,4.413645197290868,10.434191764666753,12.319951292887813
SYN040,0,2012-05-01,2013-05-01,566.8690781231252,594.6713337605905,334.21125878012157,282.92286456621827,833.1118062238205,0.6919778892345403,21.77995191799566,104.90452852526674,84.65389993110733,0.08305942660577735,0.03177132308831198,0,,-9.862996846689926,-1.658562686100602
SYN041,0,2012-05-01,2013-05-01,206.61196946671947,116.2776559514618,38.93341720899334,50.201818886018636,285.0129610815492,10.751531005747022,4.663228885157841,56.278276738556286,128.9427501740648,3.7722954650721117,2.3055979602388965,0,3.3297852143197493,10.31260654636057,8.868949465807429
SYN042,0,2012-05-01,2013-05-01,246.48069742732383,312.2891440119711,106.64702360219601,279.6295571266797,303.97608372710334,10.398525883306084,9.189839099935044,126.69922929930496,262.200995097365,3.420836848678343,1.1315242595900925,0,1.8609676314171273,58.09180914823144,18.601930378343408
SYN043,0,2012-05-01,2013-05-01,128.7806990791919,171.83644109769182,72.41229320135011,66.62787497946671,264.1044454573473,25.62309033386134,4.950282839481888,133.4333811870546,92.01182842559729,9.701877713375882,5.176086127746013,0,8.523496138239045,14.70317945466887,8.55649672487681
SYN044,0,2012-05-01,2013-05-01,53.385240227304365,33.16764853066854,13.13992813339544,20.419170154669235,45.465875978638444,1.719448424910417,1.8934474144453974,62.12887380378339,155.39788305822944,3.781843828805317,0.9081046623172548,0,1.9865869869675818,-0.6735796651218746,-2.03083334201111
SYN045,0,2012-05-01,2013-05-01,167.86827318805504,127.36868139408608,68.46552492918002,102.24906692783276,177.68696000427346,11.378151562321955,4.503334011631298,75.87418335530316,149.3438734802633,6.403481472162225,2.526606183981522,0,3.8539049349109558,10.70872338446535,8.407658199217702
SYN046,0,2012-05-01,2013-05-01,95.05520244371385,89.6649819953607,42.06483757573757,46.97237857270508,104.05925461260574,-3.2111247515801877,5.953221953426087,94.32937881380568,111.66661106947461,-3.0858617655244975,-0.5393927484481208,0,-1.7383724260189328,-3.1901747016844073,-3.5578824984869435
SYN047,0,2012-05-01,2013-05-01,75.27300459421599,59.441539548356694,25.570132288263842,84.57472360492766,91.3960503755122,1.9203586037696962,2.7752449080510795,78.96793793312219,330.7559094785978,2.1011395961637955,0.6919600494351583,0,1.4255020614086922,3.746443951927133,6.302737076450279
SYN048,0,2012-05-01,2013-05-01,154.28285776928166,300.5049242230862,147.77673685799462,79.67575481752935,232.66987007731896,-2.6092012793632513,6.510443153613741,194.7753163040761,53.916304089251476,-1.1214177746762752,-0.40077168601264357,1,-0.573718420475737,0.7628398993642773,0.253852711843739
SYN049,0,2012-05-01,2013-05-01,160.2720719072887,246.0407657356635,99.00459444065731,80.28939164801751,326.30963254188845,-0.14003656421476576,13.771006321933063,153.51443505265766,,-0.04291524069452324,-0.010168941974249893,1,-0.034465207899195896,15.901255768696812,6.462854121410309
SYN050,0,2012-05-01,2013-05-01,130.798132026603,134.47158160593293,79.77462472211107,90.41013452904694,221.2925658754672,12.967573105832452,3.905383113693457,102.80848779903278,113.33194589630959,5.859922611738335,3.320435595771439,0,4.888448412846611,11.747226650429687,8.73584329873859
SYN051,0,2012-05-01,2013-05-01,86.3157300211368,78.7677416842776,43.246934696775675,68.45281800653092,85.97618829464989,7.009740001019157,3.2074775126955775,91.25537334271417,158.28362977974135,8.153117903989887,2.1854369900564454,0,4.2461791774816735,3.3831529074780717,4.295099535846366
SYN052,0,2012-05-01,2013-05-01,74.43248821473308,333.32743099302365,189.4651744060737,457.5610336728107,378.7230115470108,37.33898538449867,13.938675272453196,,241.50139206698594,9.859180521399026,2.6788044526936625,1,9.157100447009402,56.268235506147576,16.88076955998417
SYN053,0,2012-05-01,2013-05-01,149.0712540757042,206.44081051368255,133.47259343039164,118.59561360798111,301.50209187402083,-16.655903167417293,4.57413966632502,138.4846540627101,88.85390667847543,-5.524307663635306,-3.641319326132223,0,-4.685045832876224,-11.019534469852125,-5.337866307748182
SYN054,0,2012-05-01,2013-05-01,349.2331385722826,234.3302447057098,122.98661553659679,359.5646879417389,623.6409061704248,57.97036416488434,15.307717861680132,67.09851352127892,292.3608283494428,9.295471735627705,3.7870023924338043,0,9.933859084724128,42.248937922820026,18.029656383400077
SYN055,0,2012-05-01,2013-05-01,48.27833530362996,26.643395164107382,13.610142435750586,31.460945877113954,74.86224374092923,2.000570055938221,0.9072235277849664,55.18706267841036,231.1580942347347,2.672335153166742,2.2051567168046415,0,2.6702133592599044,4.236675243746538,15.901409027082138
SYN056,0,2012-05-01,2013-05-01,93.68823345748935,60.624539007270684,33.73785037874865,63.48702703175931,163.570525030164,5.226974870137992,3.0442989535724,64.70880789398043,188.17745149450766,3.195548139968425,1.7169716081938282,0,3.387260034701056,8.121851330416872,13.396970044494394
SYN057,0,2012-05-01,2013-05-01,132.46907201343896,230.38966967954383,115.90677607562343,105.92486430442199,377.8915923147956,36.48847179475763,7.554028427585088,173.9195920812149,91.38798255876884,9.655804081600625,4.830332867362859,0,10.055833745251416,41.52412689121628,18.023432625678694
SYN058,0,2012-05-01,2013-05-01,132.80520188523053,173.02142460437855,109.35264015869161,129.69869552921236,314.87519346895346,20.398992232099264,8.540584923572629,130.28211406500677,118.60591142655059,6.478437379383649,2.3884771844837673,0,6.670116486012493,11.224452554161747,6.487319463371067
SYN059,0,2012-05-01,2013-05-01,98.0096166589211,44.08241539385306,18.19047986236504,66.71714716206989,154.5670789786169,9.165200082186427,2.760133891929992,44.97764290545315,366.7695831383947,5.929593897193566,3.3205635817100765,0,6.450185805480209,6.184257641339657,14.028853877643924
SYN060,0,2012-05-01,2013-05-01,572.4667093343578,651.1181608499784,258.95656421429265,514.9686624906991,1305.0116253216192,95.93832989481474,18.88588378385777,113.7390437265904,198.8629498746942,7.351530670937188,5.079896233228735,0,7.840758106167282,83.7779428304019,12.86678023556232
SYN061,0,2012-05-01,2013-05-01,196.34226455068995,195.3924932008483,55.5493399518434,157.76582672510264,241.86191163967447,36.02136157143765,8.020674696463383,99.51626749746667,284.01026341964155,14.89335849834108,4.4910637738893495,0,9.195344773129518,54.497404062027414,27.89124759568338
SYN062,0,2012-05-01,2013-05-01,74.45772900509093,67.63264859664133,42.41578090441772,125.97596633052221,63.84921414324263,7.147778662064095,3.1297039746090562,90.83361727567203,297.0025864062341,11.194779384486079,2.283851354649908,0,5.030445257946133,-3.6336655134716214,-5.372650027566821
SYN063,0,2012-05-01,2013-05-01,39.745966893393145,26.647498512654778,7.534959392381139,8.581651056351458,69.55843791915095,5.550080091203284,0.6716788833357117,67.0445345665608,113.89113875024549,7.979017725576651,8.262996245527791,0,8.359377021910527,7.306914104587401,27.420638005167277
SYN064,0,2012-05-01,2013-05-01,131.5642187844385,548.9773222604282,337.1151442356749,626.4678467076343,397.8134449467025,16.45157292989073,27.339423626684372,417.2694729103363,185.8320094542163,4.135499475663737,0.6017527346053242,0,2.4174237629391255,33.98051743564928,6.189785271226437
SYN065,0,2012-05-01,2013-05-01,418.06132390257426,552.9233507446197,216.66058969851784,384.66335719196286,970.1189795452543,68.3040299269144,38.68780539305611,132.25891014818532,177.5419137034659,7.040788951364717,1.7655183392535871,0,7.034511636523263,127.33294407908657,23.029040807845753
SYN066,0,2012-05-01,2013-05-01,169.85361387039723,87.7199370135514,56.71577220208763,122.09189428013653,282.47239968554493,39.65864332374143,5.294374815192129,51.64443370659398,215.26973809878322,14.039829508260059,7.490713201857479,0,15.39701696375257,37.156699905401936,42.35832944073112
SYN067,0,2012-05-01,2013-05-01,29.33573259424449,14.857356491099033,4.494955070182469,8.369077202034397,36.05694955929584,1.7935150252265157,0.68232704881546,50.64593646457619,186.18822816608625,4.97411746458771,,0,4.058360848600032,0.5916159857195618,3.981973415486099
SYN068,0,2012-05-01,2013-05-01,56.60739517792287,147.47009821669036,51.13377001859497,105.0253578673117,115.27690829128326,1.2454491342384657,4.445247557648934,260.5138387893961,,1.0803977593599647,,0,0.6102824537491797,-7.071143645961674,-4.794967747001457
SYN069,0,2012-05-01,2013-05-01,161.74837240856488,179.44254689544107,101.60417444945988,92.54486294976383,289.33627094304757,39.01999751170593,4.548978389489534,110.93932150499913,91.0837211671826,13.486037331070241,8.577749589196133,0,11.436411493981925,34.96292925268642,19.484191379126425
SYN070,0,2012-05-01,2013-05-01,313.352007447113,167.80139970053332,68.07170201796642,193.28743985377324,473.3147395710033,31.75894503873011,10.711181249197425,53.550446690166666,283.9468297748133,6.709899858076543,2.9650273205030273,0,6.600586126367092,46.60416205018753,27.77340483056734
SYN071,0,2012-05-01,2013-05-01,163.81735641092786,101.29032391807448,43.18842988555329,40.8491778801325,126.63923363962891,9.507224291942036,5.764943767071816,61.83125288873094,94.58361414939218,7.507329299698922,1.6491443240514092,0,3.5861745989944303,-2.2395374283434233,-2.2110082599348813
SYN072,0,2012-05-01,2013-05-01,164.76254520155925,163.90343121720667,54.15368076190265,67.84291964290342,331.2289346335793,-3.9679774919205357,9.57730119733758,99.47857446405577,125.27850127341891,-1.1979561798579268,-0.4143106090287319,0,-1.2072979184388661,4.204144386935328,
SYN073,0,2012-05-01,2013-05-01,314.5356553802364,323.4913593790413,101.09574037632697,167.56774900046184,567.2442890614288,24.428043355439875,14.040712464088026,102.84727783499727,165.75154242571853,4.306441479712188,1.7398008411552874,0,3.8286848033631267,27.764553473669913,8.582780549986076
SYN074,0,2012-05-01,2013-05-01,357.5865129649009,285.2466701518964,169.28315966670448,199.8674089217623,670.0868945145908,55.30742421983063,6.3839977771998155,79.76997448443893,118.06691776977345,8.25376897721529,8.663446659921908,0,8.603697766762881,81.51870987322263,28.5783212928702
SYN075,0,2012-05-01,2013-05-01,92.42787699202883,81.56169903348237,39.697591965177644,65.60050455004158,106.02575026621906,5.555248409514057,3.964256916739648,88.24361403488302,165.25058902208912,5.239527563413073,1.40133410275611,0,3.1928627774226657,7.379732028108593,
SYN076,0,2012-05-01,2013-05-01,201.66986838736227,105.34956099059796,59.46852176882974,136.73990172080087,317.0816042478852,33.43004527774392,4.7733242555338595,,229.93660789542733,10.543041548260012,7.003514424771679,0,10.888576447905983,36.337299763159336,34.492122626312884
SYN077,0,2012-05-01,2013-05-01,75.9315099745837,56.66227263713863,22.474143253168855,48.90626938005929,64.72283568892679,6.36100154521578,1.2590403128913423,74.62287086889883,217.6112736718607,9.828063739030615,5.052262012649906,0,4.797360343691875,3.941143638454914,
SYN078,0,2012-05-01,2013-05-01,69.85356636293702,48.61902104188578,21.619670847083196,27.302983688983826,105.98810867388535,3.6577961053416397,1.9108986001773873,69.60134403056351,126.28769365685044,3.4511381994713264,1.914175930110624,0,3.087461990547138,1.327582926781825,2.7305834184487154
SYN079,0,2012-05-01,2013-05-01,224.04310167288637,1619.6965055728206,998.263333939787,1359.0614181960002,1932.6018422449954,125.30672606470212,84.93086174993269,722.9396903894211,136.14257601070778,6.483835590218641,1.475396852014179,0,6.796335316129218,123.75733604875661,7.640773170958265
SYN080,0,2012-05-01,2013-05-01,54.7945859820937,91.67918832074284,56.11659795851777,39.81641369383363,111.9333869831587,4.528068968466334,2.4464083227342686,167.3143188830784,70.95300702880549,4.045324715446714,1.8509048249989042,0,3.091385464748446,0.2784752519077447,0.3037496917331874
SYN081,0,2012-05-01,2013-05-01,167.15218871775065,233.24329815468977,113.8766061015911,130.22158954758837,185.3631431040345,24.568942267867364,7.820090820726831,139.5394819199999,114.35324076256336,13.254491619230972,3.1417719859145863,0,6.13616863161463,40.5262795352541,17.375109962806555
SYN082,0,2012-05-01,2013-05-01,184.92296287104085,369.79190942645386,193.2405523115736,422.6251674366637,594.1555417952445,30.589600272179677,11.547736088404948,199.97078982794284,218.70418107439437,5.1484162177050505,2.6489694636245296,0,5.514472713789872,24.03702149223946,6.500148023660336
SYN083,0,2012-05-01,2013-05-01,271.21214206368916,150.12129593982138,42.02312491153815,52.88906542801711,333.03405147942203,26.675492090702495,8.55461116272827,55.351981956828524,125.85705022973087,8.009839225809845,3.1182588645203886,0,6.331206992994521,23.944044869619027,15.9497989407295
SYN084,0,2012-05-01,2013-05-01,66.33379980219038,71.34926276576768,27.656165168979573,22.875117208804372,76.62272280571604,-1.2261337490557211,2.8038892785328056,107.56094627253916,82.7125419198109,-1.6002221066519602,-0.4372974918957291,0,-0.8905479920237261,-1.5798870755577101,-2.214300490734316
SYN085,0,2012-05-01,2013-05-01,193.7505178406479,200.816205176131,95.7742119443325,201.75425390575822,410.24299678649385,45.450215163194514,10.45887964506999,103.6467966198131,210.6561357278776,11.078852172788839,4.345610304887524,0,11.519018840638964,69.04223405697584,34.380808060993175
SYN086,0,2012-05-01,2013-05-01,135.9381862544285,85.65464129990103,36.556202221445176,42.13044937388215,214.91981935330588,18.012368898074236,3.4235480321805043,63.00999274742834,115.24843067304984,8.380971541979463,5.261316251082919,0,8.128588410045904,26.632261444428316,31.092607522785915
SYN087,0,2012-05-01,2013-05-01,419.9947321992595,332.2919271747958,123.937797071036,249.72330277702866,792.7316995878365,14.275669937022988,13.76235975395227,79.1181178475223,,1.8008198668534776,1.037298122723707,0,1.8976369923801581,65.53080078376209,19.72085248682279
SYN088,0,2012-05-01,2013-05-01,88.24115242051856,73.74292593849445,39.16684288627017,53.7396095576474,135.30920133713096,8.89012441332694,1.9301778769542288,83.56976752419106,137.2068964396558,6.570229020254628,4.605857584149358,0,5.488270516083276,9.057533209938713,12.282579101205153
SYN089,0,2012-05-01,2013-05-01,68.2369056853315,60.11649234736987,20.696365230243032,21.925599544665303,65.9863778934338,3.8565125676912313,2.4906236015312624,88.09967530560633,105.93937293214184,5.844407119783713,1.548412439888631,0,3.0046049631726026,4.107259436987044,6.832167474532866
SYN090,0,2012-05-01,2013-05-01,210.64090164816534,253.1870099930104,155.46683965066347,177.1905306380824,370.4674206865753,9.860712746611203,17.70345363395863,120.19840781725766,113.97319906690869,2.6616949820679676,0.556993734131992,0,2.1259420787595027,24.177857664983172,9.54940684581355
SYN091,0,2012-05-01,2013-05-01,81.52677225395219,38.192008268041356,12.711652563975722,26.955143405079642,87.52192395696208,8.555888184228973,2.1996727855206,46.84597122166812,212.05066193729493,9.775708528112606,3.8896186017067245,0,7.1466549750372454,8.701602623395658,22.783831010732847
SYN092,0,2012-05-01,2013-05-01,59.978827029431415,69.39135195193826,37.274438679384374,90.50751445294306,94.53706705738098,3.3266993554065083,3.7903786911186073,115.69307935596699,242.81388978501414,3.5189364965038616,0.8776693904494121,0,2.571457643175696,10.28986742553085,14.828746142109761
SYN093,0,2012-05-01,2013-05-01,280.6336914216811,378.8632232224308,169.6288814444295,665.6876267574256,237.9223609240651,26.49768892849982,22.86916924547696,135.002757973614,392.43766809575123,11.137115832906844,1.1586642542225492,0,4.017863971782024,34.07137108688106,8.993053164961788
SYN094,0,2012-05-01,2013-05-01,200.59149193559708,175.21355175338223,95.17654088827858,169.47432420396916,204.0484712348241,6.951043966377966,4.05993254421891,87.34844636862125,178.06312629380363,3.4065650795190376,1.7121082408809523,0,1.8496409463122407,-3.0129255529124173,-1.7195733564908215
SYN095,0,2012-05-01,2013-05-01,16.810509677627206,13.960072560626914,5.754698113492623,7.417444091660947,16.985520696294678,1.034118506325284,0.8375019338904606,83.04371984155908,128.89371336907845,6.088235531989742,1.2347655145361605,0,3.3607375327453615,0.2827958529666481,2.025747729737792
SYN096,0,2012-05-01,2013-05-01,77.8910129714369,46.98640386762736,18.394883836715042,25.4494913373782,51.953256044753104,3.5390269959895178,2.807139292940674,60.32326718469762,138.3509217197806,6.811944554429776,1.260723685814016,0,2.834000803003827,-3.8990273734427476,-8.298203421626603
SYN097,0,2012-05-01,2013-05-01,68.33172197149713,177.51291075142603,90.13225874380362,83.10559544519715,155.87418418727654,7.549889852676,9.406824766295744,259.7811172173754,,4.843579385541554,0.8025970548241673,0,3.071000480691816,-0.5381954044119128,-0.30318662576918465
SYN098,0,2012-05-01,2013-05-01,233.0010897837991,139.0561247192913,88.33943454988486,166.68965526099058,255.44660629670292,8.024887095872895,9.138640606182092,59.68046108639277,188.6922370630092,3.1415125110536546,0.878127003970835,0,2.1568959781066788,10.269154702317183,7.384899243415015
SYN099,0,2012-05-01,2013-05-01,416.045260599089,445.2448771901383,233.93369196044006,449.5046719715509,744.5820963855934,76.1499689536506,10.311342937168902,107.01837500780636,192.15046289594127,10.227209239021931,7.3850680185561215,0,8.841384060093095,52.27598399542224,11.74095125480763
SYN100,0,2012-05-01,2013-05-01,626.8333433204094,589.1157388087147,151.0737606365338,389.8403319713785,899.4815302705011,126.10541107552204,14.426606601693164,93.98283372867496,258.04635452829547,14.019788826302898,8.74116932395743,0,10.370945044402003,81.36665392256698,13.811658484477642
SYN101,0,2012-05-01,2013-05-01,243.29829198813331,161.2519306816617,42.306947094675486,53.47164947625427,279.2729266299352,32.109840003432716,10.654838733623373,66.2774610392771,,11.497655856194571,3.013639230606466,0,7.9371702706097995,23.058481420577273,14.299662226121544
SYN102,0,2012-05-01,2013-05-01,68.9093424191566,229.2762683558543,76.88160386009753,162.3108274144707,137.06249232854736,2.55249582195627,9.291868337299539,332.72160248058924,211.11789981622897,1.8622861576439,0.2747021082627708,0,0.8560090526575399,3.907828173442687,1.7044189533726355
SYN103,0,2012-05-01,2013-05-01,67.22931687774508,56.35289532604774,22.0510695825635,19.070583735012733,65.13189347381511,0.9946293151213998,3.7906420672045433,83.82190678588054,86.48371301722464,1.5271002608288509,0.26239072365249766,0,0.8048321011451146,-1.073833685505499,-1.9055519317907095
SYN104,0,2012-05-01,2013-05-01,76.17893796701259,125.65184734065554,39.42824696754412,45.00781918393327,119.12401456899234,12.205585341147048,5.503183636232687,164.94302847207712,114.15120540606853,10.246116524286556,2.217913511151269,0,6.047434895792046,11.017604591015116,8.768358622810549
SYN105,0,2012-05-01,2013-05-01,209.05223675124128,162.54643812591624,102.63155009107216,166.22792307539476,171.44496326692123,5.032588573403133,6.778172513102951,77.75398180471805,161.96571417647797,2.935395988022079,0.742469827032963,0,1.354307459537308,15.491571626269092,9.53055127191934
SYN106,0,2012-05-01,2013-05-01,359.8887056174972,277.56800240391175,98.90068476113755,126.83201380818242,346.0725522462716,8.13366779158656,16.745196318801742,77.12606649537958,128.24179540768995,,0.48573140838330836,0,1.2759561063891718,0.32780674273658494,0.11809961519252017
SYN107,0,2012-05-01,2013-05-01,38.76705434471856,28.906544256389175,12.52988259864719,34.39367799177341,44.200839068708675,3.3976439309127353,1.2498627418249053,74.56471672918649,274.49321828032754,7.686831296643974,2.7184136443269664,0,5.020634340638005,0.971231208997192,3.359900790571056
SYN108,0,2012-05-01,2013-05-01,227.3456253363969,240.2149082291866,73.57212111502898,72.56051457148922,244.51903540381704,19.8535954329037,6.94415985764779,105.66066880492967,98.62501375764589,8.11944779682121,2.859034907014475,0,4.24620856715634,39.049391496525,16.2560233186145
SYN109,0,2012-05-01,2013-05-01,284.1491203782744,177.05446676258816,65.87065912090097,75.8664695899363,249.6850998664868,7.851450443810617,7.3419938572545105,62.31040466600208,115.17490579635574,3.1445410431014884,1.0693894051753694,0,1.7023827790421322,19.846709109825458,11.209380634512799
SYN110,0,2012-05-01,2013-05-01,185.15228192974587,88.8788566843448,41.624218785870745,36.55795726842347,256.9753118424047,27.60400616272196,2.69890603789066,48.003111686232934,,10.741890325888843,10.227850015962753,0,10.0733100268564,43.958759738436314,49.45918678337279
SYN111,0,2012-05-01,2013-05-01,1429.9041154034965,2370.967534917998,989.6970801353104,3390.172320182675,2364.267524801799,344.4898818618011,154.63364581306232,165.81304364236675,342.5464607533422,14.570681119966757,2.227780894969374,0,9.06344421897705,319.62458721765023,13.480766080110191
SYN112,0,2012-05-01,2013-05-01,215.86952999152902,256.01837423531487,73.10488087021574,87.51205126322235,300.4999858545357,23.849572295889317,16.02832172031998,118.5986619998484,119.70753555919732,7.936630089371878,1.4879644114987978,0,5.054075784155818,26.17220123753469,10.222782374783367
SYN113,0,2012-05-01,2013-05-01,151.82738996506103,95.75950499858756,52.58443640853095,76.89933222967807,231.88603133366317,28.785370028014885,2.515961339235756,63.07129762332345,146.23971935772698,12.413585183402153,,0,11.626370625247041,30.964578559387178,32.33577550327135
SYN114,0,2012-05-01,2013-05-01,227.54888175616344,1035.0719062608848,660.2072918128002,1363.1755439873812,1169.4127059192788,72.13041032623373,38.59959244856438,454.8789245952199,206.47689913335665,6.168088473908944,1.8686832101232833,0,5.712753267710322,91.76035038874487,8.865118436092219
SYN115,0,2012-05-01,2013-05-01,101.40032219241156,95.69949328883553,32.94129177312981,47.278805478873274,174.88459615033972,4.3195431674155484,5.800203836830989,94.37789862959364,143.52444283146954,2.4699391841819214,0.7447226492259938,0,2.1915510965186713,7.946725996099781,8.303832886675128
SYN116,0,2012-05-01,2013-05-01,68.75259852348589,27.377081519907946,9.270718082663722,31.414963667952456,75.55395684955883,12.94481572335225,0.5798511908065241,39.81970442987102,338.8622476472298,17.133206867150115,22.324375509770192,0,13.465992727229342,12.968368733213573,47.36943462648965
SYN117,0,2012-05-01,2013-05-01,199.4425525060794,156.65279029592338,86.48587468973241,147.29921571709053,141.53358987858644,10.699629336888579,3.158036094545813,78.545319605829,170.31592297068815,7.5597809297900085,3.3880642958349068,0,3.0047091469089557,41.198999484372955,
SYN118,0,2012-05-01,2013-05-01,332.798780708161,798.8454939184074,344.84723823051047,547.1824197875317,1126.0037234754698,43.100135155073886,23.384317941458363,240.03858794751224,158.67385877736734,3.8277080489612456,1.843121328702989,0,3.8086292770134422,83.60620292267498,10.465879016551648
SYN119,0,2012-05-01,2013-05-01,125.90703533431278,184.13295997281685,49.00667111425836,66.45206679182519,254.2954576566737,-0.8184631881379719,12.253063388239324,146.24517167281445,135.5980018248804,-0.32185521349067336,-0.06679661748290189,0,-0.26398632451506515,-4.007914621283855,-2.176641608257172
SYN120,0,2012-05-01,2013-05-01,283.7245736827199,211.49317740434105,56.94579269753311,78.93973446733949,522.579552957406,0.5660141966493794,9.32124527378673,74.54172004179205,138.62259304498042,0.108311584991446,0.060723023590112835,0,0.11429602339716456,-19.521895872978753,-9.230508573643498
SYN121,0,2012-05-01,2013-05-01,114.08666810199122,101.14784003341487,64.99263556030307,152.75570662669634,104.56519769255502,1.5895659293380353,2.9071168019480957,88.65877294531093,235.03540871944293,1.5201672874102083,0.5467843356939931,0,0.7385274522698861,2.6845980975175054,2.654132897579059
SYN122,0,2012-05-01,2013-05-01,464.9704294667496,2064.2894786914208,1113.3491457034413,2582.5372087659307,1107.1050760043152,86.35474253880555,63.311911987698586,443.9614538625278,231.96112546834718,7.800049372953012,1.3639572685087153,0,3.414229682772691,87.53005221555993,4.24020240954996
SYN123,0,2012-05-01,2013-05-01,172.49232530170772,267.5630119056738,122.0424401797152,239.1166269255269,451.75890974245834,24.06998476042237,7.170982724447539,155.11589367102403,195.92907727296551,,3.3565810552523327,0,5.46976316959862,5.03177607636696,1.8805947954199487
SYN124,0,2012-05-01,2013-05-01,215.72829130034393,212.1606630070838,66.46278801647954,74.12128278091863,250.95355058585972,18.755974116747765,10.32590929856677,98.34623995223085,111.52298149535973,7.47388274561619,1.816399270459511,0,4.383374220796561,43.81966082724058,20.653998816820014
SYN125,0,2012-05-01,2013-05-01,253.7414758627384,486.6843363670806,298.89101361773777,253.99091715396816,792.1324416831304,65.58725136291523,14.636855809871305,191.80322598515696,84.97776968256599,8.279834016588794,4.480965872375558,0,8.858044962721769,104.11152808624138,21.392003051381437
SYN126,0,2012-05-01,2013-05-01,57.6013128202132,35.3374932702725,14.137414599882495,16.544350383489718,85.24392218387099,1.7795801692883635,1.801937312161434,61.348416451147315,117.02528964261421,2.0876329053111986,0.9875927188353445,1,1.9147869917284657,3.508003141668185,9.927142015529652
SYN127,0,2012-05-01,2013-05-01,130.6485376487835,209.55729219511423,79.89417535485812,79.74195623929744,176.47189355361138,-3.1946035915925735,14.432579843713931,160.39773270058143,99.80947407632084,-1.810261978416448,-0.22134667718356493,1,-0.9390208254392366,-2.7139573829659724,-1.2950908816091524
SYN128,0,2012-05-01,2013-05-01,538.2747869555411,319.16483401555473,180.65478175607387,324.5571714727491,703.0490431298629,33.61974814127612,16.26418924041274,59.29403378165588,179.65600927794816,4.7819918780639155,2.0671026169407103,0,3.9209464222332033,94.90039528157276,29.733976042281565
SYN129,0,2012-05-01,2013-05-01,152.25318091752789,280.44759306069034,161.89358199960088,169.43386337407435,262.22070297485124,22.451438422038315,8.911424775942498,184.1981831647921,104.65755422873531,8.562038834970082,2.519399421139566,0,5.1886753554012595,-0.5402531126258374,-0.19263959684222492
SYN130,0,2012-05-01,2013-05-01,396.1625975527085,135.90943215796838,35.024179663493655,87.79262847422582,513.6031382664795,69.04936217424724,3.832875505424886,34.30647744071447,250.66291150206064,13.444108306523127,18.015028684474036,1,12.977446345336736,40.30199874380045,29.653570104654097
SYN131,0,2012-05-01,2013-05-01,275.5760372303467,147.37190534008312,69.27691709255996,163.979123608678,352.0856682390767,15.836020815491622,5.024162569841569,53.47776491063294,236.70095392609304,4.497774900834217,3.1519722133495756,0,3.7442009338666042,-1.160622450876268,-0.7875466142599941
SYN132,0,2012-05-01,2013-05-01,41.28873389511146,47.661965108195666,18.607723456207605,33.74297012982135,79.79158921010587,1.325145097871285,2.0981923380843486,115.43576325027196,181.33851897161858,1.660757870584499,0.6315651209941715,0,1.4897523152932355,-2.4527914487885916,-5.146223919262666
SYN133,0,2012-05-01,2013-05-01,243.5103556008981,180.12416870734407,114.939531999729,242.7622440135182,239.23088955514157,32.25572663045127,5.520576799624196,73.96981876309155,211.20865883992863,13.483094382348348,5.842818205635147,0,7.614045782298323,17.994777392822094,9.990207045484844
SYN134,0,2012-05-01,2013-05-01,69.28291697150578,36.49067814193848,13.713894903371028,35.77889320373518,38.76523042664961,3.9471305919023285,0.7429371916016405,52.66908458393304,260.8951975776067,10.182141440822774,5.3128725234403955,1,3.7316785797712115,-0.47640913799804085,-1.3055639474414347
SYN135,0,2012-05-01,2013-05-01,178.19200928104542,192.0486100924344,71.10871135297019,50.389472966822815,244.30722670743344,16.95122167205414,11.435978261460576,107.77621896026453,70.86258773091669,6.938485570201256,1.4822712394601185,0,4.578433803600197,7.7872267498247005,4.054820675909423
SYN136,0,2012-05-01,2013-05-01,110.94993406206714,105.51634704306173,54.16730286200376,52.54512965259334,192.15547172648155,1.351417993881789,5.068827512493929,95.10266764470019,97.0052538640459,0.7032940471273323,0.26661352956886747,1,0.6243087777839451,-3.872011444388387,-3.6695844320768614
SYN137,0,2012-05-01,2013-05-01,150.6912772592658,155.23592677590486,94.92616563806138,118.87590948271482,316.42126254641613,10.294315962458946,8.745283120000085,103.01586767283149,125.22986542611451,3.253357843153433,1.1771278094949595,0,3.3649560505496816,-8.347047233888844,-5.377007376609705
SYN138,0,2012-05-01,2013-05-01,141.22936425670386,112.86125600503824,57.200274841564486,99.98559021186242,147.6272832814597,9.179066946688256,4.492294162154592,79.91344901892877,174.7991429915439,6.2177307220291045,2.043291604547507,0,3.612517037123518,10.815348423359982,9.582870868349342
SYN139,0,2012-05-01,2013-05-01,175.8915506011989,43.071150316006076,20.41270327546239,64.91231987901816,152.00419622870098,32.87419770937214,1.3502195667237424,24.487333341930583,317.99962505234504,21.62716459479224,24.347297668882224,0,15.013606231411375,37.58564525358633,87.26408507278425
SYN140,0,2012-05-01,2013-05-01,108.43823148839033,176.13466054619056,52.5434596993668,71.83604845826063,287.7612686472161,23.649194901270043,8.875302807419025,162.4285624439089,136.71739331456,8.218338420749394,2.664607102926252,0,8.310417317752187,22.89859585974077,13.000618838298276
SYN141,0,2012-05-01,2013-05-01,57.64584797008442,48.621820832421584,17.155389969949145,25.12427297285987,57.20394528579663,6.5846758778531855,1.9860466481982193,84.34574656210123,146.4511912400109,11.510877169320205,3.31546889083745,0,6.19631158945486,7.747150462165948,15.93348486241811
SYN142,0,2012-05-01,2013-05-01,73.18802994173109,50.57798082395633,28.805803628750507,44.312125647918926,106.54461933416793,10.512841039921822,1.7215197308841053,69.10690295151294,153.83054824303483,9.867078324198815,6.106721201808613,0,8.494126113367772,12.590194410854163,24.89263945643872
SYN143,0,2012-05-01,2013-05-01,281.84800805173705,232.86757603767205,70.89464958866338,98.62817595135928,521.1603573675385,58.486055933741426,14.571898996729868,82.62168593894268,139.1193503650954,11.222276427386674,4.013619360583442,0,11.362790974594246,75.10666896611832,32.25295261971893
SYN144,0,2012-05-01,2013-05-01,496.28264487077206,1324.033578059785,828.9681169842806,2047.1290776984063,1497.7170072938138,230.04461960304397,90.76492251246836,266.79022362439304,246.9490726791396,15.359685339936524,2.5345101745825076,0,12.637618492060206,209.32453067308774,15.809608920932966
SYN145,0,2012-05-01,2013-05-01,174.65284077335042,304.16276871943234,191.29944423937042,299.90676871996175,209.11877933940124,22.103956792833806,18.003482845189303,174.15277494063145,156.7734657632839,10.570048688434111,1.227760038593876,0,4.6163818293745456,16.414848469894192,5.396731670678496
SYN146,0,2012-05-01,2013-05-01,267.6307316485941,305.4468744234342,154.44044911483857,166.27047582274812,480.9344138930943,-3.4597472636299242,19.812843262474853,,107.6599276780871,-0.719380265517656,-0.1746214421522538,0,-0.6037135681053081,-29.18819764869453,-9.55589992655534
SYN147,0,2012-05-01,2013-05-01,294.06407798809494,1569.5891514225927,582.141211284797,716.68076834924,710.418508308643,19.543003469389813,77.96578988471519,533.7575273257745,123.1111548978832,2.750914178167682,0.25066126436078245,0,1.0486394765387534,-30.866257937642533,-1.9665183025549704
SYN148,0,2012-05-01,2013-05-01,57.04973451595319,44.386349721318226,27.503636944818254,89.64430033928947,56.93763675072273,9.009891913035652,1.4433231952636039,77.80290320002486,325.93616807532305,15.824140985130168,6.242463186764011,0,8.882334112937968,17.185323216524587,38.717586204820726
SYN149,0,2012-05-01,2013-05-01,40.01058606913405,50.31483694859577,28.63110239360248,40.73978431510466,91.52350084086105,2.9391857820127907,3.133928754533492,125.75381140795355,142.2920562227734,3.2114000830490292,0.9378597958747501,0,3.2539961439603364,4.984675307749471,9.906969017592312
SYN150,0,2012-05-01,2013-05-01,143.1825682634674,54.13461096584911,29.492309996427245,51.66781733396229,174.76558461867586,7.185433642318112,3.053446816492847,,175.19081191070293,4.111469462363622,2.353220499373628,0,3.641565154328201,5.136234577787599,9.487894133067288
SYN151,0,2012-05-01,2013-05-01,39.463728125320344,30.99427770712022,9.504713978199641,13.914523839961491,36.02741569846297,1.2592665471109397,0.8436387133363471,78.5386459401284,146.39602908489778,3.495300794402146,1.4926609308040224,1,1.7872582856030008,3.7092974881230987,11.967684884203555
SYN152,0,2012-05-01,2013-05-01,122.64086154879477,87.05433706295213,43.021021306608716,44.34628472340425,182.1751714353998,15.602586951346773,6.020047029334629,70.98314213025654,103.08050198843596,8.564606707055866,2.5917716049921395,0,7.44060286293686,9.84876812669945,11.313357219155492
SYN153,0,2012-05-01,2013-05-01,52.733102016946845,36.81789007286866,21.241724763006697,15.083126558866653,69.86753196594908,4.061375680949241,2.4681526727305005,69.81931398808378,71.00707088124271,5.812965717650667,1.6455123403918805,1,4.535265982174568,3.1734687377531623,8.619366105641431
SYN154,0,2012-05-01,2013-05-01,95.88737831202882,96.08912358573426,32.932147532485935,27.704623185164802,183.67669942116305,12.260344227206565,3.715334435056197,100.21039815381012,84.12637881521562,6.6749589174041635,3.2999301789695057,1,6.3863775545487345,29.324166766263808,30.5176753330461
SYN155,0,2012-05-01,2013-05-01,87.72169034211935,78.93630634508318,27.89654485124897,40.18406004056409,142.33973574731087,11.987998872083129,3.3466957805612347,89.9849353531918,144.04672784688958,8.42210280154297,3.582040214624098,0,7.193173511249625,6.802316716149108,8.617475317899537
SYN156,0,2012-05-01,2013-05-01,213.57716918433502,144.3184249432657,61.913771590650875,110.24222791517944,346.8402360815545,15.27638909277259,5.842420796846752,67.57202817811805,178.05768423228523,4.404445477652301,2.6147361896660204,0,4.268392610423165,14.47976681679081,10.033207348599515
SYN157,0,2012-05-01,2013-05-01,94.34228977206675,586.9089440177149,335.36133351889555,487.12299252582756,611.2360906373905,82.07218420366111,26.531096757245002,622.1058927398319,145.25317734591522,13.427247746133103,3.0934335264993966,0,12.047271275693083,80.95513430546502,13.793474291136636
SYN158,0,2012-05-01,2013-05-01,66.45817063032224,44.85371831459994,12.94453997752737,16.034107298628346,45.860769195561296,2.537846772706052,1.4993286660475469,67.49165360584715,123.86772590192221,5.533807690586405,1.6926554065001593,0,2.279942238660414,2.150331915249458,4.79409956643332
SYN159,0,2012-05-01,2013-05-01,153.57108186360372,90.97933835379891,48.30086673515715,89.34852573720265,172.51614316754947,8.083238833214507,2.548537429649022,59.24249360605759,184.9832762362581,4.685497069896805,3.1717167419933516,0,3.3053465318230066,-0.3537956515500049,-0.3888747246920728
SYN160,0,2012-05-01,2013-05-01,1184.444040837333,2714.2874688429897,1304.616374383131,915.123824951268,1543.5183109682998,-51.3397219942542,181.7756873045898,229.1613090411723,70.14505129019028,-3.326149202729386,-0.2824344815059207,0,-1.3168314326539456,116.67460249932645,4.29853520817605
SYN161,0,2012-05-01,2013-05-01,209.54585587088158,798.045356987582,425.936430489944,443.6301429317718,568.6464572599369,44.16523641005255,42.734654410879095,380.84521102594516,104.1540735131473,7.766730249734757,1.0334759229691879,0,4.383249461332534,12.830897282000372,1.607790480785922
SYN162,0,2012-05-01,2013-05-01,38.03670566622499,38.48210257623405,11.993987654754328,8.705601210080978,42.903153376954315,1.036879261665456,2.6665510738423137,101.17096605031321,72.58304294343793,2.416790329035399,0.3888465785773927,0,1.3550645723336143,1.6748035823326783,4.352162356552241
SYN163,0,2012-05-01,2013-05-01,158.2094444569313,104.69795719101785,66.59699214014354,149.85016220584177,184.3302259071459,0.9932094729037935,5.749184964075813,66.1768060373408,225.01040571097298,0.5388207322027103,0.17275656968943126,0,0.37777919780051245,3.910329855566901,3.734867384692748
SYN164,0,2012-05-01,2013-05-01,897.6390857191863,1250.3551092288324,390.3436733772765,252.46039901077555,1282.2323567611754,34.63274766043654,45.30952090575403,139.29374613038945,64.6764418714599,2.7009728367732286,0.7643591670826605,0,1.6123296674586525,-23.875164702881996,-1.9094707196907619
SYN165,0,2012-05-01,2013-05-01,167.0677229656121,234.4509121976036,135.92116268110948,181.79913952899918,210.48035975548584,17.325206840345615,14.079055499769805,140.3328590561213,133.75337286918742,8.231270062666292,1.2305659879406603,0,4.314919737985011,16.772273248120342,7.153852843184534
SYN166,0,2012-05-01,2013-05-01,363.74974896468626,1216.7661208304758,308.6561703292301,679.0819159413938,1572.6010693028977,171.60447436099187,39.13827736308597,334.50638090986075,220.01242198302617,10.912142800275513,4.384568916230432,0,10.857497709480903,48.93279924285571,4.021545176607789
SYN167,0,2012-05-01,2013-05-01,322.81518796629433,388.93762564950055,209.170732090422,314.28211661560465,278.08329907565053,11.401091711823181,27.2022012998639,120.48306280128003,150.25147805083182,4.099883649870536,0.4191238637690775,0,1.6018330372175398,9.89481727301971,2.5440627546630408
SYN168,0,2012-05-01,2013-05-01,340.9931381612468,442.0967568010542,164.39929634842596,549.5160473143861,545.9609987087657,61.04265528664354,17.335350663997872,129.64975165922493,334.25693389206987,11.180772148745698,3.52128182866339,0,7.795101900731615,11.617898783777264,2.6279086206925912
SYN169,0,2012-05-01,2013-05-01,309.6852080238183,569.0308525387074,228.3927391152883,343.1741247349303,732.0243199738424,54.466120777001315,23.227915185293988,183.74492478017956,150.2561447724932,7.440479679547747,2.3448561931845178,0,6.198375473202784,39.93080394840515,7.017335487215769
SYN170,0,2012-05-01,2013-05-01,180.8837833750933,163.91735947935715,98.65697868369685,188.6748720001047,169.93274865135615,13.596714913069821,8.945258312468637,90.62026259117249,191.24331042511784,8.001232852983286,1.5199913113875763,0,3.9433497234112562,6.157312333993963,3.7563515868917965
SYN171,0,2012-05-01,2013-05-01,130.44850100706597,241.22099469079777,98.27273369049851,130.89206392562426,257.60551466309414,17.655804186979406,8.500467616025473,184.91664743447808,133.19265579591743,6.853814527251215,2.077039168256329,0,4.750404429566665,35.88583254914189,14.876745117124285
SYN172,0,2012-05-01,2013-05-01,122.1213921343881,57.096995771126046,26.468762588957333,58.111607799327565,108.69220786833407,14.185392883588285,2.411617846888764,46.754294864485196,219.54788254276573,13.050975007124682,5.882106446462447,0,7.915143668777435,12.98884133293844,22.748729871890912
SYN173,0,2012-05-01,2013-05-01,161.44910839180594,219.46108989382108,108.96696052146284,98.19879768077244,379.6842597888075,-9.441488631234177,8.215654938774078,135.93205442871275,90.11795613169423,-2.486668432472243,-1.1492070567222503,0,-2.4786652270607994,-0.28245978923155235,-0.12870609061871108
SYN174,0,2012-05-01,2013-05-01,200.1213397877226,231.62026336259842,58.97912925982386,79.34951420047305,167.4728106058639,16.222489131281538,4.907830507887002,115.7399123992914,134.53829379357308,9.686640519493093,3.3054297831214026,0,3.7574533037607907,29.120533011550094,12.572532553407166
SYN175,0,2012-05-01,2013-05-01,60.76592900096333,32.17623766423924,16.94327955748157,36.94207341403961,36.76560347303147,4.4443035285393675,1.5891026867776972,52.95111618178197,218.0337831805842,12.088210470418037,2.796737785115261,0,4.781794623476655,4.631637584847979,14.394590297285113
SYN176,0,2012-05-01,2013-05-01,121.95833684745392,120.56446644253643,75.89749014429427,59.94295328583761,170.45629165799886,-3.829537256079374,5.881621998891919,98.85709297047815,78.97883470438309,-2.2466388414473455,-0.6511022396204393,0,-1.5790421371223817,-7.471413212615566,-6.19702755967207
SYN177,0,2012-05-01,2013-05-01,144.25847123962689,452.848536096781,185.97582068194725,284.3061781735726,526.000913053448,57.74337060918053,16.965189335330855,313.9146922918357,152.87265684918702,10.977808056259612,3.403638442686111,0,9.670523021788645,57.19680744191766,12.63044989278574
SYN178,0,2012-05-01,2013-05-01,160.0524234720148,141.43185586841668,83.01364180820003,144.632845598948,302.9795390661,28.121236578663133,5.451334310346508,88.36595710351494,174.22780454942196,9.281562928422048,5.158596955847979,0,9.327596331120489,17.726922848466156,
SYN179,0,2012-05-01,2013-05-01,119.48847018885638,146.56581266978165,50.08147570650726,49.13247567996057,194.31915345104306,14.385498792799096,3.2102547962259718,122.6610504244706,98.10508773322071,7.403026689504075,4.4811081069673735,0,5.406978845908114,26.85112703064447,18.320184319614206
SYN180,0,2012-05-01,2013-05-01,260.9898906585628,238.5748871647879,111.75112254113105,140.23895436737826,536.3232857780777,2.687816773840365,8.454872612413315,91.41154339839964,125.49221088652776,0.5011560834881486,0.31790151041355175,0,0.5380316814070495,-17.956099013971766,-7.526399457780806
SYN181,0,2012-05-01,2013-05-01,137.99351694374664,145.8484737199435,50.76456563029189,74.58647804981227,242.1538662070668,6.793775752503153,8.289983173953098,105.69226507894494,146.92626071699414,2.8055615460187475,0.8195162293994772,0,2.3935062379663026,16.884063260598076,11.576441514923667
SYN182,0,2012-05-01,2013-05-01,114.113400985301,57.54839478233188,19.170634181562573,34.9133839160425,182.74073405584377,37.40300290169473,2.5635727865841678,50.43088216233667,182.1190868563992,20.467797229196165,14.59018565707758,0,21.78877526850801,28.587593759715915,49.67574485412525
SYN183,0,2012-05-01,2013-05-01,62.43945343881249,41.69169043720883,21.04244814154978,39.93192244557945,103.23117156721072,4.748531666618497,1.2195980236710136,66.77138914751164,189.76842512317324,4.599900974219663,3.893521942849108,0,4.560145495253663,4.357881386039421,10.452637780669399
SYN184,0,2012-05-01,2013-05-01,86.12679738151148,78.00448719909201,20.392264576365978,54.17600533195296,167.66973065817993,3.3817671385426986,2.0767526623112693,90.56935770357222,265.66939208282594,2.016921674095691,1.628391863852986,0,2.060403747636509,0.8603445780919174,1.102942419063723
SYN185,0,2012-05-01,2013-05-01,174.29141402250644,150.08197179245056,96.94054489355347,75.13776475105357,121.00067412080855,7.58503236492208,6.620377023592875,86.10979068255784,77.5091215275913,6.268586865350097,1.1457100309984594,0,2.33836458125731,6.0910152150795875,4.058458949022136
SYN186,0,2012-05-01,2013-05-01,161.32532906316914,691.5603007216658,366.83864323627904,1112.2601716321994,861.6431607868681,39.08061105012555,30.15574466002848,428.67434688503005,303.20147349247446,4.53559116217396,1.2959590781363461,0,4.582163151228702,37.37371526851859,5.404259791881906
SYN187,0,2012-05-01,2013-05-01,35.61994567691003,25.311298667581987,9.05203053442109,12.204272893005864,51.37712867904006,4.8679972996700345,1.0885775151460224,71.05934101407001,134.82359396157705,9.475027944985166,4.471888526024753,0,7.989328548991114,0.690076171187834,2.7263562421301777
SYN188,0,2012-05-01,2013-05-01,283.44338463056647,208.34724076686925,102.46314230367031,296.10168489841067,224.76668921929772,20.684530845671066,10.313032305608699,73.505769428496,288.98360741353537,9.202667404817191,2.0056691604099672,0,4.2059628178058635,43.37531377530793,20.818760841590827
SYN189,0,2012-05-01,2013-05-01,90.75594915797029,100.70598757164244,27.39178383266575,39.37138120659947,79.02098709432144,-1.5929610979880209,3.7716302053632047,110.96351093893917,143.73427246329095,-2.015870918046901,-0.4223534681960211,0,-0.8319988427974799,5.739287833705462,5.6990532262270115
SYN190,0,2012-05-01,2013-05-01,78.9372499993565,88.02884401567022,45.41622822991501,71.44344486272468,73.19108665247428,1.7741420057541657,3.4970276752597607,111.51749524639868,157.30818618633307,2.4239864263501674,0.5073285574219488,0,1.0625762171776596,-7.861876868115789,-8.93102363892939
SYN191,0,2012-05-01,2013-05-01,323.85552803193315,132.82883487993877,78.01623266730249,185.91352219487177,327.44216003395246,45.795256471378565,4.840387071992113,41.01484254017163,238.30107637687854,13.985754450993744,9.461073213826893,0,10.027769766274183,43.746467227517165,32.93446582367352
SYN192,0,2012-05-01,2013-05-01,335.0721023435745,190.46237865208687,109.15948533799907,206.280098153348,210.6403265926575,16.352045074555132,9.740415086079453,56.84220719061582,188.97129966729577,7.7630173381648815,1.6787831863474394,0,3.1115075539049415,18.35974917521885,9.639567302031953
SYN193,0,2012-05-01,2013-05-01,90.19855612807898,70.2448924835495,21.18597053792971,42.00780913585721,106.31652651341811,9.40076191707281,1.524866430872888,77.87806756441208,198.28125910328112,,6.164974011324702,0,5.859237007444547,13.748740215336216,19.57258347082815
SYN194,0,2012-05-01,2013-05-01,115.7077353679052,289.0685007172964,89.37183709418807,310.4683237496874,190.95541767453716,8.631458413792426,15.952869609817322,249.82642672779997,347.3894392732332,4.520143245426958,0.5410599236942717,0,2.1324024595098967,0.3002961646679214,0.1038840841955331
SYN195,0,2012-05-01,2013-05-01,63.00179880196191,28.604351602235614,14.68217676705112,33.037098857256304,35.097346460858674,3.4415895027123447,1.7196942583475197,45.40243635288848,225.0149918600369,9.805839613973324,2.0012798705389763,0,3.75694152360609,-1.0118916330180325,-3.5375443816700485
SYN196,0,2012-05-01,2013-05-01,262.42329379544475,222.76190041809645,81.09189159257633,235.79430433626166,209.4670327535894,14.865575880702897,8.528994450043161,84.88648137757778,290.77420652726244,7.096857049667718,1.7429458968199552,0,3.0638972619103075,26.994745251437816,12.118205671962768
SYN197,0,2012-05-01,2013-05-01,279.5760452602167,160.3940721269519,99.74911990920778,154.14952121935278,183.0093857685978,1.9966372903153375,3.4460916894063085,57.37046318745384,154.53722434810507,1.0910026728574138,0.5793918067976066,0,0.4538120230011713,5.1889381218606205,3.235118388760388
SYN198,0,2012-05-01,2013-05-01,109.16178608448898,173.53582063226037,83.01633400414774,227.2033920338338,289.88701136281094,4.815983627869791,9.573090795509582,158.97121772810422,273.6851666112865,1.6613312908463842,0.5030751019439623,0,1.7035813227436327,15.531484388653974,8.950016389738192
SYN199,0,2012-05-01,2013-05-01,393.1452490561993,223.99846093665204,106.48169570986965,184.39666394760778,520.9621244783111,26.136311411903193,11.586761245461645,56.976006062490136,173.172170783261,5.016931209361134,2.2557046665771576,0,4.235044607714781,32.84675758018501,14.66383181510977
SYN000,1,2013-05-01,2014-05-01,344.0289782242936,292.778309397979,86.74531911294117,350.6404404645516,527.598500934455,65.89048349981314,18.34781950506485,85.10280468498756,404.21828411054975,12.48875487385035,3.591188777588765,0,10.34700525269375,71.09052924722745,24.281351099200716
SYN001,1,2013-05-01,2014-05-01,53.270909222280096,34.60985499098349,20.336508454120594,29.80270480537117,54.56027272743459,6.325582971217113,1.320707869326321,64.96952182019116,146.54779542223991,11.59375247777384,4.789539850658818,0,7.197915297899072,7.6057707560459695,21.9757371362215
SYN002,1,2013-05-01,2014-05-01,67.12997147954572,27.294390230597205,14.516953955606198,21.883439314863434,75.20156013794565,10.356423277935463,1.4450436993020404,40.65902253349492,150.7440154579565,,7.166858194625976,0,10.967956881431576,6.494075495579863,23.792711398622703
SYN003,1,2013-05-01,2014-05-01,192.4955536687381,147.22133529162474,44.93215546451657,67.68212736305406,314.15923233901276,8.621279621262767,7.156236585031678,76.48038226637438,150.6318285053193,2.7442388234382515,1.2047225547706797,0,2.537783637324158,24.0589927613061,16.342055798942877
SYN004,1,2013-05-01,2014-05-01,225.4434830966853,131.61357181490357,48.42352794879966,85.36296071184343,226.37102063805582,8.91414950536012,8.850948015622281,58.37985201748273,176.28405927404023,3.937849235398791,1.0071406463608514,0,2.496561651069283,16.193463152795246,12.303794304411957
SYN005,1,2013-05-01,2014-05-01,181.19368423647504,158.028100826971,99.19729800247661,100.11964945475347,148.39106699042918,10.517994433948282,9.859152930388882,87.2150160712717,100.92981509663079,7.088023994481193,1.066825366054385,0,3.1006246936590633,17.54430870333487,11.102018319225756
SYN006,1,2013-05-01,2014-05-01,383.5424069339589,241.84333436842223,79.93874539781557,119.68649407983352,479.32988799678384,4.596185791510871,14.266644446380235,63.05517460291283,149.72275769930224,0.9588773632955078,0.3221630572476365,0,0.7349361342871684,23.80272188002587,9.84220712230381
SYN007,1,2013-05-01,2014-05-01,454.75385256342724,448.04599681608966,256.6202107613192,174.39936054905243,620.1747570044384,61.885219805460196,9.298999970075991,98.52494801098975,67.96010338845063,9.978674414995142,6.65504032741216,0,6.854810603700603,42.58030333453848,9.503556250278585
SYN008,1,2013-05-01,2014-05-01,140.46764904445573,57.9366920182495,25.926951265391953,126.17355019083475,104.5069009714001,21.411387903188878,2.356201787020466,41.24557676615879,486.65016144514783,20.488013427025678,9.087247119978056,0,10.791794064839468,19.20817527213497,33.15373143168854
SYN009,1,2013-05-01,2014-05-01,169.15851189139786,314.1966976147898,176.50500678405848,247.30848687176606,420.3747005071444,17.43574006952336,16.69353393749231,185.74099174891566,140.11414824868436,4.147666367288208,1.044460695668765,0,3.607231230079492,41.39462318198283,13.17474801493086
SYN010,1,2013-05-01,2014-05-01,327.4243632523096,215.93916358639456,81.18859562331353,156.61145657987836,546.1467513298653,-2.297904197906748,9.052191334916445,65.95085394424184,192.8983441301292,-0.42074848789475716,-0.25385059958279793,0,-0.4229036518656273,12.411834963983594,5.747838769884729
SYN011,1,2013-05-01,2014-05-01,279.18247230296373,247.87885450814926,101.43172133679666,155.68536643484,478.90673990707273,-2.5757655337459084,6.271874293980067,,153.48784816329604,-0.5378428238963,,0,-0.48870319310470023,-12.090947597931258,-4.87776483473049
SYN012,1,2013-05-01,2014-05-01,71.5294561600382,46.43775448874532,13.934992641705515,22.420158956859414,111.40642246057234,6.562847517481441,1.3876195460538905,64.92116252756999,160.89107137207208,5.890905903386393,4.7295726960209326,0,5.563281085810023,9.401968651137533,20.24638950493655
SYN013,1,2013-05-01,2014-05-01,57.878614708145605,50.26283036180346,26.410313562282173,27.668587843218155,81.62472640092014,3.7263213598059735,2.647443998334104,86.84179919518645,104.76432920029009,,1.4075165941756465,0,3.4457846918872583,-1.2436337363249206,-2.474261253043169
SYN014,1,2013-05-01,2014-05-01,41.131122836440674,61.74676432082849,39.14754578487474,27.054285429684192,100.70385571247527,10.082975032381956,1.2985385184084983,150.12175710924942,69.10850958155604,10.012501468831912,7.7648640294011075,0,9.800915737089486,6.067031295923524,9.825666757856307
SYN015,1,2013-05-01,2014-05-01,146.71284267665254,482.6974611212783,190.07674247646622,464.5897633344619,669.4992328664613,86.31989924212758,22.13949140708006,329.00832150401334,244.422204043182,12.893203607201892,3.89891066849544,0,13.714408347188444,147.5184336638093,30.561261565605193
SYN016,1,2013-05-01,2014-05-01,96.33155757705963,57.78910282775246,23.26705100456157,56.86901350353899,111.8530282807313,5.442501869158531,2.296934604145749,59.989793875724004,244.41865663332092,4.865761752555161,2.369463135491682,0,3.53132529724652,3.1226527669334807,5.403532178447089
SYN017,1,2013-05-01,2014-05-01,90.23206451339185,55.82903250552834,30.52985991994667,40.441643718633,125.48302397902278,14.060976753826115,1.410093936675187,61.87271986583266,132.46586726790213,11.205481273846821,9.971659609415822,0,9.62677745190748,14.89834871106701,26.685665221928637
SYN018,1,2013-05-01,2014-05-01,48.40766198040054,35.279877256886955,18.26926913472347,14.92234577922472,37.60600373215017,5.227572068567687,2.0934519408453784,72.88077096384286,81.68003694719553,13.90089759550421,2.4971063183120825,0,,2.464753425939406,6.986286851262396
SYN019,1,2013-05-01,2014-05-01,141.88865227861763,191.6469892417051,106.93724760037023,258.0439741939072,281.8742730275242,8.527372948165448,10.071763068905453,135.06858100630927,241.304110573549,3.0252398903154862,0.8466613928292258,0,2.5566601845895573,-9.190132801833402,-4.795344209787094
SYN020,1,2013-05-01,2014-05-01,49.31584941092,37.61822534063494,11.764778778395609,20.402900769116957,77.44216204744579,5.155518369783912,2.46706152217556,76.28019346718409,173.42358197660346,6.65725004762306,2.0897404963122104,0,5.930376994886804,4.651309892948698,12.36451175150037
SYN021,1,2013-05-01,2014-05-01,63.09214431761682,35.565521278501734,20.70358380278615,60.234424382839144,92.97660639937335,10.50213181255345,1.9803695012532052,56.370760041787,290.93718728413194,11.295456157479451,5.3031173252807395,0,10.64502362699998,8.58430378707562,24.136589254111584
SYN022,1,2013-05-01,2014-05-01,113.60893511291057,74.57767328604903,45.87222488851097,60.445780424007154,206.98868547674343,27.852555104598924,4.658885873577344,65.64419709764007,131.76989032233803,13.456076133073633,5.978372482263066,0,14.800497942739323,37.83493193946796,50.732250380551356
SYN023,1,2013-05-01,2014-05-01,205.66549947373744,323.468366424964,168.7088111948091,173.73319888453452,544.3309428483947,18.719480335267317,18.66359417781989,157.27886653457375,102.97814183749047,3.4389888322922344,1.0029943941619692,0,3.537758881388819,8.027389900769728,2.481661495833432
SYN024,1,2013-05-01,2014-05-01,150.45806237247422,292.4040926597074,77.28393168372057,60.439658149793516,197.50316720836886,-0.3867380481575995,10.2563981883001,194.34258825946551,78.2046886500791,-0.19581359308004664,-0.03770700406296312,1,-0.087326958007847,21.19739381156328,7.249349220372329
SYN025,1,2013-05-01,2014-05-01,241.18367083336918,542.1995814523768,259.20360005111377,335.56046848132996,576.6305863739045,-7.423933566932903,27.666497221722356,224.80774903993222,129.45825922755662,-1.287467876724632,-0.2683365916341589,0,-0.9476758081400696,-54.37185382038144,-10.028014716414365
SYN026,1,2013-05-01,2014-05-01,139.8968259630643,245.4749382062334,107.15329450497912,254.3500524434554,307.5573630952477,10.551450924584127,14.278884233283959,175.46855442670582,237.3702587666462,3.4307261638592084,0.7389548617523478,0,2.737992739901092,-2.206970670466111,-0.8990615036276927
SYN027,1,2013-05-01,2014-05-01,108.15839833630334,193.8763016587551,121.31589918559467,123.0898809377642,118.73575714172027,2.745603389671582,10.37686499306216,179.25219367239887,101.46228298522983,,0.26458890922328254,1,0.9090357464610863,-13.143443126249032,-6.7792932987668735
SYN028,1,2013-05-01,2014-05-01,115.91224167660452,73.81360892864485,34.69276701593438,54.47421451481611,192.39803503998095,22.454731536658738,1.9530235459896017,,157.01893852916407,11.67097758144597,,0,11.835356892603361,10.078660727866895,13.654203979661627
SYN029,1,2013-05-01,2014-05-01,76.73556567982087,44.805707424635884,19.559693088157825,18.72404556039018,132.67015066426117,14.00335675825686,2.514430643654936,58.389753209857986,95.72770633976064,10.555016850545492,5.569195870879861,0,11.521482703428566,16.215753144939892,36.191266865309785
SYN030,1,2013-05-01,2014-05-01,149.56264041920278,145.53569451425815,63.935000416322495,179.799721452753,166.50393953163947,22.8527243241,10.069474563294264,97.30751884718158,281.22267972465744,13.725035208405666,2.269505144528976,0,7.7441048012869524,5.549616154496086,3.813233703950469
SYN031,1,2013-05-01,2014-05-01,341.4878245277741,428.13557750815727,153.75819682870653,141.79830716850927,362.20096344989383,1.7021675411972927,18.803323312417053,125.3735995127217,92.221624663353,0.4699511356856916,0.09052482441086578,0,0.22116889074506388,27.55053685424369,6.4350029059939
SYN032,1,2013-05-01,2014-05-01,248.37242972017359,218.4749074634699,138.8271123323524,144.09083837965684,495.3879292396941,26.54181515079951,11.987186206258231,87.96262439821221,103.79156921070509,5.357783987901171,2.214182268808225,0,5.685330735935797,31.04975859824437,14.212047945797185
SYN033,1,2013-05-01,2014-05-01,245.1421442275691,1229.2257861349349,631.5901646881131,528.633381859293,977.552121113379,51.701283147236374,36.268316965339906,501.4338884928029,83.69879890709485,5.288851819824339,1.4255219837370756,0,3.5066744251907687,40.19412016880974,3.269872843718358
SYN034,1,2013-05-01,2014-05-01,191.46984625542814,174.17063252076068,92.81757337712699,135.27698820413815,209.2183891913741,27.536892837307775,5.898669037936886,90.96504537242399,145.7450171149103,13.161793733207414,4.668323084446023,0,7.531139038400424,68.47515649706784,39.31498410841781
SYN035,1,2013-05-01,2014-05-01,172.27810844943008,164.5979683420943,82.39311661118077,134.3376257399434,146.38188369453405,2.444327877180303,10.076849947233534,95.54201042926464,163.0447193469967,1.6698295004052983,0.24256864893094504,0,0.7255866609646413,18.16567363678592,11.036389950470749
SYN036,1,2013-05-01,2014-05-01,157.06797763517207,101.47300347400585,32.24554487757679,60.727800921080146,265.8467192746942,26.439041521562004,3.487054137996791,64.60451391925423,188.32927510339454,9.945220160585492,7.582056508233752,0,10.226247849812715,36.21103583458344,35.68538881758788
SYN037,1,2013-05-01,2014-05-01,67.83518997234334,53.88342195119315,28.284605574768626,71.972771162873,51.96391632746652,1.3659400098220709,2.311989146354599,79.43284595084295,254.45916497798558,2.6286317628836557,0.5908072760530906,0,1.122211293931082,3.924782904619016,7.283841230748169
SYN038,1,2013-05-01,2014-05-01,65.68347950646879,53.982919301304634,17.91835643635702,26.193563978960825,101.64893977781286,5.002588757689658,1.43156070302303,82.18644887104097,146.18284925850173,4.921437221700944,3.494499916856952,0,4.1804456451686045,0.43776765307574017,0.8109373460007755
SYN039,1,2013-05-01,2014-05-01,74.34363684078352,46.50800999381826,14.187036017166808,26.187323905073736,59.25888068965999,0.3139895833745513,2.2862773722138843,62.55815826366036,184.5862932425502,0.5298608068871928,0.1373366098053553,0,0.25981407088666253,-4.1484214397764605,-8.919799923341934
SYN040,1,2013-05-01,2014-05-01,284.05820887348995,331.7118530708783,141.7616144717991,292.34914395770704,349.71161751222394,-0.9195097807227726,15.383450922196223,116.77601375660707,206.22588494564909,-0.2629337244395753,-0.05977265994303302,0,-0.14932680842249937,18.712599084457764,5.64122111140218
SYN041,1,2013-05-01,2014-05-01,93.21697918595042,63.576229985849665,28.91018794411186,33.92062428701389,141.1521179430619,11.287144639303294,3.2470089293898816,68.20241391756215,117.33104036745809,7.996440155333918,3.4761667998936385,0,7.198745850616428,16.688048659807308,26.248880538405018
SYN042,1,2013-05-01,2014-05-01,228.82216327042207,120.52596607517722,56.275738405117295,104.47556578083102,330.8020571017315,10.661822278332297,4.33079822507481,52.67233049131679,185.64939126828196,,2.4618607758268682,0,3.0519190980939492,46.52240519131166,38.599487484957095
SYN043,1,2013-05-01,2014-05-01,64.80354232339283,223.4187940495096,139.64003106813655,195.21835345561888,157.29297704111877,5.650075610732902,9.940204293677336,344.76324293287854,139.80113865798498,3.592071125499701,0.5684063872134645,0,1.9603184409076564,-5.0697281562196395,-2.2691592163442564
SYN044,1,2013-05-01,2014-05-01,120.06907859345384,95.55193958682544,37.238454291267956,83.68696368075312,116.36885220756804,4.47179450916333,2.4525426899255636,79.58080523825635,224.73264606038407,3.8427761590248863,1.8233299373472078,0,2.073914012141661,9.386437493268874,9.8233877133804
SYN045,1,2013-05-01,2014-05-01,72.94983382058203,73.6735880713243,39.74254094061843,45.95376495579974,84.10536433839114,-3.883131020680505,4.691026057348645,100.9921259759444,115.62865349868255,-4.616983769378896,-0.8277786081783651,1,-2.648370206189312,-8.816963623040834,-11.967604475168256
SYN046,1,2013-05-01,2014-05-01,238.1563991299754,277.4205949778122,104.125608026104,60.49968612841738,385.1484343883115,-9.949955916388124,11.705368164868649,116.48672720585101,58.1026005756915,-2.583408116974572,-0.850033572310092,0,-1.929868095376646,-32.534242453416695,-11.727407064359713
SYN047,1,2013-05-01,2014-05-01,590.400139895025,428.24305010471187,241.69109217248214,197.20209271281578,794.005496343352,85.81656601371965,11.530562841734575,72.53437476841636,81.59261929772865,10.808056922645026,7.442530533124437,0,8.42459527106266,112.11691306831678,26.180673110959418
SYN048,1,2013-05-01,2014-05-01,60.66083216269646,139.10589202104012,70.3183863702608,69.83830770825996,178.82325562868468,2.4184230931580997,7.06639730668646,229.31748059101582,99.31727861405552,1.352409721350675,0.3422427282527275,0,1.2106235926128224,0.3576383367050435,0.25709790686001266
SYN049,1,2013-05-01,2014-05-01,179.749821538366,225.36722940656173,95.86872234134154,90.07619697697821,173.6240133101003,6.241318601895144,13.222293313392008,125.37827713974065,93.95785692883338,3.5947323661663484,0.4720299613663626,1,1.5406210593549168,3.775853015653881,1.6754223875389862
SYN050,1,2013-05-01,2014-05-01,81.32891409242349,75.43723496963469,31.204070334826653,33.0479346712511,128.64964026927626,-10.70318118113024,3.4903315518508817,92.75573860964944,105.90905069960223,-8.31963553005468,-3.066522770724881,1,-6.82748236476309,-17.294253709637076,-22.925354722503325
SYN051,1,2013-05-01,2014-05-01,242.25959682227935,294.6342785148621,127.198993398438,192.53023218326481,267.8033414206679,8.84265011724909,17.681222987024526,121.61923918787193,151.36144323106654,3.301919262971023,0.5001152987968266,0,1.6470014882729598,-4.782282316439085,-1.623124892509021
SYN052,1,2013-05-01,2014-05-01,480.93615708609514,852.52086902054,405.2063009435595,739.4203645205886,711.0292571137052,75.87361996278983,22.101360247071586,177.26279391963564,182.47997693984064,10.670956110974265,3.4329841744850538,0,,190.11835267143448,22.300727123532024
SYN053,1,2013-05-01,2014-05-01,101.0914458985059,102.00153422626255,59.33668113264781,55.65590960907515,75.29917041954143,1.3556652982140402,6.849740423782266,100.90026245016851,93.79680249499587,1.8003721563740123,0.19791484265698256,0,0.6675096782671656,22.172190886092963,21.737115087808398
SYN054,1,2013-05-01,2014-05-01,299.0167864934788,167.12450873175254,56.65461313482652,162.54797110694108,175.7611352475175,23.559969147772712,4.441985088546131,55.8913466670532,286.91038930953385,13.404538560014496,5.303928013743947,0,5.054254877030139,40.907033773634225,24.47698071579262
SYN055,1,2013-05-01,2014-05-01,135.47925912890284,98.18382041010715,36.77239294260711,34.794236063214,154.35916453381944,12.523282119398884,4.328463180471448,72.47147721459663,94.62053806919626,8.113079749570092,2.893239839927406,0,,2.9679236006803826,3.0228235042021865
SYN056,1,2013-05-01,2014-05-01,87.948677042017,105.97208818120356,57.503058795715816,62.96081082417312,127.22067675081139,5.810821815437962,5.895574972330978,120.4931009144981,109.49123775805806,4.5675136808301104,0.9856242762935289,1,2.9964928246591715,0.8011294866122913,0.755981598892744
SYN057,1,2013-05-01,2014-05-01,111.92992382775002,142.0059811548563,57.804689874602566,65.14628133246073,128.61614250014497,15.073173169097451,6.8245158183636025,126.87043491014128,112.70068479527266,11.719503381218622,2.208680230257233,0,5.935818004992209,-1.3782541032720097,-0.9705606003799485
SYN058,1,2013-05-01,2014-05-01,337.8636996875713,305.4702129530666,154.52658927217516,143.98198680454902,698.7463528167293,57.95250295233654,12.230981233638417,90.41226187824869,93.17618895408775,8.29378253191922,4.738172828926587,0,9.008152969033427,67.80383986790974,22.19654715673614
SYN059,1,2013-05-01,2014-05-01,200.2368499828875,97.27329386953393,62.61413715374402,155.8600914969684,306.3784483519356,37.28586794898287,6.27427149705513,48.57911711947478,248.92156720816322,12.169872962524032,5.942660907562453,0,12.53263753167299,32.41775331037619,33.32646816078412
SYN060,1,2013-05-01,2014-05-01,140.3477125514269,140.68777914695454,64.28975517199531,98.07434122165036,236.55000820202525,27.588247177032557,3.714489528966933,100.24230291277675,152.55049729038578,11.662754690530743,7.4271974552329265,0,9.816641666968303,20.998922942005663,14.925904061696341
SYN061,1,2013-05-01,2014-05-01,131.62386632907462,42.267238949774644,25.02179000066589,78.29825388232281,85.61010945120914,7.218131248482851,2.428164917596357,,312.92027420995504,8.431400560930953,2.972669276363686,0,4.150949087883454,11.345385986364253,26.84203243047354
SYN062,1,2013-05-01,2014-05-01,95.61359860388684,88.81011438852855,22.953781693868347,53.805679759204374,115.27436733175678,9.098753054993988,2.550976928311301,92.88439686958742,234.40878055217155,7.893127731343779,3.5667719899831445,0,4.933613420617002,3.915403208537743,4.4087356890551295
SYN063,1,2013-05-01,2014-05-01,236.5115664960756,235.94833832599517,120.53481602672187,514.093207112515,372.2418282092598,43.41049399019723,5.961144891696034,99.76186020057088,426.5101354603996,11.661906508205076,7.282241042432757,0,9.188185822148379,37.936249442242406,16.07820157217138
SYN064,1,2013-05-01,2014-05-01,689.9347368678767,320.9509492771316,163.85386685335524,457.6748133212196,378.0683752949868,20.603978424245792,9.087061320552909,46.5190302975851,279.31889683801364,5.4498021444321,2.2673973133255063,0,2.0382105223804916,-24.126170676231535,-7.517089676964721
SYN065,1,2013-05-01,2014-05-01,132.27086650299896,137.79912054480783,63.98717263815136,53.66368517154725,152.72121715753045,0.4427135528521444,7.501208444714379,104.17949484112854,83.86631719925552,0.2898834628822331,0.059018964226236946,0,0.16392549120009287,-8.00466184784366,-5.808935366347859
SYN066,1,2013-05-01,2014-05-01,71.12580621712931,87.44571233490532,24.712508383261937,36.33040223933364,83.64674587056255,7.250241123307036,1.9578456874961665,122.9451263694016,147.01219995919405,8.667690593159803,3.703172915828297,0,4.572221537329793,-0.2037022697517692,-0.23294712149135097
SYN067,1,2013-05-01,2014-05-01,195.77913889211317,146.68758455540043,51.231733876819455,29.06339042612233,131.7043010937815,12.950798466340629,7.226362908681474,74.92503306812208,56.72927349287408,9.833238822716101,1.7921599883645531,0,3.7816224408516783,7.597083293841644,5.179090866393266
SYN068,1,2013-05-01,2014-05-01,218.44961492882965,211.92362465299627,103.56025486649581,152.09850807769794,295.8222835432728,11.263487998842198,11.211769921641308,97.01258787846362,146.8695768215084,3.8075184411165486,1.0046128378982397,0,2.617144135120115,-0.964678258527293,-0.45520090556532206
SYN069,1,2013-05-01,2014-05-01,322.32002318835663,178.90318148143092,47.199116775088605,104.57455234030341,505.8130792936516,53.37025810928504,8.768932471697926,55.50483017211869,221.56040088338517,10.551379609205547,6.086289098649082,0,10.648002249705511,54.00423401789215,30.186290467672574
SYN070,1,2013-05-01,2014-05-01,62.88803066229192,35.30864425245437,16.089324043649977,31.336287051905526,62.78342448125905,6.387816561812963,1.228242872643646,56.14525352536706,194.76447218597175,10.174367859975106,5.200776413270733,0,6.505125114835938,6.612879793704969,18.72878422185608
SYN071,1,2013-05-01,2014-05-01,184.07945522319028,216.01626516021136,101.96387965104323,404.03154558952343,376.4870406247881,42.24436742516123,6.178357913440068,117.34947004178102,396.24967878062654,11.220669735419264,6.837474943506446,0,10.55856518152194,33.34236188442851,15.435116360196167
SYN072,1,2013-05-01,2014-05-01,81.30923874461656,68.43525266731032,44.167175438038235,33.67460125487788,130.3124771469562,4.326862411002279,2.7076574243396574,84.16663804006083,76.24350192400168,3.320374614721491,1.5980095458558656,0,2.889496882459378,11.36107108992822,16.60119696665502
SYN073,1,2013-05-01,2014-05-01,399.2148051603041,319.52591722150953,204.08432159410347,370.9216080770893,556.1114729047857,37.04751457132754,22.061213780366828,80.03859403290527,181.74919326473443,6.661886398029879,1.6793053609905013,0,5.154503344204135,30.467966726290243,9.535366329977077
SYN074,1,2013-05-01,2014-05-01,256.22089418427606,270.56461580248083,130.67983225359615,68.19326034764237,353.3312635519646,14.82605815287777,8.911998785808677,105.59818576227771,52.1834618025122,4.196078774302205,1.6636063928202667,0,2.814439249335178,17.723322485979647,6.5504953164009185
SYN075,1,2013-05-01,2014-05-01,130.27355265617103,331.4422851853633,203.48809012560443,379.19343036198603,269.89076324864067,31.92027275621129,16.712674865046935,254.42023989330647,186.34674399269574,11.827108261131666,1.9099439804797307,0,6.913402170788575,8.212712486768272,2.4778710665041452
SYN076,1,2013-05-01,2014-05-01,62.52600883976336,37.83161478958042,18.765069641690445,30.399047410154417,94.9733360468784,10.36800582760467,1.0546934998489808,60.505404857252685,161.99805271501208,10.91675438513297,9.83034960307354,0,10.331059517608134,15.749252365059945,41.629870817456094
SYN077,1,2013-05-01,2014-05-01,583.1516160958156,376.3374014416839,179.82414108376506,206.73631172071111,541.8464594064104,76.31045503865272,9.440966980927737,64.53508676890115,114.96582743270824,14.083409370663853,8.082906676065285,0,7.953239030760485,36.20248849240172,9.61968923463791
SYN078,1,2013-05-01,2014-05-01,134.23831819610893,836.7770815120099,338.88039753425556,351.6355209841526,362.5696860128625,-13.753553934858143,36.13155894745715,623.35188101028,103.7639012296684,-3.793354619936489,-0.38065210401961036,0,-1.416409455400231,-12.659830602826688,-1.5129275027407627
SYN079,1,2013-05-01,2014-05-01,285.33693209105826,324.87695673605566,181.80995766370503,355.0269891625386,499.1847597787293,53.20962181341849,16.48566152191782,113.85731049788507,195.2736768242552,10.65930414963077,3.2276303709545333,0,8.719831322700992,48.7123807520085,14.994101533518299
SYN080,1,2013-05-01,2014-05-01,37.84043254545291,56.81974601946639,17.86459789859299,53.21675675873588,103.55974950403872,11.217436647782012,1.944567839755627,150.156174750952,297.88947425974374,10.831849923839902,5.76860134084687,0,11.850217079496563,7.073273714509054,12.448619027768546
SYN081,1,2013-05-01,2014-05-01,164.13194024029391,72.57226948319315,23.520964259252292,50.995100938735696,211.68576607247658,22.033683891128025,4.788479450713277,44.21581160677516,216.8070168240491,10.408675226460042,4.601394684453737,0,9.308530641202925,26.536025187812307,36.564965346657274
SYN082,1,2013-05-01,2014-05-01,260.1372873580174,280.127956608059,143.12052673378642,338.29558019756115,371.29034973624607,42.19485619219026,18.483751431997984,107.68466122372115,236.37111176009932,11.364382678452122,2.282808029929736,0,7.810026031369085,45.02658693943592,16.07357847629427
SYN083,1,2013-05-01,2014-05-01,31.741885068524386,31.645760880923657,17.342548722521055,26.00959596303665,63.08302281209398,9.183729876967648,0.7730564330355851,99.69716925320215,149.97562572368938,14.55816393631503,11.879766449786345,0,14.488201509000222,8.998776743832558,28.435962648182365
SYN084,1,2013-05-01,2014-05-01,181.538358104523,261.3930023649397,74.2273809218436,86.70375242562291,441.96898734226824,17.305961983216513,15.865116920504958,143.98775283317224,116.80831432933904,3.9156507535254916,1.0908184332918043,0,3.907143076271215,10.29195679422952,3.937349776433788
SYN085,1,2013-05-01,2014-05-01,370.5246506981135,156.10886430500955,101.00052478995948,207.8757906049331,384.68014754685055,26.502702908482732,4.30165411713189,42.131843053055036,205.816545049871,6.889542670058102,6.161049258454396,0,5.032475555287356,35.1386671438555,22.50907871266084
SYN086,1,2013-05-01,2014-05-01,52.033254130133926,80.05643008050087,45.41814529158785,104.52191102997217,82.27612107650916,6.623425455288416,3.091184057405354,153.85628175451347,230.13249519312996,8.050240298918862,2.1426823289351193,0,5.014339685093403,7.31547932713323,9.137903501039377
SYN087,1,2013-05-01,2014-05-01,135.9262012094878,114.15395342269784,38.46519289373872,47.612710830934645,124.04888651475899,6.941833931097105,6.431546449087785,83.98230246041022,123.7812870520791,5.596046950627957,1.0793413350970507,0,2.775843585552423,7.183795705796505,
SYN088,1,2013-05-01,2014-05-01,116.21960383196799,119.05168171614399,66.12050900184128,54.36590308979925,211.02305246755242,19.404456010440917,4.741606086286623,102.43683319405447,82.22245096190245,9.195420018589964,4.092380441842538,0,8.247694131153455,-5.039569743679273,-4.233094124361187
SYN089,1,2013-05-01,2014-05-01,95.05649271015729,113.65523883417784,35.60248705130341,30.809425442397796,98.46677501361033,2.992945053356469,6.490417421404832,119.56599238384605,86.53728431387734,3.0395481653002006,0.46113290702782794,0,1.4340090186644345,-0.9160180295141305,-0.8059619942821942
SYN090,1,2013-05-01,2014-05-01,95.24968592287502,208.51810929704533,117.3205550439701,159.60097742282773,165.35298260835785,1.7606268272797154,10.425570599840475,218.91737203825042,136.03837568191824,1.0647687144838498,0.16887582414977415,0,0.5795962755054614,16.437118226380637,7.8828252768036915
SYN091,1,2013-05-01,2014-05-01,78.4182265465228,38.53232072714821,14.155822668270133,45.732463681823276,95.08506709457315,11.05384045219948,2.476803183864004,49.136944845709216,323.0646833711139,11.625211812918165,4.462946641951032,0,,11.91356193855928,30.918360778009145
SYN092,1,2013-05-01,2014-05-01,85.91323952651568,84.04631377549794,27.68475256569932,46.732067540577184,138.52988433359414,15.945355337728552,2.1550224239492857,97.8269638517803,168.80074123717105,11.510408324120522,7.399159823361446,0,9.381852933794242,15.844824432066222,18.852491823008986
SYN093,1,2013-05-01,2014-05-01,142.02614302624707,82.30786358292828,32.87313173837243,62.016703331118855,245.54931340293098,7.977500065765469,5.437070826130773,57.952614799739656,188.65468560979076,3.248838270085037,1.4672422561474268,0,3.556081481513194,-1.0640597032058103,
SYN094,1,2013-05-01,2014-05-01,156.9301682109034,104.25929936820266,50.38647127685745,80.44516295979273,110.74367858905876,13.837849690879269,6.374190398075858,66.43674734872221,159.656274633269,12.495385621266891,2.1709187875932328,0,5.298012136223762,12.833620342100517,12.30932916283778
SYN095,1,2013-05-01,2014-05-01,57.32641103843426,152.81413140525484,74.09051698460522,68.9818823252112,172.95573176580353,-10.186310301133377,8.225224640852224,266.5684605701223,93.10487378505469,-5.8895476878016915,-1.2384233557027766,0,-4.847379845259027,-10.874278267021284,-7.116016147867428
SYN096,1,2013-05-01,2014-05-01,96.6958383192442,67.31471405018229,26.300300664112587,57.64494400564155,135.42064481910944,5.363653263258634,3.8969721078213215,69.6149029991764,219.1797909150883,3.9607352855417504,1.3763642938304963,0,3.2703098585859545,5.142600054574182,7.639637376666917
SYN097,1,2013-05-01,2014-05-01,159.3308478586631,116.13601713938435,63.45124410672898,68.4455907243433,198.10953381953686,13.86709516654503,6.069527244109251,72.88985071014284,,6.999711169466951,2.2847076236462516,0,5.034033827133191,13.529021367710929,
SYN098,1,2013-05-01,2014-05-01,347.4208615910445,1141.1904175474133,503.1011144745835,882.1942866441293,1183.0725049719529,144.55926888854617,23.18710358017435,328.474925864046,175.3512884910728,12.218969529003909,6.2344685867599505,0,9.711015287497396,123.13556572158747,10.790098114057422
SYN099,1,2013-05-01,2014-05-01,350.25393101289706,645.5980217735654,274.7937276191971,763.5109594287279,842.2923804676769,103.72292447823213,19.168933862735848,184.32284825656765,277.8487580643704,12.314361008542035,5.410990784410192,0,10.415496418720496,78.02462116256396,12.085635105915802
SYN100,1,2013-05-01,2014-05-01,145.50170169998273,88.92917422251536,46.4499907368874,116.26313516715585,249.88966290157256,29.71838386763882,3.931031495268383,61.11899255026095,250.29743455864164,11.892602327990016,7.559945501176876,0,12.676821579365509,14.228040422516852,15.999294435047787
SYN101,1,2013-05-01,2014-05-01,160.99242874988173,76.53666807432032,40.97862951491748,32.16568251664823,154.9485072290029,25.383805719947922,2.352070606034753,47.54053881206295,78.49379761453207,16.38209116944409,10.792110430197207,0,10.686608949948882,17.556124384618954,22.93818744183013
SYN102,1,2013-05-01,2014-05-01,54.28405845949875,24.790258434830665,15.865761808079194,27.398698886434588,46.55409435634516,3.3760626152000954,0.9151105271392808,45.66765849559063,172.69072369712853,7.251913417879537,3.689240277624142,0,4.269480594706471,5.066628586024045,20.4379821184331
SYN103,1,2013-05-01,2014-05-01,156.55297896945208,186.12259469909398,51.375470293829295,113.54645131814486,184.98896332032683,19.428191804698095,4.755357372274018,118.88792913701869,221.01296721712527,10.502351846286226,4.0855376964881,0,5.669558409637353,15.353121986485938,8.248929696745021
SYN104,1,2013-05-01,2014-05-01,38.846242326659784,38.97533804222551,24.74407999062553,68.61053018368398,31.455205474989864,1.3943777617767938,1.843609961135583,100.332324847485,277.2805867491439,4.432899867354127,0.7563301301094719,0,1.7917623301496142,-0.9191470968016822,-2.3582787038457163
SYN105,1,2013-05-01,2014-05-01,112.83491341403,71.12370897032486,23.942804972816763,67.97234977666677,172.43506536918284,25.817624649766046,2.9334206734754993,63.03342362602573,283.8946809024195,14.972375018091943,8.801200892600747,0,14.034473793690335,30.311703851763337,42.618283397467884
SYN106,1,2013-05-01,2014-05-01,58.608410021228785,57.66694593910922,17.234338429134983,41.2993147211253,69.1941393335232,6.230920764820395,3.224966833839853,98.39363654161825,239.63388493815353,9.004983405872984,1.9320883239600513,0,5.358763009889892,7.807531746167287,13.53900682448364
SYN107,1,2013-05-01,2014-05-01,86.40334419330445,62.3441199419406,32.191226128043716,65.27715914766027,112.03370835650172,4.694246438032048,1.7896190966183978,72.1547534114678,202.77935014967758,4.190030399685171,2.62304221434725,0,3.155849725117947,5.0272849558711235,8.063767618426402
SYN108,1,2013-05-01,2014-05-01,163.3333137729606,136.9723580745778,47.50925371129455,99.90827589513296,254.44605504626853,14.851499364700551,3.810026138432942,83.86063743552923,210.29224433256337,5.83679686525301,3.8980045871309823,0,4.945460827739703,22.893426334536098,16.71390246641679
SYN109,1,2013-05-01,2014-05-01,171.4810215351366,127.7590106449646,65.15360231149309,122.76107515024263,178.6092686099559,0.9231218410498835,3.2984163681050234,74.50329459274109,188.4179397530988,0.516838710686276,0.27986819674322294,1,0.3084887520979451,6.572818136569139,5.144700247276214
SYN110,1,2013-05-01,2014-05-01,360.53928273683994,229.67872951610815,98.73803733656166,98.4799089673359,459.43523526012297,20.05378789196425,14.926843146559113,63.70421768541438,99.73857251350269,4.364878083547555,1.3434714691556857,0,3.3976916115141975,32.64299720293632,14.212459844108881
SYN111,1,2013-05-01,2014-05-01,172.96882368418355,67.52860585765374,43.15621853461135,101.5489063053544,169.52240124349845,7.995444896950462,3.7232837257434097,39.04091177780764,235.3053853036545,4.716453305463725,2.147417571663586,0,3.32454484531593,9.588766103396416,14.199561773286066
SYN112,1,2013-05-01,2014-05-01,102.98364648947897,119.01643362459687,66.38541501690888,49.10459299520443,113.79024793811155,3.2468765050804347,7.595105596270988,115.56828455938957,73.96894782189297,2.8533873191368313,0.4274959003433174,0,1.4625564564715523,-4.024017185649597,-3.381060130185216
SYN113,1,2013-05-01,2014-05-01,232.1856642431797,128.70665773576064,55.44469108973147,144.06195933342553,193.62387745845345,14.814223775104981,3.6981954430977977,55.43264617791376,259.8300333214522,7.651031458288878,4.005797963640297,0,4.1048874893962015,-0.4191664604058367,-0.32567581800344814
SYN114,1,2013-05-01,2014-05-01,45.33959277208623,57.009435755802095,29.565933361877992,32.4293317200877,100.01576285243439,7.777835527225803,1.9833496812509235,125.73874679990625,109.68478932548007,7.776609711712547,3.9215654207382253,0,7.599325210113235,1.728179131241835,3.031391397459939
SYN115,1,2013-05-01,2014-05-01,483.4665813842148,573.8744102848227,154.05871391862246,97.23920543041251,805.8254513724313,-9.158039504542971,32.883938909795575,118.69991275131385,63.11827676412813,-1.1364793068952554,-0.278495819179829,0,-0.8661386985561575,-22.43278014351087,-3.909005130996716
SYN116,1,2013-05-01,2014-05-01,32.519395393665896,22.11395084337115,10.151624035363973,28.67167110386959,35.6945367249956,0.3120687073639932,0.751079313004681,68.00234314220519,282.4343277882395,0.8742758304115004,0.4154936795097807,0,0.571205552758977,-2.5599322694114175,-11.576096408746334
SYN117,1,2013-05-01,2014-05-01,235.2279011126927,269.4591035014739,155.6098698398238,152.87905933479067,214.1484408305947,11.471814159980134,9.940101165116232,114.55235634329864,98.24509171054248,5.356944984276155,1.1540943064281168,0,2.273055191652961,-9.378907945942235,-3.480642451514329
SYN118,1,2013-05-01,2014-05-01,216.29917506617295,131.04981362362184,59.22205403631423,82.58991751400026,149.19481805511012,6.4714371731117515,5.335661289810789,60.5872923849707,139.45804288273612,4.337575029396335,1.2128650642554635,0,1.8630937137666939,0.19685021027159877,0.1502102176481969
SYN119,1,2013-05-01,2014-05-01,97.65830613166968,139.0134808764634,58.196655346849894,84.84263073209331,146.015790052706,3.0062013607103233,6.086514861593695,142.34680733560523,145.78609410873253,2.0588193644161374,0.49391177530505176,0,1.2701984460053184,11.328636859553466,8.14930810172349
SYN120,1,2013-05-01,2014-05-01,107.47724062226975,125.24908507289727,44.166512844499714,43.00887031728299,193.25889679401564,17.591378408628003,3.3794981007883766,116.53544913112061,97.37891345125543,9.102493442968225,5.205322768053708,0,7.558826168926758,20.901599336531504,16.688025564710824
SYN121,1,2013-05-01,2014-05-01,51.43035320971384,38.402018432521125,16.67001140072159,34.53353738482102,39.69543025381128,1.7217706598866929,2.5731451280021944,74.66800446796853,207.15965067262144,4.337453074265092,0.6691308007269244,0,1.9166483400257877,3.5800523547478003,9.322562982043667
SYN122,1,2013-05-01,2014-05-01,158.80437285073998,158.8882341129048,89.30102845549074,201.93587935636603,273.0158632456063,54.14352522885347,7.993597085985568,100.05280790488284,226.12939945816476,19.83164076445833,6.773361810264153,0,17.042740070765763,59.299701730317686,37.32164440079292
SYN123,1,2013-05-01,2014-05-01,215.21835089387525,238.63330406615842,127.76623721683806,111.01637051953152,171.34371245461287,4.264851132259777,15.499712742671454,110.87962670238521,86.89022463040877,2.4890619393982667,0.2751567853588949,0,0.9397015711301837,-7.914245763278792,-3.3164883645430545
SYN124,1,2013-05-01,2014-05-01,100.38645171107905,83.98422332808373,25.492946939058147,36.509829919976234,146.17602199648383,-2.3793162512526913,4.211201341420399,83.66091429329293,143.2154156490984,-1.6277062535673084,-0.5649970301467871,0,-1.2905068828040538,1.872107471064186,2.2291180377424133
SYN125,1,2013-05-01,2014-05-01,198.53501714230876,194.01389169165253,73.9025012346681,78.7199420827825,242.29731038314242,6.021365075845116,5.258696462455435,97.72275666241008,106.51864384510779,2.4851142863796505,1.1450299744118657,1,1.5339146130175612,-10.132484870838356,-5.222556375984651
SYN126,1,2013-05-01,2014-05-01,238.03270777787586,185.93053092741152,75.93353561968168,86.80266916477234,161.02312187849822,3.180544459454021,12.837918718967954,78.11133716166253,114.31400955636975,1.9752097849984154,0.2477461128301727,0,0.7501934528962629,8.320755704888683,4.4751960118573315
SYN127,1,2013-05-01,2014-05-01,85.64431664817255,78.50263460605277,32.424609305226895,39.57199259667854,162.68923328830238,7.726008878332831,4.504878239423321,91.66123063196608,122.04308222859444,4.748936805573073,1.7150316762660944,0,4.706763555033713,6.877024256425444,8.760246443875664
SYN128,1,2013-05-01,2014-05-01,267.65339562603924,167.27454315951402,106.2002665901948,218.81826617705843,259.289260569799,15.179385219874362,10.496654484840487,62.49670129095884,206.04304791572093,5.854228280229203,1.446116497575183,0,3.490092005185887,4.61052617995845,2.75626290341252
SYN129,1,2013-05-01,2014-05-01,202.89019835926172,122.96080792797773,70.570573560287,170.34678590962332,347.5107518804561,37.57358510905176,6.646180674993883,60.604607281347604,241.38500980738033,10.812207940540816,,0,11.530909644001666,35.73210974613597,
SYN130,1,2013-05-01,2014-05-01,154.7986911471194,375.7097864899166,133.13663073055173,167.1599897712296,194.56061075680256,20.666709453333848,7.928671209736998,242.7086325509336,125.55522011784718,10.622247418398002,2.6065791992930154,0,3.895641695564689,48.93504836401297,13.024693559672901
SYN131,1,2013-05-01,2014-05-01,252.4214889275901,169.1892851469672,85.73260669938347,196.52316722218097,392.79786453528993,39.13272268359301,11.467326865741336,67.0264983642106,229.2280321200058,9.962559936493044,3.4125409645819116,0,9.281717899522372,44.37780154779491,26.229676134186565
SYN132,1,2013-05-01,2014-05-01,183.14123567970913,142.15557974347035,49.05893565648871,51.63278753143908,354.62996718994816,27.173364020885437,3.2421394866574937,77.62073856052959,105.2464486652799,7.662455667862593,8.381306274055472,0,8.353406099452751,-4.892992706926016,-3.4419983483981156
SYN133,1,2013-05-01,2014-05-01,88.40086317889214,115.99472073256057,49.52665693280181,147.02124195843925,142.58539637968488,11.807463226386957,2.6532049537804543,131.2144661956843,296.85274771910997,8.280976541907098,4.450264277383825,0,5.776770221954566,9.252730228117056,7.976854610004459
SYN134,1,2013-05-01,2014-05-01,93.57340264178656,71.69116467224222,34.87581744869745,54.51576818207855,129.59378504327367,14.848515851199366,2.725519818438002,76.6148955239846,156.31395095547683,11.45773761160011,5.447957395411296,0,8.984694113520922,18.09074685537604,25.23427668958001
SYN135,1,2013-05-01,2014-05-01,172.15927022561252,181.1569777508378,75.11444522147725,71.93228043912578,286.724819986121,24.395148259911743,6.717327688100453,105.22638572609765,95.76357813338198,8.50820946058754,3.6316745873700675,0,6.904621114831311,33.998751669520544,18.767563961175274
SYN136,1,2013-05-01,2014-05-01,319.38335196079095,353.1986394039134,158.0170534256082,284.7632296755547,343.3756040674446,16.408722960673764,16.408616509708395,110.58768005142416,180.21044153289222,4.77865135621307,1.0000064875040078,0,2.4396613604505824,19.15641582648459,5.423694683199943
SYN137,1,2013-05-01,2014-05-01,166.79572365793166,167.53279119086733,76.8117948517017,73.27424014040653,304.4133422886533,-5.401814567052637,8.473649485555988,100.44189833934067,95.39451627432346,-1.7744999369740122,-0.6374838345934016,0,-1.6157205643962564,-1.3484096089979154,-0.804863095405421
SYN138,1,2013-05-01,2014-05-01,111.6203468168251,68.87365716246603,20.812883439351282,37.24372195819445,173.78843682198058,11.921620671659038,4.210958235398582,61.70349683242908,178.94551740859268,6.859846886056578,2.8310944932776363,0,6.604995406399682,6.5434170508502865,9.500609261121452
SYN139,1,2013-05-01,2014-05-01,151.40342516688378,156.88972696114215,55.83372596476492,123.62403321428091,315.1242830560162,63.13057805460269,10.85093180712109,103.62363122776854,221.414621858295,20.033549126196867,5.8179868030478525,0,20.477450640352284,65.21540819069516,41.56767269207337
SYN140,1,2013-05-01,2014-05-01,64.50939563420779,133.55952573492215,64.02165870228184,81.94897786145239,171.65541043850118,4.711518486962495,7.919927066818133,207.03887305386368,128.00195984071183,,0.5948941760716705,0,2.3787267858049783,14.027619712189123,10.502897217552253
SYN141,1,2013-05-01,2014-05-01,327.7270307195661,500.91147101906444,245.474192824252,589.7616379921523,378.3327324938167,52.02378094780523,33.02599758836459,152.8441123453412,240.25402882754113,13.750800943097218,1.575237229658545,0,6.27822395877697,11.281979528765305,2.252290111426879
SYN142,1,2013-05-01,2014-05-01,395.3482126523063,232.42106020906863,145.15146278458974,141.30603928361938,269.7852707239355,13.499614344129741,15.719676183952668,58.78894927836037,97.35075112079504,5.00383668385794,0.858771782965271,0,2.1504101789815935,16.447022207068784,7.076390664544027
SYN143,1,2013-05-01,2014-05-01,471.9266473475844,258.03544010685977,68.06492970402512,107.57317108244979,463.959112426452,36.356664268188254,13.28887786727319,54.67702270196473,158.04493084797573,7.836178511086278,2.735871653822977,0,4.9806236369032275,66.87529216468033,25.917095782263623
SYN144,1,2013-05-01,2014-05-01,273.06948181312606,158.48753935662208,98.06372388110827,221.6106848705096,363.72477084542317,52.61225174516368,5.483126119133681,58.03927202128078,225.98640567554702,14.464852537503694,9.595302132768792,0,12.191263069375307,30.3886454212507,19.174154349681352
SYN145,1,2013-05-01,2014-05-01,91.33448890928508,87.7938620796595,26.849933892025472,29.84969763074985,93.91692624538739,4.557949685078495,2.461351890835283,96.12345032866807,111.17233193492264,4.853171698964491,1.8518074160991713,0,2.544516074599381,12.293974534261592,14.003227837393338
SYN146,1,2013-05-01,2014-05-01,133.66196967584648,125.03963740431382,67.9207855564362,80.4583332223859,222.16584089531617,0.6501541724787796,2.9811909484527748,93.54915067281792,118.45907340917324,0.29264362597719523,0.21808538390209684,0,0.2513143152904053,-2.5129640939098534,-2.009733990018078
SYN147,1,2013-05-01,2014-05-01,110.85459703163613,58.603924807225276,24.782021230973317,68.07408777135183,128.1521365204447,19.920879926534496,3.074864118745121,52.86557921499697,274.6914270506345,15.544711518216808,6.478621219419732,0,11.75560822221577,15.109140905924615,25.78179013713738
SYN148,1,2013-05-01,2014-05-01,197.52000429134443,103.33349603609878,66.90248575310451,123.82422248240569,236.13837837487887,19.09125217808442,6.834152650476098,52.315458581947276,185.08164695010575,8.084773135765468,2.7935068404938885,0,6.345697210537975,3.793436496371248,3.671061796889209
SYN149,1,2013-05-01,2014-05-01,374.55299762933845,205.30290728782012,67.97412744996424,146.20840803574282,468.17649421603664,41.996867090147454,11.365404287259269,54.812779122646354,215.09420351642885,8.97030662773264,3.6951494226409842,0,7.242638513122904,27.187960199832254,13.24285201753946
SYN150,1,2013-05-01,2014-05-01,26.348664143540173,11.221937837168754,3.029795470040631,9.041330876942128,37.19568754039798,4.142966967649088,0.5497836963031386,42.59015855997392,298.4139017417199,11.138299199737714,7.535630822644016,0,11.027150881895222,3.9237153713260327,34.964686387141576
SYN151,1,2013-05-01,2014-05-01,194.3930259131133,295.7090522765114,140.47435896586785,409.8046414044431,538.6948077260284,34.103462715405634,19.14097348343818,,291.7291414755746,6.330757643528302,1.7816994911420685,0,6.958440747972245,17.720530910148042,5.992556120188685
SYN152,1,2013-05-01,2014-05-01,173.78487543816547,130.44925750782375,71.75969716858036,136.25072425609696,125.10733454823043,8.49095504948178,6.983329805384416,75.06364243661642,189.87081834530608,6.786936257688723,1.2158891655002355,0,2.7909278184079302,0.7071068427052811,0.5420550919294209
SYN153,1,2013-05-01,2014-05-01,177.5095032851547,142.424055915516,82.3350287930123,262.8452439477846,322.60523392443116,44.950053054435244,6.258841100190116,80.23460900948118,319.2386616012115,13.933454367006519,7.181849216953257,0,14.049808706138702,44.50846634563209,31.250666230172452
SYN154,1,2013-05-01,2014-05-01,232.13334200004766,207.1325360026876,127.13588759587896,244.4440657886203,476.35543382771374,20.863301004117233,12.690222611077505,89.2299805870391,192.2699171815463,4.379776008110571,1.6440453129565522,0,4.749583805366125,10.06870016130506,4.860994006839377
SYN155,1,2013-05-01,2014-05-01,79.49922376175371,61.88229868152748,32.86151050691471,52.6079842777881,76.93191056555393,10.919383790111869,3.634092426605313,77.84012944199141,160.08997598183547,14.193568975266027,3.004707230385967,0,7.723345739534286,12.832553750114347,20.737034698979272
SYN156,1,2013-05-01,2014-05-01,281.10309029884337,559.4062330080276,362.44031151468334,657.918758950023,341.4041148342386,13.206034638214215,37.14038537553658,199.00394279312883,181.52471953257577,3.868153330438363,0.3555707487869173,1,,21.536768353393654,3.8499335693109087
SYN157,1,2013-05-01,2014-05-01,182.56588825776512,138.20447054647593,36.661107375476355,124.23364035907862,161.1732497713356,19.668049032331613,8.352375771879936,75.70114650955209,338.8703976852101,12.203047999736704,2.3547849820823816,0,6.13150451483411,20.96842051378318,15.17202767093691
SYN158,1,2013-05-01,2014-05-01,126.5650417491313,118.22403148284151,46.326344150880296,52.40527401382396,154.06955441619775,8.284869611292553,4.281182210031278,93.40970448789265,113.12197190252095,5.377356767653209,,0,3.384493229990478,21.16289855369991,17.900674074687934
SYN159,1,2013-05-01,2014-05-01,147.97655637421255,491.0938907052572,144.0636225979621,68.41040831243394,524.0686970190083,33.061308560296794,33.00462114903497,331.87276602338795,47.486247450091305,6.308582967911484,1.001717559823088,1,5.173343363221668,33.46525040156214,6.814430200608458
SYN160,1,2013-05-01,2014-05-01,107.98453407084627,59.57779374155708,31.974415898137757,129.32972271377696,125.34720223019698,11.848826110305406,2.6817102881407795,55.17252470846372,404.47876554113793,9.452804609508025,4.418384104615624,0,7.071294762371002,8.141094003832213,13.664644983578144
SYN161,1,2013-05-01,2014-05-01,155.39051627764132,401.56040413112663,176.84215045280163,164.88027729500772,280.9188186649563,-23.0502799005238,8.637974162014283,258.42014927966744,93.23584726426041,-8.205317112633598,-2.668482154286593,1,-4.1386555001303,-40.44911855246119,-10.07298482029937
SYN162,1,2013-05-01,2014-05-01,219.1004336209176,322.4549083486693,149.86726738474007,188.98145788750918,221.83035883563898,5.99262674412989,17.90870014367509,147.17219086228425,126.09922178827411,2.701445724374459,0.33462097729333734,0,1.1065585139157263,-3.978209434932266,-1.2337258115577026
SYN163,1,2013-05-01,2014-05-01,59.73305870680226,30.007172542273942,10.953744452032577,22.34642220909224,33.05485173611226,3.9342149517974034,1.2730013695622755,50.23545284959064,204.0071530511709,11.902080164223799,,0,4.384003581267685,6.684247541618658,22.27549940668994
SYN164,1,2013-05-01,2014-05-01,114.70584973267933,128.29650691202875,77.21525974040185,59.05769334906332,213.7883633572295,9.84135756395725,5.764111299229731,111.84826860271058,76.48448447575728,4.603317696722735,1.7073503707800313,0,4.049902107882116,4.297196958741973,3.3494263111064324
SYN165,1,2013-05-01,2014-05-01,105.35374457155719,55.45996906461927,24.345080206156354,56.60373900734719,116.89730393642536,12.12457740280154,3.2944066474815843,52.641668590099684,232.50586372286136,10.371990622979206,3.680352397318709,0,7.539517077649284,13.386636889340235,24.137476300685947
SYN166,1,2013-05-01,2014-05-01,142.3598021661936,2235.8588092084415,565.8611832372098,681.0970214814007,1337.2126459967246,142.23397407441237,108.8082762110757,1570.5689212733357,120.36468336367294,10.636601029778234,1.3071981197321298,0,5.980693843456201,83.77815701035217,3.7470235895625295
SYN167,1,2013-05-01,2014-05-01,119.72371422331572,106.06251231119549,34.05234319919238,31.812570277391483,164.98230419573358,-0.12327561941875004,4.091081602967154,,93.42255859251995,-0.07472051019029102,-0.030132769615091877,0,-0.054598378878486405,2.5239795047530635,2.379709333442447
SYN168,1,2013-05-01,2014-05-01,42.751379784177544,23.344369797619635,11.467195764754853,20.470259493928015,32.72358350549878,3.017413100292188,0.6841170956791692,54.6049505664364,178.511467963638,9.220912800656903,4.410667587975707,0,4.565215039369469,3.086206844341515,13.220347651690336
SYN169,1,2013-05-01,2014-05-01,201.4157710452768,214.95485382834252,108.71888882767092,201.6616057283418,356.72906817810554,48.64951870102459,11.13667594119123,106.72195762665588,185.4890239432021,13.63766596018891,4.368405703634115,0,11.684186106018199,34.82829829983097,16.202610771303615
SYN170,1,2013-05-01,2014-05-01,334.25925479054746,586.4153085895407,327.9569293214462,685.8145871416662,573.7070223899892,68.85124238037272,29.320357020415866,175.4372691810728,209.11727297869245,12.001115498560111,2.3482402459298624,0,7.478347411662813,145.35632909142961,24.7872671402532
SYN171,1,2013-05-01,2014-05-01,89.62171914642879,404.75074886495656,135.18443039327795,175.55357833999346,373.70117538435386,43.04353665028959,8.50497922899757,451.62127296805477,129.86227617283572,11.518169993984916,5.060980807987566,0,8.706701816027971,26.260868347571474,6.48815806300912
SYN172,1,2013-05-01,2014-05-01,163.36648141550035,200.84940478987136,59.428513790987616,93.87531762444176,215.62404713058234,4.934125896753961,7.413284245407107,122.9440721558043,157.96342805173438,2.288300383196984,0.665578943612056,0,1.3547256129217102,0.005816232778154351,0.0028958177816057226
SYN173,1,2013-05-01,2014-05-01,90.19818532336826,145.6945214979214,62.119611996991,63.02382254570989,215.7063801398752,-3.833861900835613,8.62517509316721,161.52710941533243,101.45559593766086,-1.7773521109341033,-0.4444967040579577,0,-1.625256648455908,-3.2163225713891617,-2.2075796250410478
SYN174,1,2013-05-01,2014-05-01,167.41954435788162,75.55232524654625,21.2442037813662,66.95675971784026,251.24105367501633,27.010105381636034,4.948268956056532,45.12754203000521,315.1766025543854,10.750673501224036,5.458495813687831,0,11.116556589703176,31.242971433161742,41.35275960231279
SYN175,1,2013-05-01,2014-05-01,125.70575103546027,201.73265038252563,102.67817196990974,413.3567169138594,216.2118688766677,35.23522391689596,10.900969964162474,160.48004862213423,402.57506438174147,16.29661872863925,3.2323017156027083,0,10.760870980406796,11.56284957917083,5.731769030568598
SYN176,1,2013-05-01,2014-05-01,312.52540579525987,282.3988027671101,165.8384725012231,161.20530242064788,533.5849552732084,-12.944238527689834,16.74283602155974,90.36027072695454,97.20621517389998,-2.4259002057248917,-0.7731210238827846,0,-2.1757794255791825,-28.944785249787476,-10.249613300824716
SYN177,1,2013-05-01,2014-05-01,99.05048176362082,65.05108901795535,27.289727585076257,39.69198189162378,98.43097061809696,6.539210778621419,2.77659746250788,65.6746821011902,145.44660355396826,6.6434484365626645,2.355116601134926,0,3.9848556887522375,10.725553662151302,16.487892553483377
SYN178,1,2013-05-01,2014-05-01,227.98046654089663,230.3439335514581,62.48162293215142,107.13848687299722,233.41308030247956,12.302708642508652,7.224848200780014,101.0366971549896,171.47199743729215,5.270788006638528,1.7028328209277004,0,2.6842796586936224,12.730656678416727,5.5268035420488895
SYN179,1,2013-05-01,2014-05-01,88.48795011271322,84.78015974510097,52.7584594892419,120.29193260291012,75.67992041930387,1.6707549388206686,3.3713239057890623,95.80983584444054,228.00501335229308,2.207659481621898,0.4955782907574484,0,,-25.575025816334215,-30.166286420346204
SYN180,1,2013-05-01,2014-05-01,100.33755713327719,156.8888152572671,98.41109544558873,172.1001355373004,219.3169862488522,-5.230428209483069,5.884334045393297,156.3610075227101,174.87879263822865,-2.3848714588610407,-0.8888734339577211,1,-2.03339500568074,-6.134163986828855,-3.9098797302854384
SYN181,1,2013-05-01,2014-05-01,157.42886425416938,120.51776663569613,46.682732418247774,95.75543802254873,283.7132374023592,21.06441115234879,6.741055665877246,76.55379285536853,205.11960860525588,7.424542945268168,3.1247941266789074,0,7.578581213562334,28.791090415820108,23.88949880132651
SYN182,1,2013-05-01,2014-05-01,46.89507778481428,61.31835761244016,33.58758708658798,25.562864930041055,63.16679855720595,-3.274108019019748,2.7648828965836243,130.7564898256688,76.10807190210066,-5.183273640272598,-1.184176018111052,1,-3.0256021417307464,3.457135709880371,5.638010939123707
SYN183,1,2013-05-01,2014-05-01,78.82358059494209,71.6836714927789,23.62812490728777,35.471181223885615,103.16416789206153,6.487658159269014,3.894661301280578,90.9419122446953,150.122709114954,6.288673957082572,1.6657823767976563,0,4.310528608606697,15.191260662962927,21.19207951631388
SYN184,1,2013-05-01,2014-05-01,259.5248571640305,178.90437627984673,101.00140978326881,251.5283220086306,313.4073417559199,3.9056364688460303,10.422022127947725,68.93535295032326,249.0344664974142,1.2461853787355501,0.3747484337394241,0,0.8908248289392376,8.864708491657252,4.9549981258093165
SYN185,1,2013-05-01,2014-05-01,90.52909358757009,82.2595434803253,23.70288794866213,20.824720323205653,91.4609789087637,1.6533961404164301,3.394109276624895,90.86531215598052,87.85731244357112,1.8077612552843596,0.4871369792962496,0,0.9568893930025887,7.951633479630027,9.666517881334808
SYN186,1,2013-05-01,2014-05-01,57.173914529641955,95.45337527801745,50.95398537281842,87.02675947466093,153.38214262058943,15.635108239744635,2.438517084553695,166.95266724920404,170.79480405292432,10.193564891331645,6.411727987793131,0,10.243979474082236,14.704085880763923,15.404469289783426
SYN187,1,2013-05-01,2014-05-01,53.70836485577906,34.45011630027307,12.358909925275729,9.58360354326936,71.73703984054356,5.290309766661662,2.128997934881651,64.14292520872793,77.54408439913885,7.374586097253127,2.4848825261804426,0,6.000908474474642,9.59534147127393,
SYN188,1,2013-05-01,2014-05-01,154.08007212683918,34.74024976548471,15.710142798139914,192.57678286807396,174.16750570796495,21.30137978542533,2.195960564094054,22.546880518647754,1225.8117914171673,12.230398373587768,9.700256067309313,0,11.281296193093342,31.10451906564186,89.5345291862149
SYN189,1,2013-05-01,2014-05-01,98.67624402546356,110.34086625136133,55.5358782183122,86.15332970083398,162.88586146477633,-6.723868593655117,3.842760591469317,111.82110480703714,155.13093961018177,-4.127963307060347,-1.749749544268169,1,-3.216898647555667,-8.785718851022981,-7.96234355366463
SYN190,1,2013-05-01,2014-05-01,150.6062868657832,110.714766370075,65.0125553236558,81.11545630447861,207.38440149994938,13.900252825184523,4.520018589057184,73.51271230047747,124.76890948318643,6.702651079178641,3.0752645263089353,0,5.319224246597038,23.393610921246452,21.12962135786929
SYN191,1,2013-05-01,2014-05-01,20.736144523323684,13.505088852908477,5.887500437523237,11.590058669233072,30.08225481236689,1.922440904833999,0.6662989947216255,65.12825389366942,196.85873134488963,6.390614389861756,2.885252596902356,0,5.614403207124021,2.1283094668481675,15.759314803692028
SYN192,1,2013-05-01,2014-05-01,83.0423815698861,60.10546284038095,27.147864854766745,33.2603458307039,153.54531844035094,-1.1893372773755904,1.3746159094674895,72.37926189508174,122.51551276182185,-0.774583874947397,-0.8652142530754835,0,-0.8308453978300263,-0.08786695265076894,-0.14618796445193805
SYN193,1,2013-05-01,2014-05-01,84.05326577854359,116.97255459575031,37.82419933708232,79.56688648299775,191.2704990393029,27.42739285330484,4.221845973376604,139.1647945053553,210.35973762170684,14.339583464812819,6.496540382160981,0,13.643716415253145,30.635187298322258,26.19006433106938
SYN194,1,2013-05-01,2014-05-01,244.07005591286878,167.51411618150226,66.04720452609887,97.79399055690723,350.3126889509517,38.74957471963092,10.561344176235968,68.6336206033007,148.06681260561675,11.061424818972618,3.669000278091605,0,9.414738793878142,42.962664848377614,25.647190713066465
SYN195,1,2013-05-01,2014-05-01,266.21574346677335,136.28147612843023,61.155958800456965,175.67157914454143,379.8031206983572,10.096777392639213,5.727370941123118,51.19211747348806,287.25177822447745,2.6584240208647887,1.7628991550282354,0,2.5085334509375414,16.517608310195918,12.120215292230837
SYN196,1,2013-05-01,2014-05-01,227.93418700463647,141.98816065856582,59.6567221769106,111.92392250449055,255.60914337998426,36.6877486145881,7.96220363243567,62.29349029405474,187.61326204376903,14.353065829123613,4.607738046931258,0,9.917689170806911,41.206998911793406,29.021432998827628
SYN197,1,2013-05-01,2014-05-01,35.53728294814187,29.311041299614367,13.868413712474121,22.049317445039456,67.61988928823298,0.3821541493814689,0.9117102355751291,82.47969137760698,158.98946990027358,0.5651505103069878,0.41916185041006665,0,0.589304586995078,-1.2526080777174589,-4.273502482949792
SYN198,1,2013-05-01,2014-05-01,258.90426600770786,195.3391524692708,125.82383369582925,127.05216469093791,229.01075996867533,26.986887835991052,13.60247495218116,75.44841013297763,100.97623078158473,11.78411347994408,1.9839689417449504,0,5.941063037627426,32.88347485968411,16.83404194397591
SYN199,1,2013-05-01,2014-05-01,331.2358562744589,241.75290936028807,70.17928206297758,97.10014807663298,444.20608780566954,49.96072921148405,15.132364650019413,72.98512669473014,138.36013310808326,11.247195971195419,3.301581105595414,0,8.719320902590198,34.20963354578758,14.150660538609875
SYN000,2,2014-05-01,2015-05-01,139.4092470288932,83.00891991513033,40.50062225812568,52.59949836882435,236.6132015495479,22.392851824607927,5.081683587603313,59.54333854046738,129.87330918914773,9.463906357701163,4.406581291136453,0,10.067905932451815,12.777247913947077,15.39262036779992
SYN001,2,2014-05-01,2015-05-01,238.0336739631553,212.65150703974805,97.34006513597014,147.38795814469836,161.5262042663163,15.735031641768584,11.523268909759546,,151.41551214170494,9.741473040390062,1.3655006895171835,0,3.491357671613174,51.37715556750507,24.160259328847285
SYN002,2,2014-05-01,2015-05-01,109.19872967999156,36.20583993727071,11.154798866052,25.683303453060248,67.72621204295659,10.449826332861393,2.4107325215431215,33.15591677977614,230.2444334628357,15.42951542341302,4.334709985234036,0,7.186724846659016,13.49689641556203,37.27823035992646
SYN003,2,2014-05-01,2015-05-01,22.554975957452832,53.087982707051,30.99246852432764,59.336775220376104,46.741950727928106,3.4145095890335115,2.537306643063252,235.3714887889701,191.45546658795348,,1.3457220862005175,0,4.513982066959793,7.258118111932943,13.671866478680382
SYN004,2,2014-05-01,2015-05-01,103.22983733146664,146.59340869777873,76.3293917668793,124.47990403394132,101.03550622956975,5.421118644705254,6.758802801279752,142.00681943058137,163.08253105713257,5.365557957801049,0.8020826770798503,0,2.1699816693882186,15.449679662430645,10.539136649917294
SYN005,2,2014-05-01,2015-05-01,99.42304588734932,92.62082146358667,46.22796214960316,96.47687818353667,207.77644608409298,8.321126119158212,2.358918027045697,93.15830211893743,208.69809893699772,4.004845725289967,3.527518134905082,0,4.3329298841667265,9.841453855472787,10.625530739156634
SYN006,2,2014-05-01,2015-05-01,431.2506581083085,693.4145934321555,228.56516777938504,876.781496212088,445.8579643513398,32.2460563499087,38.699504344918736,160.79154440571418,383.60241183309796,7.232360735514089,0.8332421020824423,0,2.8671692582073636,-8.140909892949615,-1.1740320971116296
SYN007,2,2014-05-01,2015-05-01,48.14075441157469,34.96255435833346,19.033821771301064,43.72249151960251,58.819351219532344,4.077957060751364,2.4339535916052113,72.62568853704391,229.70947214356437,6.933019450573577,1.6754456924800774,0,4.907093497374679,3.2913620253131555,9.41396326933031
SYN008,2,2014-05-01,2015-05-01,516.0945550994848,1694.2661429616765,901.6116295272814,561.5761354955614,2382.409722544266,123.02714594307608,50.20464739345714,328.28599453739287,62.2858132153861,5.163979343221061,2.4505130965048756,0,5.565930757409436,11.493835602715649,0.6783961097530846
SYN009,2,2014-05-01,2015-05-01,165.94990158570897,108.49810829012286,45.955961434759814,50.76347437552679,292.3967688793153,23.191063698535853,3.2622532223652496,65.38003774234618,110.46113015738304,7.931367979003832,7.108909737461001,0,8.45007537457756,18.33893115269216,16.9025353913582
SYN010,2,2014-05-01,2015-05-01,199.6916352321587,582.1287723062648,305.8265763285657,525.2053285958038,591.4334476502335,55.11351659424841,25.48801898625619,291.51384915521874,171.73305698310142,9.318633704808978,2.162330333478136,0,7.049383216763857,67.89218363336317,11.66274317010469
SYN011,2,2014-05-01,2015-05-01,133.30595823783293,90.81827158067989,31.76943677094838,61.905258490478,132.34556848922048,15.734272230884592,5.788213161001929,68.12769120090627,194.85790364117307,11.88877905811115,2.718329783860451,0,7.020335214816176,14.866920214683638,16.3699660386912
SYN012,2,2014-05-01,2015-05-01,131.95985421323817,129.20571848357767,61.70208358613008,132.43455294639395,200.88582530585353,9.948934973769083,8.526437734768983,97.91289877813142,214.63546326037473,4.952532095592901,1.1668337098386892,0,3.809435857504346,10.431433060272711,8.073507258580486
SYN013,2,2014-05-01,2015-05-01,100.17794415965164,145.46650441655638,60.33399225258584,98.778864149561,127.59479167331676,4.408804312239819,9.033742683778046,145.20811505647313,163.72008624263955,3.455316831056678,0.4880374022780989,0,1.7947909418649224,-2.1822510906108263,-1.5001742836699745
SYN014,2,2014-05-01,2015-05-01,609.8617699691205,781.0741914130845,346.6561371472935,754.4462042769588,576.8154891146777,-29.24320728746444,17.62103836787206,128.07397182030826,217.6353231434054,-5.069768034895912,-1.659562091458966,0,-2.102412195771026,-10.980771202543071,-1.4058550805112575
SYN015,2,2014-05-01,2015-05-01,91.82590792713944,100.41422255687714,44.690744588221165,59.517022076529486,167.0247211303027,13.439417933237987,4.354714761685412,109.35282299256133,133.17527516025316,8.046364539506314,3.08617640160581,0,6.990953397399708,3.1474096811956382,3.134426180925582
SYN016,2,2014-05-01,2015-05-01,205.9669831274804,151.59118400502993,62.30811199408377,124.47643560433785,162.90130985007534,3.948473594804678,4.683644571663333,73.59974967988178,199.7756497840234,2.4238439816344126,0.8430344221022799,0,1.1042884648587488,9.733548320212485,6.420919781119671
SYN017,2,2014-05-01,2015-05-01,171.23236080861972,1103.4963690578086,381.1450467824193,467.06209280322446,649.6414155924361,-15.853244181354974,73.01808374662721,644.4438211601527,122.54182410242676,-2.440306883282328,-0.21711394449032295,1,-1.2436563019189304,-28.078574826551964,-2.544509942567923
SYN018,2,2014-05-01,2015-05-01,153.0051382157614,1840.5066412681838,785.7001310307049,1499.5924619596447,2105.868714713898,77.85456255260115,84.80388371453961,1202.9051198743266,190.86066079592405,3.697028309914297,0.9180542109919078,0,3.90539766826736,109.86753171763897,5.969417836054957
SYN019,2,2014-05-01,2015-05-01,298.9371092976981,566.613134740599,309.0435177297631,692.99078442822,322.5247706680763,17.58894105308334,15.849723905030817,189.5425884299745,224.23728202388372,5.453516335086352,1.1097316999635862,0,2.0321109229916754,36.71697104075548,6.480077638434002
SYN020,2,2014-05-01,2015-05-01,218.4403829066695,203.3392124932252,100.70494774739032,141.84722833998205,385.3991820702563,50.57963245011449,12.535740319956524,93.08682295255983,140.85427927115717,13.123959469351982,4.034834095086768,0,11.991958122620723,42.16097538734819,20.73430641851871
SYN021,2,2014-05-01,2015-05-01,43.94567080715369,50.84802625353213,24.67824061162909,25.98244589872322,49.69805914478592,5.5148507034578,2.3926779588248217,115.70656521928628,105.28483901109041,11.096712423701138,2.304886323342257,0,5.8177398650537455,3.9986340738374313,7.863892403413924
SYN022,2,2014-05-01,2015-05-01,46.58206662125254,37.61328832823733,16.07936643745802,60.241408742426685,66.89734640958049,7.1035878232549035,2.2883797978083265,80.74628511882446,374.6503879785342,10.618639160607401,3.1041996743977096,0,8.437030555327498,8.678157841619461,23.07205306243998
SYN023,2,2014-05-01,2015-05-01,104.3470505244656,62.4826994101601,38.00119867778233,81.69663842820913,88.76427247673413,4.908165544819049,3.6143014608933606,59.879698655699116,214.98437225869313,5.529438148783926,1.3579845505211066,0,2.9420205609265575,10.80332060798503,17.290099035363284
SYN024,2,2014-05-01,2015-05-01,396.77864847796957,276.3410527819576,93.39103923068893,218.46224280088802,482.84701901089403,9.924301122064515,5.63669792113983,69.64615002394741,233.9220599754284,2.0553717287919304,1.7606586801191686,0,1.4743738897388499,2.368644705206707,0.8571454300261523
SYN025,2,2014-05-01,2015-05-01,564.7311572756531,1009.4400452154299,548.4777756311835,437.53782250473245,1188.6166920089495,-31.607697056235214,48.3783637599129,178.74700770630727,79.77311788088728,-2.659200166776493,-0.6533436561247626,1,-2.00789450386444,16.749930089719786,1.6593288694174102
SYN026,2,2014-05-01,2015-05-01,116.07589352192001,61.67197754183676,25.91067080969371,51.720819145890374,176.89518899805955,11.398864020021731,2.219010119253438,53.130736857253225,199.6120421804771,6.443851912867325,5.136913942445993,0,6.41293982977329,6.032864070010796,9.78218035236222
SYN027,2,2014-05-01,2015-05-01,155.94099489311776,181.9863761804435,45.986982158859455,24.840503758262606,145.5865692453435,1.9444544405145763,5.271192246593034,116.70207459249397,54.016381576100116,1.3356001522625127,0.3688832335362742,0,0.5754060212220277,-2.8873652960125584,-1.5865832138718297
SYN028,2,2014-05-01,2015-05-01,67.98095046688132,41.00365178401373,16.733846470875786,40.82714121219258,96.59730431295155,6.582376122306863,1.3042064695468727,,243.97941790161434,6.814244112839402,5.047035324547817,0,6.039730371409236,9.296820747278232,22.673153104140894
SYN029,2,2014-05-01,2015-05-01,188.5384452645862,201.79582980824242,101.03491307897905,142.50821977911033,320.09430480666276,39.15346239147256,11.784382306952098,107.03166111561566,141.0484905031903,12.23185223964584,3.322487455992861,0,10.030751817571566,42.229445263538075,20.926817617423925
SYN030,2,2014-05-01,2015-05-01,185.0152930745243,84.66477502723606,54.25167057648946,166.16057595685157,232.36403541147146,28.78437648497147,5.6236983885710385,45.7609604159225,306.2773444415535,12.387621188451106,5.118406873218796,0,10.673527594226968,21.71692412707932,25.65048347449472
SYN031,2,2014-05-01,2015-05-01,96.3113337337344,160.60130012173857,95.52176717008986,187.43234271969067,270.83016218588034,30.21305591914129,10.706130121355171,166.75223350736934,196.21950919934426,11.15572049851855,2.822033318918503,0,11.760050670041295,31.537852687240058,19.63735826754442
SYN032,2,2014-05-01,2015-05-01,138.19581350282866,125.87953045949442,72.05711409776474,80.39388619832688,238.84231375404036,7.622431803113443,7.375019656541166,91.08780307365669,111.56967248126408,3.191407620913863,1.0335473202912535,0,2.8864609958440393,6.916546109666571,5.494575714112774
SYN033,2,2014-05-01,2015-05-01,209.9193342938003,296.54664289752543,188.81311742979955,250.37843749951287,376.98245836931255,-2.064870725238651,15.539733175582729,141.2669508957582,132.6064846064539,-0.5477365536238801,-0.13287684556148885,0,-0.40770176442841544,5.637641372957184,1.9010976883340829
SYN034,2,2014-05-01,2015-05-01,494.94904832808396,1273.6557476604655,619.0314827339514,2182.5964895644547,688.6433833071837,56.90543269768246,27.63067386160126,257.330679180578,352.58246962255,8.263410943469212,2.059502167146374,0,3.217532420287007,31.77876134394466,2.4950824743905855
SYN035,2,2014-05-01,2015-05-01,575.3023156055148,457.09076931136656,117.11645088136298,131.26200283464283,731.5064565326485,29.919220874677144,20.900197718109514,79.45227351123579,112.07819383769498,4.090082952445108,1.4315281261072887,0,2.8980454549524572,24.90925873995444,5.449521279434644
SYN036,2,2014-05-01,2015-05-01,919.1189285367212,1071.371369015264,369.621217526469,1077.713168618828,2118.403764438808,236.83194877108363,44.30719291242707,116.56504242828896,291.57232256063645,11.179736023261052,5.345225756891905,0,11.898171473749589,171.47238085871925,16.00494336677353
SYN037,2,2014-05-01,2015-05-01,96.92810088712628,162.13759463069107,93.70625520063699,76.33282548859934,247.2413076408105,27.35013478911153,9.042315482495923,167.27614917319167,81.45969052456644,11.062121880072528,3.0246826536915026,0,10.557219756341887,25.606653273335244,15.793162179111393
SYN038,2,2014-05-01,2015-05-01,31.631385178866033,30.873253217280855,12.207789059921692,19.370812698435678,41.940681706525666,0.84146408270168,1.3646491390670477,97.60322870055114,158.67584706251415,2.0063195171449832,0.61661569894585,0,1.3462426218172512,-0.986153333534575,-3.194199608943673
SYN039,2,2014-05-01,2015-05-01,160.03297748881647,277.496441314343,159.05042876415663,131.64364053411384,354.8080671532505,-3.2575181180414092,7.554991322677362,173.39953656347808,82.76849145079504,-0.918107117512186,-0.4311743030416876,0,-0.7445255057253504,-13.608381988032962,-4.903984326277406
SYN040,2,2014-05-01,2015-05-01,67.34661675930201,58.56452064521036,22.970885883584348,36.565114476518964,120.53174842604795,8.123172855674571,2.901994545211893,86.95985554036216,159.1802539171963,6.739446628585605,2.7991688919875095,0,6.45151256919982,7.861516220543312,13.423684056374595
SYN041,2,2014-05-01,2015-05-01,213.81823135042154,103.84226350964227,35.27101879199332,46.26013671671583,304.91223179024644,41.8596157627216,2.4575842900142466,48.56567321401966,131.15622485851495,13.728414736578179,17.03283013844418,0,13.177469795594714,35.836480045896444,34.51049585660163
SYN042,2,2014-05-01,2015-05-01,117.45187141331441,166.63012740033827,65.56252209262117,97.31821842085336,141.246551724247,10.237028875487564,4.846522183667355,141.87098544727743,148.43574547570094,7.247631004453208,2.1122422404226406,0,3.603547186459596,9.637244022773661,5.783614387822942
SYN043,2,2014-05-01,2015-05-01,89.15503428727169,75.68002017769514,24.58700994106348,21.335664339122488,77.73466547825612,3.524278049850563,2.5736462189876033,84.88586290465896,86.7761650980145,4.53372768528395,1.369371603544216,0,2.1380634485121575,0.6545026650210986,0.8648288722496897
SYN044,2,2014-05-01,2015-05-01,144.04873085269514,402.0961884109646,124.20240047250884,161.02721163689927,448.96944590523293,0.5701728569725247,26.861247047531933,279.139001108,129.64903337157423,0.12699591523938025,0.021226596664093204,0,0.10439955346307363,9.667425795926075,2.4042570097793194
SYN045,2,2014-05-01,2015-05-01,307.08088133871485,230.26470234626763,99.06893106913242,94.56991121978658,566.5590314250583,33.643812097731974,5.080196848510444,74.98503369614932,95.45869749396374,5.938271253589965,6.6225410355105865,0,6.2611126096935745,30.862882507412017,13.403219074802447
SYN046,2,2014-05-01,2015-05-01,195.49008936395276,356.1001216628509,228.1774064223019,112.86193804822614,220.6471749425377,3.9365964893506433,24.645253898784237,182.15763408848983,49.46236343809852,1.7841137056823122,0.15973040916997158,0,0.7136813545009324,1.4649524007785102,0.4113877844067406
SYN047,2,2014-05-01,2015-05-01,148.43856385340402,79.54683394610382,49.61197721727219,177.1511396275064,172.40725565372028,17.202400619567467,4.94883610215106,53.58906195337704,357.0733310057073,9.977770688559918,3.476049775035038,0,7.5453957953462405,21.583264766026783,27.132776623957547
SYN048,2,2014-05-01,2015-05-01,83.58998764628426,140.08830545904218,77.70442708807009,112.44035557240477,237.1930159859491,20.367151948242523,9.334871488107758,167.58981476565558,144.70263765662287,8.586741841272863,2.181835280131005,0,9.10555587021221,14.631661801898776,10.444599036267633
SYN049,2,2014-05-01,2015-05-01,68.05233001415638,70.35566732261773,38.722340269701114,24.563294940984196,98.87882475498198,0.127456455030765,3.988041647530622,103.38465605510085,63.434427697037,,0.031959659977394035,0,0.09208749312414236,-6.47803832843597,-9.207557223117162
SYN050,2,2014-05-01,2015-05-01,193.90463498119766,196.4116089778025,99.7959050528431,97.73798271067334,183.5378314810021,10.111171263218,8.656315799763398,101.29289018637844,97.93786895255866,5.509039298126721,1.1680686676766538,0,,13.8690752298965,7.0612298845654875
SYN051,2,2014-05-01,2015-05-01,112.56963236110349,88.10612313974137,47.60965880002483,57.45986672465078,133.748980373296,0.6808664460668797,5.27134185584736,78.26810951741629,120.6895158942429,0.5090629058752958,0.1291637811938933,0,0.3392868482630495,8.909569632485889,10.112316051354115
SYN052,2,2014-05-01,2015-05-01,75.24892486369228,101.13489106295111,39.336706547227145,100.26594658924334,72.5017006565474,3.8283821789880026,7.07080032030508,134.40044657933558,254.89156411420802,5.280403279260558,0.5414354819204994,0,2.1704838161456923,9.84894694847849,9.738426417395399
SYN053,2,2014-05-01,2015-05-01,219.1675390903733,306.8774765856643,184.0989769529859,142.97828648809357,513.6993108043713,12.436405724775447,17.932424664235786,140.01958404028252,77.66381370202102,2.4209504399182507,0.6935150130354913,0,2.3641333639086035,-15.202953869662029,-4.954079406156141
SYN054,2,2014-05-01,2015-05-01,149.07801117953744,84.88798390470956,47.82215800548094,68.35252344606717,162.33980874779394,11.752166965698244,1.8313370243656897,56.94198844823424,142.9306545267849,7.239239134472582,6.4172606185192915,0,5.023023521630353,15.395893109374954,18.136716648445216
SYN055,2,2014-05-01,2015-05-01,122.57594761788665,119.64174776040235,67.47744676988071,122.09442486770868,206.89232014683748,24.917615932342343,5.015399973726901,97.60621890794494,180.94108581803488,12.043760693803225,4.968221091612415,0,10.287281403378348,16.4859919177076,13.779464297632023
SYN056,2,2014-05-01,2015-05-01,452.1312361582489,374.7444102645474,159.19878683775968,612.118114836091,437.90335060401935,38.277448990165475,24.736161981780747,82.8839903760563,384.4992333138215,8.741072416405974,1.5474287813266452,0,4.629166326975548,13.701151083524529,3.656132208577127
SYN057,2,2014-05-01,2015-05-01,94.6823576884745,95.68515660198524,39.55023926474557,84.75613787916642,172.58123476191346,21.872889486183276,3.518072642197317,101.05911907771684,214.2999371301317,12.673967431255365,6.217293305382663,0,11.489822498186308,30.891459763997894,32.28448472159053
SYN058,2,2014-05-01,2015-05-01,294.52330339648205,544.5500069208719,325.66744586185456,363.73888326278546,515.9819269416545,22.061045017781815,12.338594754023733,184.89199348270526,111.69028034109387,4.275546073588815,1.7879706285505081,0,2.62921543880807,-32.010011058488395,-5.878250050805663
SYN059,2,2014-05-01,2015-05-01,165.404098090209,145.91949081744667,90.95948675211682,85.71076304794262,271.1145677350724,25.426830813523434,7.107193167288396,88.21999726866761,94.22960276977152,9.378629494513188,3.5776192112736003,0,8.167331907851512,32.22439842567795,22.083683437459666
SYN060,2,2014-05-01,2015-05-01,204.7495268979373,170.73520164938873,102.9576170569214,245.6694935426136,243.56692423228236,18.334166862179845,3.4262619086687085,83.38734855025874,238.61225673744192,7.527363134370046,5.3510698688249665,0,4.882799610282689,17.541126290987002,10.273877982707031
SYN061,2,2014-05-01,2015-05-01,161.50656727631736,803.213502495042,375.7614920343335,459.23430503378427,971.6631570700139,102.57972645060974,34.59649335433393,497.32559860605863,122.21430741812783,10.55712833240813,2.965032478869986,0,10.63310795171094,130.35280849246533,16.228911502053585
SYN062,2,2014-05-01,2015-05-01,296.6792450930631,221.25659208305063,68.96422911862939,227.38872354306696,456.3247435742225,39.30741052600406,7.184245197081914,74.57771170128409,329.71980757143297,8.613911710796941,5.471334767634307,0,7.589243243007794,24.581243983101317,11.109835757514753
SYN063,2,2014-05-01,2015-05-01,439.1508601350799,215.3931504270938,104.03958600561553,251.7786196281785,273.21127587514144,26.713633409570253,10.609158762029077,49.047643982944784,242.00271194330662,9.777646740238673,2.5179784758411023,0,4.081258552289936,61.55410408618941,28.57755874044111
SYN064,2,2014-05-01,2015-05-01,59.834572265004205,37.357803519725145,12.777544868171727,17.926814165109715,89.48397519431732,-1.2219075720236967,1.3195035140335407,62.435147617115696,140.29936384543308,-1.365504347979943,-0.9260358604794415,0,-1.2572051687779404,2.0364594356883168,5.451229044055157
SYN065,2,2014-05-01,2015-05-01,350.30410568446183,292.4020795221628,175.37478777064365,435.5079628017909,366.10368493404695,30.171098898029737,13.867772083866932,83.47092562641714,248.32985877727828,8.241134995258246,2.175626965569277,0,4.694384400288598,13.752753728265045,4.703370697889529
SYN066,2,2014-05-01,2015-05-01,123.87329820250389,77.29555765293684,48.449609082344324,90.4123911089583,100.60677685564428,12.669058636279088,4.4013480575256425,62.39888561502307,186.61118803929787,12.59264935448364,2.878449618320211,0,6.297723662246721,5.880851487354336,7.608265812324978
SYN067,2,2014-05-01,2015-05-01,193.37734076492632,121.93148141525892,58.93035787034039,72.16948383342829,245.92575770735658,21.974266252810363,2.9330635243976477,63.0536550626588,122.46571451715405,8.935325220776184,7.491916240485495,0,6.969125094842106,16.58767288465035,13.604093620545902
SYN068,2,2014-05-01,2015-05-01,184.74971609740706,89.88299498658145,46.03456047153944,86.57437535040553,186.6037887559054,17.51004988630984,2.925970348803805,48.65122225096775,188.06386867520882,9.383544676691727,5.984356571989288,0,6.375806369604272,9.231451016413429,10.270520044188096
SYN069,2,2014-05-01,2015-05-01,104.2462817817887,173.75074550948742,53.7986766316421,150.08827419341355,177.57639587650513,4.120569660136835,4.246723038024944,166.67332641483316,278.9813497106321,2.320448976226812,0.9702939474134435,0,1.4822351520397508,-13.067975568266363,-7.521104746887434
SYN070,2,2014-05-01,2015-05-01,101.18223878118417,98.24139167586796,33.97107865029969,79.19214373556187,71.45933580812716,-0.22716434395504514,6.7381307995841135,97.09351449351101,233.11636510212267,,,0,-0.11391044453178142,6.285634531696768,6.39815298264018
SYN071,2,2014-05-01,2015-05-01,172.2557468481034,73.38100888809501,44.558023974070586,107.6079285705783,236.2693900698593,13.27654612637587,1.9383678151386825,42.60003525618394,241.50067479024204,5.619240868421554,6.849343051760269,0,5.404950935207032,17.321009631197235,23.60421298869238
SYN072,2,2014-05-01,2015-05-01,98.41993153911221,139.2898146574363,79.7316430674334,44.653097175148645,109.29028031529582,1.7871858299243444,9.337758310395287,141.5260227061653,56.004235529654245,1.6352651166859689,0.19139345552933776,0,0.7518353195525367,-9.48698002161263,-6.810964638688423
SYN073,2,2014-05-01,2015-05-01,244.9877896251282,172.71334337164976,97.29419742374638,300.1638986336782,166.09241657058095,16.76398970821072,3.5815805512230474,70.49875572816495,308.5116138286967,10.093169847454694,4.6806122236971905,0,4.013393401147426,62.33475618343698,36.09145359968117
SYN074,2,2014-05-01,2015-05-01,52.614788228783425,51.187608568998,14.17656071251999,11.889562127634083,73.18940825510542,7.066126403566186,2.2747923130814605,97.2874932926088,83.86774739471083,9.654575125046566,3.106273202582757,0,6.8072863648146615,6.3632996188198625,12.43132819975853
SYN075,2,2014-05-01,2015-05-01,132.43639649109193,99.05065747846517,31.476417177350044,44.535773328820525,95.40520065007733,9.081036188606639,5.4315573368709265,74.79111490709249,141.48933494523575,9.518386971286432,1.6719028494759747,0,3.922913196606186,-1.6266110338111144,
SYN076,2,2014-05-01,2015-05-01,393.23000626089106,641.4738821079627,334.5800062886756,590.3304208048413,890.8069441196359,53.41572833919422,15.606488888850597,163.12943363797436,176.4392401545669,5.996330483479085,3.4226614788003245,0,5.162416894305943,118.8830615668159,18.53279843228401
SYN077,2,2014-05-01,2015-05-01,133.10737622287786,62.419938580002764,33.10042419963978,69.59759627556015,127.21060797278722,11.240663867169525,1.7845441637738793,46.89442490060466,210.26194666205382,8.836262986475246,6.29889923452398,0,5.748896965368607,18.218057406753736,29.186278969826134
SYN078,2,2014-05-01,2015-05-01,77.88741841137701,142.2323932324199,57.2795845928695,46.881823485047825,123.92288703355946,-6.960572585382243,7.954378520785494,182.61279694904357,81.8473524524896,-5.616857992904294,-0.8750617747437656,0,-3.1621745145984437,-7.358291531331907,-5.173428755647688
SYN079,2,2014-05-01,2015-05-01,141.93682849220372,121.0469432857854,45.768266308803085,48.85519651036935,120.65698626937288,0.4906193488009258,3.8311116646271146,85.28226575982303,106.7446955074471,0.4066232416128752,0.12806187648635875,0,0.18655879238628711,7.081580305637426,5.850276027968911
SYN080,2,2014-05-01,2015-05-01,74.20807236020687,73.33643925827084,35.60793142748513,39.35266616140027,149.8304100249758,-0.02310669355968816,1.9096383737280447,98.82542010024851,110.51657477363217,-0.015421898368853437,-0.0121000362569059,0,-0.015660828929670873,3.384287297935836,4.61474177389129
SYN081,2,2014-05-01,2015-05-01,258.9302070796236,260.78252684029036,75.25023351551663,82.98914560514335,501.00740370066654,16.634049251603884,14.219434974132044,100.7153741471721,110.28423664363906,3.320120447070701,1.1698108456394012,0,3.2006237611578583,7.598425478502987,2.9137019149892853
SYN082,2,2014-05-01,2015-05-01,162.44577821756363,100.4343143442888,39.33279754656867,39.74360715573143,117.48510928191159,3.4657066298781927,2.1210667095917857,61.82636166129053,101.04444543685554,2.949911398185834,1.6339451344013562,0,1.3183602440579465,11.254228993122952,11.205561631598796
SYN083,2,2014-05-01,2015-05-01,126.24554120734845,123.72565764903668,56.32957818444626,60.572593380991194,259.7248780678043,17.187576134219263,4.950224272481982,98.00398213337843,107.53248174991042,6.617608702749007,3.4720802913443802,0,6.875822579902082,25.190337473706023,20.359833160201557
SYN084,2,2014-05-01,2015-05-01,244.80914540486717,338.6987830836067,116.65988979241797,167.31756776453867,575.3040544299299,43.951117284131534,9.59608477519345,138.3521773761614,143.42338918908618,7.639632807330516,4.580109316848497,0,7.532222809376909,39.11070748537838,11.547342192760114
SYN085,2,2014-05-01,2015-05-01,141.42024277912412,413.47242472285876,111.53579873451322,243.42765094040612,259.1721121555239,14.84201084822203,17.821416004269903,292.37145729458035,218.25069054271341,5.7267005793106485,0.8328188312682884,0,2.6747534644921203,40.03028021754332,9.681487282827801
SYN086,2,2014-05-01,2015-05-01,91.41774503340656,102.60946924713129,47.75484849193869,41.92876349430866,189.90917842317617,18.99935625885379,6.588934194976731,112.2423980263733,87.80001364968521,10.004443395841232,2.883524967260792,0,9.79210897260176,18.873267597239067,18.39330008791242
SYN087,2,2014-05-01,2015-05-01,118.6700771325214,85.27376110835114,28.8557610097485,71.84592403858079,173.00744882845788,1.606408158487037,2.9721450032924164,71.85784586043887,248.98294664385628,0.9285196500873436,0.540487814930808,0,0.7876718278635866,-14.07049653970589,-16.500382247509332
SYN088,2,2014-05-01,2015-05-01,86.70121707765718,39.88496543715575,16.70059570680684,84.37458065568039,73.78583420863194,10.393182790039386,1.5940974087431565,46.002774564780665,505.21898821424037,14.085607219201874,6.5197915340905945,0,8.21036118126336,9.767090117473183,24.488149884102512
SYN089,2,2014-05-01,2015-05-01,69.35668938674533,89.6233809011512,27.885570871148254,22.325208195449978,108.64039867358568,7.479897524966346,3.2791488397530837,129.22096151590392,80.06007228114059,6.885005593029892,2.2810484947458423,0,4.704927800963368,6.92081437221774,7.722108118026647
SYN090,2,2014-05-01,2015-05-01,228.47879850803338,339.61000709302897,167.6752586065826,130.43736307020026,502.9621070157188,-6.062759364841027,13.85858470507306,148.63961527751476,77.79165760897747,-1.2054107616205672,-0.43747319757851605,1,-1.0672203544701726,-9.074038094278215,-2.6718995037718587
SYN091,2,2014-05-01,2015-05-01,93.84886270462815,56.1054946038579,20.07069182578361,108.83735879641603,57.54680595142613,9.779237343013637,2.330676608862084,59.7828178061566,542.2700908426048,16.993536272487574,4.195879130476277,0,6.521475946774787,0.9237075387102465,1.6463762510824225
SYN092,2,2014-05-01,2015-05-01,96.90885563151673,44.83875551034063,14.960156443907373,34.10052457267384,77.22695252388024,8.735593920728006,3.043725225240286,46.268997005633985,227.9422992702828,11.31158699811024,2.8700336838186096,0,6.162780346249114,6.989392533581472,15.587837918404293
SYN093,2,2014-05-01,2015-05-01,278.46142447848774,216.90959340184725,139.45325800536656,451.2893390962446,362.9384146796742,43.52525559092022,12.70424694952943,77.89574222285297,323.61333507093656,11.99246313712346,3.4260397931364523,0,8.786395251212387,37.4713106080156,
SYN094,2,2014-05-01,2015-05-01,58.434042304775396,82.841937649968,25.10227200656497,38.651053172684826,64.48048805836103,8.787595050604713,5.295411741257717,141.76999293988246,153.9743221752057,13.628301080244764,1.6594734234051391,0,6.220162163037019,9.21139179049911,11.119237492271123
SYN095,2,2014-05-01,2015-05-01,83.61429681883632,82.34986260759686,51.241183897889044,60.6860801598717,159.72771519647543,7.678442221053473,4.517611431112213,98.48777749817228,118.4322366181156,4.807207197328586,1.6996685833077678,0,4.626566511462428,15.026432848220956,18.247064867397548
SYN096,2,2014-05-01,2015-05-01,100.95609478367724,49.943967584342296,21.68247588963596,52.7152184586681,72.05401131143323,4.9173432339519,1.5839560783189053,49.47097814288408,243.1236115607329,6.824523915397388,3.104469436533119,0,3.2586754152290127,-9.44693600584493,-18.915069152028273
SYN097,2,2014-05-01,2015-05-01,447.49756949090084,410.93723544210013,205.54333605891287,147.79294247729638,354.81784936834794,11.065645964929093,26.007521884605982,91.83004857648861,71.90354370571077,3.118683568097919,0.42547867551652124,0,1.289049081111377,18.795429303822875,4.573795626867962
SYN098,2,2014-05-01,2015-05-01,131.10628532132992,89.09149137532577,53.21148198678358,138.56401524782214,220.10087489509738,31.33616631014546,3.2818650847608493,67.95363865048148,260.40247344029626,14.23718389355819,9.548279865510967,0,14.230918577036382,20.16044960577467,
SYN099,2,2014-05-01,2015-05-01,167.5578711051479,85.8790741801964,36.39149521049443,57.388771637827034,117.10823599409396,2.890800757884977,5.670561544385542,51.25338106396956,157.69830644737425,2.468486296754369,0.5097909149310225,1,1.140639047172159,14.904715962117638,
SYN100,2,2014-05-01,2015-05-01,154.91345834829508,95.57584776071084,46.32136957483596,114.98177482233909,236.6209390671903,35.88916504190639,2.873806261950107,61.696284351115395,248.22619857251115,15.16736649908882,12.488373178487238,0,14.327623641660946,30.302841389433606,
SYN101,2,2014-05-01,2015-05-01,62.53518299707396,44.72967476788111,12.18862366877743,13.601810097953937,83.28174358671872,6.91677555159114,2.9532588266719504,71.52721495989549,111.59430685186014,8.305272264609728,2.3420824104962406,0,6.448314663081526,11.66323050504643,26.07492803283562
SYN102,2,2014-05-01,2015-05-01,192.829900464204,301.1550391403056,193.85175920821942,262.21160418532355,352.89254479984646,38.170167440256776,9.074390648297122,156.1765257438436,135.263979680307,10.816371159641847,4.206361497939225,0,7.726990112454903,37.984217971285844,12.612844892025638
SYN103,2,2014-05-01,2015-05-01,268.9741308633587,117.27389956987487,29.33982647472945,76.56042706162424,277.1511072785064,42.19116826575016,7.081297355152851,43.60043815122543,260.9436941543133,15.223164244244808,5.958112779298681,0,10.923335510197061,31.313074852329223,26.700804669390287
SYN104,2,2014-05-01,2015-05-01,488.17864834839355,772.4708174860837,481.8371096973474,411.3458226503671,1224.5262261096607,-35.346522423595346,50.823834782174714,158.23527311149468,85.37030759393825,-2.8865467860081537,-0.695471378243822,0,-2.80383432361969,-121.94367083533828,-15.786184807885657
SYN105,2,2014-05-01,2015-05-01,129.42648912485006,144.6524685992091,63.784319772752305,139.57557349279705,280.00669651058877,22.20847735033225,7.0558237296656925,111.76419106885564,218.82427215665254,7.931409365237239,3.1475385725635885,0,8.102948703085627,24.686011936223753,17.0657384386724
SYN106,2,2014-05-01,2015-05-01,225.6974029992458,134.04566718070248,75.77277738343331,107.51999771976833,283.5529341589215,22.343346409676737,7.244344977726622,59.39176321898148,141.89792354539733,7.879779652413708,3.0842466059213534,0,6.210917808229161,46.27373553715864,34.52087375176295
SYN107,2,2014-05-01,2015-05-01,282.9633339911804,476.86653628672474,247.06939709045056,352.1045719125653,740.0615936353795,54.78780209578788,10.436119860513438,168.52591095833924,142.5124179922866,7.403140842190664,5.249824918462791,0,7.210535442065398,95.57296968250176,20.04186966582129
SYN108,2,2014-05-01,2015-05-01,156.8776068458613,176.348594048971,93.56348859882988,182.46508280379965,350.3657320172945,47.7627220897153,7.032479544498715,112.41157842383505,195.01739998831295,13.632247027902167,6.791732814506166,0,14.333423350701475,50.99201819475778,28.915466250100973
SYN109,2,2014-05-01,2015-05-01,651.9229536541426,1138.3521659289252,619.3682909057906,895.6113508057041,1744.3243935940225,146.12280245188657,47.493762734731845,174.61452454592393,144.60077533125306,8.377042881961524,3.0766735259118145,0,8.162030564660737,199.18585961761352,17.49773625239011
SYN110,2,2014-05-01,2015-05-01,586.1439134564623,433.6014413507348,147.35322455156913,237.7912426788412,798.828081921025,48.00924733126125,29.95418944437418,73.97525273167267,161.3749840917947,6.009959892222168,1.6027556819861826,0,4.70796430745579,-47.89017372977918,-11.044745049876672
SYN111,2,2014-05-01,2015-05-01,416.85773154907366,202.99196086945074,99.45911968804334,409.40087871878575,258.13641112900206,32.61332095962072,10.577845221954965,48.69574089824791,411.6272896873454,12.634142086728874,3.0831724491420784,0,5.2614886090158945,14.001854704562458,6.897738533383302
SYN112,2,2014-05-01,2015-05-01,62.30637794765085,35.54920065799256,12.130043613003267,12.346240247169336,52.489289677122066,6.0485555924305565,0.9543213821178472,57.05547622726619,101.78232363430506,11.523409117625903,6.338069863851833,0,6.181104520168593,0.7576903115222038,2.131384946771937
SYN113,2,2014-05-01,2015-05-01,126.49118906050441,80.79003923378905,21.675239759983654,34.519090560923075,128.99180959307802,4.438993122789162,3.850673595935149,63.8700923233039,159.25586495542004,3.441298433437411,1.1527835357104936,0,2.1415316569268756,6.052178845827148,7.4912438503878445
SYN114,2,2014-05-01,2015-05-01,259.0889445172391,271.5300423230885,101.07672283206986,424.84047568604126,206.04104832052573,24.029897094889165,6.313750436406393,104.80186363375361,420.3148497323924,11.66267464214572,3.8059624524162055,0,4.5286538346431575,16.13766057298917,5.943232076613928
SYN115,2,2014-05-01,2015-05-01,160.51703018734221,168.44991257938264,64.03172286931647,60.025411706574786,241.14731792128558,11.319729386806792,10.926785962840354,104.9420814618747,93.74324009535361,4.694113741087403,1.035961482663132,0,3.4409929738240517,-10.228077907621703,-6.071880804806998
SYN116,2,2014-05-01,2015-05-01,46.08261815975021,52.357487045430865,33.54759567859654,141.5189190665155,52.42408506888119,1.9289685112801254,2.0914626782379413,113.61656332964452,421.8451910006921,3.6795463549733105,0.9223059686177535,0,1.9595351988496252,-0.05518123960193044,-0.10539321635900782
SYN117,2,2014-05-01,2015-05-01,177.73919504004985,154.60770370485133,51.979926975304046,122.61241788977033,220.44069504151184,17.831234033883373,9.294344962928875,86.98571166028613,235.88416726330564,8.08890301789582,1.9185035744858254,0,5.365247607611965,32.8254393930241,21.231438412466435
SYN118,2,2014-05-01,2015-05-01,623.4143255250867,2804.973611285991,736.4593849424022,1726.3229826366794,1692.619488192416,30.540438116195816,134.78617582002883,449.93730436390433,234.40844368786117,1.8043298171410393,0.22658435058632767,0,0.8908104531660168,238.4254152862433,8.500094771905282
SYN119,2,2014-05-01,2015-05-01,479.5667301482738,341.2216672702563,206.18993841885728,513.9893258702342,573.7453282889355,89.66800708378969,17.49073695617416,71.15207244771888,249.27953798895305,15.628538074759415,5.126599714378372,0,10.924619227782147,109.51479132459434,32.094911264194664
SYN120,2,2014-05-01,2015-05-01,276.1306597408197,352.3797752279983,157.81628241726253,171.6098113537995,363.1813869369818,-2.8422979827928363,23.31771718490997,127.61341879193972,108.74024449522084,-0.7826111373064456,-0.12189435013099077,0,-0.45222765202519666,-23.945782566653122,-6.7954474830911105
SYN121,2,2014-05-01,2015-05-01,161.39143105566976,363.0022240306974,103.94135840950226,186.81580323010687,393.2651351121975,41.83674055787103,12.763352750778571,224.92038248640645,179.73192393166596,10.638303989479038,3.277880144409467,0,7.978117231601622,22.396177775345173,6.169708143014361
SYN122,2,2014-05-01,2015-05-01,152.95567906090784,76.3240215340302,25.805990541031395,82.95658734771364,110.3555238326733,7.846816994370644,2.1885410103267997,49.899436230568156,321.462519393755,7.11048864782554,3.585410077921699,0,3.422377547602172,2.412434817704238,3.1607805370012088
SYN123,2,2014-05-01,2015-05-01,187.45628134266323,572.4417119510975,366.22310101763094,307.28860404676084,808.1812067545317,9.51940153115833,16.94149402297438,305.3734491322246,83.90748786542747,1.1778795957636827,0.5618985857002375,0,1.2527209724421955,66.7947306579302,11.668389857592407
SYN124,2,2014-05-01,2015-05-01,108.10694265882623,168.8109477649218,54.65800574198323,150.78263935207804,188.08055353316226,16.711977312156485,10.409715983338106,156.15181006244052,275.8656070692692,8.885542390330023,1.6054210642159537,0,6.034993725607008,31.76221498043891,18.81525777858287
SYN125,2,2014-05-01,2015-05-01,109.81490506981346,376.0820346531909,151.81418591289625,244.76205039920168,201.0638211455399,4.933204797882096,11.222862046958888,342.4690249598644,161.22475572844985,2.45355169805074,0.439567445206089,0,1.0152780136245296,8.453267808068517,2.2477191222026365
SYN126,2,2014-05-01,2015-05-01,173.15854623871263,135.89628956144827,82.84153403718726,261.11438882160735,204.93890509829805,13.183763356114644,3.0131022813936292,78.48084458626984,315.19743309484596,6.433021270310344,4.375478203155072,0,4.265833059036632,14.97315656238919,11.018076071619875
SYN127,2,2014-05-01,2015-05-01,644.3136222521833,688.1560502206032,439.1186157110366,973.7253724829689,602.5578641676193,56.51317483864605,16.837823444498177,106.8045166909819,221.74540947353773,9.37887930758551,3.356323044063747,0,4.241235354630576,-0.7194388147523156,-0.10454588236515308
SYN128,2,2014-05-01,2015-05-01,229.3314783953447,349.8241661902905,224.50474821676562,490.65884928091776,461.5637968302075,25.71935266439392,22.831040388623563,,218.55165789508067,5.57222053398073,1.1265081322009998,0,4.440836052421656,15.338645297459788,4.384672867087225
SYN129,2,2014-05-01,2015-05-01,183.38090639732465,208.6316584528699,58.44297726118438,149.76470471119302,192.84109189281386,31.961637777682583,8.01781782747521,113.76956442828099,256.2578289635855,16.574080484592827,3.98632626300855,0,8.153217688289288,30.413437222193764,14.577575353485573
SYN130,2,2014-05-01,2015-05-01,329.1940339404709,283.88850059061633,74.80185026963167,150.7644700712445,624.4915604125213,98.24071095038454,7.46552913958416,86.23743790021197,201.55179253961904,15.731311226286156,13.159242849845292,0,16.024059635873236,79.53802313529633,28.017345883972514
SYN131,2,2014-05-01,2015-05-01,496.8263645614564,4509.32032169787,2690.9657770444323,7178.1653436077895,1867.9295583226105,57.41024260428553,117.77782553513376,907.6250061081604,266.7505252144746,3.073469358011529,0.48744525842141434,1,1.1467950542053211,-98.18557833411724,-2.1773919644091273
SYN132,2,2014-05-01,2015-05-01,349.52093715777977,345.6800296643206,198.90568348543445,355.15652084433765,528.3607361497313,78.30474944680115,20.80718673047806,98.9010937299801,178.5552401625292,14.820319544829026,3.763351118106779,0,11.263613427459326,101.62685937251756,29.39911208385521
SYN133,2,2014-05-01,2015-05-01,74.51529617303719,46.83928366792391,16.736369637719495,51.865544757886056,73.3205334563997,12.599511203795496,2.4224188420197947,62.858615711806515,309.89722311697983,17.18415102815344,5.201210866280299,0,10.382394484252298,7.03740897719417,15.024587111722784
SYN134,2,2014-05-01,2015-05-01,515.7035945980956,603.1244997667317,204.25778389421328,594.2996950840266,623.7589704286659,-5.473036303459404,25.398263478792167,116.9517734769264,290.9557147608235,-0.8774280712465217,-0.21548860251920177,0,-0.4891758019864986,31.680285732640073,5.252694219003364
SYN135,2,2014-05-01,2015-05-01,284.7835626250092,273.80658846217773,71.62479675568659,85.34125551728856,578.1034308651888,13.888448677185577,8.227894443148111,96.14550289993896,119.15043306634298,2.40241588886614,1.6879711781853701,0,2.486339698284049,36.36013088450773,13.279494510604277
SYN136,2,2014-05-01,2015-05-01,64.20608593411694,53.07383956090393,26.597472595676546,28.98484933236654,54.52456811335311,6.762388472131743,1.5594095189378854,82.66169598838961,108.97595336587757,12.40246132362418,4.336505831218479,0,5.766023847294173,10.883508183438956,20.506351666812765
SYN137,2,2014-05-01,2015-05-01,121.72334594085451,162.39713150299517,70.7110550986079,76.97500708264025,288.9617766599763,6.869130338614317,6.070427060717631,133.41494209492407,108.85851862243769,2.3771761158214635,1.1315728316818396,0,2.417682245367849,5.604302135421571,3.450985915547535
SYN138,2,2014-05-01,2015-05-01,33.56521882648527,14.123797206394606,8.593700166284595,21.80183893168462,33.420562683541945,3.57629610814083,0.9641790831805132,42.07866863436015,253.69559688874318,10.700885386056017,3.709161680155716,0,7.499202973018151,2.4029770872084546,17.01367594063512
SYN139,2,2014-05-01,2015-05-01,87.52666558235885,24.97630236311643,10.29605352109404,29.010118381315387,100.09123158228877,10.48412391882281,0.7285444626157282,28.535649332619442,281.75959188519084,10.474567804876513,14.390506629041083,0,9.318975410412245,13.308143933706788,53.283083061003815
SYN140,2,2014-05-01,2015-05-01,144.65368404758843,237.15589193554683,110.88092030549022,125.23548802973632,192.31690583787173,2.7189360362699335,8.311990908030193,163.9473570942907,112.9459312609397,1.4137790042036498,0.3271100830540101,0,0.7121183457143124,23.404453179674324,9.868805277684217
SYN141,2,2014-05-01,2015-05-01,188.66109231857763,127.62325485433246,57.40233873808559,130.96941490831654,280.0071119471633,30.278025692657312,5.993006579785126,67.64683342277314,228.16041608670605,10.813305948589871,5.052226339077857,0,9.573039564966065,31.404208979929937,24.606964471932873
SYN142,2,2014-05-01,2015-05-01,116.66880943909786,67.93063664471251,27.470592279606684,42.78385889212539,149.12147745805154,22.154962618607556,3.25184066059642,58.225190581183476,155.74421714921232,14.856989748401489,6.8130529539980955,0,12.001640897962899,37.318543240383136,54.93624833161031
SYN143,2,2014-05-01,2015-05-01,175.60977117269096,103.71727429916211,42.55192036159431,108.46964046600034,152.57827416586676,5.660989449236791,3.738555642531984,59.06122057249806,254.91126967773886,3.710219872511318,1.5142183213308587,0,2.0266528218468665,15.558497285918865,15.000873664537245
SYN144,2,2014-05-01,2015-05-01,106.63170290958539,56.60726528772445,25.636026153483513,32.82457716798635,174.39089732011172,14.44386771124694,2.581806366364014,53.08671224703463,128.0408163553306,8.282466535356942,5.59448140628315,0,8.848296378465452,13.447258871177612,23.75535861488386
SYN145,2,2014-05-01,2015-05-01,204.9712000569855,156.4505167711344,98.93121763016003,176.25025599295898,327.30008575695416,38.79242190295,9.311832670920596,76.32804839296374,178.15433815021356,11.852249232759565,4.165927725923672,0,10.733284718858878,28.578329170738606,18.26668889342486
SYN146,2,2014-05-01,2015-05-01,151.2739416863071,167.95921624472572,108.14935054437845,146.53904990079656,309.97987860427685,17.768383848583525,9.758104370835158,111.02984054783107,135.49693009082392,5.732108783508108,1.8208847921005378,0,5.565958111538718,-0.8231445396359369,-0.4900859613661036
SYN147,2,2014-05-01,2015-05-01,231.5265589697582,213.65280067427474,86.66051106737895,97.10420071887174,172.11979513035632,-1.3601842370503412,11.603982641096541,92.28003976087334,112.05126709138926,-0.7902543899847165,-0.11721701756370499,0,-0.30553623109075617,-6.028679601068699,-2.8217180313305357
SYN148,2,2014-05-01,2015-05-01,293.9412045332017,188.58335555639147,96.8597506516661,217.42771961631513,405.8095396585807,47.287458225286784,12.485357848184346,64.15682886510398,224.47685251456417,11.652623608866142,3.7874331517188713,0,9.800010639148947,55.37217019429311,29.362172515662632
SYN149,2,2014-05-01,2015-05-01,255.9433822544955,188.97656122276277,109.75996095339082,76.86799793370994,348.3938225162646,26.826317276826266,4.088606223764533,73.83529886889407,70.03282186511679,7.699997974439944,6.561237695354842,0,6.02947062052692,15.872102765494292,8.39897956804521
SYN150,2,2014-05-01,2015-05-01,128.33644062659175,116.0887626654533,32.266145750574466,100.516723643138,152.91843826643404,8.571587640227614,3.2938466331896445,,311.5238008907475,5.6053329718768765,2.6023032019335983,0,3.5068346163902238,16.47132865795037,14.188564232885954
SYN151,2,2014-05-01,2015-05-01,45.05252640505003,526.35252507093,250.93304046653586,506.05678901749366,261.2536626727227,33.9329733169167,13.599711642975494,1168.3085657365712,201.67005033559172,12.988515823958098,2.49512447085183,0,5.938514759235224,41.605177783063596,7.904432068119551
SYN152,2,2014-05-01,2015-05-01,215.17464204783965,605.3385080257237,367.9669829711756,603.8039139300754,436.4795935926778,8.025694099131645,18.611180892775906,281.3242779282231,164.09187287800054,1.8387329481023142,0.43122970784980597,0,0.9781310754632145,-3.1813973460831058,-0.5255567428642608
SYN153,2,2014-05-01,2015-05-01,55.84279912390399,55.835933833984434,27.546643029483942,39.768342816495625,115.8974212334774,12.332658991868966,3.19151522930327,99.98770604262813,144.36729286370922,10.64101242341243,3.8642018307276795,0,11.042978967642243,10.796234780538754,19.33563932617107
SYN154,2,2014-05-01,2015-05-01,262.2521644363052,278.71190450689227,138.6592270910068,129.7551826427146,268.29221446968523,15.048394375537343,18.943626381757205,106.276302849956,93.57846957963484,5.608956788135828,0.7943777010947076,1,2.781773363420457,7.531640448765382,2.7023031047384385
SYN155,2,2014-05-01,2015-05-01,348.79350939823337,606.0298945560414,289.0771542751546,439.0513464528422,376.52338468760394,51.10968513605514,23.771433928084555,173.7503360087213,151.88033366169657,13.574106473748003,2.150046366183743,0,5.35278931416963,31.354015548156358,5.173674736149003
SYN156,2,2014-05-01,2015-05-01,306.58483117802484,225.66361654434473,89.56467580919526,97.21862668410549,228.8959788743631,4.770353062193015,14.907534790800199,73.60560392934394,108.54572498114756,2.0840702775348343,0.3199961045965102,0,0.8962643447071766,25.528443259605154,11.312609294546428
SYN157,2,2014-05-01,2015-05-01,360.7523632455348,131.05951203153558,45.59123688494162,104.62083556382623,315.10392952603564,26.92317296098833,7.678924952028607,36.329495073143576,229.475756114837,8.544219997981266,3.5061122656076757,0,5.474282813081875,24.91393436773746,19.009634616785895
SYN158,2,2014-05-01,2015-05-01,324.5278842615806,493.8634937355842,251.60561584733463,232.9568639168027,329.82454318867,25.60094010062349,10.52776610613722,152.17906309015754,92.58810187215879,7.761987586830052,2.431754262255055,0,3.128202567734307,40.590835487766824,8.219039471967788
SYN159,2,2014-05-01,2015-05-01,82.71314193228858,205.84971211477855,96.17168421251097,100.8824160850389,108.68863594443867,2.9398775409909756,5.360377769701401,248.87183258410522,104.89825244415873,2.704861934686376,0.5484459617021994,1,1.0187997172052699,11.607913514927622,5.639023438835432
SYN160,2,2014-05-01,2015-05-01,61.0728939942737,65.37060212697051,36.36081259951483,52.914891217194906,52.78646305605557,-1.1000560651961921,1.7601866414698113,107.03701405258407,145.52725154965586,-2.0839738097777243,,0,-0.8699981406250977,-8.460241609732336,-12.941966777818346
SYN161,2,2014-05-01,2015-05-01,32.16005826635575,41.405361948255816,12.88431047454008,9.16662219959352,55.988151002397046,-1.2834917890940198,2.629745788540071,128.74778274755815,71.14561712640455,-2.2924346779000957,-0.48806686740871746,0,-1.7446944302767575,-4.635305691170607,-11.194940638276119
SYN162,2,2014-05-01,2015-05-01,162.21647194446027,186.62023897343894,108.63270660569118,111.60675656491317,352.49263552176717,11.830269777426984,6.250174481037357,115.04395129326574,102.73771136902354,3.3561750190654522,1.8927903234252565,0,3.3913488480893594,19.804125187945886,10.611992191674636
SYN163,2,2014-05-01,2015-05-01,208.35049086952029,157.66660916205817,51.005208536307315,162.62535662939632,389.0297539936748,37.95740165088348,6.4704037744332075,75.67374019809583,318.8406856794514,9.75694050679235,5.866311125878457,0,10.370390248873255,10.050984066128596,6.374833656629006
SYN164,2,2014-05-01,2015-05-01,191.83683316414377,218.48594185896346,62.411940610986534,42.84372648496317,176.55686769485249,-5.396836640753779,7.060611197340185,113.89154952949914,68.6466821341256,-3.0567129510256508,-0.7643582814454974,0,-1.315266168310998,-11.373499441405857,-5.2055978268604814
SYN165,2,2014-05-01,2015-05-01,144.07089991305847,100.84774094713798,48.89881808480498,67.54101123697431,184.5326213981176,-7.606252881604678,4.026076240043442,69.99868884555862,138.12401583988853,-4.1219014957765445,-1.8892471051473694,0,-3.105624322791523,-11.176695249606428,-11.08274230502098
SYN166,2,2014-05-01,2015-05-01,299.2907327010811,359.4084967566815,180.6453588421375,140.1852557858718,594.1612580925696,58.649384771070835,12.42700309931459,120.08674425467208,77.60246744472244,9.870954050311596,4.719511559010204,0,8.903818639555821,-0.26846472592776394,-0.07469626576733766
SYN167,2,2014-05-01,2015-05-01,185.72554003959334,231.54323678780148,101.97348871158368,217.20885580870333,158.6443979314915,9.264522759144594,6.36551070746889,124.66957249845154,213.00522180136952,5.839804543962123,1.4554248959591232,0,2.220277018948127,3.680013318679075,1.589341744432654
SYN168,2,2014-05-01,2015-05-01,48.75244694318294,91.89313830498544,27.86776358521861,42.278149244203775,141.42930333599293,12.239712286045169,4.125990246724002,188.48928426521752,151.7098747982368,8.654297233556573,2.966490843201432,1,8.702521493616926,8.230644860313546,8.956756741724003
SYN169,2,2014-05-01,2015-05-01,56.3589696635668,106.63444365598059,45.32091663071114,57.307671893603185,171.8871890302319,-6.4540034081913005,6.010710151342629,189.20580750949094,126.44861612258163,-3.754790246209772,-1.0737505628598065,0,-3.959671300053257,-7.935232376311902,-7.4415283694940095
SYN170,2,2014-05-01,2015-05-01,357.4620702186238,408.3798829231931,241.03332120636742,440.4233250747725,436.10780316070753,5.303612374838773,28.381507843845718,114.24425608944412,182.72300396910342,1.2161241638880673,0.1868685907746376,0,0.6925204806397779,18.72106120526884,
SYN171,2,2014-05-01,2015-05-01,215.42602236797643,1035.3579586704188,275.5462087718891,318.2434290530987,1337.4060530962165,48.44169995212372,28.324837890749205,480.6095137856137,115.49548457643867,3.6220637584207713,1.7102198479993636,0,3.8729069676690004,101.26946027417978,9.781106082791649
SYN172,2,2014-05-01,2015-05-01,53.928615557537384,24.668977428733623,8.506641656131336,21.381434307644,59.259057201106366,11.808049366747916,0.8883680564368409,45.743761774143564,251.3498883808382,19.926151249209312,13.291843714089485,0,15.023423642007053,15.526915179139621,62.9410571394596
SYN173,2,2014-05-01,2015-05-01,371.78373288399155,269.343012366437,99.84454209910419,102.13610465824097,380.5209980089452,26.230810551575455,9.080557257660189,72.446153110868,102.29513052086733,6.893393712522227,2.888678503673068,0,4.091361145966469,-8.409598861950219,-3.12226361028037
SYN174,2,2014-05-01,2015-05-01,111.92681185707534,73.98881019837707,20.629503931942324,41.10810965879478,86.20017435736017,5.08865301952756,4.710054127880737,66.10463477942791,199.2685320714076,5.903297826790379,1.080381006537853,0,2.7370766174828414,9.214531492976683,12.453952791335468
SYN175,2,2014-05-01,2015-05-01,346.50128741785267,305.4998850614853,160.55845521586832,209.68373187625235,588.5292152100134,53.314504999018965,9.605730063194862,88.16702741224654,130.59650554954322,9.058939407110653,5.550281409978179,0,8.177056614220813,42.56337076457865,13.932368830846626
SYN176,2,2014-05-01,2015-05-01,110.14452110038947,251.2441776910783,113.63359348001295,153.29696650068524,245.8220455413214,-3.5545200920968814,9.016759724095001,228.10410829430708,134.90461914121258,-1.4459728720707374,-0.3942125775624617,0,-0.9835725643839093,5.1723810332377465,2.0587068248791573
SYN177,2,2014-05-01,2015-05-01,338.4568189930639,472.0433511086334,221.14772022992707,197.80300352022493,446.07431106891244,10.01920394206299,21.720748440816593,139.46929848037928,89.44383569252685,2.2460840477574955,0.46127342109608804,0,1.2361754274284527,45.14104751423646,9.562902942752807
SYN178,2,2014-05-01,2015-05-01,258.77208333144347,136.80737140941272,60.69147472506774,123.61186317256663,354.9788555274364,42.032428775059344,3.4351816320752753,52.86790199628509,203.6725318218549,11.840826043739005,12.235867932743501,0,10.625533826723826,49.8798950926225,36.459946988785305
SYN179,2,2014-05-01,2015-05-01,109.43218681539885,188.42164829231683,89.02753836667783,129.95329535407706,243.22436258171314,4.3750507187232355,13.125549156928356,172.18119620524928,145.96977265488152,1.7987715836868121,0.33332325119622547,0,1.468858279814005,22.31444792953676,11.842825987233796
SYN180,2,2014-05-01,2015-05-01,108.32664390804422,1247.3100148966678,620.4722784556651,716.6869483048872,1299.947344028799,32.399336721870064,49.03145530367044,1151.4341900552906,115.50668308481036,2.4923576228447826,0.6607867647657745,1,2.3899720114117535,113.54895599811081,9.103507118678724
SYN181,2,2014-05-01,2015-05-01,386.4855010960529,567.1928878051184,153.50280295753467,221.19657806506092,591.4794169764465,63.884303010539554,28.113807388393248,146.75657591205587,144.09937395491937,10.800765196041219,2.2723461866255126,0,6.698726085651063,88.57523488343914,15.616421994676468
SYN182,2,2014-05-01,2015-05-01,193.17439045394116,368.2940980747667,189.50990315835801,255.88908553196114,324.16967450151657,19.128290592519043,12.939011083969106,190.65368717318643,135.02676180364855,5.900703272733043,1.4783425463031092,0,3.4068324373186996,-3.942280719844259,-1.070416479778599
SYN183,2,2014-05-01,2015-05-01,69.70393597036164,62.29900720723605,37.19849017838033,51.862979076472904,59.04331466078318,-0.11039310618214992,1.4656094679471685,89.37659881032516,139.42226909686656,-0.18696969642775407,-0.07532232057478037,0,-0.08362927638183511,2.047006647388051,3.2857773167696487
SYN184,2,2014-05-01,2015-05-01,75.3985936060444,390.9015757044976,127.59236286791514,67.6708854901909,456.9456927167217,48.8778241783481,20.23938902152528,518.4467733535557,53.03678368292658,10.696637468612568,2.4149851621689207,1,10.482051561468966,57.5833735645823,14.730913647713846
SYN185,2,2014-05-01,2015-05-01,105.62507069686819,89.46984059697598,29.972863962578433,45.17204850625778,175.12952692500252,9.578493059558532,4.699202319278152,84.7051178348975,150.70981726222678,5.46937642540451,2.038323189504616,0,4.909658071568964,0.503617989037787,0.5628913449241228
SYN186,2,2014-05-01,2015-05-01,132.2890408500031,110.62574579052496,31.057287009447844,42.418266815790396,102.64069914093278,7.753337779131396,6.751922395555046,83.6242708237327,136.58072195065353,7.553862984200377,1.1483155944202803,0,3.1917932565402025,28.48046841803439,25.74488263515393
SYN187,2,2014-05-01,2015-05-01,63.348954310261234,235.39758835289373,70.88465762030621,86.07162992848036,115.73316555405091,5.8311431200659865,8.900756511347698,,121.42490747366404,5.038437419516245,0.6551289334374871,0,1.9518696578325803,-9.424028261554334,-4.003451491366345
SYN188,2,2014-05-01,2015-05-01,496.44513456577414,320.3754583416074,108.57756311104629,320.57468165151033,497.57575785658287,77.26009824310574,16.271662918017594,64.53391040317683,295.2494718670806,15.527303535831535,4.74813782908173,0,9.458637418543413,90.51948691609455,28.254188814792474
SYN189,2,2014-05-01,2015-05-01,76.79015647247084,96.27666425919936,37.563813100466994,62.139128822640906,86.8629031673723,7.974403151894429,5.549366408700813,125.37630951919523,165.42284633470393,9.180447418996465,1.4369934447636072,0,4.607701879644664,17.467969967566624,18.143513905445197
SYN190,2,2014-05-01,2015-05-01,71.64816667343332,80.87330765675175,31.838323023253672,34.11588845134149,95.46084485214843,4.339754181770048,4.528328240025036,112.8756134478163,107.15353452009504,4.546109128293954,0.9583568044851039,1,2.845339779744825,-3.9918441462170113,-4.9359229415464005
SYN191,2,2014-05-01,2015-05-01,40.6082695850006,140.83614688495672,40.20961576865307,61.2506574825243,139.58061175872425,13.464804401824543,9.042662756141693,346.8164202125399,152.32838292942498,9.646615122377803,1.4890309154435037,0,7.420897630131252,8.396491117601064,5.96188642143115
SYN192,2,2014-05-01,2015-05-01,131.75670867483512,168.14139327611053,95.26461809894224,170.2259817502703,191.85966336809085,22.345700087549858,4.308167285206391,127.61505274928342,178.68751814390615,11.646898412762608,5.186822750426077,0,7.451097536857684,8.373215197680262,4.979865477818617
SYN193,2,2014-05-01,2015-05-01,119.5317175996184,132.16729079664805,55.19102314536377,51.65784543384585,148.2479430710015,17.382559277974636,7.033431422290129,110.57089570096664,93.5982746646821,11.725329146489052,2.4714194586281706,0,6.90608969369006,15.406422058615549,11.656758616865194
SYN194,2,2014-05-01,2015-05-01,248.0265714398855,254.96184584418108,125.2785180368078,215.2692139609926,375.6587903231435,1.7284070326036423,6.378507811007483,102.79618202357666,171.8325035563917,0.46010024978168573,0.270973569965832,0,0.34362760119533947,-4.299388270689328,-1.6862869251883603
SYN195,2,2014-05-01,2015-05-01,105.64179661020552,62.772560545972944,25.90080657966175,50.18113385291413,155.63851132707526,11.880779153066968,2.943915080397314,59.42019405216061,193.7435179810893,7.63357285530664,4.035707154794534,0,7.0544930691683065,17.798884747122255,28.354562235973834
SYN196,2,2014-05-01,2015-05-01,143.3752402596784,111.95981871347294,46.62045791392622,148.47140365128737,215.29677113727396,13.762560902712947,2.761352495301,78.08867033854209,318.468351223416,6.3923675352928955,4.9839927811218345,0,5.390000479393661,25.486056087852127,22.763573914920247
SYN197,2,2014-05-01,2015-05-01,132.4770143668545,139.98901513695827,42.756158280973644,59.74992943051824,247.72598669330117,16.685034035095892,5.309060360771832,105.67041822764936,139.7457859470662,6.735278061785626,3.1427470967141575,0,6.123711666177603,15.052107753843611,10.752349203340977
SYN198,2,2014-05-01,2015-05-01,147.6701245356313,100.22026056007454,43.036740103814395,44.488984932356544,266.9961780378349,12.655025644445692,5.0049369234144905,67.86766170559598,103.37443037051366,4.739777826577128,2.528508518307584,0,5.105089348084164,16.350364329156868,16.31443007410268
SYN199,2,2014-05-01,2015-05-01,112.0694972216488,68.47490876470822,29.61297167253815,52.627297533614986,165.13750438008017,12.004492202616843,2.874492996914208,61.10039793368566,177.71704277291215,7.269391800294696,4.176212019129553,0,6.649052423991454,14.37837008862678,20.998012772873313
SYN000,3,2015-05-01,2016-05-01,314.9989533943954,268.92784329215135,102.24815018124661,171.17435051504137,240.99904442880919,21.167669060686947,15.219466772318805,85.37420216613843,167.4107064153387,8.783299996419634,1.390828560379444,0,3.6250552604883794,0.2757945781621167,0.10255337446130695
SYN001,3,2015-05-01,2016-05-01,162.72118319198069,104.42299638234768,27.662888249186757,34.717867182491545,186.85583075671872,20.935957742080568,3.3468462781874546,64.17295789887909,125.50340683790382,11.204337406702937,6.255428544336615,0,7.836950734034425,13.75642606469841,13.173751511907279
SYN002,3,2015-05-01,2016-05-01,77.62792558585132,29.975567919326366,8.234965214021914,11.292926337910258,60.09213301351813,6.458694982500228,1.3526614927850362,38.614413167817276,137.13386813925413,10.747987562776814,4.774805091259176,0,6.002309750463119,5.015940335209312,16.73342886683174
SYN003,3,2015-05-01,2016-05-01,474.11248811539116,286.4032917640716,74.69051953357399,108.72382805378993,508.00995242545264,-7.666650789005311,15.248551477377935,60.40829949502738,145.565767560256,-1.5091536597662119,-0.5027789557833876,0,-1.0080856955026534,17.0177646091498,5.941888622973092
SYN004,3,2015-05-01,2016-05-01,24.303895109105497,22.13153171267625,11.148285580185332,12.683952371128504,29.78587020432508,1.6174700407608922,1.243022057246322,91.06166568495695,113.77491435698978,5.430326626905217,1.3012400152770323,1,3.4832673057334227,0.8771460177215453,3.9633317255630507
SYN005,3,2015-05-01,2016-05-01,76.39080876581927,51.62592671437503,18.76868189162845,26.30786312840827,118.46321897245848,12.390847766475442,3.4533859263387927,67.58133281798008,140.16894356413266,10.459658174033065,3.588028685693973,0,9.679084316591132,16.383601527392695,31.735220208319767
SYN006,3,2015-05-01,2016-05-01,277.95600542941133,147.47838372925926,62.72890643456638,167.5798883251525,462.1799362260479,30.97196180483577,6.6570227769173105,53.05817498039715,267.14938590545654,6.701277874097865,4.652524535777247,0,7.280079512633011,31.764244219967832,21.538237277051135
SYN007,3,2015-05-01,2016-05-01,69.14747086011064,79.79953862028734,47.83143767053672,53.59057351581428,74.29973563147803,-1.3026017349423007,3.3563240212359124,115.40485519958705,112.04048242276664,-1.753171426346821,-0.3881036892447108,0,-0.8745403747859256,1.4942113031233542,1.8724560679896995
SYN008,3,2015-05-01,2016-05-01,60.162415780381096,39.39854932674365,16.253410873410857,48.78661129058366,54.688670242625825,1.8639159405276664,2.066928873931271,65.48698022793074,300.16229621312436,3.408230502329676,0.901780397011206,0,1.8721352675942287,6.0149117765116085,15.266835655871978
SYN009,3,2015-05-01,2016-05-01,54.11876813822518,31.11828192370045,17.786165658583812,19.87521197830138,34.41014804945394,0.4415699789282444,1.293885770670594,57.49998197339045,111.74534388028354,1.283255097576518,0.3412743141145975,1,0.5180493442786196,4.877723413223901,15.674783798101998
SYN010,3,2015-05-01,2016-05-01,102.19208542988156,78.03913773644054,34.1314512675564,27.419958695398318,173.29890550815287,14.937395856932358,5.197319343922268,76.3651484438945,80.33633987741482,8.619440390077724,2.8740577340894227,0,8.287906831297338,20.348361579891964,26.074559727471534
SYN011,3,2015-05-01,2016-05-01,155.5578273395549,628.2534156913457,261.3803213218206,293.72163814880895,514.2868366745065,18.479466319755957,37.89058670771332,403.87129753360523,112.37327916020449,3.5932217202462953,0.4877059957478601,1,2.3576424150664335,35.75842960304979,5.691720683078232
SYN012,3,2015-05-01,2016-05-01,56.95741491254734,35.60952279917198,12.971096804686558,12.905752461960208,37.197646080439824,1.7545231173439162,1.535530863229589,62.51955580120163,99.49623116911177,4.716758457107108,1.142616641161959,0,1.8954101331600894,-2.844889899779415,-7.989126717097054
SYN013,3,2015-05-01,2016-05-01,195.8489590770305,155.81011413265202,90.28240521260959,103.06800351103836,356.48804146326677,19.32545268855075,7.754217630560387,79.55626359564639,114.1617829834279,5.421066190390593,2.492250489899408,0,5.495508053343367,12.154569388207758,7.800886005294704
SYN014,3,2015-05-01,2016-05-01,207.72939552784092,301.44708565923156,120.9677246673254,377.68521960068205,365.98936626148105,-3.5202095482997326,8.739121387673524,145.1152760028275,312.21982610597837,-0.9618338325667963,-0.40281046482143684,0,-0.6913535244386908,-10.21086026791735,-3.3872811361195696
SYN015,3,2015-05-01,2016-05-01,231.34052255862616,107.42372873666316,57.75317327093372,214.74362291296333,352.6848936776673,30.357964252514183,5.42996177090404,46.435327260679074,371.8299978176965,8.607673534285121,5.590824674896349,0,8.961383657348241,11.086520192624445,10.320364339429853
SYN016,3,2015-05-01,2016-05-01,67.62441333595255,88.08696425986317,25.07965007709835,32.5393971924136,77.72164565958126,3.1544557849617525,5.848648631116867,130.25911784587962,129.74422327418026,4.0586579944256265,0.5393478021878316,0,2.0258351275716406,6.059297776980819,6.878767849355593
SYN017,3,2015-05-01,2016-05-01,195.09956419133493,142.94417465708645,47.24319013527537,82.95001543233019,236.3944568943245,20.56695069650612,8.36870678569403,73.26729572645304,175.5808936585622,8.70026775022909,2.457602019426048,0,6.084109342350023,29.94885159092199,20.951432027759992
SYN018,3,2015-05-01,2016-05-01,75.26261198085909,41.732405304152856,25.98945876539919,92.4379476993142,60.23038192304467,6.103807992390574,2.0259952450417633,55.44905259834233,355.6747700432321,10.134101424409538,3.0127454678526413,0,5.217152092487039,8.142608218834985,19.511475936961393
SYN019,3,2015-05-01,2016-05-01,137.08736467288907,154.39249358416524,100.25985931706592,261.80530111821747,229.16995672174937,13.764872280536126,10.36284999775089,112.62343101610334,261.1267389576855,,1.3282902177995046,0,4.722409418902959,-6.059558742042773,-3.9247754870540232
SYN020,3,2015-05-01,2016-05-01,169.91923381297067,101.60857274380525,43.37946831078481,58.2657619884588,286.75819242199424,16.716250848370077,5.207899415517763,59.798158491960564,134.316450287089,5.829389112542037,3.2097875774177504,0,6.156367946380011,22.726496814752238,22.366711982122393
SYN021,3,2015-05-01,2016-05-01,504.391290901775,1075.3765823023778,664.1513530323712,1340.7485385876375,1422.1572197106427,103.5328528507045,64.61965376594857,213.2028450332217,201.87394521837084,7.279986447051871,1.6021882943802046,0,6.55367504345526,101.59036522837351,9.446957177630638
SYN022,3,2015-05-01,2016-05-01,327.7349272301071,580.2564323182086,281.3282993560903,565.8408001699953,560.0451154124618,28.563473874566238,38.47451959601038,177.05053203279817,201.13184541516182,5.100209445364027,0.7423997537717958,0,3.1457869696882654,83.64864948927065,14.415807362114396
SYN023,3,2015-05-01,2016-05-01,248.87526524366015,226.41256018740603,139.07480944847234,339.4234063784714,361.4212587564721,47.712805430312635,6.908479339136166,90.97431195733247,244.05814951285544,13.201438563541117,6.906412118803359,0,10.03871819923835,33.51915332745069,14.804458418608156
SYN024,3,2015-05-01,2016-05-01,425.19442971179956,888.1313577018814,515.7239887536205,1818.1830131341194,629.444027106085,66.82641781309633,51.26969627648233,208.87652698175384,,10.616737141876726,1.3034291729118346,0,5.0883351605161815,-2.7202121143647986,-0.30628488576324886
SYN025,3,2015-05-01,2016-05-01,78.18849625583773,88.71991763177786,56.819857783784535,55.377298385013,116.36377672367185,4.905482394076261,4.454155826575619,113.4692721822922,97.46117034600671,4.215643847419349,1.1013270718567618,0,2.9390264276187223,8.124223218406197,9.157158206711689
SYN026,3,2015-05-01,2016-05-01,88.58179090582509,70.39757587852186,32.78491539954392,84.6540905586879,123.02906860687514,10.131443121487546,4.559777115179762,79.47183632058692,258.21048957126646,8.23499944867613,2.2219163054613755,0,6.3728037961244945,7.694418274236859,10.929947769102668
SYN027,3,2015-05-01,2016-05-01,154.95537350930945,96.57757234498747,60.545372504198156,97.52325946865672,264.99082395646684,15.166367355586363,6.170906766048374,62.32605566220345,161.07467083779946,,2.457721033646139,0,6.02957489488142,24.21568267560999,25.07381588461187
SYN028,3,2015-05-01,2016-05-01,314.59828129590943,152.6977290261177,57.81255850037222,161.97438957825977,431.04845605926215,67.39668711743231,9.882038754629038,48.537369116295665,280.171633603133,15.635524537910968,6.820119692999758,0,14.422696883499457,57.871902467469816,37.899648433914365
SYN029,3,2015-05-01,2016-05-01,231.41357426993451,386.4907227755754,227.85790194685913,225.24610901216082,583.5557965478106,30.07719928016974,7.7962101276240094,167.01298702761045,98.85376240526105,5.154125699393258,3.857925682838943,0,4.867614519591938,15.011224226438616,3.883980479178338
SYN030,3,2015-05-01,2016-05-01,179.1186799599049,72.04374009554179,34.65860434202153,70.07383536413246,178.99365935058026,12.681420343084651,2.032832003743429,40.22123215270933,202.18308467537463,7.084843334168943,6.238302191096957,0,5.049091476457782,0.1470083837998981,0.2040543475462836
SYN031,3,2015-05-01,2016-05-01,442.97104118007303,317.28220690092456,187.73512041232186,294.32721314053555,515.3234062344895,31.243963434183456,18.39017525757202,71.62594783976986,156.7779180017601,6.062981625943534,1.6989486503843394,0,4.109678388490715,15.303599760739262,4.823340051186043
SYN032,3,2015-05-01,2016-05-01,213.36483181393717,126.68207174670115,65.75616678876091,97.03216721003446,204.18767415052048,21.75274290999814,3.0769596795269067,59.373454692464534,147.56360041750375,10.653308531230309,7.069557347382173,0,6.396983087399035,13.572219768600744,10.713607364851269
SYN033,3,2015-05-01,2016-05-01,165.15313557918424,258.5609717839161,95.43425533542907,169.6941683739465,164.6263945821835,13.1870927611766,15.862613310714911,156.55831836141348,177.81263947364727,8.010314989066618,0.8313316666598028,0,3.1122619077386457,17.53386442870968,6.781326782513424
SYN034,3,2015-05-01,2016-05-01,116.0096161742766,234.4432610441709,127.6186375218079,268.91870809653915,198.96086679503813,9.350147165985094,4.894347992852417,202.0895066939763,210.72056034964754,4.699490566462629,1.9103968862941119,0,2.668018376735105,-10.721517640026528,-4.5731822669053015
SYN035,3,2015-05-01,2016-05-01,284.7258722650163,294.84197250078785,125.93558158786436,178.80222050171093,291.0849156847719,5.356384121875616,13.029057010016148,103.55292624280935,141.9791120565572,1.840144862633923,0.41111065196490204,1,0.9242031231115075,-20.07287003953678,-6.808009683724099
SYN036,3,2015-05-01,2016-05-01,76.36298298105577,40.77809596473181,10.198386374227628,36.55316444242602,87.1327490070631,4.564268798787841,2.4610189182290507,53.40034447691507,358.42105899026956,5.238293122621273,1.8546256450853655,0,3.896386169449717,-1.9830283662143797,-4.862974396669875
SYN037,3,2015-05-01,2016-05-01,236.29908487615506,373.3098274961756,236.5082236532356,549.3755802250772,519.7627017730484,16.223466002608287,23.817572303900587,157.9819184199669,232.28603713609658,3.121321700704137,0.6811553165706725,0,2.661290816676821,-20.437611547573244,-5.474704934678586
SYN038,3,2015-05-01,2016-05-01,249.54977564514584,333.31431581033985,212.55116527127996,433.5759157003842,557.9484449586835,6.629057409146137,13.255914303070575,,203.9866095991567,1.188112892695135,0.5000830012616024,1,1.1373247222337095,3.3033424404885623,0.991059274624198
SYN039,3,2015-05-01,2016-05-01,182.55567208702467,215.80990167487812,57.30569117747916,76.31400000752977,282.00263260766985,11.37639221427853,14.944454130002354,118.21593884631594,133.1700193113119,4.034143975565538,0.7612450823104596,0,2.855766904466005,9.057738146790781,4.197091086411986
SYN040,3,2015-05-01,2016-05-01,354.18851714846164,216.72185907046907,57.32022580286365,98.39811981196235,607.0055972509874,33.94511657506368,10.834040248533856,61.188279285640405,171.6638733252277,5.592224639903592,3.1331909238252447,0,5.945787287993961,42.57901777471197,19.646849633597423
SYN041,3,2015-05-01,2016-05-01,531.7767380182132,385.8290440844559,118.04432528707477,171.08302892843497,630.3371374013044,37.25664497316509,25.683210951829103,72.55470510469026,144.93117607506684,5.910590184605549,,0,4.060201635586089,-3.445724110985765,-0.8930701728694935
SYN042,3,2015-05-01,2016-05-01,79.93108747420906,73.64593105405103,37.636241810978014,83.388388911614,135.37187060418603,10.337790565377434,2.8477953679479717,92.13678104631565,221.5640693627669,7.636586921077653,3.6301030199464464,0,6.731339535332332,8.212786754843993,11.151718278660057
SYN043,3,2015-05-01,2016-05-01,237.5557049075527,891.3821139218909,348.35127898643213,352.30521784006373,470.9430256987477,-36.36997048765757,35.60799131078317,375.23077556431724,101.13504358736273,-7.722796283838094,-1.0213991058979968,0,-3.2216097185377603,12.954135667318042,1.4532640340204508
SYN044,3,2015-05-01,2016-05-01,90.40139844138108,72.6791109740138,31.65543539944793,61.39612962351614,83.37869691461323,6.815552990841337,2.543240413317747,80.39600296796411,,8.174213849637198,2.6798697264920412,0,4.17925662316943,8.342381911661548,11.478376386090279
SYN045,3,2015-05-01,2016-05-01,198.68658499453008,986.7093631160152,293.0718365807582,472.2807942243282,917.3479740891759,46.46729223437075,53.77003596587402,496.61599606394145,161.14847463147063,5.0653943265648556,0.8641856268026663,0,3.9199806873337986,30.798581840737768,3.1213428180590337
SYN046,3,2015-05-01,2016-05-01,118.14320712960111,107.8267041298192,40.01142891548407,41.055129893580194,111.99339636991321,-1.7277453555285975,2.6386964870723397,91.26779841987457,102.60850713505067,-1.5427207420532811,-0.6547722953334236,0,-0.7645908899548549,-8.87302988789181,-8.228972553226725
SYN047,3,2015-05-01,2016-05-01,104.13198163528632,79.11086555057796,50.71129960864059,77.48184245159449,171.46151962738534,10.802378361525754,3.2450984174921182,75.97172771344853,152.79009421874986,6.300176497327876,3.3288291976901165,0,5.895115977197648,15.218651858755582,19.237119645753136
SYN048,3,2015-05-01,2016-05-01,125.38946788150716,173.27771213172696,73.82901535382828,42.16582169764936,200.97719944862735,6.8075888365878505,10.768613982927493,138.19160018724548,57.11280516957744,3.3872443517295445,0.6321694553617176,0,2.279322701706362,1.6639632799441095,0.9602869633222956
SYN049,3,2015-05-01,2016-05-01,231.08592331113041,747.9708080965974,414.1990644028618,255.8296574642726,441.7623347749747,0.27280153413239033,25.499926948664992,323.6764911420162,61.7649047163094,0.061753008950242494,0.010698130025296893,1,0.02786371058806216,34.882848479507146,
SYN050,3,2015-05-01,2016-05-01,170.52845225807943,512.7549187043807,253.8776041459155,429.29478260582874,633.7194694710422,52.39950905393134,20.83195707092026,300.6858456255572,169.09517641386464,8.268565442319227,2.5153425996195455,1,7.668781545220744,67.80813134460844,13.224277109997253
SYN051,3,2015-05-01,2016-05-01,138.05244553846902,88.24786420946175,55.46440307794977,96.55037234511116,217.9803626754486,27.78111312378045,3.5625516037504,63.923434217520644,174.07628494517303,12.744777916139082,7.798094235192124,0,12.276215244568164,40.54979736246116,45.949890941511875
SYN052,3,2015-05-01,2016-05-01,357.61403110802115,226.26307034611625,65.58798751266384,105.14434734569357,236.6301013509504,28.320714587880474,5.875637463861596,63.27018815371119,160.31037287947296,11.968348247409786,4.820024169644308,0,4.8504581730210266,34.84266626330966,15.39918388361414
SYN053,3,2015-05-01,2016-05-01,344.4168833651495,459.02126917597394,126.76194604682085,108.61146128826452,448.3690163056441,20.888027813239756,14.675906701213771,133.2749035677561,85.68144042861866,4.65866887621887,1.4232870403511226,0,2.5998302105986455,-2.565346764051327,-0.5588731800285829
SYN054,3,2015-05-01,2016-05-01,171.55839975085397,172.29470363598872,97.75802302908679,123.78028153229894,304.34447058196776,28.032502149144435,11.873504968775457,100.42918556375209,126.61905150789468,,2.360928994670349,0,8.152464489351205,34.32055346422508,19.919679908869956
SYN055,3,2015-05-01,2016-05-01,53.64533254139477,84.45139983870851,27.317810600871944,52.80043023115204,131.3626920706794,-0.20544636176834213,3.22325865480458,157.4254382215687,193.28207154883316,-0.1563962785246531,-0.0637387140687901,0,-0.14876989355755565,-1.067002054251689,-1.2634509981948527
SYN056,3,2015-05-01,2016-05-01,28.02381780583169,20.93435378105984,6.436784642688457,12.768981462517063,22.316260436433513,1.4693406286149329,0.5988326962275755,74.70200500912281,198.37515423203334,,2.4536746872227173,0,3.001216305652122,-0.724714108198599,-3.4618413148930216
SYN057,3,2015-05-01,2016-05-01,121.13706083782337,87.61500705168255,38.62277097990866,89.34397696083879,220.50347099724024,20.22801707887576,2.501422498604003,72.32716927892143,231.32461678452592,9.173559485205985,8.086605557503635,0,9.68997207231624,16.78527878210792,19.15799512771434
SYN058,3,2015-05-01,2016-05-01,239.34981710743338,333.7376865308644,150.90333068513672,93.67255362463136,595.3336046294132,41.014370045650686,17.245630227395534,139.43511240748703,,6.889308738279868,,0,7.1567378079729975,39.98000488798719,11.979469655815992
SYN059,3,2015-05-01,2016-05-01,70.69806864240368,30.723505981263813,11.224455314758682,26.294904301587813,54.50944134346521,0.828557951147014,1.2683318729565547,43.45734837066863,234.26441251909546,1.5200264958252863,0.6532658910601984,0,0.8169444757897337,5.615446205174841,18.277361342157114
SYN060,3,2015-05-01,2016-05-01,360.3933951705021,279.3864380930998,144.03551863573333,293.20200743723444,556.7469964690836,39.13179571521969,6.05737830995291,77.52262994745563,203.5622950605288,7.028649631411652,6.460186851945838,0,6.116447202720224,68.42741593222402,24.492032039658987
SYN061,3,2015-05-01,2016-05-01,80.76645457758704,42.14355217614565,23.89612382060929,38.22441597612603,115.44450388148795,7.448075678827497,2.2578783795412756,52.17952477493128,159.9607378296193,6.4516502981150845,3.298705433523259,0,6.059779732785105,12.320445880507364,29.2344741824612
SYN062,3,2015-05-01,2016-05-01,400.0262041808711,603.8814483041701,162.78338797885218,318.96339116675944,490.0860751686535,38.328645624605336,30.969969954601154,150.96047258722237,195.94345290822747,7.820798746713072,1.237606806877477,0,3.8179453587915004,106.65030277195791,17.660801316459555
SYN063,3,2015-05-01,2016-05-01,375.90334200215585,872.334999415032,503.8649326579909,1070.6718644771547,1110.9102913304237,100.65185635778926,57.631342718413315,232.0636456086706,212.49183959461934,9.060304611747616,1.7464777256635184,0,8.063512633614037,144.304635361823,16.5423415842068
SYN064,3,2015-05-01,2016-05-01,271.98684226728045,153.99751286311093,90.00175642828029,152.23542922570513,447.0241694218333,25.821867785611758,5.609984810952832,56.61947158156208,169.1471758631922,5.776391871385597,4.602840944452757,0,6.061693927164962,9.391146828133373,6.0982457791258
SYN065,3,2015-05-01,2016-05-01,88.37697600821485,91.96968186415015,48.338207812472,118.93678694894342,141.54204436330872,6.847000868124918,4.987005810343075,104.06520568841522,246.0512963375856,4.837432509134956,1.372968295710465,0,3.79657762938456,13.728052040792651,14.92671472004282
SYN066,3,2015-05-01,2016-05-01,470.4204723407781,424.2761041506537,224.04653606185985,273.864273751264,796.4154718780045,58.303127227294546,9.501732230356103,90.19082482517962,122.23544204925773,7.320692438308815,6.136052439051893,0,6.51652512809776,17.18645016169802,4.0507702398425405
SYN067,3,2015-05-01,2016-05-01,136.91501479665027,290.7558462599089,93.76576392016968,155.39339566542108,245.27565721501426,16.62671973137246,13.857880056073583,212.36227939773224,165.72508895434368,6.778789187708545,1.1998025429643808,0,3.8877373338684373,19.014300866576605,6.5396108491588425
SYN068,3,2015-05-01,2016-05-01,137.20848928620438,322.1328136015843,204.8862607896113,341.74374730156455,414.9585262502398,18.56910597292189,20.050436179491697,234.7761536311683,166.79681008600485,4.474930576971404,0.9261198014193345,0,4.042550899773558,9.063835302012615,2.813695134213436
SYN069,3,2015-05-01,2016-05-01,155.18635787122577,94.8323556413183,60.62037285214549,67.80562243597332,90.33768060747404,7.22692547755364,2.5061952982698483,61.108693407194046,111.85286273535931,7.999901512808736,2.8836242261497924,0,2.8905538213606743,21.649564553062692,22.82930167309902
SYN070,3,2015-05-01,2016-05-01,56.94539491245856,28.725483905727437,11.931865736043301,27.9087872823918,38.53190788582184,4.051786908203731,1.9690694113937026,50.44391025804064,233.90128501099417,10.51540691992213,2.057716647650265,0,4.729479800017678,3.7696336601992373,13.122959642979689
SYN071,3,2015-05-01,2016-05-01,255.43806953303013,556.7751246200401,259.9405424538874,249.22429491444373,413.6575138235306,22.773323201323105,25.253704399466173,217.96873333637714,95.87742356837441,5.505357074460969,0.9017814907900997,0,2.8038602875775536,32.91717681135023,5.912113410924006
SYN072,3,2015-05-01,2016-05-01,360.8714247531179,703.7301596505002,399.02429121698424,366.17284291070996,735.1570655987001,-6.852146538905378,18.473450753577286,195.0085574472796,91.76705553286476,-0.9320656577414652,-0.37091860261020787,1,-0.6436348244534974,6.85336892440675,0.9738631818494747
SYN073,3,2015-05-01,2016-05-01,289.9642793989673,113.29005455793029,63.83649226093546,90.04529405563662,342.0460247524684,53.5223643084435,5.406764076442668,39.070348524568566,141.05614338515207,15.647708330239045,9.899149204908172,0,13.272607335241764,69.75163737522827,61.56907386743391
SYN074,3,2015-05-01,2016-05-01,124.4145580303835,511.77069177918116,268.0593168484542,275.2504051637705,272.19430362320054,10.560080378431651,16.129912595139338,411.3430935101668,102.68264815409557,3.879611085855053,0.6546892499351716,0,1.6599065101859403,-22.757832635951473,-4.446880800624476
SYN075,3,2015-05-01,2016-05-01,95.64280416493524,81.3375172384019,28.735729909277016,34.86277971430751,125.06976040677817,10.139123883489313,4.450827529168673,85.04300762463636,121.32206080852828,8.106774851501052,2.2780311789306973,0,5.728955514993279,5.200396347078537,6.3936010387876365
SYN076,3,2015-05-01,2016-05-01,104.36646779051503,63.12372098880694,16.15104891073527,37.95747513899474,138.89126363723295,4.518032700368124,2.0131514951395886,60.482760723021904,235.0155420169967,3.2529279250915843,2.244258671677787,0,2.6974909594978693,8.820994532550277,13.974135862672625
SYN077,3,2015-05-01,2016-05-01,440.60047594034603,353.06754190146074,215.26914789996565,523.8759413194322,555.1941073295549,92.47437279086601,24.083310119834916,80.13326384814513,243.3585799126563,16.65622375490643,3.839770045343746,0,11.651518104802596,78.88851181375139,22.343745162439415
SYN078,3,2015-05-01,2016-05-01,324.92228006061913,282.7272080543344,101.99465053783457,142.0591937321997,499.2535305636332,-0.38454358068171174,16.605487692715222,87.0137954225815,139.28102403714138,-0.07702370782387469,-0.023157620408246718,0,-0.06328378254289993,-43.966165386982325,-15.550737295341213
SYN079,3,2015-05-01,2016-05-01,134.1397075260687,143.26063087352796,48.91639852990287,46.73585059039566,263.3077840318504,17.726823428017454,9.01237608581796,106.79957002715747,95.54229664276238,6.732358290582541,1.9669422646390342,0,6.3903395108631305,39.844484249544266,27.81258466236925
SYN080,3,2015-05-01,2016-05-01,104.51954651692714,262.14758538838254,115.52929880698933,177.54688735827298,165.96228579511373,-0.6331759278752958,12.544900005740612,250.81201949716387,153.6812645724564,-0.38151796044613034,-0.05047277599546837,0,-0.17268412485873177,-32.99059438926011,-12.5847408971489
SYN081,3,2015-05-01,2016-05-01,63.133734710727424,39.95678868644103,17.50016932365207,21.059971358057684,103.92649690973394,5.833213803617357,2.629243939831028,63.28912564656458,120.34152909363237,5.6128263504194065,2.218589806464377,1,5.658341437596752,4.368966552982455,10.934228441799236
SYN082,3,2015-05-01,2016-05-01,121.89144405281021,102.5867013022836,57.440479968146995,142.98255513161257,217.82326572237818,25.964454424110528,2.728911981853413,84.16234798058285,248.92298116398405,11.919963800929763,9.514581121255542,0,11.56658452565095,34.75570290802333,33.87934543836401
SYN083,3,2015-05-01,2016-05-01,103.54356995150376,97.23045265487559,31.844138536027558,31.6243602492779,101.54067486451684,8.708055513060893,3.035106275042648,93.90293641644284,99.30983126925852,8.575928340716498,2.869110576017155,0,4.337242139205018,9.217942991574134,9.480510210410815
SYN084,3,2015-05-01,2016-05-01,390.9790115512589,506.22151043270344,290.92148115751746,585.7761940835696,640.7686391249783,46.868290595199724,17.140190264564357,129.47536708535972,201.3519908371445,7.314385838108772,2.7344090043209888,0,5.2238367507367,-9.141371082109139,-1.805804552693812
SYN085,3,2015-05-01,2016-05-01,48.10199275564941,23.51319064969128,13.443162623105765,35.19557856739268,56.057206721831925,6.563970894928859,1.2802204649302782,48.88194709340755,261.8102566645993,11.709414861679985,5.127219158526995,0,9.165613467435946,6.3190240452830135,26.874379319362937
SYN086,3,2015-05-01,2016-05-01,149.66867377410043,266.41059231929324,93.96582583214685,203.60408519694832,346.653024462069,41.97821901799037,8.356391288204764,178.00023585522982,216.67886531498232,12.109578182140929,5.023486523093238,0,10.088995640693108,28.856592938376444,10.831623730557906
SYN087,3,2015-05-01,2016-05-01,462.6311728521848,269.72364458281896,122.80831534257045,136.5191937993478,499.72374198188555,-14.71966791675668,10.75718989094551,58.30209039307395,111.16445447405677,-2.9455610530688476,-1.3683562404291523,0,-2.009909345351312,-27.162193284213906,-10.070379008197675
SYN088,3,2015-05-01,2016-05-01,155.23692621973348,91.73920262031452,55.665687765550985,102.35583616122962,136.6345263603808,5.004335432222104,4.747459902267072,59.09625039242292,183.8759930395993,3.6625701903652845,1.054107993588817,1,2.026242558633316,2.675481115305545,2.916398920948429
SYN089,3,2015-05-01,2016-05-01,120.61547815760306,434.2452117605094,190.38362838074136,239.67379845014273,592.3881440511616,22.55634624674277,10.750475479909996,360.0244499243288,125.88992051923064,3.807697110966267,2.0981719635466405,0,4.065226940130086,34.8435321766515,8.023930082127897
SYN090,3,2015-05-01,2016-05-01,44.805460154523324,209.84477134082357,78.82385844936482,180.27370746285652,146.5026230369374,2.0461533396012905,7.5013770115749825,468.3464261211002,228.70449507196028,1.396666692503791,0.27277036422032624,0,0.803515208914577,-5.487507907119899,-2.615031993438261
SYN091,3,2015-05-01,2016-05-01,297.627743453711,99.67983702063272,44.50738312782206,247.9175879639051,218.81000871814368,35.86974780928628,4.903064938651388,33.49144668569366,557.0257573937863,16.393101951515973,7.315780691893595,0,9.02820624928967,12.471928602102452,12.51198735359177
SYN092,3,2015-05-01,2016-05-01,136.64107522673933,52.66142880003577,30.96098035685646,69.13402696523474,138.34831387375945,13.395684375224093,2.8641208029964305,38.53996956087363,223.29405002165788,9.682578703089533,4.677066819671009,0,7.076337655485739,9.148011545151682,17.371369812027336
SYN093,3,2015-05-01,2016-05-01,90.15612917336993,49.8407951448801,16.363026012218064,33.782637544449614,115.56801180382627,12.141336469242184,1.3315248768327934,55.282758478945354,206.45715235815518,10.505793324412114,9.118369983534926,0,8.672573721435276,16.264848877976817,32.633606327301194
SYN094,3,2015-05-01,2016-05-01,278.64469370043946,206.0404641060628,100.61236381675495,112.09404496860888,448.537812672443,24.07761702247848,11.224399602094516,73.94379608303944,111.4117994213569,5.368023908401635,2.1451140262313455,0,4.967681934277598,36.573248493960065,17.750517429980825
SYN095,3,2015-05-01,2016-05-01,143.37255354980232,143.72495229752244,81.30466178958443,123.95291176963877,256.186814277503,10.041748270782971,6.359711310081112,100.24579233541914,152.4548642615691,3.9196975453645684,1.5789629090341364,1,3.497678686252001,3.1300561181177313,2.177809815263155
SYN096,3,2015-05-01,2016-05-01,54.87571852487238,33.999728346947364,18.190593783782685,25.55831600761122,56.809502565324436,5.991994757933202,2.0252408224619844,61.9576914178117,140.50292316679085,10.547521959100226,2.9586578995820516,0,6.7420136481284105,7.57693523477639,22.285281686542294
SYN097,3,2015-05-01,2016-05-01,204.04648647728047,137.22360615960363,35.344994350451216,36.44399718333179,173.43105034958938,1.6833949751025616,7.124249356572519,67.25114875961502,103.10935919803462,0.9706422072110499,0.2362908554779228,0,0.4932735130979427,8.681038590158218,6.326199138114308
SYN098,3,2015-05-01,2016-05-01,296.6508313784877,171.74833226023503,55.80129342614228,128.3125516949978,214.3119188972236,9.45780546412611,9.724501825777109,57.89578659265803,229.9454794266199,4.413102879575139,0.9725748047119436,0,2.019176420097312,17.619476118036857,10.258892116250436
SYN099,3,2015-05-01,2016-05-01,95.73207151842618,51.06765140674088,24.13571254427897,38.852592895181104,112.42163216861653,8.272052878106315,1.186353380470804,,160.97553707562102,7.358061538992253,6.97267189884312,0,5.634924040233437,3.941269349752077,7.717741547111434
SYN100,3,2015-05-01,2016-05-01,546.1703769734845,263.8732587987917,123.62339695618914,478.8206562131623,321.7389967440813,29.79827431214137,13.775895905057574,48.313359699404245,387.3220345035911,9.261629648159689,2.1630734231376896,1,3.6786011266828123,42.836362843249404,16.23368849054649
SYN101,3,2015-05-01,2016-05-01,69.8614925711383,106.64732585064458,26.908707235623407,38.99919623568803,175.1080801644346,5.700749333056151,3.1271735641036837,152.65537841472272,144.9315119236144,3.2555604102922513,1.8229718358117772,0,3.2297249418064338,4.614510247414096,4.326887908916289
SYN102,3,2015-05-01,2016-05-01,641.6251812678519,708.1965203701859,323.820515814426,201.88193352500954,1329.1657650719305,-9.691150324494306,41.101681186920665,110.3754249437014,,-0.7291152525260722,-0.23578476706150436,1,-0.7179578097413819,-18.897101991902485,-2.668341547629274
SYN103,3,2015-05-01,2016-05-01,116.6504064395567,238.95565882426658,91.05366507638196,143.52791360564208,365.4218392559918,6.73570725077484,6.080480694150601,,157.63002344303348,1.8432689366593173,1.1077590061678124,0,1.8941485842705283,13.347541149588125,5.585781569376521
SYN104,3,2015-05-01,2016-05-01,674.0339004754088,504.23672593108125,181.02732181480937,141.61030678073547,1041.8797793395595,61.57406405286004,27.3275942907474,74.80880792129796,78.22593040712526,5.909901053256972,2.2531827499249664,0,5.2257998012434275,57.71226511902546,11.445470381487748
SYN105,3,2015-05-01,2016-05-01,173.13031503354952,114.61740119860094,29.247073986689006,37.10214486594895,201.57961290578837,29.6039118405746,7.9345065917145865,66.20296461448139,126.85762987037596,14.685965219315353,3.7310337446171835,0,10.288148322501582,33.623648580972244,29.335553091726062
SYN106,3,2015-05-01,2016-05-01,134.64218397484342,125.54317458426456,61.64787040526882,84.20073734676393,200.95492816404303,23.33593640671701,3.2554547063567165,93.24208125420863,136.58336742734846,11.612522579027013,7.168257128919788,0,8.96896602328053,27.169265224393545,21.64137183432265
SYN107,3,2015-05-01,2016-05-01,79.10676037078476,70.36817690240389,19.902216313198725,22.361310043073384,76.19121341957651,2.998393025408996,1.4649857752415443,88.95343024107943,112.35587881860093,3.935352766856698,2.046704531936241,0,2.005950348672144,0.572318993532607,0.8133207633421801
SYN108,3,2015-05-01,2016-05-01,109.99011494012014,131.38156362936795,71.84096070996085,59.70719784392267,138.61854073832313,26.744492524736962,7.4438688914947475,119.44851926092954,83.1102441474508,19.293589719158724,3.592821544089098,0,11.080211515800324,21.28057736672981,16.197536989864933
SYN109,3,2015-05-01,2016-05-01,54.85615773340295,219.09993897297852,63.65570676869246,86.00959964715244,164.73460576930344,-1.6396739463278027,6.0972986165707015,399.4081029841513,135.11687170435158,-0.9953427445742785,-0.26891809790513477,0,-0.5985170492793084,-1.9718917440446737,-0.8999964825585214
SYN110,3,2015-05-01,2016-05-01,94.20123434758062,47.80890815277239,14.116435032004132,17.27586009566192,104.86248454188231,5.452816559343326,1.7928566387458154,50.751891399181304,122.38118233459711,5.199968876538929,3.041412481902523,1,3.8397374041996826,15.522433573113732,32.46765963261933
SYN111,3,2015-05-01,2016-05-01,364.75818344414506,262.64854873714415,161.524064174972,1025.6198268912485,603.9201523410932,71.90756301738892,9.227322551489804,72.00621141852001,634.9641040360643,11.906799721559157,7.792895784896891,0,11.461076097699765,97.30603188372952,37.04799906627786
SYN112,3,2015-05-01,2016-05-01,88.15475812661838,1417.7699290563853,723.6785930524997,1897.005252287253,1587.004620667743,128.3581368141444,28.526024037628538,1608.2738574587377,262.13366962889194,8.088075809138907,4.499685502782575,0,,163.47691920313704,11.530567537988421
SYN113,3,2015-05-01,2016-05-01,373.3501446320734,181.68658504476159,82.1453689419174,120.59546634422331,511.08019235848275,93.11701930223255,11.138239438870082,48.663858219154804,146.8073829329233,18.219649419893432,8.36012009018894,0,16.776731038403366,95.47724212464276,52.55051830112846
SYN114,3,2015-05-01,2016-05-01,135.608893092318,130.43896355772554,61.826728055622716,105.32604344228959,246.30436582223822,6.810017253613668,7.939712926145456,96.18761762838596,170.35681291032012,2.764878824165287,0.857715803702209,0,2.559696341614017,13.654811665964093,10.468353391907456
SYN115,3,2015-05-01,2016-05-01,166.22080656621185,272.4859732239429,101.97333567896366,66.18220260334256,449.85610244921605,-3.292077777937037,14.249814002630659,163.93012334193057,64.90147857053523,-0.7318068511271729,-0.23102601741533513,1,-0.7504050380784465,-8.323094138276213,-3.0545037015303054
SYN116,3,2015-05-01,2016-05-01,164.3050127508301,111.02895320219231,44.64607486109192,97.61256617348532,167.65200896400677,26.246384805665198,3.7389868465413696,67.57490312883432,218.636389597941,15.655276049391116,,0,9.532563378011766,33.24019293318669,29.938310660872148
SYN117,3,2015-05-01,2016-05-01,89.24755633115971,186.42434923734788,100.55213129223284,109.58334551871772,206.40117082594617,-11.431958030335972,11.840648726723686,208.88454194264597,108.98162387054495,,-0.9654840958616295,0,-4.146943449591022,-12.739731126013691,-6.833727020172663
SYN118,3,2015-05-01,2016-05-01,311.2759212508572,211.254669333769,82.59863963829335,121.39706739912306,543.99722853049,37.478962171349046,8.649799147050803,67.86733406324701,146.97223577861743,6.8895502046199155,4.332928607264564,0,7.172587183731428,44.20926841653075,20.927001782234175
SYN119,3,2015-05-01,2016-05-01,111.24284093318344,169.3366470722518,81.96563707457034,90.59044199250462,278.66754246513074,17.08581310315047,6.792473522872944,152.22251216504048,110.5224643225644,6.131253375261094,2.5154037105357543,0,6.089473334137489,7.453870881058117,4.401806112221966
SYN120,3,2015-05-01,2016-05-01,93.20839962215423,66.27462634965285,34.82242602719892,28.01823169915946,101.3780301588773,7.380594738246861,4.00408747379656,71.10370590881851,80.46030933420641,7.280270416262937,1.843265110102301,0,4.627824618496755,9.728878508980781,14.679642941558043
SYN121,3,2015-05-01,2016-05-01,391.46677214772063,243.8881809542889,94.17226814381975,77.36673155281375,610.3136148433573,-2.901945617798406,8.532071699305034,62.30111935586127,82.15447400572256,,-0.3401220383596612,0,-0.4567439985523311,9.187788258554713,3.7672134100982726
SYN122,3,2015-05-01,2016-05-01,106.66970978191978,149.889050709669,75.58466942671419,217.6507220358218,152.608472776229,23.587643192204567,6.57676429459125,140.51697620262465,287.95617376729126,15.456312983874305,3.586511867485218,0,9.19385607687245,29.940530484877982,19.9751284987934
SYN123,3,2015-05-01,2016-05-01,66.89704622204407,113.04902845042541,44.30711035776987,44.659746131759285,124.17683399107234,-2.4685701158676623,7.592068062611332,168.98956655753395,100.79588980446243,-1.9879473783694142,-0.3251512098560645,1,,-10.97445269980275,-9.707693069308684
SYN124,3,2015-05-01,2016-05-01,105.22342294005557,109.2962344451856,27.73080854416878,47.97495057657939,233.48781811407488,19.126291950701347,3.249634841949719,103.87063202406014,173.0023504369386,8.191558816724578,5.885674200620626,0,8.915869148697057,9.936226646773676,9.09109695975565
SYN125,3,2015-05-01,2016-05-01,242.15540363027372,267.73727107902175,86.00560132022534,99.32092894627186,531.1600199562544,25.44208249139977,5.36403135451152,110.56423563762664,115.48193073666152,4.789909167767398,4.743089816207212,0,4.98969366561405,59.42785448286257,22.196332338549396
SYN126,3,2015-05-01,2016-05-01,113.09168396518214,126.29783078459585,77.37478623965184,101.58229564694734,261.5702328037379,5.213946540789461,7.63931835095425,111.67738100308023,131.2860436632651,1.993325649062523,0.6825146303973798,0,2.1780179245692284,15.849989784353395,12.54969280619392
SYN127,3,2015-05-01,2016-05-01,183.21434999559548,1507.7628633012241,585.6611189972139,454.6245337789962,1374.320441589888,88.30677820660816,37.5529462535732,822.9502019560538,77.62586913015801,6.4254867739906505,2.3515272972278622,0,5.222233482049148,91.89742740863785,6.094952306188906
SYN128,3,2015-05-01,2016-05-01,242.16553217536898,185.3953287632583,85.03323807574006,146.57849702360397,213.253069862888,-1.2129703439954533,5.373586140223202,76.55727348886322,172.37788462559178,-0.5687938489116888,-0.22572827760514327,0,-0.28369536475640245,-12.849107017490214,-6.9306530553949175
SYN129,3,2015-05-01,2016-05-01,298.82845289105114,100.15576596738111,57.44940197156349,108.91625175289235,264.50919537735064,10.801419939336835,3.461003366776345,33.516141116554444,189.5863977954098,,3.120892641430024,0,2.707229867447314,-2.9085065465824282,-2.903983129168694
SYN130,3,2015-05-01,2016-05-01,451.27088399395234,255.50106726994076,144.9601691359907,321.44266420416204,701.8063102197307,60.08767974541597,5.92260676734317,56.61811482465703,221.74550852145376,8.561860853973077,10.145478520832269,0,,25.510130018811672,9.984353604229698
SYN131,3,2015-05-01,2016-05-01,352.0580618027783,659.7005673741673,369.9574138366595,687.7887403658283,527.758309232999,23.560088762234805,31.465209122744845,187.3840252360786,,4.464181491803535,0.748766317437383,0,2.3286274100178095,16.189284035978034,2.4540351845409036
SYN132,3,2015-05-01,2016-05-01,190.81656685753643,262.45492648691294,97.2568166651392,106.97114042122307,216.48491181787782,2.8659966733010815,16.705014214760567,137.54305027553593,109.98832173330415,1.3238782551793529,0.17156505444746548,0,0.6322914004925427,4.574217221131392,1.7428582051628898
SYN133,3,2015-05-01,2016-05-01,91.91584539700101,108.59382123613392,54.20447272438782,65.44082969959238,172.53233429467775,16.502864981914787,3.495589592587201,118.14483212018314,120.72957527386679,9.565085321183105,4.721053357325187,0,8.230458540489952,6.298961231805162,5.8004784803624
SYN134,3,2015-05-01,2016-05-01,141.12332958509316,108.54363007323886,59.815870176061196,124.44437249959323,133.5911401443511,10.126423525420138,4.629832695396619,76.91402292757718,208.04574460474353,7.580161015526998,2.187211545568095,0,4.055972620196961,14.083389578944264,12.974865102117572
SYN135,3,2015-05-01,2016-05-01,67.1797957594638,337.6230827873574,166.3657550737571,164.4667400805916,150.17568172134602,3.4011772664171893,23.47124282271858,502.56640254789033,98.85853011497252,2.2647989524216987,,1,0.8402058005681388,-24.70220875173072,-7.316504709273306
SYN136,3,2015-05-01,2016-05-01,103.1466181887605,93.67865048919957,37.56202431384606,37.4153663653102,85.60880212666991,2.5062405131731436,6.455068116200396,90.8208646431487,99.6095579212918,2.9275500309709024,0.3882593441397138,1,1.27333270265912,2.442329405420476,2.607135556144735
SYN137,3,2015-05-01,2016-05-01,270.8331843147883,165.9234967999732,86.18510547831764,130.06503356286993,469.30854609501864,45.298986389275285,4.185017733656185,61.264094065785166,150.91358633376802,9.652282441092352,10.824084692635324,0,10.371675660153805,39.696087895892965,23.92433179234888
SYN138,3,2015-05-01,2016-05-01,173.80416513857793,828.4063095219592,305.008391178975,769.3508912301378,628.0106734907727,77.56851030883621,46.251350356042074,476.63202366954346,252.23925422389203,12.351463690525305,1.6771080133166965,0,7.739742526150484,118.96631426918952,14.360865302660518
SYN139,3,2015-05-01,2016-05-01,104.41441885686588,129.42589468298974,62.62769852118557,152.60610874161313,139.93774261708833,15.624653623495567,8.394049209090891,123.95404399119461,243.6719093070135,11.16543209236218,1.861396476753295,0,6.681762176491655,21.40895221817251,16.541475158901303
SYN140,3,2015-05-01,2016-05-01,175.1598816154205,137.59723455403812,73.77969763234778,49.66978235339301,248.19154831769146,2.975876389075533,6.952468973723274,78.55522239741256,67.32174832282848,1.1990240639726926,0.42803159572848176,0,0.9514975791831826,-1.9126370920578868,-1.3900258230166267
SYN141,3,2015-05-01,2016-05-01,78.40225550076065,37.39654322952158,17.275593383206843,47.954936751018025,93.99906882422695,6.204813812527069,2.484142673643531,47.698300247444756,277.58778345427936,6.600931147658204,2.4977686983760767,0,5.358271312450554,5.447014910920534,14.565557242789625
SYN142,3,2015-05-01,2016-05-01,299.59697976579594,195.4749154966061,110.39957646134802,85.26662508867092,543.7268249307649,39.79669886006536,13.476123803608283,65.24595663461453,77.23455815840344,7.319245075895023,2.9531265399483524,0,8.038569597850428,56.87094875257973,29.093732363612222
SYN143,3,2015-05-01,2016-05-01,144.25770907578658,111.98695548259364,45.18767822173757,68.03651200389683,150.92555612143252,7.9530331349855565,7.238834490947932,77.62978921546625,150.56430133462314,5.269507258655825,1.0986621043664861,0,3.103687309428297,20.610343192342967,18.40423565720248
SYN144,3,2015-05-01,2016-05-01,551.5181119680204,680.1476646686023,326.1594070090432,812.2227131971574,987.7227352614569,50.04748418034345,44.551962921872914,123.32281568080947,249.0263030109806,5.066956787938626,1.1233508222321782,0,4.063398133624437,21.780184505557965,3.202272923508489
SYN145,3,2015-05-01,2016-05-01,69.59708058058693,79.53883397272921,33.25161822393816,22.368779682264716,86.0902502008161,-2.9396100434433237,4.548267693046344,114.2847276196171,67.27125137675621,-3.4145678942578535,-0.6463142105592357,0,-1.97109465700994,3.2691128748243905,4.110083982303843
SYN146,3,2015-05-01,2016-05-01,82.12029618597975,617.2334106358745,391.94055202374045,388.5487420250062,763.5056521777223,68.58592491716676,24.12543607409596,751.6210234288629,99.13461110843953,8.983027790500486,2.8428885059950924,1,9.80704388182182,95.88679094101008,15.534932051430495
SYN147,3,2015-05-01,2016-05-01,106.92334384151293,63.43790899326802,20.73529659619274,27.740422038082144,130.84538934647637,5.454823467174841,1.528964917705813,59.33027037323003,133.78357965313904,4.168907666077986,3.5676577035918617,0,3.201915562610364,9.896390996650705,15.600121683867137
SYN148,3,2015-05-01,2016-05-01,171.6182407709717,159.54040045266663,64.65160112667876,117.05666135879318,189.51776446194677,11.302147968807716,7.496555846954888,92.96237960251369,181.05763711780565,5.963635124599136,1.5076454040422662,0,3.412910479112378,-0.3708986600368629,-0.23247945911161433
SYN149,3,2015-05-01,2016-05-01,152.68055681895856,105.17108991148454,55.74355656422763,106.29474221357859,282.052462604341,4.7725070802984355,4.776423617027461,68.8830929770524,190.68525362407755,1.6920636098090864,0.9991800273503665,1,1.8508732214099806,-3.6513585404247006,-3.4718272326528177
SYN150,3,2015-05-01,2016-05-01,141.0151976308009,94.39213779723976,54.84232731264666,196.92404200105935,204.7273009174806,16.095398516827476,2.927635832414574,66.93756374002513,359.07309490793364,7.861872082861605,5.497746112621105,0,6.8372544498501915,20.296516430306486,21.502337910711038
SYN151,3,2015-05-01,2016-05-01,330.8342088186743,178.9935242882085,103.5008536523752,220.925455912489,423.3510511515129,0.5894848929315111,10.254931387349869,54.10369288210833,213.45278624899447,0.13924257216986113,,0,0.11562432850390437,21.19303826455542,11.840114523043416
SYN152,3,2015-05-01,2016-05-01,229.34241427314709,136.9959405199732,47.44671187522909,56.00087443878037,280.8481915779497,37.00584628015922,9.06715562384801,59.734236667104625,118.0289892080324,13.176458809380728,4.081307062032571,0,10.101548417188605,25.426603682751672,18.560114691168256
SYN153,3,2015-05-01,2016-05-01,59.044282805391674,95.0342293496597,50.261697972518284,82.58875063460756,149.07784399044453,-0.24121556249260934,4.2032469149266465,160.95415988519986,164.3174702927164,-0.16180510533011905,-0.05738791162517726,1,-0.15655366807402105,3.1489963653524167,3.3135391183805
SYN154,3,2015-05-01,2016-05-01,149.10267145783098,177.93758427100147,46.90890993431694,100.46119163669157,348.36459170471335,22.8717182047049,11.366866510278754,119.3389645747062,214.16228127526287,6.565454339886475,2.012139245589153,0,6.99354828772796,4.191881839923706,2.355815864926777
SYN155,3,2015-05-01,2016-05-01,51.38057117083193,98.10256815408893,52.04700508262868,165.4205866536729,124.20705744512466,2.7150843935043065,5.108994865201779,190.93319890881335,317.82921301822233,2.185934076011619,0.5314322024469436,0,1.816314806984834,4.773281235020344,4.8656027307287095
SYN156,3,2015-05-01,2016-05-01,503.32629124367014,285.2415602324963,125.39959524526705,312.5244029434372,863.5073894286757,87.85827393286354,19.91650562795312,56.67130153835044,249.2228163353923,10.174582754988744,4.411329757040969,0,11.141498321088855,51.09500057876575,17.912887777334745
SYN157,3,2015-05-01,2016-05-01,90.98549669535433,48.46895971635997,26.863673996895265,99.72667975029202,149.1101826931445,17.87423738360508,2.4381689735319543,53.2710832789626,371.23246716669433,11.98726811326405,7.331008464812139,0,12.817257937483618,20.260262018268143,41.800488677353634
SYN158,3,2015-05-01,2016-05-01,211.63782450994412,123.71256550228787,37.317915742430124,43.1964007153771,159.769473364057,3.900903002671276,7.588495320022128,58.45484652318142,115.75244719860707,2.441582187469896,0.5140548736162232,0,1.1632319862603975,13.08744946846669,10.578916875040198
SYN159,3,2015-05-01,2016-05-01,114.58413311503764,100.75333195894856,40.19637598713254,91.84422308282743,198.72751141047314,5.079056129865273,3.7314766247346225,87.9295668779869,228.4888147932245,2.5557891274421713,1.3611384019393364,0,2.358649540208991,11.869791852337706,11.78104150160909
SYN160,3,2015-05-01,2016-05-01,110.06830899932696,202.22853337210574,112.46623112218036,228.66558496092992,321.44985381625287,13.982632802642513,5.3888915464421325,183.73002657226462,203.31932765890735,4.349864414819509,2.5947140858446414,0,4.4773532439409545,30.922346191763435,15.290792884733786
SYN161,3,2015-05-01,2016-05-01,46.0980731256247,82.71897560484616,23.29452422925803,17.273085090486653,56.299665917413925,-1.4988021330611025,3.254536354816194,179.44128679613914,74.15083871423988,-2.6621865487793444,-0.4605270827112178,0,-1.1635122430083822,2.700396147321906,3.2645425400598174
SYN162,3,2015-05-01,2016-05-01,121.23388969683572,112.5791706121817,63.84031535482594,61.57467759066192,115.58208148544452,0.040267896128749356,6.082509846833868,92.86113882323127,96.45108619596951,0.034839220414818683,0.006620276356759213,0,0.01722226126954994,12.11859058923167,10.764505124112517
SYN163,3,2015-05-01,2016-05-01,130.63466442372888,201.42394523978916,70.68118645742378,68.26078494288342,158.76199062773244,-2.086020512442464,8.520447567146638,154.1887416547012,96.57560712283977,-1.3139294261771994,-0.24482522731385564,0,-0.6282085305832824,-15.835596026343655,-7.86182397901692
SYN164,3,2015-05-01,2016-05-01,192.4077851333994,218.00718977484135,141.3453111118385,131.14154265030456,307.19681713238856,5.332918695705009,11.422472430479921,113.3047655133567,92.78096430559322,1.7359941243814228,0.4668795418997517,0,1.2993967135086446,0.6568008899495581,0.3012748756717173
SYN165,3,2015-05-01,2016-05-01,355.28482477371205,184.05337118613312,104.97216137289594,505.4904761640561,221.48450261854464,36.58277781435458,8.315272965119606,51.80445612991221,481.5471736057584,16.517082406149143,4.399468059293995,0,6.782901357329092,42.61176026930479,23.151849919777632
SYN166,3,2015-05-01,2016-05-01,427.97625794577505,316.961827377765,175.82799585900685,253.97116422711588,364.1630696131094,49.626344282087636,22.07697873064904,74.06061002055033,144.4429614216672,13.627506033165629,2.2478775238023103,1,6.661807908577265,45.77784705844986,14.442700383567132
SYN167,3,2015-05-01,2016-05-01,913.4074003156913,818.3258132532255,225.2312222334171,199.6266665427864,948.412036572442,84.70341541794357,22.30939885369614,89.59045142073474,88.63187996906771,8.931077648915279,3.7967592033036883,0,4.891250843620358,-61.65158872041334,-7.533868261508166
SYN168,3,2015-05-01,2016-05-01,41.23894084661435,23.53214102191897,9.052124180943023,14.414330826792108,59.07561126363962,4.891390548065026,0.6272968406329991,57.06291320488877,159.23699828530707,8.279881398494512,,0,7.551812331918653,3.204659730244034,13.618224228977123
SYN169,3,2015-05-01,2016-05-01,678.178438509217,1386.3550631409744,740.9660066532131,840.6266118283841,1053.2764684904942,20.84884163237564,33.29178362807574,204.4233470749207,113.45009140504527,,0.6262458588969478,0,1.0098572687588292,-118.96343717387111,-8.581022303503072
SYN170,3,2015-05-01,2016-05-01,214.2546852304873,121.03755246154645,38.63640957002307,45.25460668733068,350.3351936873825,21.334524323288488,4.807246941335912,56.49237137164059,117.12943099775629,6.0897462509364955,4.437992177984459,0,6.362963983342874,47.803467044728876,39.49474032855713
SYN171,3,2015-05-01,2016-05-01,232.5914289245716,392.63687928048813,237.14570983431076,448.4868602950284,268.89263531299895,28.054136258950795,22.310014161181815,168.80969393236694,189.11869019615733,10.433211094195627,1.2574683304219247,0,4.487022722865855,32.0521407696711,8.16330366836835
SYN172,3,2015-05-01,2016-05-01,130.08539147824564,68.5954022938774,43.33367203697271,64.49589123242762,164.27682174775464,9.91986074055781,4.073506471584628,52.73105728043929,148.83550874109883,6.038502958006854,2.4352141845742303,1,4.992863453090185,-0.7477924190144041,-1.0901494765067505
SYN173,3,2015-05-01,2016-05-01,154.3997583100343,163.237845069351,45.16874962323497,78.17008919350995,226.43727625075897,-7.356522839347661,7.413386993514752,105.72415841582463,173.0623270414795,-3.2488126341888037,-0.9923295311283714,0,-2.3160113163809055,-14.711563966500513,-9.012348797088297
SYN174,3,2015-05-01,2016-05-01,241.1431506534033,188.60682317984327,97.868092772878,93.1836870319384,197.14567316938727,5.139095752549681,5.502386262085562,78.21363479277467,95.21355162012743,2.606750465243119,0.9339758257178072,0,1.1958338721257897,-7.107657196298947,-3.7685048061710607
SYN175,3,2015-05-01,2016-05-01,210.45204181412802,162.40373194235428,101.04353537405377,236.4656339682523,223.25470548372988,18.079864073053653,3.720785386511457,77.1689980018297,234.0235157973031,8.098312657679351,4.8591526236897575,0,4.849023495305152,1.8472647578680714,1.1374521605967554
SYN176,3,2015-05-01,2016-05-01,81.96469621805514,64.98484250227453,20.93331395990514,19.274863515039566,128.11919366516463,5.9461194748438695,2.4586828914440164,79.28394235658706,92.07745869554098,4.6410840598824405,2.418416582120371,0,4.046368247647488,12.484422871118035,19.21128434016143
SYN177,3,2015-05-01,2016-05-01,89.230613458358,84.87822967808441,32.163469738495074,56.7770451667843,136.0647834891562,14.92800309586989,4.013667803408744,95.12232000701783,176.52649303203222,10.971246720176929,3.7192921355354263,0,8.573948816701623,10.365171250031128,12.211813664520172
SYN178,3,2015-05-01,2016-05-01,82.0327997350993,209.4697557057743,106.39861444301309,207.49969286827493,158.95386288198344,8.580275258233616,6.131198377599584,255.34878290414932,195.02104792860007,5.397965864223199,1.39944505621964,0,2.94346485067915,5.021722159783275,2.397349508936695
SYN179,3,2015-05-01,2016-05-01,101.72911333477474,126.15948936942303,67.27120113682528,95.79140902710101,164.26820516330466,8.1043532833801,5.26542658753109,124.01512726671638,142.39586540497095,4.933610417988852,,0,3.5562784567597054,14.277453572088469,11.316987444583665
SYN180,3,2015-05-01,2016-05-01,64.5972922258012,59.99791242457805,32.99458383063428,32.82465010464012,56.83357777553485,3.3603698522947036,2.4715587597333983,92.87991858057157,99.48496478432203,5.912648796397334,1.3596156025265527,0,2.697029842941452,5.302084128650048,8.837114350128719
SYN181,3,2015-05-01,2016-05-01,81.237209068336,56.42513486028259,23.47719867575342,63.2754901284631,64.1090525359256,5.54137592220276,2.8336507393248613,,269.5189106774149,8.643671530003457,1.9555606643050987,0,4.025338930067981,18.79788670952368,33.31473953242677
SYN182,3,2015-05-01,2016-05-01,333.5965122858511,250.3818734539519,92.1353402144375,93.27307755778396,342.16947144970226,16.47771448643371,13.331197042365403,75.05530310802695,101.23485444423223,4.815658865363118,1.236026624921149,0,2.8216308837456716,7.981944008378948,3.187908093453466
SYN183,3,2015-05-01,2016-05-01,257.67572592678727,154.47531493409338,98.63842545380437,274.33486689504645,223.6170815007347,14.272348632481476,6.636878309044145,59.94950218088608,278.1217011858391,6.38249481510856,2.150461100519561,0,3.4628927789846418,24.661401604962705,15.964622966125333
SYN184,3,2015-05-01,2016-05-01,115.71432582027703,86.81867860426998,25.776698657714366,14.443331965210568,122.4435186573357,8.563684508773294,2.989856648280623,75.02846167821377,56.03251276279329,6.9939875974482515,2.86424585396026,0,4.228290857139616,11.545617739806133,13.298541195763244
SYN185,3,2015-05-01,2016-05-01,87.04652624702996,89.97602220318555,41.10634445492922,57.05854125485582,161.497658009511,-8.012365673520774,3.681281554265292,103.36543694787079,138.80714038539057,-4.961289081386496,-2.176515312782121,1,-4.526183666243011,-3.8569875626865384,-4.28668379446317
SYN186,3,2015-05-01,2016-05-01,53.16731847278408,65.44384757969428,31.603731834752818,22.716958768395433,43.24551547447732,1.9656020267378023,3.170524183298011,123.0903672773989,71.88062121010309,4.545215856885468,0.6199612155909069,0,1.6571812689777796,3.04990985296232,4.660346183418221
SYN187,3,2015-05-01,2016-05-01,136.76506684287324,99.06689223611095,51.11547216769463,71.2144714892549,197.54519013385206,20.78522256963796,3.9607602072459525,72.43581604791449,139.3207740615629,10.521755834983566,5.247786152671588,0,8.813573296347265,24.134380800742736,24.36170173101029
SYN188,3,2015-05-01,2016-05-01,39.38572331293297,9.757252886719318,6.306198326468239,14.709711590923659,21.065905552680942,3.096315027429078,0.5319493553821898,24.77357800235031,233.25799204862264,14.69822894480331,5.820695139680106,0,6.300625779866761,2.894017434508302,29.660166320454547
SYN189,3,2015-05-01,2016-05-01,229.13897278631896,197.94068808072717,102.83151496199704,118.12515172052257,465.70009087928014,42.33542163789037,8.216673632219587,86.38455766549787,114.87251915346917,9.0907050410829,5.152379604306398,0,9.912769330185869,24.914286763949637,12.586743536926937
SYN190,3,2015-05-01,2016-05-01,153.122176420235,127.5571033256304,76.73149359022989,79.35014959870487,118.72216111787114,4.521307277261612,4.060055985828283,83.30413419383308,103.41275255563176,3.8083094467701897,1.1136071258729774,0,1.6108446912630405,19.342802402516604,15.164033909689765
SYN191,3,2015-05-01,2016-05-01,81.69189719881501,97.00351647355468,49.21314390849691,66.39081517049543,140.52323316470932,14.160909900385914,4.878366078353814,118.74313095884591,134.90464111363693,10.077273046932891,2.902797714017489,0,7.9246073580541525,19.157585246913122,19.749371923167246
SYN192,3,2015-05-01,2016-05-01,52.850220875953006,52.75258212411804,18.562860094614404,11.812035789990464,97.19798497709849,3.8418200073653024,2.124089928140705,99.81525384337723,63.63262843002011,3.9525716590426243,1.8086899035994162,0,3.6379905629613996,-5.164786668206596,-9.790585522533691
SYN193,3,2015-05-01,2016-05-01,83.42969632407906,64.55808857263035,21.881694083787252,32.582289330581546,59.43533329074154,4.067411818890257,4.422068498067972,77.38022720573888,148.9020420714256,,0.9197984655071112,0,2.7484780731931195,5.638227776992535,8.73357297536669
SYN194,3,2015-05-01,2016-05-01,302.50599570606954,147.78764687786364,94.29475004933244,160.78751945447866,270.5002134535488,22.793855750973762,3.264823075557805,48.85445213504521,170.5158764091946,8.426557398960426,6.9816511411049005,0,5.061998126417045,15.337379817609023,
SYN195,3,2015-05-01,2016-05-01,247.73511550382614,269.06454076834046,137.90667670839503,272.7580902384965,391.9457552227818,52.58627147239677,5.484270282465497,108.60977065004936,197.78454295961757,13.416721771232538,9.588563065632899,0,10.175368894731387,54.69863253133192,20.329186586658558
SYN196,3,2015-05-01,2016-05-01,163.97356380836817,276.4099684504887,92.5528963213836,170.28633303740207,430.37189383792594,45.6171650549873,13.635335232079138,168.56983652164942,,10.59947587380469,3.3455110768135854,0,10.358508371328833,47.791646816319854,17.29013142479354
SYN197,3,2015-05-01,2016-05-01,189.12275667224532,114.449506131444,46.90261733555789,50.841223848880475,204.9290572933193,11.326439832691165,5.147555622514404,60.5159887394133,108.39741305937022,5.527005287727153,2.200353073049182,0,3.731052279969207,7.661148774815265,
SYN198,3,2015-05-01,2016-05-01,182.88940550674903,272.0087502409635,154.68929601302472,233.09697886283283,240.07155472633212,3.9055376152278107,9.76939723541784,148.72854416431778,150.6872064652788,1.6268223112396223,0.3997726288648319,0,0.8585520881719798,6.244368325407539,2.2956497979847565
SYN199,3,2015-05-01,2016-05-01,240.93086676562456,215.52823638471355,103.8003123404151,192.62554921356562,402.6533021576093,14.807760939850317,7.9143485141864875,89.45646495115861,185.5731884330429,3.6775461322441014,1.8710018788416218,0,3.244049869452,13.834601858913175,6.4189277892195475
SYN000,4,2016-05-01,2017-05-01,252.32434608135168,177.07907225049127,93.2645189816818,149.90602417660358,189.95954753908913,4.66244533701138,12.030163077244463,70.17914640444539,160.732104570278,2.454441167823881,0.3875629371833356,0,1.0857960458545401,4.141669188358381,2.3388812329554605
SYN001,4,2016-05-01,2017-05-01,108.67105376498357,83.13729470379077,43.556535316762115,67.8583703104323,170.78076723221548,19.150329950742556,2.2438444847768655,76.5036243078924,155.79377426817044,11.213399647457553,8.534606600709639,0,9.984096158285913,27.26626061786873,32.79666570221641
SYN002,4,2016-05-01,2017-05-01,225.1249721108991,110.41497773766201,43.12937233407047,115.5494362849018,338.1358426633004,19.3067354962266,6.6382725754008955,49.04608169513524,267.9135587457237,5.709757162730403,2.9083975201275365,0,5.7539304946967675,-5.662700024213457,-5.128561487072544
SYN003,4,2016-05-01,2017-05-01,37.42276296397018,68.33329061084095,42.15722330211401,39.42541651904852,50.85980199754708,2.8524603179400714,2.8781401026884477,,93.51995561119296,5.608477040625606,0.9910776460380128,0,2.697207603271864,1.3311511780544354,1.9480273321467279
SYN004,4,2016-05-01,2017-05-01,121.89673056161831,82.45391169992382,36.80640664095811,107.68121062045331,172.20939079087987,7.063743109858011,5.445109353596805,67.64243086753152,,4.10183386481854,1.297263773994182,0,3.4566777141895852,15.178948191997083,18.40900920169577
SYN005,4,2016-05-01,2017-05-01,241.15800605219695,119.90671456055708,53.1573074249021,153.00224288772375,275.6443712581351,31.52430138574334,6.832974183565215,49.721224902897944,287.8291815360991,11.43658448088588,4.613554879450024,0,8.73092816496838,19.80644148364597,16.518208806099032
SYN006,4,2016-05-01,2017-05-01,12.77462750432245,8.573745962634542,5.42259007557094,7.5969221438196834,9.55428590962831,0.5988218656573328,0.38076411558393536,67.11542829513824,140.097666206491,6.267573226523098,1.5726846127266656,0,2.804999952732648,0.7751248315520584,9.040678776000005
SYN007,4,2016-05-01,2017-05-01,37.83414418958964,35.632181604569325,21.636406199609837,33.738425603285336,44.1887544633489,6.963778788018007,1.5774092702054963,94.17995931403624,155.9335930931715,15.759165137351662,,0,9.478871731695708,3.637934160931249,10.209686853596232
SYN008,4,2016-05-01,2017-05-01,181.530397626298,71.48382194363485,30.932313167737732,46.02400808265617,269.67941288595125,35.11448663286402,3.6252381868426915,39.378430763310966,148.7894158871345,13.02082582318366,9.686118490174596,0,13.878463705538264,41.97893776552491,58.725088592248746
SYN009,4,2016-05-01,2017-05-01,34.55706631055611,46.785572822537645,17.805887965946194,33.217936987117774,57.36177409250115,6.0664656210816466,1.3023511866388253,135.38641388735624,186.5559136991492,10.57579845996205,4.658087375601271,0,7.457915904542544,0.599950262178444,1.2823403155800088
SYN010,4,2016-05-01,2017-05-01,86.23251536251938,74.97747166772932,34.59149015290523,52.61319014039382,169.48385934656952,8.755986963804565,1.821285849357445,86.94802807563465,152.0986517430357,5.166265978107014,4.807585238140242,0,5.431417200078077,6.765084736986479,9.022823238114343
SYN011,4,2016-05-01,2017-05-01,316.5769003922724,753.563304939686,262.53066688829443,401.4575325439639,1106.529775282674,7.854586369043876,45.48399468815985,238.03483577163743,152.918337999264,0.7098395853864252,0.17268901781594262,0,0.7339773171691438,-2.6825620054448347,-0.35598362975749503
SYN012,4,2016-05-01,2017-05-01,37.061376212016384,179.0320339947122,111.85359664059992,117.92048349845157,194.09066916445565,6.42224908952833,10.027006063643155,483.0690392351507,105.42395331045577,3.30889120902905,0.6404951835837334,0,2.9719782215405837,5.966010228135912,3.33237024403807
SYN013,4,2016-05-01,2017-05-01,295.1526924977684,369.00514433468265,227.23798710612053,216.45639756668027,359.84725867912084,28.931653267077973,21.78859534272953,,95.25537535482339,8.039981566978282,1.327834714078159,0,4.35614121562743,-13.29997975909301,-3.604280309715712
SYN014,4,2016-05-01,2017-05-01,154.70648352610644,171.61791966675787,89.69577366597657,93.30624453656996,248.12207915807076,4.99633511060045,9.681548013026076,110.93130407672777,104.02524079232387,2.013660020726105,0.5160677924520037,0,1.5310945371276798,0.21591439750049002,0.12581110289633252
SYN015,4,2016-05-01,2017-05-01,139.1307087897872,74.77607106291296,32.83303440086839,45.48059318248754,217.2009920160336,24.976536730550034,4.835507123096888,53.74519522925182,138.520834313397,11.499273782647496,5.165236260587674,0,11.676365166054717,26.001296878863386,34.77221590980242
SYN016,4,2016-05-01,2017-05-01,28.01624657987501,25.09039252655406,14.512622027438553,18.437579057935782,56.648881290984775,2.238764010609722,1.6007977825767925,89.55658087538862,127.04512680807395,3.952000391870058,1.3985301797494998,0,4.215601002584813,1.748112386961242,6.967258025601442
SYN017,4,2016-05-01,2017-05-01,222.6537687225306,111.7042756072626,48.83976783893933,117.10360594168247,244.55787636607954,23.951554189690587,3.686987932402106,,239.771012687569,9.793818357269926,6.496238834740621,0,7.163444874700258,34.58466490559351,30.960914179497124
SYN018,4,2016-05-01,2017-05-01,49.77520277424964,30.93821199530916,17.706284931572156,35.95548877745523,59.01662943637146,1.253494960683107,1.3834438198448782,62.15587334847488,203.06624973227918,2.1239690789772356,0.9060685679478173,0,1.5530193639581518,4.082035780315194,13.19415543772895
SYN019,4,2016-05-01,2017-05-01,102.7486752766251,144.17641796950528,82.07493148014517,132.11367757665266,225.75258700935274,21.129747799679038,9.475269840283666,140.31949081712864,160.9671494012912,9.359692431256015,2.2299890299532055,0,8.557148859155152,27.57228089716802,19.123988017929413
SYN020,4,2016-05-01,2017-05-01,412.88766499700404,367.5733328434965,116.82752385882209,185.05955879825723,430.6220958899626,3.787088149463307,16.35918611150363,89.02502157485466,158.40407524333804,0.8794458495299846,0.2314961223407234,0,0.4852373353623056,12.334641978192842,3.3556955513539997
SYN021,4,2016-05-01,2017-05-01,60.46849923414999,86.4191817026441,28.856702725488944,33.49690275525124,126.83736103344758,3.7022713105792837,5.351336482057025,142.9160352864162,116.08014634902703,2.9189122829534258,0.6918405005913869,0,2.5204777466480492,-2.16138349734463,-2.501046011731097
SYN022,4,2016-05-01,2017-05-01,85.50654587278893,58.743244514097825,35.02085795512584,49.256482304826065,151.73673759015162,11.189803198695012,2.5925737094164485,68.70028945092952,140.64898800577964,7.374485161872414,4.316098384417266,0,7.757240526092465,10.623890073044208,18.085296719513977
SYN023,4,2016-05-01,2017-05-01,46.83983257191836,28.584215012508118,8.55842265034288,25.409505184708276,54.37007779013413,3.0363916991947315,0.7432853631153972,61.02544232757369,296.89472257706603,,4.0850955095739225,0,,6.261644693572239,21.905952956315982
SYN024,4,2016-05-01,2017-05-01,44.25799966468917,43.62892048851486,13.542797064845098,14.920358047239,37.18776384808346,2.0765475819913104,2.3574288169371385,98.57860910809256,110.17190891806115,5.583953879222907,0.8808527184669102,0,2.362749290078072,1.9188342780998053,4.398078743674006
SYN025,4,2016-05-01,2017-05-01,126.53671189088126,137.5469125763743,59.13954344415132,110.46159767357668,267.3249571925431,12.954604732730646,6.123458696257605,108.701190761925,186.78128243903598,4.8460139557415065,2.115569872406904,0,4.905493386371226,27.06838435587089,19.679383454602007
SYN026,4,2016-05-01,2017-05-01,213.55598686687196,167.35331249933296,72.02284021382928,91.04179546357794,220.53984937999147,7.064198224531305,8.757702945649328,78.3650765097299,126.40683871016904,3.2031391353494802,0.8066268367826605,0,1.8545617647784989,28.88502209381489,17.259904606865803
SYN027,4,2016-05-01,2017-05-01,116.51087657742598,140.8952073204704,38.81554787935622,58.622189837797016,124.84602428131724,1.5774664912519136,7.2438457180060984,120.92880206496437,151.02759857983307,1.2635296160471934,0.21776643963175385,0,0.6128318598241203,8.143358942030575,5.77972742785229
SYN028,4,2016-05-01,2017-05-01,102.00603992016259,81.67925870826447,45.02368699820492,56.97885808623675,142.27296635824803,-6.364393497570249,1.90297032087852,80.07296310315806,126.55306991741587,-4.473368103919683,-3.344452316330441,0,-3.464835533977403,-6.145928444621555,-7.5244664824555985
SYN029,4,2016-05-01,2017-05-01,143.3939168855899,104.0355732919324,31.722069294204484,49.12199587892799,148.51261893353814,19.319504947030833,3.1819501012831894,72.55229200199584,154.851171351241,13.008662217233292,6.0715926812428105,0,7.80808501572296,11.41679575674772,10.973934583617135
SYN030,4,2016-05-01,2017-05-01,283.49563665180875,268.6655157596542,125.62200207229499,242.34090564790316,360.124866535374,48.45183241004231,13.436949760918884,94.76883628005571,192.91278729058695,13.45417573526071,3.6058654138131523,0,8.77494408986177,49.62590189404399,18.471258491707168
SYN031,4,2016-05-01,2017-05-01,69.71508553812575,74.45677112984934,26.420727196663837,34.52111154996938,155.9466347939574,12.950413465518187,2.9605548912404145,106.80152015180482,130.65920287889875,8.304387896942286,4.374319660086497,0,8.982622381941527,12.4564445723468,16.729767331198538
SYN032,4,2016-05-01,2017-05-01,343.7354363245871,378.8531733516391,207.45186989110456,308.3068451262375,347.3187864537323,16.05759656018271,12.731126057769696,110.21650179642536,148.61608395628036,4.623302045978387,1.2612864319557104,0,2.2222321726573733,17.865108991167766,4.715575913781763
SYN033,4,2016-05-01,2017-05-01,61.4301970801232,172.23629456691276,72.83352530337963,108.49354205551151,107.60986380987788,3.4004269178600475,12.002676568029448,280.3772456439714,148.96099235014947,,0.28330571923578174,0,1.455247987801584,0.4559671986932017,0.26473351614985025
SYN034,4,2016-05-01,2017-05-01,88.23339365383049,56.261798307563055,25.73849147478754,81.61173613988251,67.36953108135694,9.03467084893172,1.4156641328428532,63.76474481792819,317.0804948682649,13.41061857476973,6.381931023984359,0,6.252575415343659,13.560790645468163,24.103016706533605
SYN035,4,2016-05-01,2017-05-01,300.2067172316965,405.87991784594107,263.0743573356698,241.50114730204416,442.83471157023,8.656001323603746,20.761224971433737,135.20014528278764,91.79957702753245,1.954679951106537,0.4169311461878531,0,1.225912075598482,7.015540510090089,1.7284768725002457
SYN036,4,2016-05-01,2017-05-01,153.3225969325638,78.8132560184699,42.635381759049956,38.95524998769711,172.0640569051507,9.520537858537041,4.149718675091915,51.40354885401171,91.36836209852468,5.533135757565674,2.2942610340509804,0,4.1012785132098,13.836873533515464,17.556530757050297
SYN037,4,2016-05-01,2017-05-01,159.40069126474188,149.18399986592837,69.5537319981517,155.81824434280432,241.18619436145607,8.864114858146174,10.368065458527445,93.59056016774416,224.02571345408896,3.675216519591449,0.8549439520422477,1,2.8725063533345088,5.06604136519911,3.3958342514961126
SYN038,4,2016-05-01,2017-05-01,51.98600304795567,35.68184299332405,14.516105153218176,20.478132667937345,37.141502765088894,3.641631762736469,1.3193476852380204,68.63740411127303,141.07181266455214,9.804750727963048,2.760175959288162,0,4.153896698935379,-0.5148394201170383,-1.4428610658181615
SYN039,4,2016-05-01,2017-05-01,210.88577796992902,220.18166607171457,122.80953032262317,130.00176436057697,314.80945431506683,8.386654623238432,11.627033909849358,104.40802039439146,105.856413601664,2.664041536327216,0.721306455994252,0,1.945555095649541,23.118116684174836,10.499564789670144
SYN040,4,2016-05-01,2017-05-01,334.29788280526634,344.5789154944266,197.6692204571305,520.6001443089599,654.5406097593888,71.25355328354692,23.38402626641035,103.07541064959395,263.3693516395816,10.886040105248771,,0,10.495800336969499,69.06143178233577,20.04226859999297
SYN041,4,2016-05-01,2017-05-01,126.77285782478035,285.94599120860215,135.09962781527895,243.79747998094524,398.49291194733934,35.13651836515079,6.269752794301207,225.55773855301393,180.45755115942166,8.817350901788203,5.60413137772953,0,8.513427105993115,28.04583577115867,9.808088461956716
SYN042,4,2016-05-01,2017-05-01,300.90555241947686,393.74829983277647,221.25882476844558,355.5340508722041,270.95826583243456,49.739425799269014,17.134769245283643,130.85444807075953,,18.356858627826014,2.902836045659607,0,7.160318140898594,65.90330107086567,16.737418573960717
SYN043,4,2016-05-01,2017-05-01,132.8180296068954,131.28231877529518,59.36949601066715,90.95407223306131,250.95013904158066,-6.834710512752932,5.425222160064591,98.84374821991752,153.20000731810023,-2.7235332639606424,-1.2598028820024507,1,-2.5879218087445075,5.75200871934059,4.381403964372244
SYN044,4,2016-05-01,2017-05-01,48.03085870789843,50.13268143333997,15.870372151593982,35.50853836390769,78.7400278627406,2.422436119027459,1.865877305427538,104.37598406937477,223.74105676117557,3.0764989355226575,1.2982826426909104,1,2.467755457415289,2.860800622546139,5.706458423433955
SYN045,4,2016-05-01,2017-05-01,132.41770417809585,140.7096296213176,66.64141383381985,60.60930971047006,104.69589491833109,2.883347662927655,4.209613822580319,106.26194623648622,90.94841514258427,2.7540216979632626,0.6849435089417021,0,1.055678910938004,-3.0960236187050456,-2.2002926360030703
SYN046,4,2016-05-01,2017-05-01,198.4279497570356,194.0074694366531,87.50214037743679,94.50582786405349,357.82583618579775,14.908506090879639,6.507582720223585,97.77224915855093,108.00401848046982,4.166414099606417,2.290943770034385,1,3.798970572409383,39.43995143466625,20.32908915785023
SYN047,4,2016-05-01,2017-05-01,210.25265679386757,346.67865428929554,210.7952959304671,252.81635665835384,306.588901908059,25.275822479018256,10.119061414610988,164.8866937406553,119.93453437487894,8.24420659773199,2.4978425807874145,0,4.538409311169789,31.475179273752865,9.079064685501962
SYN048,4,2016-05-01,2017-05-01,153.46550201726643,352.94717779484165,125.680771675039,164.12461533856774,448.10165924284513,-4.062949553658223,21.926567679081696,229.9847022004538,130.58848473888224,-0.9067026354071901,-0.185298018966021,0,-0.8023001231260007,-1.4239014310835034,
SYN049,4,2016-05-01,2017-05-01,132.9724295522942,235.6066070399243,145.58144513455338,177.92322152634262,286.7413171527799,-5.840383173015548,7.1249826782933585,177.1845545976635,122.21558960477236,-2.0368125636751913,-0.8197048942741416,1,-1.5845673771938151,-4.693136010866633,-1.9919373526190485
SYN050,4,2016-05-01,2017-05-01,318.8032152304958,792.1606260062721,474.5988514301598,595.3972857665796,701.3687085005686,-3.3921834872654717,37.0266651588911,248.47949711973175,125.45274477011583,,-0.09161460997658649,0,-0.30533698409924503,-33.096242295501774,-4.177971134763233
SYN051,4,2016-05-01,2017-05-01,266.74765142534557,174.11430557019656,82.89502767521398,144.2886826467308,425.02079855557594,32.10042020674854,9.904413656554839,65.27304163310535,174.06192710624285,7.5526704377388425,3.2410217626062257,0,7.281286057320916,40.39037042784873,23.197617390240687
SYN052,4,2016-05-01,2017-05-01,76.11947546294405,40.96457978801333,14.688534054377184,30.104811626425104,88.16963180960776,8.66213883790684,0.9965195903712687,53.81616142107472,204.95450066682363,9.824401735749264,8.692391922450442,0,7.398222430321921,5.9099935193945985,14.427082005913618
SYN053,4,2016-05-01,2017-05-01,80.12276077592028,48.39557511694329,16.766282697553414,18.75635908522003,132.81841121520483,18.18388151718974,1.439082134897284,60.40178177620643,111.86951468948459,13.690783793315003,12.63574960472123,0,14.14886163196847,19.57178883215012,40.441277502864175
SYN054,4,2016-05-01,2017-05-01,214.59256101588184,170.45835746606622,101.0842035245849,216.4862734092238,418.3263976718812,42.511674393496335,7.928943549209459,79.43348858838155,214.16429655754445,10.16232172535304,5.361581165215243,0,11.040533174442839,34.051084011993986,19.976189210184465
SYN055,4,2016-05-01,2017-05-01,51.56933888321902,36.851506333456626,13.602291324235084,41.43549542915097,67.34337607627226,7.554079106884431,1.5315859760596113,71.46011007996137,304.6214379729223,11.217256316833263,4.932193964271723,0,8.543323792453158,10.450403069708381,28.358143559034666
SYN056,4,2016-05-01,2017-05-01,106.37540477848736,80.5158321422856,48.38483278795549,103.48089765054395,155.19754188213443,6.590235643207138,1.6876077967198602,75.69027098881467,213.8705286097498,4.24635310797134,3.905075371194854,0,,7.212711420410576,8.958128145113683
SYN057,4,2016-05-01,2017-05-01,104.7957107306151,127.52381011598696,52.31490005431124,91.54415791558117,176.61433259178693,11.490509436494564,5.385150686463002,121.68800538391889,174.9867778023922,6.5059892183568495,2.1337396306066223,0,4.94599394601955,2.386298010136109,1.8712568327167256
SYN058,4,2016-05-01,2017-05-01,74.44074608702901,86.08905692400161,40.94814063526299,51.58000079148953,67.28191574949899,0.6607399405764464,2.353817052462175,115.64776207825014,125.96420738838331,0.9820468594213096,0.2807099812134037,0,0.41159954611733024,-5.057645178500006,-5.874899039682632
SYN059,4,2016-05-01,2017-05-01,461.1463972500409,356.4319433557471,167.26770294008696,181.83963446789468,787.7276669566771,79.0599796322429,8.995108286085106,77.29257899037299,108.71174247728337,10.036460943118174,8.789219330971697,0,9.670018847816234,38.423124025436366,10.779932815136904
SYN060,4,2016-05-01,2017-05-01,171.06975099574643,93.50433720153012,52.62798410693051,110.09295757838561,163.24853678759635,24.209503742088604,3.03246431005097,54.65860367322044,209.190907549673,14.829844247601272,7.9834422657002975,0,9.150368392855265,8.707226845838884,9.312110118562925
SYN061,4,2016-05-01,2017-05-01,82.53358597781853,225.000642192523,122.6274900541022,702.8437418746056,154.58172245372634,19.51198634363784,14.875102328331407,272.61706798126215,573.1534923894446,12.62244076073011,1.3117211507496613,0,6.344655181871417,23.564267107326707,10.472977711398626
SYN062,4,2016-05-01,2017-05-01,45.94797257162984,22.96468933375578,11.910563187472714,21.543787891497626,47.34390794993408,6.381221365081468,0.9510673552911579,49.97976634976734,180.8796742219288,13.478442404521347,6.709536742671536,0,9.259867763986007,8.131272178289908,
SYN063,4,2016-05-01,2017-05-01,74.0330796535139,45.45129155949547,15.740198657204312,25.128704248055854,48.55373839894815,3.4702180134501073,2.317168797377819,61.39322012837295,159.64667788074206,7.147169564857409,1.4976112302984206,0,2.9043279704452867,5.006446962100805,11.014971830992735
SYN064,4,2016-05-01,2017-05-01,202.8924935874064,107.8202616402745,40.00208604925299,47.98346158455158,186.17743346409824,13.117600053727568,5.57093599641739,53.14157253128015,119.95239829610745,7.045751898957784,2.3546492119391353,0,4.221777134355295,11.991082460740714,11.121362792410105
SYN065,4,2016-05-01,2017-05-01,102.76471218427255,86.1350959797373,24.624688007137294,30.62511137471406,159.54474688661037,12.208487873482134,5.237112428208023,83.81777572177126,124.36751022322632,7.652077621934363,2.3311487085373686,0,6.462943500123763,21.937756099099595,25.46900987288654
SYN066,4,2016-05-01,2017-05-01,123.71926066072264,79.31309126305086,50.922491208986926,133.60918296872967,71.68838518416882,5.959352904996008,2.610958899499018,64.10731105203777,262.37754633879734,8.312856942845507,2.2824384198998566,0,2.9351740491256235,5.713792553944275,7.204097662760154
SYN067,4,2016-05-01,2017-05-01,130.49310023382796,397.51757674740287,221.54328886434374,446.7482477480852,357.86273949611655,14.440281070556546,14.35732209054798,304.6272761050961,201.65280114697578,4.035145176301108,1.005778165279386,0,2.7348464150602494,-0.44927239157414256,-0.11301950350226314
SYN068,4,2016-05-01,2017-05-01,52.52210129237406,27.916338226412282,15.236524551684358,48.27640674655926,69.71471808644901,3.9673470839656146,1.7304901953970822,53.151601972302636,316.84657864593163,5.690831423926792,2.2926145981747434,0,4.932153218908534,-0.430621991681869,-1.5425446854431923
SYN069,4,2016-05-01,2017-05-01,198.00376070688202,146.64546408859235,70.6931357850763,99.38784423411198,160.26841939791277,-5.816631946222686,8.08988921227069,74.06195900777928,140.59051579813112,-3.6293063649559136,-0.7190001980991356,0,-1.6876962220572114,10.824231140644919,7.381224648111666
SYN070,4,2016-05-01,2017-05-01,216.96672827446503,129.61383579231904,82.14410880268312,209.4674170170916,336.7130481779008,46.808500577229914,6.786985994095154,59.73903778848353,254.99992643446836,13.901599843109988,6.89680229456116,0,13.505806565716764,44.310050339505814,34.18620401799084
SYN071,4,2016-05-01,2017-05-01,238.61807435722207,153.78782973602816,40.7539790688457,130.25918242505293,272.39122180412346,25.127867033814553,7.396538368791719,64.44936333942617,319.62322551377395,9.224918067251082,3.3972468986082447,0,6.403539491047831,27.26933082860006,17.731787278230655
SYN072,4,2016-05-01,2017-05-01,79.24767785357278,125.9553835245495,52.564540485427585,71.01456713373454,137.9924018831793,-6.858819132426189,6.968046763250807,158.93889503901843,135.09975827415792,-4.970432457746973,-0.9843244980213566,1,-3.3424545844311857,-1.3790019109562568,-1.0948336405862957
SYN073,4,2016-05-01,2017-05-01,102.69272751849938,262.1819689318189,166.95455249047697,149.24735564618732,377.06617713494296,20.720000617304322,15.527889355952682,255.30724060726564,89.39400179261379,5.495056802691993,1.334373277805539,0,5.678661967760096,17.63133330638495,6.724845868775218
SYN074,4,2016-05-01,2017-05-01,204.3084207517812,170.2483014019881,89.94136274545787,164.10307670762822,313.03818227514813,3.053270706405753,10.142795195735738,83.32906728735695,182.45562630850353,0.9753668655416767,0.30102852788444523,0,0.815169112130438,8.495361939636684,4.989983377030908
SYN075,4,2016-05-01,2017-05-01,206.2815041236715,259.7609162502087,89.29384818003662,104.88131839795534,182.27508760534064,4.284112043320422,18.14539579305699,125.92545189823457,117.45637637487731,2.3503552238561087,0.23609912355616186,0,0.919253667913645,-5.088492264710031,-1.9589137342773533
SYN076,4,2016-05-01,2017-05-01,136.59285189828597,205.72459302411622,78.62699355553107,110.05085846000287,147.2803026573652,21.531911550898922,13.552313657968238,150.61153652265003,139.96574647392362,14.619681764907176,1.5887996761526388,0,6.2900421437125,21.65700270013023,10.52718218166142
SYN077,4,2016-05-01,2017-05-01,225.79642184225193,159.8951222133281,86.5760773411723,197.15715259193374,136.7764329627424,15.394983978461322,5.222354758102307,70.81384235797836,227.72705653432658,11.255582299514188,2.9479008400523776,0,3.9915274824492473,9.852266089734064,6.161705218617874
SYN078,4,2016-05-01,2017-05-01,87.69671685460605,112.19912640027354,50.4590969438079,38.184869569365695,87.48186266858782,-1.6442636122979326,6.764280314447996,127.93993940079932,75.67489686129146,-1.879548013886014,-0.24308034792495348,0,-0.8225601821051349,4.238514019927851,3.777671142292885
SYN079,4,2016-05-01,2017-05-01,87.20119720493042,59.367321590012516,36.84521800271547,68.25481289781082,97.9552441624515,3.826387571941668,2.015166422172847,68.08085610395248,185.24741227689435,3.9062610732671827,1.8987948240105534,0,2.6106476366149165,4.2000032956245805,7.074604653094465
SYN080,4,2016-05-01,2017-05-01,95.08362532529158,50.049866451166935,16.842482462794987,45.736988809081886,157.68633199212078,16.02906573652888,1.1127424033771869,,271.557289194837,10.165158599370438,14.405010259230231,0,11.044360292259494,18.15026903504922,36.26437056082502
SYN081,4,2016-05-01,2017-05-01,177.2104080688494,86.99874853542198,30.43632083880664,62.75235408483524,173.56225678127748,27.87045776000157,4.75781296784901,49.0934756504942,206.17588576877304,16.057902378582124,5.857829626413773,0,10.548634316162456,42.85728814217962,49.26195935419699
SYN082,4,2016-05-01,2017-05-01,45.34885356928933,186.17339400930942,110.94977530259901,169.19715553674135,134.87645171913357,0.8666813962910085,12.097757806707385,410.5360540699264,152.49887174199432,0.6425742857587802,0.07163983691345618,0,0.3743404382754973,13.399656546726417,7.1974068142391925
SYN083,4,2016-05-01,2017-05-01,50.238443130093316,69.4639688438855,20.739251442448573,18.16645756850251,92.29166157994122,3.9731608859385874,3.9212221594104384,138.26855395181605,87.59456733004289,4.305005260412517,1.0132455455000178,0,3.319198686491198,3.661271651315226,5.270749299602547
SYN084,4,2016-05-01,2017-05-01,152.57276718657448,346.74439223112597,139.4875607932202,230.68352402494267,300.8604042694652,21.143751253529523,20.681212542850695,227.26492979386524,165.3792802118847,7.027761364899367,1.0223651640212326,0,4.23453327303776,7.458539824819766,2.151019595970337
SYN085,4,2016-05-01,2017-05-01,103.51341432822822,49.85515130137007,15.274870516633246,32.954736946775235,112.26254248427998,7.3727346815457375,2.2293922869785714,48.16298604863478,215.74478756392645,6.567403978560467,3.3070602803321725,0,4.80720064850296,5.651194727018995,11.335227312535894
SYN086,4,2016-05-01,2017-05-01,12.161740784224465,44.15096326934095,26.70189369390238,61.84833071015341,33.90769495143032,2.048629087550984,2.0633134154671966,363.03160914768984,231.6252600626488,6.041782228150447,0.9928831326321368,1,3.637951900875333,0.4387746042100986,0.9938052801552122
SYN087,4,2016-05-01,2017-05-01,95.7156373130973,74.77892464729007,25.30135734542641,38.49048074887341,184.4337898588184,11.293652413337758,2.119593587061404,78.12613147283265,152.12812586843737,6.123418285761464,5.328215976061351,0,6.62405432963998,-2.261297283683623,-3.0239767345538726
SYN088,4,2016-05-01,2017-05-01,123.89798399027984,148.9602608734572,67.30495941371346,211.8070867002486,162.0367213808932,10.62015899276201,10.284186190894259,120.22815551635092,314.6975921912415,6.554168031947295,1.0326688758479718,1,3.8921891468097742,13.734276907497295,9.220094558752592
SYN089,4,2016-05-01,2017-05-01,238.05140296333397,247.73766556124497,89.38900786849565,169.84211547393426,527.6919999472337,71.17333687001188,17.034883503775884,104.06897942097109,190.0033567033174,13.48766645640427,4.178093548701749,0,14.651078313922742,75.00390195481316,30.275534317679647
SYN090,4,2016-05-01,2017-05-01,119.72715992146898,120.2459952646682,46.71933468889659,43.56547002548879,160.43997414067985,7.560933489531757,8.12965701785178,100.43334807535695,93.24933737946112,4.712624475308157,0.9300433552029104,0,3.1507413750788316,15.53144731636333,12.916394664269477
SYN091,4,2016-05-01,2017-05-01,167.85937376178322,62.480238428510475,28.34537799231285,99.10037981194843,134.65616885492585,9.460403524119979,2.097729258778036,,349.6174220672733,7.025599795812035,4.509830562992113,0,4.10715440308388,-5.7800795748925555,-9.251052365150764
SYN092,4,2016-05-01,2017-05-01,118.43552177639651,103.32897401593374,27.445740362237846,86.65183004672613,145.25510997177773,4.844048739760229,4.473612081614704,87.24491813445667,315.72050490555904,3.3348559928125083,1.0828048233479868,0,2.1843211296980574,7.95038960400638,7.694250020115751
SYN093,4,2016-05-01,2017-05-01,177.19387815323014,67.32876721820679,30.42357770110225,55.75284020086918,252.84204535850188,33.132942214675644,1.7944235315404733,,183.2553710435221,13.104205895699357,18.464393512623936,0,13.550050615698908,26.34472693083852,
SYN094,4,2016-05-01,2017-05-01,140.1197631410217,186.6194416429839,48.54377751505216,36.51242239418924,249.32928483376057,23.13517831226379,5.520579648023446,133.18566736025895,75.21545347983619,9.278965496447434,4.190715429773205,0,7.080625151045936,9.218224250228513,4.939584091063579
SYN095,4,2016-05-01,2017-05-01,62.19677455108589,52.684043242485515,18.225788184825813,30.273240226764838,64.26246270829922,-0.7218502669922761,2.483956735529072,84.70542664429165,166.10113055066302,-1.1232844752136337,-0.29060500799685834,0,-0.6283470825297955,-5.758039042030969,-10.929379538181621
SYN096,4,2016-05-01,2017-05-01,83.5766216983129,58.10555303966954,36.62552397274773,78.95285324858806,154.5490074614853,6.018032969049658,2.6403225777616783,69.52369198340362,215.56784636674465,3.8939318135377827,2.2792794409808135,0,4.247558297420975,6.483698718840833,11.158483793131293
SYN097,4,2016-05-01,2017-05-01,99.1026565772002,71.36486608991204,40.91938620619741,41.442110754160105,178.8203647007687,11.251919455455866,1.5962543058610663,72.01105253351041,101.27744963066803,6.292303158135488,7.048951670257987,0,6.600623555390392,13.105563668307262,18.364167672921383
SYN098,4,2016-05-01,2017-05-01,45.23917698031182,32.572569969783494,17.869337795498673,57.78976496746753,56.223367775049276,5.740639587340926,1.7293825121946764,,323.4018273582858,10.210415730180607,3.3194735964201207,0,7.377600185512727,5.8534603732569055,17.970520529043206
SYN099,4,2016-05-01,2017-05-01,186.00825167035276,67.67778961640049,25.586020145752606,53.06514594231633,178.99731943975323,27.588725450439348,3.218484463758528,36.384294249666034,207.39898444551716,15.412926593979044,8.571961667393413,0,10.87514524271933,16.383360149275298,24.20788303243445
SYN100,4,2016-05-01,2017-05-01,146.48152410461657,78.30522292358977,34.40503193941044,137.10557817728971,230.35325484980308,24.484714868464554,4.433789974653619,53.45740590988421,398.5044351033936,10.629202910299352,5.5222992086758405,0,10.892419233858215,27.81846955361905,35.52568847261224
SYN101,4,2016-05-01,2017-05-01,65.50957676959209,45.8079666790387,17.173355089887178,44.073894672301265,64.5906084402022,-1.1642579540572149,1.8857665983678151,69.92560315288377,256.6411422905646,-1.8025189453588775,-0.6173923936636238,0,-1.045889010831864,-0.9303172482006079,-2.0309071012014868
SYN102,4,2016-05-01,2017-05-01,234.25280308190716,185.85558681671972,104.24180292716198,240.16158486243643,449.9377901514157,15.733114145528306,5.179504306296758,79.33974935264052,230.38894005914995,3.4967309903517343,3.0375713997189755,0,3.7450130784878497,39.96020105741389,21.5006725069935
SYN103,4,2016-05-01,2017-05-01,118.02761367470326,86.92797264299084,40.47925151214072,61.603449485000574,89.59612102285774,5.451118704805912,4.129604971581635,73.6505381550572,152.18524845135585,6.084101234042515,1.3200097206193886,0,2.6596585156534034,2.041242863264665,2.3482002411904337
SYN104,4,2016-05-01,2017-05-01,258.8324552529057,426.0099721706124,122.79470252138957,296.10696656434175,468.91721448110616,10.220491395483373,20.71408761629493,164.58908592214885,241.1398541502741,2.1795939837254967,0.4934077515170559,0,1.4923858374158308,35.24326167059291,8.27287246141702
SYN105,4,2016-05-01,2017-05-01,115.42510406816076,86.7823850099811,25.443956297175554,30.842545885690026,215.03978916415494,15.762705143758104,3.818943773166919,75.18501777458603,121.21757137711225,7.33013420680269,,0,7.7953122387404274,14.03576967535901,16.17352377875385
SYN106,4,2016-05-01,2017-05-01,406.2706534971738,526.6678591197305,278.2300427623974,566.7585416947041,834.8031695642095,39.185675061626995,10.574934441463238,129.63472861900772,,4.694001710856345,3.705524159845754,0,4.200241980761485,44.219409478045165,8.396071397247066
SYN107,4,2016-05-01,2017-05-01,82.24023086067844,68.69864403481728,21.519070366818717,34.083231925020925,165.4417074871467,-3.1266693352534687,1.6496345951296447,83.53410893410344,158.38617256243325,-1.8898918433227498,-1.8953708563609166,0,-2.071480483353447,-4.177706027523826,-6.081205948412192
SYN108,4,2016-05-01,2017-05-01,236.04469382928337,123.8511434947332,52.0711081773892,106.64541597424795,260.01367719381517,-0.17721640590806095,4.800461432506024,52.469361410134944,204.80727164657603,-0.06815657076991499,-0.03691653571218199,0,-0.04924102685536534,-8.06666922271063,-6.5131972100472915
SYN109,4,2016-05-01,2017-05-01,380.08390140814265,674.456243542761,413.9486655831362,655.281035549634,676.6299040217148,6.081769148427013,13.535416571555587,177.4493055464916,158.30007197306193,0.8988324506910699,0.44932264302878805,0,0.576722391987283,50.51489471521944,7.489721564422996
SYN110,4,2016-05-01,2017-05-01,148.67045648064504,137.08604129152644,69.35232737164867,124.70459288196923,142.76368688060901,8.198047000662754,8.226694541876512,92.2079911077513,179.81313332672474,5.742389524808679,0.9965177336938995,0,2.8688925937211445,18.342706496263343,13.380433429582988
SYN111,4,2016-05-01,2017-05-01,81.95235545450056,37.423511016803545,16.420254820784773,68.87054293573654,120.55630894365177,16.38275143273836,2.6154027309698122,45.6649608290769,419.4243249414141,13.589294145025365,6.263949807326042,0,13.72367122183485,16.660171228005574,44.5179267667456
SYN112,4,2016-05-01,2017-05-01,147.63309025410297,129.66197025162262,41.620828899258456,44.83434997591187,293.91369528434467,23.087063510131586,8.65206808536871,87.82717345308642,107.72094444450306,7.855048567163967,2.668386711978553,0,8.325811310171131,7.058135624569509,5.443489413952648
SYN113,4,2016-05-01,2017-05-01,134.7786227421892,163.55654054034292,93.23890776437919,197.41794927446233,162.44403093729827,19.673373607429827,9.722834211192446,121.3519898131037,211.7334426239209,12.110862734638461,2.0234196305417624,1,6.594386458158996,12.487391816893968,7.634908255970249
SYN114,4,2016-05-01,2017-05-01,69.77676553097346,67.60459537480563,20.00290866782627,12.243401707436584,148.8265807089023,1.3035918778559454,4.21791608240234,96.88697213228718,61.208106834630094,0.875913342661355,0.30906064805193484,0,0.9488855469629492,-1.6346723020239813,-2.4179899205981767
SYN115,4,2016-05-01,2017-05-01,311.2604635710343,384.2731589018955,141.8908303509776,197.58279155589364,485.529763925511,22.621204886664476,7.963849106745706,123.45710550360297,139.2498663001392,,2.840486375803302,0,3.252352460868259,-23.71532344499872,-6.171475393381097
SYN116,4,2016-05-01,2017-05-01,65.71239267815658,68.82014106907398,29.04025142991534,63.370415801998995,64.92219487269229,6.682699880681078,2.4982366347546865,104.72931857182313,218.21579594424242,10.293397957024354,2.674966729617782,0,4.9673485621232825,11.836373642444556,17.19899648355054
SYN117,4,2016-05-01,2017-05-01,155.06552386922158,136.62849846763885,74.2697327268014,104.25297189804033,165.37999041595236,0.042240642017433855,5.86043907816577,88.11017114472715,140.3707379445288,0.025541567580934732,0.007207760622375507,0,0.014481147635124522,-3.6432205988680555,-2.666515873136797
SYN118,4,2016-05-01,2017-05-01,250.9233778470825,235.77492541348545,63.97325213185775,62.90633130912242,499.8829510411403,25.45831124104914,10.224444527722627,93.96291706114812,98.33223919813197,5.092854474837636,,0,5.23081980571839,-11.297296314823452,-4.7915597025472705
SYN119,4,2016-05-01,2017-05-01,258.33577724485673,154.20131343878245,43.69457146014024,91.55288630175912,252.57235461026985,29.273135182087735,3.499958212137438,59.690266320575034,209.5292006360034,11.589999716024922,8.363852768462204,0,7.095879581052342,45.299829339914325,
SYN120,4,2016-05-01,2017-05-01,197.1330252348114,146.87345763867484,88.78487095170902,137.27348411651528,196.92917344189462,22.604487362099338,9.120050756777765,74.50474493744983,154.61359874159157,11.478485877446166,2.4785484165535285,0,6.570948074374661,48.294995593623305,32.88204442795539
SYN121,4,2016-05-01,2017-05-01,315.2475365129018,547.2274884612987,253.99092071192987,887.6107297155596,433.9292871071635,23.497988883995145,32.31065497878529,173.58660261533967,349.46553492054363,5.415165461784575,0.7272520132886068,0,2.7244833999335865,42.76012645462731,7.813958062461517
SYN122,4,2016-05-01,2017-05-01,61.79929811764371,42.31937882322335,23.189520999983262,61.3730862105084,76.94308545252352,2.2799872875282055,1.3565870854042834,68.47873699578663,264.6587060187776,2.9632127099127503,1.680678897845128,0,2.18979663833329,-0.560046208281197,-1.3233800302708218
SYN123,4,2016-05-01,2017-05-01,64.05453114040229,60.82866805546227,27.01064792282813,33.520154107589654,105.27723816627709,11.87986456834626,2.0919260987040893,94.96387995117912,124.09977799629159,11.28436191456975,5.678912164108294,0,9.512780457933413,11.66244402312508,19.17261119788372
SYN124,4,2016-05-01,2017-05-01,200.4131353647754,268.2845230438594,95.32348204775249,72.68915861362011,177.5320032078114,3.70938301556448,9.648922420223599,133.86573816908265,76.25524902374667,2.0894165269021574,0.38443495076608986,0,0.7914234152905557,15.134729298237696,5.641297949849853
SYN125,4,2016-05-01,2017-05-01,160.0582625265637,717.5033149800855,219.54700854074324,395.0537017087071,630.7662431434672,15.380974039972749,18.882415759102813,448.27633616290615,179.94037100960708,2.4384586536084427,0.8145660087246998,0,1.7526945611809455,9.447005299517443,1.316649707713148
SYN126,4,2016-05-01,2017-05-01,140.4032282794915,115.00406134723586,33.300650617495144,57.854563637378035,242.93415818414104,32.2266860619647,2.503217463350867,81.90984121697318,173.7340339139891,13.265605093515617,12.874105639557694,0,12.61776283247959,21.351012180860376,18.565441890260296
SYN127,4,2016-05-01,2017-05-01,91.55126457134074,90.95441644416212,30.079599653958546,31.789913054574228,194.78208389577404,3.2739199621784696,4.127747193499714,99.3480722194574,105.68595799243158,1.6808116520256102,0.7931493399920826,0,1.7938729051948623,10.05293037155242,11.052712737400741
SYN128,4,2016-05-01,2017-05-01,84.01582884227984,122.50727241061102,51.98285973071698,97.53123659278307,112.1063191899892,4.35919811149821,3.08142490303194,145.81451388236601,187.62191441182156,3.8884499491153353,1.4146695923723522,0,2.1107556903090963,0.9242468156646408,0.7544424077672852
SYN129,4,2016-05-01,2017-05-01,290.688647909648,129.0652066100559,53.35239840753955,64.0114110879467,425.7798160007213,45.675351283327075,6.8604787424171665,44.39980974082346,119.97850705602178,10.727458082054715,6.657749844908664,0,10.881460835086388,36.62476692427762,28.376948277727443
SYN130,4,2016-05-01,2017-05-01,192.88019155600892,81.41034329836707,28.99820443942955,61.807291187606296,105.32239022284612,14.283331158370107,1.7365632967007094,42.2077262789979,213.1417871637785,13.56153342907311,8.225056458066895,0,5.207372965295098,15.47479002157905,19.00838320367265
SYN131,4,2016-05-01,2017-05-01,493.9708209175313,277.1017508407111,177.91955510116694,397.0946579279605,386.2545137038634,49.445744739580576,10.004481220330561,56.09678529715693,223.1877534215777,12.801337715237686,4.942359693684029,0,6.412592867469225,67.96327359365955,24.526468485840603
SYN132,4,2016-05-01,2017-05-01,90.21331033275366,84.21067948003007,47.466982797206,53.60198125534853,91.14463959291703,2.8756391606838507,3.01778275526131,93.34618047981748,112.92477022260545,3.155028286389012,0.9528980029030781,0,1.6486488835454285,2.5346955130754227,3.0099454472119618
SYN133,4,2016-05-01,2017-05-01,177.2819960456507,124.90720709498106,65.16838129874469,71.32480829999734,246.99141926420356,18.464087523412147,2.584660097107013,70.45679193662568,109.44695399603432,7.4755987792682586,7.143719804425671,0,6.110108280347592,11.789401198077794,9.438527585612398
SYN134,4,2016-05-01,2017-05-01,264.91405884855203,104.59175319098749,32.21562308937868,67.25963494946416,288.82903667181523,37.879377977726,3.839441026237851,39.481390170682204,208.77955631297198,13.11480951299464,9.865857482604135,0,10.251361884849773,58.53009254415208,55.96052342413124
SYN135,4,2016-05-01,2017-05-01,156.36167597475486,219.01576397225247,135.47073963080527,119.20932424876985,168.78297590115525,4.87818762108268,10.728050819551,140.0699772542815,87.99636332808677,2.890213065054324,0.4547133214723946,0,1.2995420347507676,5.316426460628377,2.427417261755608
SYN136,4,2016-05-01,2017-05-01,80.26819472719515,49.27173533216307,24.243907988110138,35.250308449854444,73.95175837093592,4.940417549491519,2.5521834463211057,61.38388374077838,145.39862330422199,6.68059510459615,1.9357611446829888,0,3.813818293114489,3.0623335142796364,6.2151931399108635
SYN137,4,2016-05-01,2017-05-01,55.42859619765904,100.13758522189495,46.35490634320703,73.1547392469843,119.53401434218702,1.1934957385128337,5.431462241475051,180.66051116431512,157.8144473108284,0.9984570041262427,0.2197374639556934,0,0.7671948540628102,6.907459679895435,
SYN138,4,2016-05-01,2017-05-01,208.17183070431233,225.43341359278577,132.19655544642177,259.0936275327371,323.41113495309713,32.56689498757505,11.31799403296126,108.29198784007997,195.99120919436191,10.069812528965052,2.8774440852973475,0,7.510724424094102,26.52750737989492,11.76733606483606
SYN139,4,2016-05-01,2017-05-01,112.44031933178249,54.24352178415909,26.891118821976658,55.572957876336595,175.27863018832483,18.927472928136755,2.772662609451161,48.2420559693542,206.6591510908792,10.798505732159413,6.82646091292131,0,11.355313629334486,13.085596338336712,24.123795631127585
SYN140,4,2016-05-01,2017-05-01,89.57397871502937,616.8701407099143,177.2953967664404,255.81961061657347,498.904845494991,5.66988670626239,39.56133827366174,688.6711403904752,144.29004660147874,1.136466554185695,0.14331888034326584,1,0.8025952160062942,0.12141829788685854,0.019682959163354285
SYN141,4,2016-05-01,2017-05-01,184.04518953731932,613.4103507018589,323.4629815967363,774.6375611739694,472.93812723197516,37.70715415430188,33.63447326570708,333.29333531832197,239.482600868286,7.972957133948011,1.1210865071803344,0,4.728433404951015,-5.503928147916277,-0.8972669179153447
SYN142,4,2016-05-01,2017-05-01,90.2433976116528,68.09865392771277,28.562631566768967,72.8553168140527,167.9966343065542,4.825412350924453,1.7443181018791925,75.46109270039213,255.07214432866127,2.872326800380545,2.7663603019001695,0,3.0474610528364936,15.049046293899831,22.098889516780325
SYN143,4,2016-05-01,2017-05-01,295.5244398454109,273.35932804791946,102.86429288248486,250.65032421349667,625.1097507087193,15.328459835660366,15.467717151212964,92.49973646542195,243.67087663728643,,0.99099690573656,0,2.694480085523298,28.5251056401195,10.43502186072066
SYN144,4,2016-05-01,2017-05-01,86.40779334012868,53.62373476032235,30.493450811460644,105.8674556887321,153.14462601110108,5.658159024789928,3.4033413641781363,62.05891006757018,347.1809613916931,3.694650718190909,1.6625305602149907,0,4.040632207291969,12.322950500502913,22.980403277731032
SYN145,4,2016-05-01,2017-05-01,146.06178878893346,199.58330524527207,102.21555198057764,202.62359681582714,194.82243051541045,11.690760073016742,6.838768095891599,136.64306517132954,198.23167110062508,6.000725913380905,,0,3.3823017525195396,-5.38500876873419,-2.69812585883195
SYN146,4,2016-05-01,2017-05-01,196.35496080731474,168.0855523998363,100.97974372789211,110.62034155880184,262.03667853162204,14.602988929625106,6.7850693242674165,85.60290593563383,109.54706109859819,5.572879724875175,2.1522239835334016,0,4.006960916917775,13.300139413336952,7.912720173414443
SYN147,4,2016-05-01,2017-05-01,258.9126486496359,214.60600403385203,56.308530867887434,67.68687851806317,500.00196485471434,-2.6853266195563106,8.140287003549453,82.88741595018008,120.20714707842745,-0.5370632134088886,-0.32988107401930833,0,-0.5671004942124744,-0.6188452038156127,-0.2883634158334153
SYN148,4,2016-05-01,2017-05-01,473.3959291402025,1001.4808284725445,400.26289334556697,463.0050685118404,1332.601794162595,172.9920215093705,58.697520674790134,211.55248003324985,115.6752414998672,12.981523983169962,2.947177657942688,0,11.729252672567533,152.91240134716557,15.268629912804931
SYN149,4,2016-05-01,2017-05-01,69.81440535180577,70.0502118498382,21.898898878785463,24.085600876919283,75.32175852608223,-4.144866211132224,2.340464053071675,100.33776195162612,109.98544269388898,-5.502880299451519,-1.7709591419241895,1,-2.963484470955607,-2.247913296423236,-3.2090028524709275
SYN150,4,2016-05-01,2017-05-01,50.45716805560769,33.78144407325221,12.160243556041909,27.79348375550765,40.08092603579998,2.52901296940505,1.334069308182492,66.95073341417508,228.5602556183856,6.3097668131373865,1.895713329055238,0,3.002201609799098,2.321242427275597,6.871353463286468
SYN151,4,2016-05-01,2017-05-01,200.28251065061394,118.5997556418053,62.95328682681294,152.89842883383542,237.06133532437346,17.37488158071925,2.4063052168756274,59.216231740123604,242.87600622738768,7.3292768544246245,7.220564315311166,0,5.4486822935416095,26.53312797651484,22.371992111560612
SYN152,4,2016-05-01,2017-05-01,131.12330891810532,103.08761903445449,31.208714115864026,39.84587287998404,93.25313282910459,10.182323460090204,2.2871410313225407,78.6188358767236,127.67547144702631,10.91901489116757,4.451987577784948,0,4.347501437743617,3.7633281409045347,3.650611175379592
SYN153,4,2016-05-01,2017-05-01,98.77092057473146,95.26690242867055,43.21423301141095,51.80169711374749,203.72571990157127,4.150398442466566,4.441385003864053,96.45237877133106,119.87184199258836,2.037248141507024,0.9344829234249392,0,2.1389636196824355,1.0718073839569668,1.125057450838673
SYN154,4,2016-05-01,2017-05-01,79.25189107930929,162.36080224356712,102.98379485215476,131.80177103548218,106.27617605173057,3.6209661514659497,3.253954573601179,204.86678618316972,127.98302026517763,3.4071287526410643,1.1127893981195307,0,1.4986655302199343,7.610388682069777,4.68733128742058
SYN155,4,2016-05-01,2017-05-01,279.49095699125843,181.78001433784542,103.58827011324185,199.34954882747172,455.972273446839,97.53921691102724,9.835492145471068,65.03967652289047,192.44413350039,21.391479831371623,9.917065203080961,0,21.1457522744122,78.6006452773982,43.23943177345985
SYN156,4,2016-05-01,2017-05-01,306.35485208491923,448.51598622590086,155.99706964581503,550.1680716510547,467.8979915342255,37.68399024559734,30.905719099501013,146.40407461265724,352.6784656277126,8.05389014858399,1.2193209329403945,0,4.992111011987571,53.50980527979774,11.930412052882065
SYN157,4,2016-05-01,2017-05-01,319.1330558843004,150.776190125234,95.81749542057982,347.1967668387761,474.0890414597817,32.84297535724185,4.187087344591741,47.245557094498196,362.35216263459614,6.927596397527786,7.843871563764615,0,6.989216670270725,41.607710555063164,27.595677089667806
SYN158,4,2016-05-01,2017-05-01,175.82315884510788,105.31387526865308,40.106306016860266,73.46969695770373,189.3154517026316,9.726454420142396,2.687678903669007,59.89761301094002,183.18739433848097,5.137697072619452,3.618904924566922,0,3.4596845096568196,5.110888056933583,4.853005403035294
SYN159,4,2016-05-01,2017-05-01,522.3325043230683,954.7182278915719,256.8727791577718,280.52225914916187,738.9301253522385,31.727861250174634,27.401525714791156,182.7797849051853,109.20668981311738,4.2937566302429975,1.1578866658891243,1,2.148054942067084,138.9657507255651,14.55568215477159
SYN160,4,2016-05-01,2017-05-01,120.12602532232475,45.900787824594566,15.455839009826958,37.70285282562138,82.70111640659626,4.774686097300658,2.6084914503000447,38.2105274035602,243.9392180628277,5.77342399324591,1.8304396193253554,0,2.8758524040785356,2.1890353904524966,4.769058428403635
SYN161,4,2016-05-01,2017-05-01,403.685552163321,3929.140053334039,1371.8767261825196,1164.859690095778,3914.7870288030804,-176.9152438458963,196.15338783784364,,84.90993890808237,-4.51915372520244,-0.9019229583337548,1,-4.083137886312145,-254.455559652138,-6.4761132511991235
SYN162,4,2016-05-01,2017-05-01,58.47210111109843,56.89495709766171,22.179929238697287,25.900488510484646,41.77104935313966,1.6407629984395322,2.0415203241492974,97.30274099362342,116.77444157619811,3.927990854546743,0.8036966269847149,0,1.4222110053898769,3.939117678917416,6.923491781803817
SYN163,4,2016-05-01,2017-05-01,110.89970644664025,52.334072444700105,21.807491822208096,38.31528639035244,99.6216270397042,6.234556366646655,1.7684293506655893,,175.69781386474395,6.258235838852413,3.5254766407830402,0,3.819403317739035,5.72037687564626,10.930502077190374
SYN164,4,2016-05-01,2017-05-01,112.06667618614969,126.57904089612435,71.82324246948554,46.39268580590977,133.98752859645734,3.214614706101645,4.88423162316291,112.94975920037882,64.59285909518765,,0.6581618060160582,0,1.3470238416193299,24.772804248237428,19.57101592242822
SYN165,4,2016-05-01,2017-05-01,32.46931771680353,87.24973328605367,39.18065388038178,99.50822883296492,83.31572500410049,7.570602723875891,2.7902751867570244,268.714403077525,253.97286409962103,9.086643275928157,2.713210066091999,0,6.3236407743452725,-1.5677270411533124,-1.7968273163809245
SYN166,4,2016-05-01,2017-05-01,512.9333591476653,341.4896930160348,91.08067023514835,103.51281072720434,563.88254917863,46.77979044327053,7.147453675533505,66.5758401020132,113.64959267422957,8.296016699117843,6.544958885624223,0,,50.593798672534064,14.815615143663623
SYN167,4,2016-05-01,2017-05-01,191.20542365423609,121.70010149096872,50.65860768567618,85.43669542946458,153.83289594109635,22.042891988552256,2.566083569772073,63.648875207140335,168.65188234066284,14.32911462382703,8.590091237952228,0,7.044583817535079,22.291647048867404,
SYN168,4,2016-05-01,2017-05-01,169.02048637743124,75.2324100147513,34.14324952351435,165.09002984992617,169.3617863939375,22.134031342739583,4.166597665139537,44.51082328964167,483.521727292621,13.069082355600315,5.312255495155501,0,9.061931985117697,11.720169321524796,15.578617406017898
SYN169,4,2016-05-01,2017-05-01,171.66419198993802,131.43246961838693,45.68324373348039,63.114855250388636,284.2030007635991,12.334984960863151,2.7967553038444026,76.56370737240924,138.1575608304122,4.340202224368288,4.410462704373013,0,4.069653850824318,17.967710450294348,13.670678564028695
SYN170,4,2016-05-01,2017-05-01,189.99180142683832,110.39473533581874,45.98031218242265,54.35682482345309,117.37258145827518,5.269727050589254,6.435926583435187,58.1049995351138,118.21760715281226,4.48974282163385,0.8187985027909577,1,1.7543153256409083,12.161155272473408,11.016064521083727
SYN171,4,2016-05-01,2017-05-01,445.88393394145567,269.037025182923,88.21313134709793,177.8685308232837,409.39684386264827,27.91491496963756,15.62960831702073,60.33790515947305,201.63498121772014,6.818546695734409,1.786027800788716,0,3.9046155541204453,24.157264729445433,8.979159917866504
SYN172,4,2016-05-01,2017-05-01,413.9043928662825,576.0067369970359,282.8760803579559,336.73933818310564,897.148507744231,46.925688405661376,16.49934813413982,139.16419997579558,119.04129106886319,5.230537419456922,2.844093477157715,0,4.740394060640638,14.449117733893019,2.5084980445232836
SYN173,4,2016-05-01,2017-05-01,122.00492587166438,165.5838485946058,55.25078773177247,78.12912541595807,251.42994170200114,21.271137203419038,7.933714073762041,135.71898627173596,141.40816560888453,,2.6811071089347442,0,7.396372561097242,33.98645519981002,20.525223618287846
SYN174,4,2016-05-01,2017-05-01,157.36313389086442,156.8901146991861,57.61514326928671,115.98698847954388,276.55539469955244,47.72466195462225,9.25277677098669,99.69940914369032,201.31337335643465,17.25681829727818,5.157874564127523,0,15.186688496856242,81.61706000772145,52.02179892863884
SYN175,4,2016-05-01,2017-05-01,146.69795948393156,377.8226537746253,123.85460384909044,251.3641368243175,512.4277172412916,57.26779950793236,8.447754332865799,257.55140364853526,202.95098366354628,11.17578100892738,6.779055977649974,0,10.918121816444764,18.607445306795803,4.924915200530913
SYN176,4,2016-05-01,2017-05-01,211.49756539037614,202.33417378759503,117.43023469911255,153.27303362015283,179.15447339683442,14.58227167990568,13.974788102357554,95.6673772646661,130.52263244885702,8.139496270129609,1.0434699669933203,0,3.52371998070319,37.72039081682134,18.642619835648322
SYN177,4,2016-05-01,2017-05-01,141.06349370952105,96.02292876574913,28.65043432334512,50.78013952689356,161.89525676500634,14.983206416407377,4.05904473862209,68.0707149955326,177.24038300360624,,3.6913134447228773,0,6.3197235252770465,15.079298101054778,15.703851460145719
SYN178,4,2016-05-01,2017-05-01,183.2708348133673,182.26321578423173,112.40415112697387,177.53227587760222,325.85357094727647,9.513746890827925,9.337543235522656,99.4502021938397,157.9410316235193,2.9196386779407923,1.0188704513447329,0,2.6026978540779515,8.190673926808614,4.493871070784223
SYN179,4,2016-05-01,2017-05-01,271.6495316637275,690.5491988543614,269.36175045581626,247.20896239254947,730.241235740578,49.330780469393815,30.52339168384872,254.20592283928033,91.77582265270416,6.755408768359231,1.6161631374503156,0,5.126880643755579,38.37223202126638,5.5567701888477865
SYN180,4,2016-05-01,2017-05-01,289.12863572816576,417.46250240987865,165.14640217967258,168.1422689723455,497.27583740817335,16.139000329732838,19.639365294624064,144.38642556400757,101.81406724768583,3.24548251003912,0.8217679180370768,0,2.284064922220948,36.24346658757918,8.681849598073393
SYN181,4,2016-05-01,2017-05-01,193.50697204235973,130.4620066991371,76.73875538387769,82.07401832681708,228.49026298164273,11.255275514381221,3.6781666270317452,67.41979646634037,106.95250127038194,4.9259322333947715,3.0600232821600444,0,3.474183101759905,17.27273655590029,13.23966800214375
SYN182,4,2016-05-01,2017-05-01,127.57825654749045,148.92423665018484,76.52794529270862,264.87388802769357,295.41159612082157,6.1458520911497825,9.854766871317944,116.73167566351593,346.1139417954947,2.0804369807596066,0.6236425652074159,0,2.222711274706674,-0.8167332825991735,-0.5484220036780426
SYN183,4,2016-05-01,2017-05-01,141.93627708729161,131.89186982525894,39.12327713871089,193.68661842291993,246.56986236355303,8.525226609897707,3.444414051788989,92.92329806857249,495.06747028426946,3.45752985712737,2.475087629337072,0,3.113349268882981,4.541814166333381,3.44358918586168
SYN184,4,2016-05-01,2017-05-01,153.9678611656882,167.6078870880427,51.06407692919016,63.28136753141237,123.87097764046432,5.619227411657895,10.355950706424515,108.85900850936429,123.92541163362996,4.536355100036193,0.5426085514458753,0,1.7474039762551343,12.631431449599281,7.536298958869471
SYN185,4,2016-05-01,2017-05-01,226.35972496263682,285.2541669988559,72.52743559044877,101.42781642659564,224.37633043084392,13.316969812094952,7.656594712772747,126.01807456955528,139.84751508290304,5.935104556939635,1.7392810135136911,0,2.6029335835738543,47.239158002270244,16.56037438445543
SYN186,4,2016-05-01,2017-05-01,162.72036793119034,153.65744607994185,82.64170299787307,83.10395170448022,230.94428359251603,6.149398429362658,10.57156397277379,94.43037035469283,100.55934073214712,2.6627194809518704,0.5816924009730194,0,1.9436882603741246,27.010570182738782,17.57843233232333
SYN187,4,2016-05-01,2017-05-01,350.4656951143185,226.29596058316812,92.72685242492689,103.86278321169746,262.0049759764333,6.293813028358068,8.426348289168716,64.57007454305979,112.00939155762501,2.402173090378322,0.7469205891297155,0,1.091232915049955,39.30237303380315,17.367686516595498
SYN188,4,2016-05-01,2017-05-01,134.7611095364357,70.4722883917252,38.858502528084905,112.032211400371,150.23292612915415,13.32471341691479,3.0236705989307953,,288.3081027618085,8.869369558481228,4.406800602428903,0,6.492468356236503,6.238358084030628,8.852214432649431
SYN189,4,2016-05-01,2017-05-01,81.92665853739867,239.29154721125826,120.16623252079135,548.0355058710645,132.42102818858135,22.366218391548,13.890054908784773,292.0801989037844,456.06448198851746,16.89023163277072,1.6102325396426238,0,6.962936094926343,10.985023195175776,4.590644058763038
SYN190,4,2016-05-01,2017-05-01,251.4428308617073,166.50597563908056,57.792958460545584,116.04485698151261,391.62233099185363,28.261195362735588,10.851969123102753,66.22021199350014,200.7941106886486,7.216441230804958,2.604245832451766,0,6.761879666399361,45.632844880273,27.406130443742782
SYN191,4,2016-05-01,2017-05-01,48.52374507585403,349.049594837345,145.191807763951,126.37980516505115,349.9297772969398,22.69809522833192,10.694281316128983,719.3377062955433,87.04334432595266,6.486471486840916,2.122451669014816,0,5.709159279464645,31.4733092519189,9.016858841101154
SYN192,4,2016-05-01,2017-05-01,257.29514823511926,307.36647784343785,187.04447196160075,248.7676032099519,320.64750574620285,26.640434679345603,13.305269728659546,119.46065829525975,132.99917426109369,8.308324313126544,2.0022468707990275,0,4.717946722244469,41.16657799209868,13.39332066428778
SYN193,4,2016-05-01,2017-05-01,138.1570069224774,262.10833515913225,92.22084086517461,111.90165673294159,376.97344415807305,17.635843873603015,10.621293388963469,189.71772840027316,121.34096336915863,4.67827220906519,1.6604233804452035,0,4.406038200031634,23.387162161632663,8.922708294428622
SYN194,4,2016-05-01,2017-05-01,104.14274095320972,71.54624947594156,29.380443354815537,85.02288183770717,188.82879373132292,15.986783971108917,1.451053905463049,68.70017902456262,289.3859728763136,8.466285069773779,11.017360492894536,0,9.099479672606908,18.093298864053722,25.288955041784334
SYN195,4,2016-05-01,2017-05-01,97.72618557611703,48.93713988291558,17.85806611523847,40.334710057471675,152.80010075664097,6.53052619652572,1.5541421360728789,,225.86269866619912,4.2739017606582905,4.202013474152072,0,4.452732935167141,1.0278816043987389,2.1004120936736275
SYN196,4,2016-05-01,2017-05-01,51.24863261638693,53.85149603833787,32.64390964647633,60.18661689861644,48.767044993786435,6.313560633799345,3.022147529271238,105.07889340469676,184.3731879864247,12.94636702839751,2.089097429112536,0,6.007186398925039,5.944170045874858,11.038077831009735
SYN197,4,2016-05-01,2017-05-01,41.01800362955851,41.780027515915606,11.200477616052176,8.885744594631767,41.86867729310607,3.2516473807003554,1.9297198057751623,101.8577790699886,79.3336221831915,7.766300707177484,1.685036019721101,0,3.927203745928802,3.2545330458596826,7.789686219378163
SYN198,4,2016-05-01,2017-05-01,112.38272544841975,80.81652617227317,25.8984244072452,31.1893203928196,163.9205760553917,20.175680304112912,4.198800166546671,71.91187600212231,120.42941262517208,12.308204857268917,4.805106102657542,0,,22.506812360198673,27.849269730082003
SYN199,4,2016-05-01,2017-05-01,212.66751105806892,180.8354479267622,68.27848106428056,119.92175614689481,291.73089091948526,0.08350384362944499,4.593163100074585,85.0320046663757,175.6362389403403,0.028623586403981882,0.01818003014700023,0,0.021220639317394287,1.2436317564857575,
SYN000,5,2017-05-01,2018-05-01,106.35410853805973,171.24703055929612,90.60744001320616,221.8010468114664,120.70024532175508,12.743793257525136,5.0946667639991405,161.01590518058254,244.79341517555136,10.558216533490498,2.5013987858004065,0,4.590684785719066,2.874920769710945,1.678814961241312
SYN001,5,2017-05-01,2018-05-01,238.5993482778587,393.2841263770087,119.68327341225309,158.16428541150182,537.6558038453853,37.01003584908683,16.150827237775747,164.83034392827145,132.1523725932024,6.883592734308115,2.2915257097495747,0,5.857098236237558,45.24978958143612,11.505623173323531
SYN002,5,2017-05-01,2018-05-01,28.129239620221934,13.456622473596678,5.279492684170533,14.760846633913362,26.26914807516595,4.153334257383145,0.647092595141973,47.838557512670185,279.5883528387246,15.810692625047785,6.4184543117386434,0,9.987370823317628,2.1173274825820294,15.734464474547389
SYN003,5,2017-05-01,2018-05-01,297.8357187044303,402.6777745276602,161.60625955610118,275.9978526834632,480.2831336129188,10.726719055346752,9.545105510940877,135.2013036848929,170.78413512049096,2.23341573014552,1.1237926121457198,0,1.5312651589129107,-39.805773252254056,-9.8852670224837
SYN004,5,2017-05-01,2018-05-01,130.4666286608802,83.89827281239255,38.60733854329645,67.80518557782011,105.16755259276917,4.168111614685795,2.910839466014482,64.3063085737181,175.62771259608985,3.9633057078218776,1.4319276838694128,0,1.9444002194573258,-3.285710682655883,-3.916303128198073
SYN005,5,2017-05-01,2018-05-01,74.20506490312482,68.45058308811032,27.38558150865538,44.574973008623004,79.24868216327368,-3.569162447427548,2.1699021646653107,92.24516301882223,162.7680354150406,-4.503749904729153,-1.644849480104584,0,-2.501942613338968,-3.8158815544693825,-5.574651642568974
SYN006,5,2017-05-01,2018-05-01,54.131723697463,125.91057513807853,38.636555476817,86.08205208324287,139.91358986525097,1.5300297329728476,6.207812130016184,232.60034326965206,222.79949912950826,1.0935533384901355,0.24646843379405858,0,0.8498168168639323,8.005133200881003,6.35779257786906
SYN007,5,2017-05-01,2018-05-01,84.69501594848393,94.08527226620429,50.53615256471056,82.64521445172797,85.79747550799667,5.687936455887634,6.352759403322053,111.0871415661956,163.53681524509088,6.629491628057862,0.8953489491374783,0,3.1815232611423463,0.670076010364073,0.7122007453708208
SYN008,5,2017-05-01,2018-05-01,36.34219432237276,20.594698985567728,13.075632375378934,24.86010538494334,30.12178473992346,0.3881546323304278,0.5664481831296769,56.66883733789664,190.12545375437637,1.2886176422872015,0.6852429646536047,0,0.6817278038531394,1.6577959606938464,8.049624623577117
SYN009,5,2017-05-01,2018-05-01,372.33727886096176,524.3573616205834,158.46895399664214,286.7065494041766,469.1285520775805,0.8040842584784379,22.65793427185823,140.82859584317612,180.9228509265302,0.17139955667108175,0.03548797736063399,1,0.08967202681691357,-17.075800953207114,-3.256519733113405
SYN010,5,2017-05-01,2018-05-01,179.1868043268714,151.1440199190256,47.50953908806199,66.39535216599091,283.00158904594076,19.3897754534413,8.638189177369219,84.34997235807033,139.75162344328967,6.851472289893637,2.244657422442154,0,5.869805065181451,16.560658388752735,10.956873052354304
SYN011,5,2017-05-01,2018-05-01,48.497839669077344,30.677556339120716,18.699549968528093,27.49455401794793,28.644867896826906,2.1402796102246398,1.506954182753472,63.255511066982635,147.03323911121976,7.471773365942896,1.420268535513117,0,2.7032130158250536,3.3324288988051256,10.86275863033959
SYN012,5,2017-05-01,2018-05-01,56.99112320308988,114.80390840117863,59.35120727214835,81.43588986040291,149.91295706937424,9.996559803907605,4.580918426757385,201.4417367983271,137.21016572921206,6.668242691845217,2.1822173792742467,0,5.818887607259083,11.474939025298537,9.9952511940619
SYN013,5,2017-05-01,2018-05-01,221.8115561242419,123.68348654720945,43.162164337453135,84.83256518360052,135.30983874390455,12.182691270953674,7.307866069205165,55.76061441899421,196.54381675663262,9.00355168851495,1.6670654819866884,0,,-15.551142536811279,-12.573337776078517
SYN014,5,2017-05-01,2018-05-01,553.2569330199258,805.8820242373829,342.1407874320873,512.3535096922038,799.438362335715,85.8052377173168,25.050749068116996,145.66144157263705,149.74932206640304,10.733189919310359,3.4252563659473267,0,6.313205670336206,164.67426479981543,20.434041193020644
SYN015,5,2017-05-01,2018-05-01,234.25781408628183,147.46529564571665,44.48729474148483,100.4120850381221,404.1438062701431,40.9202223618082,4.126125428643945,62.950000716476524,225.7095775807803,10.125163797377553,9.91734814403271,0,10.719870324470953,80.6200683042862,54.67053651591003
SYN016,5,2017-05-01,2018-05-01,131.89783688316015,75.82792628393817,38.57655692158041,64.70717190313312,163.9371196645031,14.80496583025681,5.263207190275357,57.48989375095611,167.7370327130848,9.030880779505665,2.8129171615382016,0,7.1271688232274935,25.903592621176013,34.161019416751344
SYN017,5,2017-05-01,2018-05-01,451.7348554448069,1090.2209509114593,683.1591973852952,723.5673491591974,627.5997108887544,36.43558300028778,67.56317052261484,241.340896716495,105.91489537556683,5.805544898784409,0.5392817228447266,0,2.362945996901639,18.006547192237672,1.6516420068045496
SYN018,5,2017-05-01,2018-05-01,139.32633084227854,197.80865143785337,75.47879684692879,81.90993586205714,239.55356543272532,12.494628404596295,13.81887134476281,141.97506691091903,108.52045777593769,5.215797302797902,0.9041714111718402,0,3.706120415061012,2.6112679271401014,1.320097937152409
SYN019,5,2017-05-01,2018-05-01,111.73980159257326,53.92146340145905,30.103358156124827,66.66548973765613,123.61083666462592,9.028306005549696,3.5793031742716805,48.25627272730267,221.45532532254174,,2.52236414910195,0,5.44985938980662,18.898855336063853,35.048854656182186
SYN020,5,2017-05-01,2018-05-01,89.48990096773325,150.62360862389986,95.43020206108548,92.6586665198471,161.44115455253228,16.31126950452419,6.402108270368915,168.31352699586645,97.09574591546573,10.103538685494579,2.5477965719539872,0,6.793149428478708,27.345103414175753,18.154593203549656
SYN021,5,2017-05-01,2018-05-01,181.621869308613,2765.8623954145405,1401.3477208533407,1356.7062101862723,1667.0882257169362,87.30233821529154,170.1823254306515,1522.8685873256652,96.81438732137914,5.236815716681516,0.5129929797020363,0,2.9619272021284746,242.67398599674158,
SYN022,5,2017-05-01,2018-05-01,88.75224921904795,84.83214347229756,46.72866418714862,57.465748354986154,113.54597909881957,4.5798086869906625,5.223577219741256,95.58309137937987,122.97751145813936,4.033439777735181,0.8767571521068694,0,2.6383758447305388,11.43020960178815,13.473913464795041
SYN023,5,2017-05-01,2018-05-01,296.32363934146775,277.91679083846594,92.06223596811374,194.0517573160634,358.08851312457796,19.379647997084952,17.712028651768616,93.78826186668464,210.7832329678309,5.411971422368086,1.0941517980860886,0,3.3748316869664667,28.610251468564467,10.29453865750546
SYN024,5,2017-05-01,2018-05-01,253.21988950748684,223.51072855776619,96.10764730165228,128.3338453809378,249.7742954399453,15.659074283043783,14.823080779496731,88.26744573362502,133.53135674847746,6.269289742350124,1.0563980940253255,0,3.284679793925137,28.22387280809955,12.627524857628975
SYN025,5,2017-05-01,2018-05-01,221.10741813740435,243.30948083241205,86.204250330887,31.3725731318116,214.34655475343902,-2.753074359022847,12.10417610481621,110.04130159089031,36.39330196758384,-1.2844033636041803,-0.22744830669866148,0,-0.5928023646705792,-12.277865406656097,-5.046192760204403
SYN026,5,2017-05-01,2018-05-01,357.27277227969586,170.51283418173426,93.86687679599984,127.84514681207915,248.94799951203055,10.264428644804031,8.222314577541903,47.72623256278985,136.19836003484383,4.123121561500235,1.2483624346896038,0,1.9448102637020555,20.90244773820323,12.258577390089705
SYN027,5,2017-05-01,2018-05-01,95.16871739797895,203.20133723621936,69.64725559496046,42.45740428619487,217.76997831507944,1.8223298809043542,9.15860973605557,213.51694421441752,60.960627843126396,0.8368140985291025,0.19897450960599564,1,0.6107616540602677,-8.467636567725638,-4.167116556857153
SYN028,5,2017-05-01,2018-05-01,73.14539374054073,34.34215852406435,19.648420101026375,56.370472781579835,81.88668955234266,-1.6526984180197477,1.468133520711537,46.95054161015509,286.8957020042299,-2.0182747978391884,-1.1257139726765184,0,-1.5375719171195323,-0.8959273254495818,-2.6088264802044536
SYN029,5,2017-05-01,2018-05-01,61.13751380480284,42.21677274810565,10.971163219677583,26.989984706984306,102.26822987680563,4.299668482324308,1.7085141556688874,69.0521581935659,,4.204305176205529,2.516612735140598,0,4.160125937421326,0.3114480569116087,0.7377353517046942
SYN030,5,2017-05-01,2018-05-01,67.89762707024559,53.80366903447382,27.20794350192505,100.65821060359792,82.7478632569126,0.5647109900441137,3.5407521857075475,,369.95890775969906,0.6824478213906494,0.15948899002974637,0,0.4640139490036335,3.555332126189237,6.607973378007392
SYN031,5,2017-05-01,2018-05-01,108.33483613616063,87.32446292251423,48.87762170616747,44.58224231986405,81.24001005791695,2.9759132514788287,2.5460535201333436,80.60607837423642,91.21197137592843,3.6631128545617675,1.1688337373689506,0,1.5209669388554865,3.6467784181571834,4.17612464607207
SYN032,5,2017-05-01,2018-05-01,546.4783731895947,542.5597188656251,291.9003102483082,214.42839262328366,478.10269617291056,6.702721003619137,33.31047499479186,99.28292600106062,73.45946033454976,1.4019416868536196,0.2012196164920229,0,0.6154716765664131,40.06806200656947,
SYN033,5,2017-05-01,2018-05-01,994.1895555047832,819.1077733540952,419.08417867556943,559.5392266699214,1303.1317634988452,-2.7412394856447144,33.436556014280335,82.38949693433531,133.51475792720967,-0.21035781357094852,-0.08198330846256908,0,-0.15117429679167932,29.57306965274029,3.61040031785366
SYN034,5,2017-05-01,2018-05-01,31.204573197161547,20.059420987455418,8.042757974624827,10.487078081473229,18.435457551848064,1.6491334337847434,1.3469572408631012,,130.3915661090426,8.945443470262152,1.2243398556052263,0,3.2169429245909344,2.4365046948514166,12.146435813751236
SYN035,5,2017-05-01,2018-05-01,72.14286500824954,73.60371876519942,29.47921740750396,50.2016253184246,69.28559350824712,7.132618977061886,4.327177327323653,102.02494558094251,170.29497297864404,10.294519561577957,1.6483306408599139,0,4.893849853900489,5.45040990772488,7.405074090226387
SYN036,5,2017-05-01,2018-05-01,136.9515183732272,226.28440344980854,104.45327152105754,493.7515438144686,155.09452654470624,4.97521449060037,15.549243035392546,165.22956892900365,472.70088971308996,3.2078594915251615,0.31996506063195435,0,1.3696923106146524,6.977888472148734,3.0836806981690534
SYN037,5,2017-05-01,2018-05-01,78.54380204954965,70.52596766675893,36.06415430302768,51.16673977281905,90.10454490241402,7.778062619198445,2.610397149932149,89.79189423790226,141.87699881409245,8.632264474142037,2.9796472231823485,0,5.217733034672761,-0.159089144242043,-0.2255752732011455
SYN038,5,2017-05-01,2018-05-01,118.88705240202859,982.9396223885705,549.1157828869747,1104.3019005596645,921.2964381339377,8.824895183085035,29.507708654909663,826.7844164095017,201.1054744691184,0.9578779226542582,0.29907083895572817,0,0.8009331580906041,19.8257035842606,2.016980812726177
SYN039,5,2017-05-01,2018-05-01,134.95367910144714,205.34881797772456,104.9476134828289,81.23315826196571,150.59705772108686,-6.52926210962054,9.698085552941007,152.16244517747467,77.40353073894029,-4.335584113278664,-0.6732526820863628,1,-1.9186641783887648,5.7915453903189364,2.8203451314471066
SYN040,5,2017-05-01,2018-05-01,71.85413560435074,62.43769227038889,21.71242897069542,37.83119714181734,105.29144016872345,0.8882773186010489,2.3632872773931894,86.89505725068983,174.23751710541882,0.8436367829879008,0.37586514644163704,0,0.6614529958067049,5.905291224412005,9.457894758247804
SYN041,5,2017-05-01,2018-05-01,165.39002668683491,124.77629576815447,59.65740288934838,109.8057439450312,116.86626697562687,5.4652501104456155,3.035917237906316,75.44366384583617,184.06055011931574,4.6764992601204805,,0,1.8834887743712525,9.992361982276083,8.008221369900888
SYN042,5,2017-05-01,2018-05-01,90.55630893064458,52.83787296312471,19.494891552496227,40.753423021181376,140.1392378896498,18.280761582573653,2.3885317202952865,58.348085944616265,209.04667723562224,13.044713142345273,7.65355612707277,0,12.74860760816404,17.180846665979676,32.516158774919084
SYN043,5,2017-05-01,2018-05-01,59.79900036028937,130.72651587114214,39.44629237012667,61.66452116949855,125.88093790168055,7.169402692996713,8.647197696094754,218.6098681976522,156.3252652261892,5.695383917933931,0.8291012817059286,0,3.7629619563859538,13.897749559787599,10.631163438553422
SYN044,5,2017-05-01,2018-05-01,119.80053525723946,136.0842989780141,38.595216539033785,94.76114987692509,104.78037533893419,0.47490860054642303,8.731548438661603,113.59239646618407,245.52563341907185,0.4532419348663632,0.054389963462107116,0,0.18559466486779166,-6.619370014648052,-4.864168801514334
SYN045,5,2017-05-01,2018-05-01,168.9374362484241,245.82213742496154,118.10345929945477,190.2528221992088,187.61852136289394,13.638090292816392,5.400224229343305,145.51075408974347,161.0899658043184,7.269053286289064,2.525467409058837,0,3.288191800379296,21.790435258831444,8.864309572396866
SYN046,5,2017-05-01,2018-05-01,136.09662186617768,136.67578408431794,86.50905990755922,152.95184852243904,250.8929136317772,7.640450708176092,5.121756023366262,100.42555223649103,176.80442798231587,3.0453035111982456,1.4917638937347164,0,2.8010350539499687,-2.1738922091921706,-1.590546726149421
SYN047,5,2017-05-01,2018-05-01,68.38304394915701,42.791307529452155,14.626040880988832,18.16873283893348,70.13414890971879,-0.6897088030576087,2.5705575195922714,62.575903408551994,124.22181085620714,-0.9834136633574131,-0.2683109783775649,0,-0.6203848224743764,-3.8201747949650975,-8.927455166766684
SYN048,5,2017-05-01,2018-05-01,534.6676036960995,672.1075007053765,423.6086735410243,434.8328152323982,596.9349040177044,-36.014937028554655,15.294621771155729,125.7056713478,102.64964869523308,-6.033310631721159,-2.35474518869604,0,-2.9843950954239293,-2.518109124551117,-0.37465868509254285
SYN049,5,2017-05-01,2018-05-01,162.92023289981987,275.85995003786456,116.25259005402934,52.39694598736757,401.32218821075315,28.665200137144225,12.048021611757644,169.32209408728974,45.07163751191751,7.142690082734918,2.379245411476512,0,6.532929528682761,33.95474843236259,12.308690851173562
SYN050,5,2017-05-01,2018-05-01,203.9046818892198,165.17648345330383,68.8325403495094,61.402151344486455,203.55333138182667,-1.3155682498849925,3.6774765620205057,81.0067144721293,89.20512163681039,-0.6463015077936705,-0.3577366783167704,1,-0.3564441573885481,1.9834928857371033,1.2008324939898882
SYN051,5,2017-05-01,2018-05-01,192.8505601952684,221.43746728847844,95.57841062209474,91.1269235807486,355.362195409672,1.568430914600693,8.781037438732648,114.82334667022212,95.342581015553,0.44136121817700946,0.178615673323796,0,0.3785846586315422,-7.685715254773319,-3.4708287395469197
SYN052,5,2017-05-01,2018-05-01,104.93130387583928,68.50292503306908,32.091437983862065,30.808916338125815,153.47469563879926,5.16362068585342,3.6177695034980246,65.28359269615639,96.00353949118391,3.3644769024373478,1.4272939945070326,0,2.97727889029649,10.115947040585432,14.767175322370635
SYN053,5,2017-05-01,2018-05-01,120.45772380101465,527.1016543526835,193.4516359867742,236.44420865895552,444.4591686437835,16.00644136257989,14.649404705740876,437.5822800897418,122.22393853268866,3.6013299965037775,1.092634252660602,0,2.4718106018658816,47.809686431743756,9.070297168855843
SYN054,5,2017-05-01,2018-05-01,66.22976866740193,44.74790418468731,22.18756783585267,45.41147122993086,97.72584759465553,12.114907600306392,1.4053140205505712,67.56463911176557,204.67079386930783,12.39683041743087,8.620783272026303,0,10.916526981470508,10.360697672749636,23.153481401024045
SYN055,5,2017-05-01,2018-05-01,124.65172027607643,107.53778668448673,49.02601810877343,40.88212640361867,174.71286711859133,-1.4027496624488194,2.862796282626512,86.27059975290669,83.38863318027174,-0.8028885826117564,-0.4899928335668535,1,-0.6041399892748267,-3.1224485045385766,-2.9035826390027584
SYN056,5,2017-05-01,2018-05-01,375.2067427604729,271.7085060047884,170.03098400174116,295.9666872467401,642.5662887703227,54.03879249764906,7.327153419780954,72.4156778222516,174.06632619600046,8.409839333629368,7.375141395533186,0,8.353303249659138,110.85718077978837,40.800040605955374
SYN057,5,2017-05-01,2018-05-01,39.110911641836395,86.22905779123727,52.7295185729656,47.27947960991119,127.23023373540663,1.906339491296564,2.127283892674192,220.4731471894387,89.66415944891892,1.498338433662763,0.8961377923564867,1,1.5209350217006954,-1.0480946274986656,-1.2154773046878573
SYN058,5,2017-05-01,2018-05-01,169.98972064354177,155.79502792620374,62.82141222119228,98.7379295990899,146.54314171455567,2.22490124289036,3.980731862734553,91.64967583710344,157.17241320751697,1.5182568197044237,0.558917636155973,0,0.6829359731104916,-4.916472378697996,
SYN059,5,2017-05-01,2018-05-01,229.79727934674898,675.0394727339567,424.94694968779913,524.3286292012398,829.909893986669,80.56778072917747,14.86175969654595,293.75433627974616,123.38684383696707,9.708015449984702,5.4211467803440785,0,8.90412337296301,103.33153272197588,15.30748006534729
SYN060,5,2017-05-01,2018-05-01,74.63430520618466,68.90231626501593,35.71363782753546,49.26704687283473,126.0048972070183,0.5443540554439862,1.4051112186179475,92.31990044613727,137.9502337755397,0.43201023730819443,0.387409941811871,0,0.37924402139645336,-5.904344696923674,-8.569152703392517
SYN061,5,2017-05-01,2018-05-01,250.27604023177375,447.3352254878509,250.26146621620703,545.2577836470447,477.1067838433568,-9.635961468775253,10.760668095203668,178.73673607492995,217.87524539474373,-2.0196655748954773,-0.8954798515782001,0,-1.381279509417788,-1.9100355082786322,-0.4269807963805226
SYN062,5,2017-05-01,2018-05-01,131.93662621187454,76.91764891231581,34.271581713696314,59.956002718082935,97.8759773659946,3.102528083498185,4.689700258909128,58.29893572448579,174.94378642618088,3.169856554174352,0.6615621281134638,0,,-6.501978330689186,-8.453168320447856
SYN063,5,2017-05-01,2018-05-01,101.12163802207674,94.25474065346145,49.964381045523695,61.42826308632861,184.50530986565775,18.030973252837203,5.144825806966879,93.20927004058605,122.94410898507861,9.772603978696297,3.5046809997766135,0,9.228839931966014,21.540517431221886,22.853510902351438
SYN064,5,2017-05-01,2018-05-01,104.96441925739873,99.14792396839337,37.03351577059286,44.70770248939818,116.43704896947149,4.050299730006233,4.7679352624722995,94.4586028959567,120.7222742943006,3.478531761027521,0.8494871484278599,0,1.9843482593924913,-3.0938740257424264,-3.120462740832273
SYN065,5,2017-05-01,2018-05-01,133.34939450705141,153.4765568438412,66.04567048902462,71.02391685122625,234.20452053823985,21.78888536729306,4.020153641136331,115.09355360119424,107.53758168452376,9.303358157741226,5.41991359343526,0,7.596552984369715,10.107725944843732,6.585843566407414
SYN066,5,2017-05-01,2018-05-01,83.62614798314958,50.337680534593865,21.531648733046026,57.13736723953926,146.89838603049571,17.346340610230897,2.984783363891978,60.1937094420955,265.3645707671555,11.808394277817213,5.811591159370545,0,12.94852558497414,15.53137025076525,30.854362151413657
SYN067,5,2017-05-01,2018-05-01,125.97348289892219,84.1524247800473,41.727396062886854,59.782027342269714,144.45498804839747,16.379179595526985,4.277329676768514,66.80169734416964,143.26805164686755,11.338604375530036,3.8293002488181633,0,7.7949357965658885,21.890672482133148,26.01312147493042
SYN068,5,2017-05-01,2018-05-01,116.68293812613639,360.13418495064366,120.49258889986793,170.41232553163752,242.789847494772,31.48822955187594,16.88617680483979,308.64339785593336,141.42971537714573,12.969335364220274,1.8647340908364183,0,6.603837829625407,38.44991230970113,10.676551662256303
SYN069,5,2017-05-01,2018-05-01,199.46743700182756,460.00239597395796,190.3436590754099,167.08288362617407,671.9378489857722,28.892525341264506,23.147340982433146,230.61528382186177,87.77959005189638,4.299880619148793,1.2482006189476131,0,4.3811746794982485,32.43963683528518,7.052058232566615
SYN070,5,2017-05-01,2018-05-01,113.9273522413164,130.56532715615955,67.19668935754892,87.58184815844523,179.1207228132946,16.91150977757596,7.541248997054252,114.6040214114704,130.33655228522986,9.44140326812078,2.2425343314060977,0,6.916980017255497,8.088152294648,
SYN071,5,2017-05-01,2018-05-01,112.2651574344065,316.78364993275505,189.74863929245925,612.5971001948182,340.8367671469049,27.686976034547364,11.406135693821723,282.17450291097055,322.84663672903775,8.123236312300174,2.427375649190669,0,6.453106397019778,6.7520121435863025,2.1314269675911555
SYN072,5,2017-05-01,2018-05-01,56.48574461474505,73.79060672297388,18.651126794183025,38.34789113592176,126.57155682895592,6.912385130861685,5.127079255221908,130.63580417723938,205.6062969229389,5.461246826728081,1.3482110938350427,0,5.305940072686347,8.85405391863234,11.99889025424659
SYN073,5,2017-05-01,2018-05-01,277.3296566879915,178.28689203074708,100.51538784908587,234.29372941398668,400.4443809494925,35.669295062177,5.280767838346005,64.2869912146929,233.09239950977064,8.907428037222457,6.7545660316983405,0,7.82879708001923,24.822179473046944,13.922604847902194
SYN074,5,2017-05-01,2018-05-01,293.7719886838383,339.44931224563277,117.30149293714085,182.83355122403384,690.8019599112199,4.004168638331155,10.255781194027174,115.54856328080791,155.86634632349487,0.5796406018948991,0.39043038873168706,0,0.6323490117047001,10.379926600756718,3.0578723321276264
SYN075,5,2017-05-01,2018-05-01,538.0401912350012,686.235612616866,280.3755122429992,393.06237539588307,557.1010953370823,19.81265021629287,19.57977625353807,127.5435597184109,140.19140696396448,3.5563832816205347,1.011893596726506,0,1.6183159181907776,-4.432405296102608,-0.6459013806060334
SYN076,5,2017-05-01,2018-05-01,184.57950621352015,147.2045040123797,57.86213843914976,63.88295134746998,158.24327338276896,16.33633301626004,6.28779071188852,79.75127197604195,110.40544485691962,10.323556045725034,2.5981038117843887,0,4.923785508872841,-1.1827858393849837,-0.8034984033406432
SYN077,5,2017-05-01,2018-05-01,165.83645340737112,86.55931326998761,41.97578115563949,84.56954971735213,253.2514138736082,-11.448723427765326,3.5054123029567656,52.19558878129036,201.47224754146148,-4.520694772302086,-3.26601336399387,0,-4.536020385159787,-8.406464568975297,
SYN078,5,2017-05-01,2018-05-01,112.41364002295339,68.99783966162016,27.934068160707433,41.93267731810513,161.8732857868314,14.52112625434856,3.8372777115886896,61.37852990751986,150.11303429512066,8.970674922526268,3.784226044024476,0,8.004524454349276,23.4221545052279,33.94621428742558
SYN079,5,2017-05-01,2018-05-01,132.27069450750776,70.85171366039891,22.574363954993938,34.996216859431414,166.31469752858374,20.890560173919877,2.799403784283066,53.56569263071144,155.026369421538,12.560862319657295,7.4625033698988155,0,10.284714701024594,23.306259262772365,32.89441858030727
SYN080,5,2017-05-01,2018-05-01,203.20901654902173,366.88800900245604,105.37346475678244,150.61558242091863,553.2825056977304,6.3632056757728,16.563880496900087,180.54711116322375,142.93501952181387,1.150082572690117,0.3841615300812915,1,1.1161618795708352,2.7491599529234394,0.7493185619225391
SYN081,5,2017-05-01,2018-05-01,66.49030563330354,94.32861807100991,59.15655199970882,51.83433696024103,74.17297062163155,9.012665790075586,3.3804800732603355,141.86822751460295,87.62230929296923,12.15087614065057,2.666090494473241,0,5.60423212795936,6.8236219898789265,7.233883130506748
SYN082,5,2017-05-01,2018-05-01,336.73791164435994,387.4538521571768,107.58917736827753,440.9743276809329,696.7157597535435,74.35580942464343,21.61919582238348,115.06095356627965,409.86866752543216,10.6723306289133,3.439342056731776,0,10.267419921254513,94.73248844709569,24.450005573480777
SYN083,5,2017-05-01,2018-05-01,29.5649884740673,20.21757237001633,6.650734909167097,6.872216243952425,45.362567749147196,1.5050965662610207,1.0749770627414434,68.38349484813774,103.33017836089132,3.317926301227329,1.4001197034127144,0,3.0233409867662377,1.6198107267422654,8.011895281475661
SYN084,5,2017-05-01,2018-05-01,307.5863336186177,214.10258608526925,92.47340340302085,150.42815319320368,267.0005023376882,32.448578488246035,7.1118841541435565,69.60731433235237,162.67180362942022,12.153002786192056,4.562585355013229,0,6.219909463797697,42.24927379888998,19.733191724299694
SYN085,5,2017-05-01,2018-05-01,104.17970680913847,109.18155532629127,36.43831448108933,120.86420074595576,109.43733338846766,16.90047714668049,7.5677301334078795,104.80117353979158,331.69536644918514,15.443063736475725,2.2332293631974314,0,7.921061666739212,17.817267053396538,16.318935007061658
SYN086,5,2017-05-01,2018-05-01,323.41466142375157,345.1237947186317,160.10096801480134,247.16501422176015,303.72979853912915,30.859885592163288,21.533159856266717,106.71247654615011,154.38071192605764,10.160308847071402,1.4331331675495944,0,4.616022505306837,42.996837248827326,12.458380994530168
SYN087,5,2017-05-01,2018-05-01,152.9446491958383,293.706697261463,161.68697284729575,253.38076462682952,286.59110765818485,23.299355617130818,7.1227797489810785,192.0346339710032,156.71068618875893,8.12982503452961,3.271104321380121,0,5.216452564608618,14.530603168847865,4.947317614590334
SYN088,5,2017-05-01,2018-05-01,144.0754171036846,406.85576023342145,149.70712364195217,224.79711718662185,311.9883580323114,22.621748334677232,13.81319468872742,282.3908258690833,150.15792950792311,7.250830921176356,1.6376912687068863,0,4.106093331660434,19.859321186209765,4.8811699691350245
SYN089,5,2017-05-01,2018-05-01,241.6192658876635,408.8053509127278,117.14485024060282,169.9341650777025,591.1418518975792,14.59180021123226,22.07159773948057,169.19402077100693,145.0632825332707,2.4684092598742993,0.6611120945327478,0,2.243426806785564,6.562082655719063,1.6051851183131756
SYN090,5,2017-05-01,2018-05-01,144.05597402343264,106.14574647873361,49.188148376360495,78.82881737270469,187.5517756307567,3.2593542615174123,7.31691693726214,73.68368247016787,160.25977796429783,1.7378423907509566,0.44545459371266344,0,1.3026905870094496,-0.38100726358487735,-0.35894727412483973
SYN091,5,2017-05-01,2018-05-01,282.0545465214267,112.3206409770388,64.74933041774342,278.38740499794955,309.481199003713,55.63729397163069,3.3318914044327097,39.822311805389106,429.9463843129756,17.977600626706625,16.6984115681596,0,14.10770650266814,62.90580721732972,56.00556288686891
SYN092,5,2017-05-01,2018-05-01,370.0666211703447,406.8956921285559,163.88888217118398,206.000544331946,679.0121632510421,53.88960811438747,14.296350781534269,109.95201103026756,125.69525254115521,7.936471690929576,3.769465994356645,0,6.935935912461164,78.54688395381092,19.303935989814946
SYN093,5,2017-05-01,2018-05-01,297.99151511605714,160.18803639155595,54.47120924510617,61.90517164070894,318.29889338765383,41.9609047764673,6.434568285069954,53.75590520729035,113.64750755238771,13.182862287040198,6.521168618853366,0,9.158179285478235,59.15736100804615,
SYN094,5,2017-05-01,2018-05-01,77.12609495804419,219.98898105749208,86.30626359123312,82.357791857432,189.18222420555404,15.282561692325555,4.747571308493766,285.2328789330821,95.42504614438876,8.078222865019518,3.2190273087597205,0,5.143650701698633,9.688066062672869,4.403886965657149
SYN095,5,2017-05-01,2018-05-01,123.85657920758148,163.70164896166955,89.81964273045175,37.42419173876279,267.8883059751676,24.0233314830039,10.682433090347926,132.17032959331812,41.66593253000636,8.967667101239867,2.24886327672954,1,8.35424937618695,7.7528325368289615,4.735952622349133
SYN096,5,2017-05-01,2018-05-01,53.32014510519873,70.08993558436777,18.125723938767702,25.659518815436396,62.36749232439503,8.505276409189909,2.6453565089368563,131.45113436222434,141.56410470621393,13.637355122362475,3.2151720875641443,0,6.891881410064562,6.804472153350402,9.708201465187265
SYN097,5,2017-05-01,2018-05-01,267.74448355550663,240.98701332411906,92.94469089310435,189.04822476174752,345.2204122266518,18.065381850259527,12.218892579681038,90.00634116674885,203.39862658661355,5.232999327513357,1.478479472051395,0,3.5510641588079412,26.497234520637537,10.995295619934378
SYN098,5,2017-05-01,2018-05-01,83.46233076394417,93.2405616130439,36.1521356326496,60.828456872769785,104.5127130629333,4.787154017689688,3.5614891755867513,111.7157414124408,168.25688388332605,4.5804513894946535,1.3441439189271185,0,2.7091543060180925,0.4698452986418564,0.5039065515196633
SYN099,5,2017-05-01,2018-05-01,246.25161795793636,203.13241127601617,80.25318093005261,132.36134605875299,266.46834714107126,15.356489888752023,11.895069842125602,82.48977731009848,164.92971932678535,5.762969618534891,1.2909961935967815,0,3.417230896017741,50.714486826464466,24.966221051525675
SYN100,5,2017-05-01,2018-05-01,80.59938130879657,126.28807128791259,31.685299043723607,54.45334976584265,82.21083855514081,10.143295919305828,7.045999726770658,156.68615470393144,171.85682764332017,12.338149199758464,1.4395822186548297,0,4.902808648854315,6.605885298958681,5.230807020481396
SYN101,5,2017-05-01,2018-05-01,61.3738115854337,37.6278613693387,15.126920160598177,30.19857461951858,52.206480746030174,2.7031121902266295,2.1709162576952274,61.30931157332454,199.63465331282885,5.177733016282996,1.2451480708410247,0,2.730370214512951,6.0577854106331195,16.099202001337616
SYN102,5,2017-05-01,2018-05-01,53.99261212565318,86.77620535075773,49.645590333495306,53.632576500309305,80.43093675882898,5.373475933291396,3.16718641456213,160.7186648958743,108.03089688335125,6.680857080408858,1.6966086708964019,0,3.8172345478371636,9.302087913096269,10.719629736626922
SYN103,5,2017-05-01,2018-05-01,48.00462807977726,37.016008906016765,23.67101714098727,36.41048327330216,34.37472385717923,1.9074001493191355,1.3452697439547736,77.10925047581061,153.81883700407624,5.548845009618226,1.4178570193007032,0,2.2434554914447893,3.6436641899721227,9.84348204373774
SYN104,5,2017-05-01,2018-05-01,853.0185990288837,877.6439222815077,372.9173609642437,428.9189185098501,647.7188004336414,-11.178422705110473,61.3851846919658,102.88684482151487,115.01714948341488,-1.7258141492305963,-0.18210294163330137,0,-0.6459042457709547,-92.56839800331947,-10.547375268398179
SYN105,5,2017-05-01,2018-05-01,226.855943088605,164.36705550940601,104.3274488344932,142.27029285349016,395.7962904050276,18.854463641016338,3.726584388795471,72.45437490928234,136.36899439493638,4.763678715058729,5.0594489950918815,0,4.819364840150834,15.256253232468676,9.281819392083486
SYN106,5,2017-05-01,2018-05-01,114.29313283327137,248.3920642176297,115.8984693310746,114.73943564119004,397.39009802525686,-3.791695613675236,9.200121443138562,217.32894887042713,98.99995772457213,-0.9541494950471181,-0.41213538724568444,0,-1.0454508881273945,13.245565477333566,5.332523613044422
SYN107,5,2017-05-01,2018-05-01,234.59677929222943,177.09018325562997,91.72059563834249,69.33760938705367,447.0293427665681,28.135794710383003,12.182493845878014,75.4870479423908,75.59655375598986,6.293948074248693,2.309526691852411,0,6.834269061195292,37.16126294555609,20.984372065341276
SYN108,5,2017-05-01,2018-05-01,322.9680416778584,618.843623967113,229.7725515743862,295.8241987787288,781.9049599955881,-55.92435136005716,13.820335993905772,191.61141169019226,128.74653510689643,-7.152320834538857,-4.046526175971237,1,-5.937954837473695,-56.86562884427539,-9.18901425851927
SYN109,5,2017-05-01,2018-05-01,182.70501752009224,157.40959275206967,69.66637137945841,49.16164818753841,169.0552104800928,10.819104724061821,9.184306932419382,86.15504647252459,70.56725822529928,6.39974638660181,1.1779990372351148,0,3.1810173386566087,13.490802325465225,8.570508372202013
SYN110,5,2017-05-01,2018-05-01,236.81837229681986,170.83207722859407,102.9514198671436,140.36411770089106,354.18474697468616,29.001164928007633,5.274812660229618,72.13632775690186,136.3401475006636,8.188146207798262,5.498046432372289,0,7.114223708515653,32.16133554965372,18.826286064892805
SYN111,5,2017-05-01,2018-05-01,135.57436729321316,54.52628478385453,17.508234737662164,71.49753032211188,112.29296646523345,10.80504048173423,2.3951266355156724,40.218727088674456,408.3651572726103,9.62218812260119,4.51126062460071,0,5.683852403280456,6.959944987720372,12.764385131519619
SYN112,5,2017-05-01,2018-05-01,63.99427539156395,51.08310017008117,25.101632241269986,58.40549102424659,70.7814752451307,-0.07115919945406625,1.073215512537235,79.82448407692291,232.6760684837905,-0.10053364839829548,-0.0663046691207768,0,-0.06183595959394069,-3.3923123632844434,-6.6407722945352585
SYN113,5,2017-05-01,2018-05-01,126.40248078731722,54.03933861532613,17.452157813794038,51.676682964904096,121.73702616445728,6.7234591587771035,2.1640999198395634,42.75180224211885,296.10483423464854,5.522936916246198,3.1068154927317546,0,3.726109158639203,8.515964131549277,15.758823756466292
SYN114,5,2017-05-01,2018-05-01,162.61991019869566,232.76415050924027,145.54662452500554,181.95122687407067,280.0101110074465,42.01489101076526,5.197107176016119,143.13385748697038,125.0123302191805,15.004776384538461,8.084284119569011,0,10.626349209813242,80.51603640798817,34.59125309109482
SYN115,5,2017-05-01,2018-05-01,155.93073289943953,124.28018383348815,50.03934303698795,39.40531015585851,99.61685691469167,-2.6113852941564004,6.576724270497152,79.70217385795078,78.74865608593421,-2.621429118560424,-0.39706473720830004,0,-0.9319356021540526,-13.402075646117263,-10.783759110039215
SYN116,5,2017-05-01,2018-05-01,44.90616765479629,76.58998108441894,44.807719100617085,112.75129279659865,99.77105311946791,5.434057438632795,1.9492104381550686,170.5555942185563,251.63363603358658,5.446527092508429,2.787824922472784,0,4.472617029447328,7.1353106909567785,9.316245532287184
SYN117,5,2017-05-01,2018-05-01,124.83989219234537,91.6103732452095,51.787849184973304,56.768834148467505,229.31533018780598,16.36701796250013,4.567837169885717,73.3822912183087,109.61805721203706,7.1373413845013225,3.5831001311523587,0,7.561560587331299,10.328661286171101,11.274554311142062
SYN118,5,2017-05-01,2018-05-01,510.7516836452789,495.9348410188608,132.6827421912968,229.46978163197736,797.2352785664677,70.71875125702198,25.815378323209913,97.09901247497238,172.9462157943169,8.870499482183408,2.7394040238968973,0,7.024902938937802,104.24161992437178,21.019216901602476
SYN119,5,2017-05-01,2018-05-01,71.85431713622968,132.01254611070775,43.26252278908977,60.09890084026713,166.06065155002625,14.889478823482655,9.207707686337555,183.72249764815547,138.91677360854985,8.966289536083842,1.617066845592388,0,7.303530640704224,19.22219020900727,14.560881352055164
SYN120,5,2017-05-01,2018-05-01,112.34548606418824,132.95184704119927,85.84326102588388,96.99905065459376,219.30976224446388,10.745383798812622,6.134387090876951,118.34195720621803,112.99553336556743,4.899637703694547,1.75166379943534,0,4.380554677370285,19.546740510869327,14.70212031338847
SYN121,5,2017-05-01,2018-05-01,1694.5303745022884,1162.3984650929606,390.154532226332,441.0741675162358,2709.8240774194455,247.47776909536188,61.891993443709104,68.59708640126183,113.05114540111632,9.132613853333016,3.9985425468714855,1,8.662370783110681,444.5743843177901,38.24629829343728
SYN122,5,2017-05-01,2018-05-01,316.1920286186558,780.2090798197493,346.6263406057763,459.2641787876371,876.3249455978173,86.49547927492011,38.678449049335555,246.75166013142046,132.49546413149415,9.87025186369812,2.23627062100118,0,7.889036102682794,131.7630632811634,16.88817352799899
SYN123,5,2017-05-01,2018-05-01,102.34844154999224,139.9836715848102,72.31831605844205,73.51878809833629,232.30882248231558,6.571592398112524,4.02660388527638,136.77166888411776,101.65998339746201,,1.632043425513523,0,2.711812443304588,0.8123030698890048,0.5802841579254225
SYN124,5,2017-05-01,2018-05-01,138.6459743560301,130.5620067945691,82.94484760476678,165.64076598899229,223.47936903234105,24.167494752748798,6.707095445167613,94.16934563083518,199.69988585460132,10.814195000367741,3.6032728250738115,0,8.97725789906248,27.07745995010536,20.73915728999938
SYN125,5,2017-05-01,2018-05-01,202.19535537183629,202.77468893098634,50.73748863094025,75.46140610972562,201.96373519050562,14.211262711107514,7.252540059495908,100.28652169486517,148.72909193165793,7.036541831484007,1.9594876546045958,0,3.509213313684214,2.718661349022643,1.3407301292657534
SYN126,5,2017-05-01,2018-05-01,46.4395335088685,31.92305724127333,18.560995274516227,31.423996156320708,62.88634165081826,4.149171670140738,1.0168471633669207,68.74112384263512,,6.597890036566867,4.080428032470741,1,5.294837281950416,4.038582787039383,12.650990024282192
SYN127,5,2017-05-01,2018-05-01,50.27668055365426,101.95250321172733,64.69497223437256,85.10638673949545,92.37741492839608,2.078902828223013,4.5104436290060415,202.78288480665637,131.55023304002327,2.2504449056454114,0.46090872632879737,0,1.3656401333840533,0.14962672348656358,0.14676120622151867
SYN128,5,2017-05-01,2018-05-01,454.7309250989203,250.1936420108722,113.65749143755868,205.23958360497767,440.9730721590654,27.226125935307294,14.548194628821404,55.020151083070964,180.57725980845927,6.174101697866584,1.8714436141354378,0,3.8622750866713385,27.08194307187801,10.824392999843361
SYN129,5,2017-05-01,2018-05-01,103.2471646551184,81.35477887519613,39.73483585347081,115.43629989497211,89.27819130120761,5.7556332032211355,4.527183242600303,78.79613851571568,290.51661449078017,6.446852382798309,1.271349732226708,0,3.117861650398047,1.1235998557118716,1.381111068392862
SYN130,5,2017-05-01,2018-05-01,91.94839825499668,66.49430179123834,30.173559758707942,97.11389390938422,173.9582460314425,20.783511744203885,4.546819576163559,72.316976753453,321.85096715795237,11.947413944635494,4.570999881578819,0,13.117367816970468,23.2487586478552,34.96353525275843
SYN131,5,2017-05-01,2018-05-01,86.25363087757275,79.12795486008807,34.48246170655643,84.10099118270482,133.73574726014436,17.48256783944684,1.875655141323433,91.73869442365995,243.8949744899275,13.072471794276172,9.320779419563989,0,10.57104862156712,12.680881335305958,16.02579184275387
SYN132,5,2017-05-01,2018-05-01,73.1739766118284,77.13915451021448,41.21388137191369,85.80628240522182,79.28187742166352,9.370444297254108,2.406450186330014,105.41883615184736,208.1975284756772,11.819150355657023,3.8938866677912074,0,6.2339492413646935,1.5471256653818068,2.005629534320268
SYN133,5,2017-05-01,2018-05-01,319.3775505988382,156.75495710060184,44.870028014358724,62.944534677038746,180.28051251758347,16.816349135196354,4.4747440652335415,49.08139498430109,140.28191526177798,9.32787959184229,3.7580583135135557,0,3.53186326563775,26.70348973259507,17.03518040291215
SYN134,5,2017-05-01,2018-05-01,252.92323437563797,149.3074850141576,51.962255167682315,107.05349621510508,391.9923317026276,37.93111505765713,4.12560214969962,59.03272800647815,206.0216514268736,9.676494153062247,9.194079720076463,0,9.430188503553522,41.876728697716295,28.04730700121663
SYN135,5,2017-05-01,2018-05-01,69.35397414839737,83.48452922242112,40.53955669040609,44.98963095341858,94.03887527574152,1.658674975823866,1.8152029675688022,120.37454269569103,110.97711624475072,1.7638183899587125,0.9137683253379745,1,1.085246805773523,7.174543475432614,8.593859895068768
SYN136,5,2017-05-01,2018-05-01,87.42447915504323,47.07512851548908,29.36455684285242,63.76768620895107,92.96220979491704,13.535441768841775,1.0355589894249722,53.84662164472669,217.15868742787674,,13.070662228868072,0,,8.79674224851852,18.686602726159606
SYN137,5,2017-05-01,2018-05-01,67.01972385030253,92.78592924123592,56.53753553011971,54.99136126733011,99.3301325082619,5.977624327930576,3.938666434423114,138.44570510091273,97.26522522021517,6.0179365284078115,1.5176772208195646,0,3.7405587426287896,10.779646711493237,11.617760149243132
SYN138,5,2017-05-01,2018-05-01,90.29466172643124,47.531570150254595,19.90055151501073,74.80517678555184,52.208227476609395,4.531685792718186,2.180358908613003,52.64050968401939,375.8949933077345,8.680022310178018,2.0784127671902137,0,3.287970461800566,8.58772054823787,18.067403456462234
SYN139,5,2017-05-01,2018-05-01,135.00032412721774,143.6687746372166,49.283219582657495,88.87559481969363,169.20934810772684,10.711109224851183,6.757515225231879,106.42105903525841,180.33642195520946,6.330093073836544,,0,3.8436659365326835,14.987936179845883,10.432285106970866
SYN140,5,2017-05-01,2018-05-01,166.14301864150175,129.30133377838462,45.907203246034555,59.792944550433994,243.47282220249122,13.304825680988122,3.7442518125176507,77.82531871374447,130.24741287327035,5.464604041071483,3.5534003446317093,0,4.503327131492859,6.0008178338140254,4.640955865234227
SYN141,5,2017-05-01,2018-05-01,531.1014476555533,810.28165113133,287.57976573087006,499.1534664382913,1398.466690746753,127.1843477214109,39.95643026202451,152.56626671009178,173.57044059400943,9.094556814470641,3.183075837540216,0,9.4815826915095,206.30958302123787,25.461465495755046
SYN142,5,2017-05-01,2018-05-01,681.9299961904231,445.8372019953812,162.87474498459005,364.87057978886753,679.843242254876,49.76063641682731,27.847251981238575,65.37873454548624,224.0191257542038,7.319427968686323,1.7869137123602845,0,4.412314571382758,7.434658293590161,1.6675724368257594
SYN143,5,2017-05-01,2018-05-01,68.27672616957918,69.93274842232938,41.16945619239751,45.54321555654283,142.28951423595439,-1.590103628488041,2.005633017244516,102.42545644124345,110.62379678688347,-1.1175128659524556,-0.7928188331645241,0,-1.1505026216061842,-1.593552078892634,-2.2786921933470246
SYN144,5,2017-05-01,2018-05-01,152.19160681186682,173.08280300600697,108.4761679940618,172.0121055360831,254.71987465792103,30.272671643954467,7.642345436001402,113.7269042832073,158.57133296366018,11.88469163806299,3.9611755183620194,0,9.306810105628847,24.191660678509574,13.976929110438537
SYN145,5,2017-05-01,2018-05-01,74.88195791667536,64.04878107834901,32.918251650330205,54.11147315587178,94.35098079144345,7.153635812338157,4.201048429408902,85.53299467625976,164.3813703433092,7.581941122743379,1.7028215533674986,0,5.149066264301924,5.587065989415139,8.723141791848692
SYN146,5,2017-05-01,2018-05-01,86.00363988837626,77.61570094609243,45.96300509461701,33.669171066811096,101.87143360140817,0.8537115131184666,4.7385966545923806,90.2469954141819,73.25276273277068,0.8380283686384342,0.1801612534991974,1,0.5217668698360998,2.8092049945563096,3.6193772140348606
SYN147,5,2017-05-01,2018-05-01,188.34449722011487,546.0160269104241,183.42225135682065,251.6775782652451,266.9369832277192,-7.56654762761867,36.43126200831895,289.90282963898056,137.2121301551598,-2.834581981157621,-0.20769381049415403,0,-1.0303587106043366,-8.906245625459054,-1.6311326383319067
SYN148,5,2017-05-01,2018-05-01,372.0020025733342,235.1829621280496,67.66447140881999,135.89263646269967,346.25789421005396,50.00193350711929,15.298100059512365,63.220886043936574,200.83307182236587,14.440662391594778,3.268506109425534,0,8.235041447660098,41.87556828804832,17.805528048944467
SYN149,5,2017-05-01,2018-05-01,280.2493937617433,145.67204288792766,88.55259854751475,197.43239732473663,196.76044111759865,25.253890821453197,3.9054881251512947,51.97943193831568,222.9549449289172,12.834841535224855,6.466257228851486,0,5.929236861169079,28.928388553825936,19.858572709165546
SYN150,5,2017-05-01,2018-05-01,112.67267171239622,92.55072089113814,53.030114124863644,57.529765733156765,221.74527167071443,27.11088855603125,6.265673376391511,82.14123219459944,108.48508754421748,12.226140540344945,4.3268914492387385,0,13.210428018021346,35.721321453998215,38.596481053902394
SYN151,5,2017-05-01,2018-05-01,62.26770612926266,51.89845490875489,32.36877959185359,42.57550291774528,110.04911436112728,5.718121183763108,1.9955843228612355,83.3473049433007,131.5326170915028,5.195972013912838,2.8653869036035324,0,5.008595482035139,7.439702167167087,14.335113020700089
SYN152,5,2017-05-01,2018-05-01,62.84010544848498,174.95324814080877,94.18733614444155,102.24878819128381,118.1674055694078,2.9976743941107857,9.144699838290308,278.4101759412734,108.55895535093971,2.536803088521772,0.3278045695451969,0,1.260621606476116,-4.1498742661579735,-2.3719904090137285
SYN153,5,2017-05-01,2018-05-01,239.89487875140188,289.5677324860159,94.03035661125851,149.64553848730137,505.47637057120585,34.47155241503899,9.038619786680814,120.70609176533901,159.14598633924982,6.819616983497159,3.813807110886089,0,6.510667926952354,23.1697120729453,8.001482718404832
SYN154,5,2017-05-01,2018-05-01,116.74152818167636,101.31549217311935,26.81534771247337,45.152670842001626,224.69129988114176,25.88121529389645,3.3370494024457336,,168.38368581362272,11.518565831248123,7.7557183525446245,0,11.869012633386303,24.415473621851106,24.09846026324583
SYN155,5,2017-05-01,2018-05-01,50.650132368927814,50.92816492107846,23.87569286256606,37.82104711161237,87.40707714849276,3.7154239086625256,1.5420486969505747,100.5489275923812,158.40816569939545,4.250712905489935,2.409407638040118,0,3.6576946136978274,0.9162916427821961,1.7991844870164477
SYN156,5,2017-05-01,2018-05-01,242.67437378013656,324.8334887398641,85.49308137170094,65.99134009099984,236.50962734783798,3.4854736344735726,16.18383317848456,133.85570288281193,77.18910002095635,1.473713215634744,0.215367620021399,1,0.614171866975805,32.73772836044272,10.078310733121494
SYN157,5,2017-05-01,2018-05-01,113.20060638895497,81.98104612682395,36.163488386100155,116.40503650165635,194.37770399144088,17.75765478983322,3.182141182796207,72.42103089548722,321.885530673523,9.135643865108701,5.58041072653767,0,9.09801436812697,9.943219064886346,12.128680389738225
SYN158,5,2017-05-01,2018-05-01,50.39596391440516,67.66303797573784,34.51623120693177,43.430617868260896,66.42077836662409,8.293357101557495,2.6104768827999467,134.26281138437966,125.82665125831838,12.486088398092066,3.176950984014155,0,7.024756239490049,5.70233222863273,8.42754389874932
SYN159,5,2017-05-01,2018-05-01,473.6633159992638,542.8609911292997,177.59639282161118,193.21020562480072,413.56039839161673,-15.619150718918855,34.86918028375688,114.60904249763422,108.79173982935174,-3.7767520245322093,-0.447935701149669,0,-1.536525059891504,13.511678578319186,2.488975778165823
SYN160,5,2017-05-01,2018-05-01,143.23257409545963,353.8329803787183,179.48348556397488,223.44234820005644,289.69621414700504,28.210238965858654,21.93623370128217,247.03387662564847,124.49187037902321,9.73786939153561,1.2860110513962006,0,5.675355838265825,17.70849650952585,5.004761424605446
SYN161,5,2017-05-01,2018-05-01,271.3413722367559,459.79093023015827,175.73391678149824,45.057822006723164,787.5262165952503,-39.50820324039846,20.63430394389256,169.45109639564026,25.63979841338572,-5.016747685074684,-1.9146855327820391,1,-5.403700959059502,-64.59323064883712,-14.048391649766469
SYN162,5,2017-05-01,2018-05-01,262.0939603421433,269.54810605439746,169.00972151153704,178.62555425779598,320.21784481299795,14.47483205849771,18.14367191391059,102.84407382090123,105.6895145795519,4.520307750790959,0.7977895614062546,0,2.7226649231517426,27.414561839533974,10.170563704128362
SYN163,5,2017-05-01,2018-05-01,592.159220083324,293.1841337311947,186.68855414845092,325.5129769753533,666.6653444856028,81.26844617324107,8.03566839025798,49.51103078154219,174.36150730296623,12.19029110264425,10.113464397282328,0,9.179313971590165,68.05488216964268,23.212334618366032
SYN164,5,2017-05-01,2018-05-01,162.45176450475515,416.58699624889493,247.72320514753477,311.0046599504694,477.1512761414044,13.779145641254997,14.359858522568562,256.43734773758086,125.54522688548556,2.887793940882499,0.9595599858869854,0,2.379658595448895,14.555246139651492,3.4939271438408714
SYN165,5,2017-05-01,2018-05-01,155.33982424049015,92.65321303543391,52.43224048769537,106.7933916364357,225.34175956451168,15.201153427508448,5.237289437725676,59.64549882069672,203.67886369741845,6.745821749544209,2.9024848842628868,0,6.129669443338127,0.48351576775553085,0.5218553700567482
SYN166,5,2017-05-01,2018-05-01,35.98455784751275,31.39024136603443,18.58478448145695,19.03890815184325,66.37636211730901,-0.23750087601858602,1.3379388596061657,87.2325331856318,102.4435240066378,-0.35780941956240886,-0.1775125031412097,0,-0.352506988949707,0.3064931701511727,0.9763963474419515
SYN167,5,2017-05-01,2018-05-01,31.27961106137177,62.02161826255881,18.39695040008757,23.684700989303348,92.25175593808738,-0.11181487538941673,4.271359950380765,198.28129621199596,128.7425387046247,-0.1212062299003378,-0.026177816126090974,0,-0.11984287473984828,-2.0980023006900606,-3.382695194776274
SYN168,5,2017-05-01,2018-05-01,166.45804468773423,213.69590628735764,118.30385355310369,189.83048771445553,300.7606545745339,21.306480507708116,11.458654536310803,128.3782389059291,160.46010507108738,7.0841980769888195,1.8594225386751115,0,5.604697900168381,30.36391063020693,14.208934161507273
SYN169,5,2017-05-01,2018-05-01,202.33147889678102,210.59925912069727,122.23147766407702,80.16859685343377,158.52943773882012,6.884900656062353,8.083244407775283,104.0862550251679,65.58752163150423,4.342979294107723,0.8517496575310476,0,1.667325781829042,12.535055376667653,5.952089019213332
SYN170,5,2017-05-01,2018-05-01,139.8987109795705,146.43906671556923,87.41401688832094,150.73502845827352,297.8515146800493,8.478643448568254,8.61660169592703,104.67506504541977,172.43805264189004,2.8466007492612464,0.983989250956791,0,2.9610635092639996,2.441387981882273,1.6671698588630157
SYN171,5,2017-05-01,2018-05-01,162.41212973062042,128.11894068947223,33.193364187038455,42.374609858273544,263.4082572383346,25.34448039044289,8.420658634493218,78.88508136798188,127.65988291967174,9.62174863315349,3.00979786624116,0,8.723500847532797,13.989153409908761,10.91888001463805
SYN172,5,2017-05-01,2018-05-01,200.275401109345,157.07158350186222,83.55453641187918,151.48999718587282,283.79957534625737,35.989614801093374,4.4512466841121965,78.42779624049054,181.30672934274705,12.681349067271602,8.085288764055889,0,10.071335802721268,37.499345552734155,23.874048199361006
SYN173,5,2017-05-01,2018-05-01,64.0799681353359,44.56145052043897,13.656442012423396,32.48368637150927,66.09089828375909,2.2290605041178826,2.29946310867987,69.54037559183217,237.86346650143977,3.372719333526812,0.9693830249782065,0,2.051759385783201,4.039247991695066,9.064444591727074
SYN174,5,2017-05-01,2018-05-01,194.10862286295446,144.42240000767512,72.45258538593643,253.72984496612696,212.48565269762736,19.111815222533778,5.966789398238055,74.40287704768322,350.20122969328537,8.994402671379602,3.2030316384515505,0,5.645513684527932,3.146274300009914,2.1785223759214007
SYN175,5,2017-05-01,2018-05-01,357.27496152332685,480.710690880225,230.430757507022,599.1063445825745,611.1121722028088,83.00495121876331,13.256787228116384,134.54922472893162,259.9940871887806,13.582604797342606,6.261317300372575,0,9.905295034668482,100.83511782919508,20.976258640005863
SYN176,5,2017-05-01,2018-05-01,133.09700490603564,273.18114414258116,106.17693851359455,246.55396746834842,179.93590406086,4.49495409379268,7.973355440853602,205.2496555692164,232.2104695425744,2.498086258689286,0.5637468600435884,1,1.106373577884642,-1.8475603207851865,-0.6763132670023855
SYN177,5,2017-05-01,2018-05-01,441.0788002852063,1014.7507308436932,272.5651987457093,295.6186710880172,1188.9482811477358,158.57701094453662,51.869198877550765,230.06109796878573,108.45796618511658,13.337586963114694,3.057248123667657,0,10.89255352730554,184.08585216709622,18.140992321734217
SYN178,5,2017-05-01,2018-05-01,176.78657129611923,372.5464224845953,174.93436187782592,248.51797083185002,321.52896145187873,5.556793095325589,17.390078880896468,210.732308315758,142.06355353181834,1.7282403022836996,0.3195381190265845,0,1.0115527663979669,17.371933571885744,4.663025202611916
SYN179,5,2017-05-01,2018-05-01,208.67638816854688,276.7358354934037,114.53122711678697,116.70994497604393,188.3890041889702,-12.867987995686592,11.192942110375743,132.61482907682185,101.9022915532332,-6.83054090714281,-1.1496519743239,1,-2.650940245923448,21.609366785952403,7.808662274412048
SYN180,5,2017-05-01,2018-05-01,158.99900502306576,221.02948195964592,134.18305234459308,148.31879215359808,194.91025374426079,17.025341752094103,6.307964246258677,139.01312270952985,110.53466854569925,8.734964644001147,2.6990231852046436,0,4.480017244830549,14.603223919275711,6.606912249806507
SYN181,5,2017-05-01,2018-05-01,30.08251320895396,20.86435868213753,7.3996048734985,13.711606229905662,24.226029335699046,0.7306537856996704,0.8400496439391346,69.35709971175987,185.3018703608545,3.015986547258869,0.8697745317449472,0,1.4341484738485615,1.9771205172561221,9.476066565845523
SYN182,5,2017-05-01,2018-05-01,209.2892923030713,168.6526950246099,106.58401284849498,188.5570273928014,146.54989092758217,13.683901818001774,6.429154729993036,80.58352779003349,176.90929657605204,9.337367453083736,2.1284138261852963,0,3.6206355146610454,-10.933556705152464,-6.482882887556012
SYN183,5,2017-05-01,2018-05-01,87.08031804575137,116.44227127448194,51.85304670931181,124.47425247053029,85.7237544148909,3.1229354386426174,4.430798165535121,133.71824298264966,240.05195522711128,3.643022240402642,0.7048245760626858,0,1.5344416799497496,7.36921440141887,6.328641927679246
SYN184,5,2017-05-01,2018-05-01,272.8502359293174,281.18076795988577,146.2650793628904,90.89309305024646,574.6388109692806,3.4209292700212477,9.312227810964854,103.05315185167235,62.14271611936607,0.5953181728625229,0.3673588468264502,0,0.6174617026857535,7.181762392090753,2.554144241157819
SYN185,5,2017-05-01,2018-05-01,189.86515615497535,223.32242405863155,78.74638794299167,220.13560263863346,248.25762521319214,19.100963942117204,10.014745408874353,117.62159449433,279.5500954253296,7.694008965772626,1.9072840259315322,0,4.622831095804602,27.598606098187204,12.358188486679424
SYN186,5,2017-05-01,2018-05-01,147.3452017627947,126.10187223843502,45.03203671768769,83.08125012566865,246.74584253959543,14.480944836139203,8.456227162822877,85.58261194106716,184.4936542544521,5.868769535120106,1.712459298610557,0,5.295702976172304,27.56336349537087,21.85801289552126
SYN187,5,2017-05-01,2018-05-01,123.34779496272898,238.98396635620844,87.18935461090437,89.44649778472885,247.72177465518848,43.052409953970916,8.059595790810164,193.74806532084364,102.58878298147442,17.37934019482013,5.341757958018291,0,11.882041418962066,47.81037395506714,20.005682675717757
SYN188,5,2017-05-01,2018-05-01,140.10414190433278,39.04953200169199,11.466734473343513,30.57666543601517,67.6549856549806,8.26218024714365,2.0940127066502634,27.87178984926524,266.65538917898664,12.2122267371073,3.9456208746509667,0,4.611783876381784,9.619945617564593,24.635239206318186
SYN189,5,2017-05-01,2018-05-01,457.4816081402545,470.3381592340145,282.6324248727453,266.74513810789585,985.6927213410546,-4.247459536324536,11.34645933289449,102.81028807825176,94.37881666549666,-0.4309111190905197,-0.3743422870261155,0,-0.4577892911621027,-33.39167635843083,-7.099503985135291
SYN190,5,2017-05-01,2018-05-01,181.72300145108906,179.97577028553238,88.74992845508689,136.7691934739095,138.9235231424409,11.74013797879831,7.573598070634502,99.03851953159219,154.10625772292696,8.4507919992505,1.5501400878822638,0,3.2458329682543514,21.877209419570995,12.155641498220957
SYN191,5,2017-05-01,2018-05-01,191.88868501350632,127.83225460098303,59.619719398437745,63.224819467657426,145.81603821592134,10.825922671660592,4.420963061590685,66.61792204787135,106.04682495254103,7.42437032586895,2.448770216090738,0,3.3860536894187128,6.641062931857782,5.195138701564224
SYN192,5,2017-05-01,2018-05-01,187.4716915789259,413.7617051695847,222.81311015170667,253.69371589107024,399.4445150587126,15.13122039182916,19.700455409129894,220.70623126339598,113.85942044358966,3.7880656314945487,0.7680644978804303,0,2.516696589653749,39.693652046726285,9.593360514225795
SYN193,5,2017-05-01,2018-05-01,149.4891309843115,239.80838910141017,115.77190173277668,206.86893028155114,171.27907744638267,8.331373738463364,8.817528070881126,160.41861205720534,178.68664778353866,4.864209839681921,0.9448650088199627,0,2.140104498130076,3.567069066690552,1.4874663392956238
SYN194,5,2017-05-01,2018-05-01,69.5366725120967,64.09843798014987,25.685680566676517,42.71767493513988,63.14871340044974,9.63799938597892,2.5069691116841093,92.17932878367053,166.3092976035836,15.26238440498501,3.8444827026625754,0,7.212176014579725,-2.5304362640639333,-3.947734677789752
SYN195,5,2017-05-01,2018-05-01,74.81205993943802,401.10399639407916,233.04740119240745,384.82159349487506,412.3320929243127,73.06256234185177,12.840608402780397,536.1488464811442,165.12588920790432,17.719348941209645,5.689961102312833,0,15.35198515988926,60.4695944005497,15.075789556865736
SYN196,5,2017-05-01,2018-05-01,606.2785818545816,305.27565456865113,144.92030464638026,151.36987508424002,771.9078258732693,75.16705303457559,19.920896513641043,50.35237326623436,104.45042566919615,9.737827563742876,3.7732766185048026,0,8.24603189049035,139.20227223777067,45.59887765516739
SYN197,5,2017-05-01,2018-05-01,81.36929162028999,100.79265862560449,56.50992450421062,163.7595792681011,116.39796206433263,7.187096004266003,2.0723856767753253,123.87063549226126,289.7890604258358,6.174589208266144,3.468030147481656,0,3.9454430492012063,4.835378793339064,4.7973521675821
SYN198,5,2017-05-01,2018-05-01,76.16256941597351,140.4832338555024,75.05594166210659,93.62524781258344,164.8115177320947,16.269382549433093,9.533015697291154,184.45180478120656,124.74062111441327,9.87150823759744,1.7066354515765778,0,7.509668917540098,34.49201041283128,24.552403490589427
SYN199,5,2017-05-01,2018-05-01,209.83650911161675,236.40501443796816,93.39516819614661,126.437553808403,402.89778557997437,31.89267798523414,10.373758167693445,112.6615265564769,135.379116768505,7.915823597621514,3.074361043479513,0,7.146954351434381,40.410046006305855,17.093565507642523
SYN000,6,2018-05-01,2019-05-01,309.79873439989876,116.54055544298043,57.85120809016713,167.19769001006773,280.71594425481504,27.3200940931699,4.749384973179291,37.61815091618351,289.01330763823074,9.732291539653536,5.752343566051569,0,6.40806389278321,8.89333760393312,7.6311096769092925
SYN001,6,2018-05-01,2019-05-01,221.49367335793937,436.68824714622156,274.560165717709,329.6913384639577,385.64954136587056,-8.191956630043641,24.39783235584557,,120.07981478381399,,-0.3357657561771425,0,-1.2446341011264308,-7.585130366205489,-1.7369669130723524
SYN002,6,2018-05-01,2019-05-01,253.64004459662934,107.90487060758393,62.92561134567693,176.60765833067708,370.28436579939944,24.356631391957205,4.356769805765453,42.54252154039319,280.6610131453419,6.577817926331878,5.5905252005110055,0,6.736820341727036,13.322298181204241,12.346336273969735
SYN003,6,2018-05-01,2019-05-01,102.8279340779948,150.87683124053683,94.82609700765047,123.00963576875743,278.54745125993674,7.135613310908923,5.034045297479177,146.72747497396674,129.7212894450703,2.56172270779461,1.4174710176887197,0,2.812565740320254,14.46577936348719,9.587806984377199
SYN004,6,2018-05-01,2019-05-01,285.74853270311314,279.11810199872144,88.3022225400963,144.00073699763342,557.0090837224813,20.808194001061132,5.895271194913813,97.67962738367564,163.07713764763457,3.735701016220483,3.5296415233642766,0,3.6837357214494997,-5.020133304577911,-1.7985695906605537
SYN005,6,2018-05-01,2019-05-01,485.2182242532114,698.8589878717465,308.6714704001762,637.0599913601583,486.2508654333073,10.48615120556663,26.968650379267324,144.02983089667435,206.38771394526478,2.156531114082897,0.3888274369720801,0,0.8855969102511541,-22.3839280784444,-3.2029248341801764
SYN006,6,2018-05-01,2019-05-01,364.0801346774621,208.03976107749872,111.91756956776578,274.2285876984273,439.9031603901048,15.643853155253776,5.095310490859274,57.1412008682651,245.02728995770644,3.556203856635368,3.070245313473644,0,2.734366217872983,6.264794908621882,3.011344983369851
SYN007,6,2018-05-01,2019-05-01,361.18197273913404,248.82124504171148,70.57477586382313,78.75845288807301,379.52859371474835,29.96197073421351,11.896850744614808,68.8908261823533,111.59575347435833,7.894522634237347,2.518479165402323,0,4.911772571169925,71.08552530028173,28.568913112047653
SYN008,6,2018-05-01,2019-05-01,113.24277981106772,151.04866743766587,59.471705224287504,112.91837277430761,161.09958231317486,2.598823807232209,3.381393913020873,133.38481066048786,189.86906857379492,1.613178488681702,0.7685658264258449,0,0.9833174074628183,5.571404538881053,3.6884830785946767
SYN009,6,2018-05-01,2019-05-01,164.15863605198766,243.79245406936573,62.433653102558736,67.260448711108,339.38183974312096,-11.252942259319349,7.887892226048956,148.51028245151764,107.73107990432719,-3.3157172663795835,-1.4266095348206786,0,-2.7584047528766087,1.4853142716773835,0.609253587174101
SYN010,6,2018-05-01,2019-05-01,411.2437732536039,314.32712501523264,91.61565934320956,64.3629671765777,448.7889482265021,11.521315208462699,16.97027333220873,76.43328494153147,70.2532379704455,2.567201187549729,0.6789115875108398,0,1.5878965427019998,-12.020302574027063,-3.8241378542957585
SYN011,6,2018-05-01,2019-05-01,106.97078959497932,80.44544509293765,20.117484395873028,24.103763224427052,92.87105398801152,8.830985482396,5.616291290813598,75.20318901779271,119.81499649812967,9.508867513806798,1.5723873683048784,0,4.711963985991523,-1.8436533665782182,-2.2918057876965783
SYN012,6,2018-05-01,2019-05-01,102.55859253570073,59.008381869691426,32.11533556802369,29.68920745910996,82.15213447767165,12.27562623927399,3.9630559962371215,57.536263330788756,92.44557758465598,14.942553005254435,3.097515213241893,0,7.597856111653659,12.848932362485067,21.77475801803792
SYN013,6,2018-05-01,2019-05-01,71.88899931232008,70.5523321587715,19.949855510462985,26.94391118030701,63.802504910759275,1.905796309477104,3.3021327472378514,,,2.987024274584119,0.5771410344030697,0,1.337951765681076,-1.9969733314644502,-2.8304852162370002
SYN014,6,2018-05-01,2019-05-01,349.9717341134769,255.4954421509441,123.7734839530997,121.8197287625355,454.33356420272406,26.484587546058584,5.137219642597645,73.00459358472096,98.42150747626647,5.8293266517815825,5.155432196523059,0,4.37424002230175,20.47677571641781,8.01453659761192
SYN015,6,2018-05-01,2019-05-01,868.7773693541599,468.93320972624025,194.92201370963755,465.15416021656097,951.6771066163643,83.13914753827737,16.88936004651859,53.97622293900684,238.63603261839395,8.736066777299504,4.922575355684651,0,6.215032521865141,174.44959562335248,37.2013736722112
SYN016,6,2018-05-01,2019-05-01,99.95373904499489,311.6988689562666,157.2167964123011,222.9703840069594,416.5845021393732,46.36180897350082,6.792186842691398,311.84313056658453,141.8235131965286,11.129028740965964,6.8257558349396055,0,11.262362504784312,54.28306377784792,17.41522642017164
SYN017,6,2018-05-01,2019-05-01,216.16030156243875,188.11662037559975,69.13633641842705,97.33775866080714,440.7002563906568,14.233867389094332,4.583713900128843,87.02644242067802,140.79102784923313,3.2298296138218676,3.105313223998172,0,3.5208211541879417,37.37176704276818,19.866276019710803
SYN018,6,2018-05-01,2019-05-01,363.4793220116065,268.71009818099185,130.17876745360945,221.87663803073087,400.07407652804784,24.96112832819431,15.64817706493589,73.927203532203,170.4399591199071,6.23912664994788,1.5951460815283518,0,3.948362236209177,-2.9808871103467816,-1.1093320014862194
SYN019,6,2018-05-01,2019-05-01,243.79503173437087,156.1924604368698,43.84394705467594,192.35617490339303,227.4867857307498,11.970043621027076,10.676055249139939,64.06712201053003,438.7291469527453,5.261863269365744,1.1212047279346349,0,2.9926044827178044,-11.147059067431021,-7.136745932711946
SYN020,6,2018-05-01,2019-05-01,171.16996644040597,143.966491993624,67.11977472237656,101.89101537988572,288.47516038799466,6.375051788298931,4.233994086849852,84.10733202062463,151.8047636502526,2.209913595238004,1.5056827330248008,0,2.0229496199766017,-3.812097521001288,-2.6479060982955107
SYN021,6,2018-05-01,2019-05-01,293.2418848564281,312.93634600868234,145.88170192521255,195.92497947326763,619.5578604887256,-30.322287272987047,16.370935051720583,106.71611463754459,134.30401269496443,-4.894181674826614,-1.852202527051146,0,-5.002206567153102,-38.41227984419623,-12.274790171906234
SYN022,6,2018-05-01,2019-05-01,155.47155829855345,147.19533479777493,69.67587486837783,130.73151463731875,265.0836444757744,-1.0571711404400936,9.04549631561441,94.67669611641404,187.6280920537832,-0.398806626689753,-0.11687265171013295,0,-0.3492853577823038,6.4372326659757775,4.373258619112897
SYN023,6,2018-05-01,2019-05-01,104.88108779767349,77.44537093622603,48.43151691636355,46.69736440985126,187.1171254755575,5.479717782997776,3.51118545722936,73.84112098992165,96.41937189473748,2.9284961326073673,1.5606460694678783,0,3.005442995520071,7.403754899045753,9.559970866615807
SYN024,6,2018-05-01,2019-05-01,57.49103226923851,41.15481023786252,26.691974992521896,34.09818041324715,70.34370958693587,3.486261588032338,1.621251433676818,71.58474741787347,127.74693675833355,4.95603886758881,2.1503522005380034,0,3.5341191269985646,0.41518750505288216,1.0088432012035102
SYN025,6,2018-05-01,2019-05-01,128.6729965037393,130.87012942459324,41.27827509487227,21.239806553193993,280.7623112875097,-10.847253753781525,3.6697290950054033,101.70753225661461,51.45516983056415,-3.8635006614807303,-2.9558731647371244,0,-4.179364687461138,-22.81583889287814,-17.43395455723494
SYN026,6,2018-05-01,2019-05-01,69.0838962378868,32.31580493461783,15.894251589011896,74.51962722614925,49.58357373444965,7.082435214555979,1.1402418784496124,46.777623577193786,468.8464053108772,14.283833699617436,6.211344582595028,0,6.9846706969156624,3.946663353940347,12.212796066585183
SYN027,6,2018-05-01,2019-05-01,184.92010710211628,161.58559337536994,72.87198367012184,51.4776539775564,250.315530454256,9.303032523736555,6.369187511506876,87.38129990706712,70.6412140646347,3.7165223056092564,1.4606309685386487,0,2.684813701741974,0.25693067923415924,0.15900593231557394
SYN028,6,2018-05-01,2019-05-01,188.37158257111255,195.82662615539616,88.62201692758188,297.35723970663855,223.05485457357634,33.42580039351932,9.60468516967604,103.95762645433487,335.53427242535696,14.985461965138967,3.4801557576349738,0,8.700144777955863,45.49287249026542,23.23119862881416
SYN029,6,2018-05-01,2019-05-01,375.0568251913503,275.12375154740556,80.15224925208277,166.97244812918052,304.3172958621239,11.425926800049506,15.404385065235042,73.355217947851,208.31910481269708,3.7546097298479597,0.7417320945732389,0,1.7573466831877493,-27.058010016119052,-9.83485063137371
SYN030,6,2018-05-01,2019-05-01,47.36049415722951,25.60840058062574,10.628616330468551,18.787245348487442,67.40706827628429,2.880744318753425,1.7764287132933503,54.07122758392219,176.7609702368401,4.2736531826988715,1.6216492658536046,0,3.9479072954341117,4.76221947083229,18.596317469491588
SYN031,6,2018-05-01,2019-05-01,210.5415484935306,271.4549598760635,140.44533829605743,170.02794720541715,429.6164137556129,2.671400132575057,7.038085924269241,128.93177703801518,,0.6218105377358049,0.3795634439987924,0,0.5542364075647269,-3.3244342061589505,-1.2246724862484613
SYN032,6,2018-05-01,2019-05-01,498.9605804474602,454.65710067594375,284.5995806476038,499.1560203363619,838.6365919228354,29.00730025226526,24.6410415367685,91.12084571254391,175.38888117843916,3.4588641291881856,1.1771945682158598,0,3.0418165294600423,57.255774140777504,12.593177156070961
SYN033,6,2018-05-01,2019-05-01,418.51929038150087,541.7744141164585,185.6231334317407,304.0880153898994,754.2962921424682,5.25919781495987,28.768116222284448,129.450284985097,163.82010677657365,0.6972323567999901,0.18281342352496385,0,0.5476655517292361,-15.214680735310765,-2.8083055121979705
SYN034,6,2018-05-01,2019-05-01,106.17658460703682,59.14365733529526,20.165530214876966,20.746579435547964,163.5391663551766,15.171373979789388,3.627777230049014,55.7031077559972,102.88139818035795,9.276905537625153,4.182002647275122,0,,10.46898418853515,17.700941504487506
SYN035,6,2018-05-01,2019-05-01,115.74068531217435,88.76852588636478,35.09173117717009,38.78555089667026,86.67083510317833,8.353893134861927,1.7966284461817466,76.69604309577001,110.52618265212087,9.638643870128787,4.649761141551496,0,4.084849325809537,19.070716254550213,21.483646443518957
SYN036,6,2018-05-01,2019-05-01,132.180592129762,121.33323467469799,30.870843881929197,30.48821036125331,102.14214725625854,5.032148874231185,4.487964347207144,91.79353240874036,98.76053430175303,4.926613557091488,1.12125420010582,0,1.9849603225438965,1.5974793582829339,1.316604937275328
SYN037,6,2018-05-01,2019-05-01,189.12429958865187,118.23500750457657,70.81785433304394,113.63152955587675,147.28767678462066,3.303138068734623,4.000016925283972,62.517089428349216,160.45604689106733,2.2426438795452075,0.8257810230390774,0,1.0746829500538642,0.4187947685446316,0.3542053892358582
SYN038,6,2018-05-01,2019-05-01,132.74977508752264,80.48623719360062,34.75624184794855,57.76206745266205,205.12428402371233,15.013722874999324,4.181709075994563,60.6300365786199,166.19192519536284,7.31932981336512,3.590331752437492,0,7.040894600488839,14.908516007612695,18.52306248551778
SYN039,6,2018-05-01,2019-05-01,236.6880487750537,229.22268563460443,70.71957551243507,74.94721332869662,427.4173994843999,31.159228942932465,8.114787339724721,96.84590617097685,105.97803053203872,7.29011710344977,3.8398084433337085,1,6.687810913481831,13.426971249008918,5.857610127826687
SYN040,6,2018-05-01,2019-05-01,129.47183287014573,79.03439756188942,30.008213886023682,73.61268920686003,209.86640237747844,30.51378705406656,2.84944478663112,61.04370024726325,245.30846616347637,14.539624593736836,10.708678124675233,0,14.634472548297715,30.65951016870441,38.79261576542781
SYN041,6,2018-05-01,2019-05-01,63.66492933239914,61.951843242132455,19.68460444246215,28.60474154802255,89.51207218202457,3.293955305096724,3.330427532564289,97.30921543739954,145.3152977070677,3.6799006265863228,0.9890487851451664,1,2.622225708865699,0.32595242942860914,0.5261383880938899
SYN042,6,2018-05-01,2019-05-01,270.8096626654517,194.8097399250033,116.90713126447648,120.25442395739624,319.5409516294814,18.887028833015478,8.151800823763672,71.93603729186876,102.86320659545333,5.910675528974337,2.3169149052264713,1,4.056323410909908,21.571456873808433,11.073089508826861
SYN043,6,2018-05-01,2019-05-01,60.74786462537901,56.026602544552794,28.41181169620626,50.50950708301566,83.65249406281923,-2.0113220697812184,2.022228627585453,92.22810199182906,177.77643897928562,-2.4043778877301696,-0.9946066643229865,0,-1.7223988415672367,-4.551348879163866,-8.123549657583819
SYN044,6,2018-05-01,2019-05-01,108.74286643198255,555.5527144129879,201.76753608193272,192.02898123033592,666.6130799695894,73.55218274840797,18.377150495567253,510.88658285505096,95.17337871061567,11.033714302720162,4.002371464833434,0,11.072207142316241,73.24090284260392,13.183429932475848
SYN045,6,2018-05-01,2019-05-01,116.3982160345788,131.93122799400624,62.889710991504856,101.30798101374376,97.32687535843338,-3.8335291814664827,5.19997708477986,113.34471651594127,,-3.938818715127185,-0.737220399045042,0,-1.543727203377948,-4.498627233377741,-3.409827454635773
SYN046,6,2018-05-01,2019-05-01,513.8088680703466,1078.6530800969688,371.3119659831086,378.83973835975115,898.2161306178845,-22.559981044601027,73.43100761942297,209.93274875693427,102.02734440747459,,-0.3072269028572307,0,-1.4166731626186848,-65.15705056329405,-6.040593752111342
SYN047,6,2018-05-01,2019-05-01,123.14984794799702,221.24611514089648,143.31262069184504,172.65050279430906,126.29724339524685,8.426464414404318,4.580450410923372,179.65601974135035,120.47124807350163,6.671930588408586,1.8396584742646804,0,,-5.387872587879155,-2.4352394094910945
SYN048,6,2018-05-01,2019-05-01,103.21770277065366,115.67261273612841,52.48084315163927,46.67817468957322,189.9203082130134,7.710367919853386,6.6703234466228745,112.06664131360213,88.94326364898578,4.059791178943057,1.1559211455865872,0,3.52248015267468,4.161313249290412,3.5974922247007353
SYN049,6,2018-05-01,2019-05-01,264.29014684668766,774.1348496106298,430.7490290229166,216.34852811337817,482.43544852866165,-25.255557188878615,33.94000723528846,292.9109763822177,50.22612090481765,-5.235012739197206,-0.7441235063326576,1,-2.4321022004516726,-73.06723359839751,-9.438566631530472
SYN050,6,2018-05-01,2019-05-01,125.06787978533028,132.5087286984382,67.03124773507824,123.83020606809465,126.49863269724018,2.7420861659582885,7.750502931604863,105.94944835227047,184.735045597686,2.1676804780342205,0.3537946105118751,0,1.0645711122992305,-3.143999458996138,-2.3726734758366104
SYN051,6,2018-05-01,2019-05-01,82.24117658457105,136.87303236413516,53.86089806150877,134.09177920211417,113.09580624765853,5.210431441310492,6.250625756989189,166.42883534549696,248.95941959412244,4.607095182557545,0.8335855710901272,0,2.3779523319413,8.50600427708872,6.214521684928747
SYN052,6,2018-05-01,2019-05-01,125.85840278768227,132.4366937346398,39.59099440757608,78.45110195790855,139.29555286558363,11.249097689375496,8.80991442557948,105.22673957499272,198.15390629060897,8.075704829019607,1.2768679859947194,0,4.355134046612975,4.7762280135052935,3.6064234758648586
SYN053,6,2018-05-01,2019-05-01,343.00175915088323,507.17718060117926,327.5901437031459,355.0139346723487,780.0800565380785,-51.7119125401716,22.787774057247532,147.8643088760594,108.37137242873021,-6.6290519936715455,-2.269283187127481,0,-6.082473950160697,-68.15086662117095,-13.437289615512423
SYN054,6,2018-05-01,2019-05-01,55.87141086575267,74.45422090863666,19.544452752557593,30.839069463169196,131.4440646289424,17.856072640819733,2.5027057335085363,133.25996203592314,157.78937304414208,13.584540839653886,7.134707209779455,0,,11.110875595402016,14.923096984704541
SYN055,6,2018-05-01,2019-05-01,124.4161771110235,94.96658660451162,39.543463928526265,166.3063734106571,170.8343371005412,26.734591565760116,2.5374811392269456,76.32977383621716,420.56602251955303,15.649425062612556,10.535877943078987,0,12.186277131792265,18.872278733876943,19.87254613295785
SYN056,6,2018-05-01,2019-05-01,103.72000673562242,67.35364433904734,27.723540564821413,51.69565888217667,185.44221416817905,26.11700749737973,4.0623276179706345,64.93794828873152,186.4684590386469,14.083636573544148,6.429074647215843,1,15.266528383134965,17.433849696737298,25.88404809838963
SYN057,6,2018-05-01,2019-05-01,81.33075610793588,52.406015526905904,20.347930480187536,42.35135442934641,99.19130821145103,9.034971654303694,1.6504601551473717,64.43566743355576,208.13593043569352,9.108632416706712,5.4742137373785615,0,6.755787165980802,8.290232462753474,15.819238267593851
SYN058,6,2018-05-01,2019-05-01,171.8534851859263,146.52949282304533,54.80971878856968,59.00205670070198,237.6504489236016,26.668504959161464,5.0970045271257005,85.264196221867,107.64889513172724,11.22173557001556,5.232191734818872,0,8.376234535506473,16.224277149268982,11.072362864766102
SYN059,6,2018-05-01,2019-05-01,323.5784156320927,332.24075607428546,172.78399709118372,419.9344393209433,608.4476824377899,42.170584856821314,15.011216801317321,,243.04012315407326,6.9308481360076515,2.8092715877050423,0,6.430215320954636,23.557745674869057,7.0905646716027215
SYN060,6,2018-05-01,2019-05-01,264.054846581037,210.53228860723797,89.55622199481886,183.75701206080927,406.4778761879525,37.59302130543047,8.147795467839876,79.73051482795896,205.18620366928863,9.248479070493795,4.613888683609414,0,7.921205299953364,32.874884398591625,15.61512707436621
SYN061,6,2018-05-01,2019-05-01,134.89480254566428,82.07339432855716,41.43961502378486,74.56773417352596,195.47990185468728,35.907391249772765,4.21789718992522,60.84251785814643,179.94311513445948,18.368840432744346,8.513102532593823,0,16.549610388562442,31.97441527797376,38.958319610827125
SYN062,6,2018-05-01,2019-05-01,86.95313493060291,79.63778105366913,42.847180905887036,49.11934808735296,156.5081489450554,14.417445640081615,1.9431967458195067,91.58701537009316,114.63845940119752,9.211945663700284,7.419447192415572,0,8.654400844667169,16.94406757139633,21.276418487824845
SYN063,6,2018-05-01,2019-05-01,338.9818662356982,201.979014634397,125.94785018982537,319.36176771070205,294.8659925319109,33.92870303239304,9.204657438789406,59.584017539734276,253.5666684499721,11.50648222979502,3.6860364720813914,0,6.271932820321729,15.810292848989544,7.827690850758835
SYN064,6,2018-05-01,2019-05-01,234.86712476253345,166.13962931082796,58.66914312860155,134.06329512617296,367.79410270309813,50.15644727979438,5.3493750819660075,70.73771158002907,228.50733448127747,13.637099374669196,9.376132073610519,0,12.507631547427403,64.19882737107686,38.64148947327209
SYN065,6,2018-05-01,2019-05-01,334.3174826933648,569.7657920515562,324.66352833219156,300.3751252392587,678.4145453266765,33.543706948201084,36.9407631425902,170.42656203957603,92.51890003854044,4.944426262566172,0.9080404435263943,0,,97.59914350750358,17.129695195648416
SYN066,6,2018-05-01,2019-05-01,137.33727716416547,65.01896309657336,39.5872172689725,65.05402353033054,163.0045234441814,14.817960120458379,3.0669901489399747,47.34254562135614,164.3308825885024,9.090520807253904,4.831433881709669,0,7.3227097426623615,7.876526980868162,12.114199620761518
SYN067,6,2018-05-01,2019-05-01,232.60252606733724,226.20532873117182,146.194008410267,239.77456035290552,286.57156303833267,25.139153475754203,11.94796058677873,97.24973006771498,164.01120877677945,8.772382440609263,2.10405393398874,0,5.479233455319626,16.869563964168766,7.4576333187168125
SYN068,6,2018-05-01,2019-05-01,117.09254344146184,142.90874459183354,69.3317759072481,190.45058436783233,127.14853789015184,16.502984915856917,7.64289642966536,122.0476901360316,274.6945132670721,12.979295861124596,2.1592579551126394,0,6.347270446500083,14.571809597930871,10.196583588743925
SYN069,6,2018-05-01,2019-05-01,1084.4968514476263,1547.3253311798521,868.9630847079765,705.5054835162239,2490.7131280621497,169.28138647700828,54.946518686014585,142.6767933087519,81.18935037997798,6.796502759380978,3.080839160063021,0,6.432098171161635,158.90085745704073,10.269389006633602
SYN070,6,2018-05-01,2019-05-01,91.46349474302106,31.32807299414645,8.467851305781457,28.241633494707713,60.82982625051098,8.717562936367704,2.0233862397733415,34.25199647374821,333.51593544664195,14.331066639031334,4.3084027977496975,0,7.099480116604949,7.010184273355392,22.376685200731057
SYN071,6,2018-05-01,2019-05-01,200.73848955526856,141.20784359175417,65.97033379288393,63.9346983487049,283.5511450989423,6.3619776455134085,8.203704796036535,70.34417958638468,96.91431689496982,2.243679052431074,0.7755005578195693,0,1.8605193355818268,1.6857888366106462,1.1938351253946122
SYN072,6,2018-05-01,2019-05-01,58.53041682580733,50.4408099708609,14.382428309915465,40.18918179179172,114.3227071029926,5.153918561803522,1.90996293152616,86.17879848861841,279.4325195007903,4.508219488854817,2.698439051738702,0,4.729614149816199,2.9700434064062518,5.8881754835459885
SYN073,6,2018-05-01,2019-05-01,272.9400138734976,458.8071264034814,285.02755471711134,404.3821185451174,606.6051217029994,35.495351974380995,30.064691540652376,168.09815456964458,141.8747457404478,5.851475812589646,1.180632501297593,0,4.850767433261903,-3.920731765201218,-0.8545490118985798
SYN074,6,2018-05-01,2019-05-01,225.82411728051162,221.23446614151982,125.19711171114102,160.3384500908435,164.4235526127218,10.392648074940759,6.083511215743773,97.96759921204931,128.06880917571146,6.320656566410096,1.7083305522713907,0,2.324672528461423,-5.003079480513579,-2.261437635722273
SYN075,6,2018-05-01,2019-05-01,72.33550656353886,358.76139177360733,101.7365220680257,330.31036547731475,167.7322522412451,15.595820580694426,13.761349944657502,495.96858972498455,324.6723583262008,9.29804517157699,1.133306008742922,1,3.6177065158324258,16.782307524883375,4.677846588206369
SYN076,6,2018-05-01,2019-05-01,193.48703395522472,171.67251131561534,75.6693504026469,59.82546488914203,326.1035953911997,4.696057942707579,7.684427022138709,88.72558941357407,79.06168689278103,1.4400509559160501,0.6111136105760797,0,1.2860290805829813,2.2800325478705643,1.3281290815853362
SYN077,6,2018-05-01,2019-05-01,102.51857014819346,60.09228993155886,21.106951403216605,37.87618757601829,102.31873148885964,10.059224350308734,1.6006933926788462,58.61600473425817,179.44887848771057,9.831263742166282,6.2842917927424455,0,6.1860716715815895,1.8950772513979377,3.153611309464667
SYN078,6,2018-05-01,2019-05-01,95.36866036181672,221.2851048883501,124.75349881880102,125.64207610939462,299.5233226657914,18.724028219933306,14.702145791556804,232.03126063512082,100.71226642860272,6.251275544517649,1.2735575123113119,0,5.913091923963296,30.82406304442467,13.929569755712668
SYN079,6,2018-05-01,2019-05-01,298.26937254712453,192.87311902130793,116.13578058597268,229.65632997590308,241.45292081997798,16.747589525661905,6.578286286444904,64.66407106242036,197.74812621670347,6.936171850308052,2.5458894302261794,0,3.409924780114125,25.112850597738742,13.020399486029136
SYN080,6,2018-05-01,2019-05-01,118.52146265975821,126.97621030449312,63.774017486906345,43.54170138498479,165.31156475273286,9.844624024134518,6.260653614022663,107.13351612020357,68.27498580268129,5.955193781427062,1.5724594636707656,0,4.010068162873407,2.073448068456372,1.6329421578137948
SYN081,6,2018-05-01,2019-05-01,360.7854937617627,191.94217317577716,88.50842699625841,173.9175966760869,483.68410655018846,-0.4235884401427345,10.748894688985906,53.20118920926522,196.49834776008285,-0.08757543082486663,-0.0394076277049001,0,-0.07663601181567078,33.46286019517119,17.433823761350514
SYN082,6,2018-05-01,2019-05-01,177.9289098423345,137.33175218448062,61.1709602673176,127.21358416414131,122.7201416483336,12.371149031807056,9.578397335394161,77.18349553547671,207.96401365650777,10.080781252076596,1.2915677433940957,0,3.9241017107154343,8.792441866740813,6.402337206715123
SYN083,6,2018-05-01,2019-05-01,238.09995932286552,917.4290423069476,571.7658722991187,474.08482990516916,445.774954168986,27.046018689870735,35.14842014282393,385.31255734609607,82.9159019230781,6.067191177281357,0.7694803516052934,0,2.3405746330662183,-27.002346765708964,-2.9432626961328183
SYN084,6,2018-05-01,2019-05-01,87.44432290365052,64.35487417537519,26.108729719621614,49.600486745428704,117.228599364099,4.8560264283320755,2.214005721932643,73.5952570028861,189.9766372323822,4.142356434072711,2.193321534911467,0,3.1989803119999762,10.383917093995624,16.135401128589162
SYN085,6,2018-05-01,2019-05-01,195.54229171936169,116.02992221346229,52.291556461060054,78.48135402167956,123.06624501048772,1.5954128804269982,4.615248306168344,59.33750760167323,150.08418056961503,1.2963854388268992,0.34568300004459274,0,0.5120523618871144,4.668078942425573,4.023168208143436
SYN086,6,2018-05-01,2019-05-01,408.43719704905715,410.27385018009176,245.5952209375853,396.91341844564056,591.4656871118056,73.54608495773056,8.584248001984216,100.44967822331178,161.61284284375824,12.434548032171483,8.567562929301515,0,8.983155315497502,53.56189878340298,13.055157856122618
SYN087,6,2018-05-01,2019-05-01,167.13933090433784,100.73217715118359,27.87849489790263,51.70839788586531,191.30419615871264,8.029650473090447,5.113578060380465,60.26838602628943,185.47772422877628,4.197320620415858,1.5702606625492714,0,2.99757541642919,6.429871399455255,6.383135539505914
SYN088,6,2018-05-01,2019-05-01,62.4560027709087,67.14358198261606,29.555404913888406,40.137971813938755,118.98438383668538,16.359325913598756,1.5162750149462845,107.50541021477406,135.80585998020786,13.749136975868286,10.789154838232497,0,12.622977106532609,26.456051954243343,39.40220520420403
SYN089,6,2018-05-01,2019-05-01,193.00753508398333,163.06180888536082,97.28152999432942,48.570582249472025,215.83434929463368,29.944492742855367,8.6356280478415,84.48468543697415,49.92785604040482,13.873830945221044,,0,8.409736263460369,15.457590405246307,9.479589678852166
SYN090,6,2018-05-01,2019-05-01,101.37599563773482,72.67657886430374,29.650521669124124,63.73633285184405,87.00363052105324,5.9457275514761205,2.3549018261092223,71.69012585978648,214.95855473670935,6.833884420532734,2.524830328617,0,,-8.129559808592017,-11.185941792569682
SYN091,6,2018-05-01,2019-05-01,134.2307956652473,63.2518325952278,34.381273306777146,101.82038504374604,214.78937717614434,34.43555192047645,2.011854892756939,47.121699816910095,296.1507101125178,16.032241618837865,17.11631989188236,0,17.43725624061309,31.774782821198848,50.235355273478945
SYN092,6,2018-05-01,2019-05-01,118.96097750294891,152.71447223007516,54.00447764393204,147.98381445602635,133.16569996632296,18.609400226064654,5.390316170790643,128.37358555353964,274.02137917475784,13.974619763776177,3.4523763794981726,0,,43.13515255969556,28.245621996263328
SYN093,6,2018-05-01,2019-05-01,102.82797627343507,208.81943195553652,73.39120856855286,161.69439525360391,232.01520444306954,18.137731729328635,11.257081177105743,203.07647735889913,220.3184801113737,7.817475485223711,1.611228651901038,0,5.81995269346267,8.466394418175343,4.054409275463442
SYN094,6,2018-05-01,2019-05-01,145.87545207735943,264.14381356772645,101.03561618916339,118.29901907452411,198.1037475234628,13.312008051818628,9.996176572023723,181.07488943900444,117.08645281386656,6.719715410856624,1.3317099748992947,0,3.2466786727386485,21.001033465332696,7.950605839174059
SYN095,6,2018-05-01,2019-05-01,113.44563278112192,97.23412601159309,61.25303669714415,110.96612002101372,214.62387099610046,0.3054063783410175,6.538136533285065,85.70988907011807,181.1601938523766,0.1422984204522928,0.04671153268002605,0,0.14496237326790504,6.049896566735919,6.221988940399997
SYN096,6,2018-05-01,2019-05-01,237.23947510713128,164.8221855365119,74.70715788105214,183.69267520214697,271.36197171425727,3.8696214633916655,6.898591320507526,69.47502537766213,245.8836347309856,1.4259999066731268,0.5609292221570503,1,0.9624447795387789,-1.2754717451056528,-0.7738471255880213
SYN097,6,2018-05-01,2019-05-01,87.77081537468052,240.67124334587402,86.01146679718356,76.1478242721117,229.671360805182,19.96906459980456,5.494763517346524,274.2041785968199,88.53217728709302,8.694625455170815,3.6341990946041336,0,6.079935279176491,-10.251482839866146,-4.2595379062938195
SYN098,6,2018-05-01,2019-05-01,191.53120046292406,127.18668476273324,58.82737758728037,126.81986320755188,237.63983538288662,28.98773860249461,5.850762841913975,66.40520419405694,215.5796644502692,12.19818156993309,4.954522920469594,0,9.095108855272063,36.50909559951522,28.70512402113707
SYN099,6,2018-05-01,2019-05-01,119.42376806953676,102.31509428412787,66.23762972230534,125.43707008950535,236.00249706313468,2.9212039911351515,5.4673912365933495,85.67397925725551,189.37433391772586,1.237785204600475,0.5342957664312515,0,1.3174073142289093,11.184666537110074,10.931589923623958
SYN100,6,2018-05-01,2019-05-01,212.05899636766642,226.48110302994243,95.07927124422065,163.68949656077504,365.7148337084152,31.73368265769976,7.011285857894255,106.80098788983753,172.16107614068912,8.677165849663362,4.526085984922392,0,7.236210029890094,56.66620083446528,25.02027766394868
SYN101,6,2018-05-01,2019-05-01,220.07290230412195,153.04398035765385,92.63766271674577,203.17208288821973,397.221729492076,18.71651075974667,3.353262268781702,69.54240106587959,219.31909434011774,4.711854707364401,5.581582727362002,0,5.0162594161446385,22.22091556292842,14.519300603002861
SYN102,6,2018-05-01,2019-05-01,291.54315023317764,262.600890138924,113.78608480383825,103.24626407426116,439.2771282903504,-11.82095831586009,16.07687537132428,90.07273534943096,90.73716197569568,-2.6910024571201334,-0.7352771009809959,0,-2.1331923569767968,-6.547459429280201,
SYN103,6,2018-05-01,2019-05-01,451.16748803233634,840.6504788934187,371.5307457480185,948.7258004470727,1091.0631034596495,93.48474895260355,53.22013264561592,186.32780534779297,255.3559325317648,8.568225674222964,1.7565673797753016,0,7.236681277554673,126.11607523059968,15.002201080835786
SYN104,6,2018-05-01,2019-05-01,100.76403719861251,94.68721913263198,32.61776646781222,34.529842124671575,145.95996108250762,-10.836754687532247,2.125413774622851,93.96925903831867,105.86206801972854,-7.424470798129697,-5.098656467235515,1,-5.544479422105359,-9.661139016651429,-10.203213385239147
SYN105,6,2018-05-01,2019-05-01,47.390363238859685,39.91396022387155,15.78829033866604,17.75152976583083,30.908972718334727,-0.28786841106647443,2.7161897275087017,84.2237904417294,112.434781632795,-0.9313425382646746,-0.10598243861650573,0,-0.329729845726782,-3.5099491181627283,-8.793788184574867
SYN106,6,2018-05-01,2019-05-01,500.517266927245,347.0651889190147,188.23761789291854,263.43119791922066,402.24733024359045,36.102214698305474,18.087199361254473,69.34130185951486,,8.975128480391136,1.9960091099367157,0,4.259433928733176,66.26875705257706,19.094037422474088
SYN107,6,2018-05-01,2019-05-01,238.18789670582663,184.04490855705004,51.57189221711836,70.27127536461663,359.7843488721114,10.005054879163014,4.8402060191874465,77.26879119485834,136.2588657185073,2.780847724623897,2.0670721121169593,0,2.369558867633223,11.574846724999812,6.28914258794171
SYN108,6,2018-05-01,2019-05-01,62.5084311842214,276.3765685732377,75.75213903876848,73.63935547594083,119.42731608833874,7.704246774634763,6.3660631775532295,442.1428651100136,97.21092554000836,6.450992140638945,1.2102058304730583,0,2.2734103840974704,20.268222179868673,7.33355301590907
SYN109,6,2018-05-01,2019-05-01,143.264686860188,147.88549093292687,37.95177165913771,27.781356954139543,244.8666253975934,-0.6142307671593248,9.752988883627747,103.22536151371924,73.20173931182097,-0.250842991020924,-0.06297872113752004,0,-0.2109669902368338,-17.460947244034983,-11.807072576142277
SYN110,6,2018-05-01,2019-05-01,86.57748841861607,263.15758392909834,139.86345792218125,425.8525087762833,217.92501063774844,7.452878080161756,13.434559802096459,303.9561307862029,304.4773203113738,3.419927826710307,0.5547541705831505,0,2.1310067732503355,27.40880323789072,10.415357531658819
SYN111,6,2018-05-01,2019-05-01,369.2260798519464,189.83539399293338,89.85527486601445,216.53480800037087,472.56610041928786,77.59571057182404,12.893957707894018,51.41440552331901,240.9817435017049,16.42007552022387,6.017990157073179,0,13.879638322807086,68.782642619853,36.23278102839633
SYN112,6,2018-05-01,2019-05-01,132.3004272332705,94.79248006712196,48.09709719921581,57.76664142595445,212.76329224882804,5.139436557178044,3.214841441266821,71.64941342176093,120.10421582551616,,1.5986594210235228,0,2.2631427014934173,-6.088038955700124,-6.422491479692505
SYN113,6,2018-05-01,2019-05-01,315.4366710845461,302.8310640346939,134.43035423089202,138.03033593076827,548.3426472514424,39.40982777371837,10.495143651854242,96.00375980176587,102.67795299690505,7.187080554696853,3.755053678255808,0,6.374233286832886,45.56369253626529,15.045911053248249
SYN114,6,2018-05-01,2019-05-01,216.22392263041658,162.34302402119977,76.91010792067524,89.41958256415683,205.5793395400246,-3.3464158723883806,5.1226763113871785,75.0809725613417,116.26505927723285,-1.6277977543248507,-0.65325538233787,0,-0.8839693750305108,2.820837464976357,1.7375784897341784
SYN115,6,2018-05-01,2019-05-01,90.80930498576778,120.33749948714595,52.18225984526501,39.70367597241889,103.44508146499386,5.393766447758558,4.649028863791237,,76.08653992784404,5.214135241010782,1.1601920757618172,0,2.554510100791262,-10.023387224252872,-8.329396295394634
SYN116,6,2018-05-01,2019-05-01,157.75593925969673,87.59452590511687,54.50211269723473,136.17285998731518,181.84041125688543,19.863103536932513,4.433123705389693,55.52534270099293,249.8487732829193,10.923371433026492,4.480611157496777,0,8.095808387234774,27.318333279082527,31.18726084398696
SYN117,6,2018-05-01,2019-05-01,434.9911379611225,288.2091424461617,135.36018258794687,179.1995596789759,733.4329916339675,78.07826948911297,18.840540255110817,66.25632508217225,132.38720298160464,10.645590037498517,4.144162982159331,1,10.796216705715556,92.97425519701791,32.259301147737105
SYN118,6,2018-05-01,2019-05-01,237.46747830913782,185.57070850660958,50.09009547131774,89.67262282061503,309.51473300180675,17.903074743283245,5.073332242566806,78.14573592474484,179.02266301720823,5.784239919583647,3.5288591180902724,0,4.232023325847144,30.022755549450803,16.178606953145014
SYN119,6,2018-05-01,2019-05-01,71.62142680210556,90.81610062432043,42.29124140512916,48.81208772799317,149.24752159988552,21.493991736337293,4.719344608517091,126.80018351945283,115.41890496993818,14.401573644860969,4.554444211924401,0,13.232158896331837,11.906274412949392,13.110312302663333
SYN120,6,2018-05-01,2019-05-01,606.1128174646001,761.6421872880825,235.01582876655115,462.4961080615647,736.5712014654094,32.0719362023177,22.732614904077536,125.66013543057372,196.79359917538878,4.354220764877929,1.4108335683179578,0,2.3448597220170253,67.85813038536251,8.909450069589692
SYN121,6,2018-05-01,2019-05-01,185.27283246721527,193.48770389172023,108.91126366817291,227.32263063356507,218.57391791505992,10.277891215318512,4.836391805469953,104.43393200995004,208.72279227809148,4.702249615762758,2.125115505260395,0,2.713559156431911,-1.1537016684773658,-0.5962661426397419
SYN122,6,2018-05-01,2019-05-01,53.90822810020257,26.578124007808928,16.361392414937114,26.0832153609942,53.68232714509688,5.449995526462655,1.437748865341883,49.302536819437876,159.41928840470544,10.152308620548384,3.790644985253873,0,6.771328782734297,4.715859049382808,17.743385680634344
SYN123,6,2018-05-01,2019-05-01,338.8145532660006,326.1493876846989,157.97284895450028,220.07988791880626,683.9278666743849,53.80651460813846,7.202829249774858,96.2619180731123,139.31500848110565,7.867279172257432,7.470191606974483,0,8.091643966620392,19.26867728252146,5.907929927236052
SYN124,6,2018-05-01,2019-05-01,84.77837898369927,54.431746460308666,18.589411680784885,15.203332199934113,104.77150952523668,-1.055064637184861,1.6468131981017329,64.20475021204936,81.78490240037654,-1.0070148287123075,-0.6406705013058098,0,-0.757893604232992,-7.300205681790515,-13.41166902868675
SYN125,6,2018-05-01,2019-05-01,48.58595673103055,65.1958236788119,41.28350808368911,77.18503166241541,81.3163735549659,3.558517153628571,1.6765226580449497,134.18655937914892,186.96335472738278,4.3761385291280686,2.1225583421450915,0,3.1274929437830705,3.477885798885314,5.3345223706646685
SYN126,6,2018-05-01,2019-05-01,115.0563359411266,142.67187788498666,36.421216968673264,51.81712806280454,272.7213271331244,-18.577729844303214,6.298283726365646,124.00175680719634,142.27181949294462,-6.811982780956035,-2.9496495635047046,0,-7.208263918221011,-15.314833705946846,-10.73430442844015
SYN127,6,2018-05-01,2019-05-01,77.63653802170971,66.6707467404403,24.269968163749557,15.528326072175481,77.71787664934716,3.00027252075383,1.9638928084637821,85.87547621172517,63.98164994451503,3.860466407607435,1.5277170463803147,0,2.0790859766358545,5.850898102536145,8.775810064516918
SYN128,6,2018-05-01,2019-05-01,546.5291029165986,292.4760867548115,175.29572265423968,294.4680965373936,465.11607234413447,15.945193127002094,14.682800336667684,,167.98361767115918,3.428218046011623,1.0859776583068972,0,1.9004880212060316,31.238656907530338,10.680755905257419
SYN129,6,2018-05-01,2019-05-01,181.5115976949797,155.9516206359266,93.68270463138775,101.42023022906082,272.2899242602482,37.10297823798576,5.722799076046012,85.91826782219985,108.25928929797428,13.62627660159897,6.483362030529454,0,10.994673262910593,30.83203293229106,19.770254907622473
SYN130,6,2018-05-01,2019-05-01,142.78748257288294,57.04839589240221,31.51879572966095,72.17331129357362,110.13389101108761,12.527120854795871,3.6105296704057444,39.95335926122448,228.98499013924726,11.374446811776329,3.4696075086922353,0,6.26870457447512,3.664381744181407,6.423286206141047
SYN131,6,2018-05-01,2019-05-01,98.65982475788296,49.07302179271904,25.3198695225198,61.21180125549388,114.16759453496405,20.788597005107373,2.5202496867896618,49.739619863654866,241.7540153635127,,8.248625965147228,0,14.07175011549431,14.564512932418834,29.679266530474326
SYN132,6,2018-05-01,2019-05-01,102.20207015943717,96.38368219837957,46.02397494571383,67.5803219651598,103.30549942809239,9.054223385955178,6.671409336153847,94.30697641253177,146.8372126589937,8.764512476179963,1.3571680179910912,0,4.5593519567511835,-0.18294264131181848,-0.18980665309640365
SYN133,6,2018-05-01,2019-05-01,568.448604754464,1014.0439182245424,496.54417113756796,823.6304878784835,1708.3502756758426,133.06907440839666,64.81023605721097,178.3879685415974,,7.789331983205438,2.053210765826103,0,8.408828002415905,63.88637536528094,6.30015862401084
SYN134,6,2018-05-01,2019-05-01,137.17627578128784,101.23473432346758,33.68012118856829,79.41520659370121,92.58692486379287,13.262979793391656,6.541569230051978,73.79901061381415,235.79252030914998,14.324895024759904,2.0274920782709915,0,5.563073529013629,18.34951260420459,18.125708262910834
SYN135,6,2018-05-01,2019-05-01,337.9210771530672,1307.0017853321858,731.9788468813348,969.9620040341536,872.7379693645714,-23.567927719191157,62.67796094125794,386.77723104562574,132.512299797565,-2.700458619481245,-0.37601618440138984,0,-1.4327679587104314,-68.58487093608468,-5.24749634665979
SYN136,6,2018-05-01,2019-05-01,55.30432138857549,77.22747333226602,32.733709108452665,43.71329427716261,46.48683196716402,0.3900797200038591,5.125643219678817,139.6409383448638,133.5421358219217,0.8391187428719427,0.0761035646231152,0,0.2943291614102895,-5.469144423027432,-7.08186372937103
SYN137,6,2018-05-01,2019-05-01,116.77223345735233,275.71168322865384,161.29098824051576,262.88390886899566,345.34949840525746,0.9546553544420844,8.485426462775909,236.1106532481881,162.98735083511636,0.27643166092623783,0.11250528875949742,0,0.24323426103745927,-19.51862105245262,-7.079359432246254
SYN138,6,2018-05-01,2019-05-01,57.91747099628551,46.63580798977273,24.245706834143324,67.64409253507098,114.38780345776911,14.922090257286568,1.8934248665552065,80.52114014571472,278.99410397808293,13.045175976996237,7.881004692008193,0,14.272235554923503,14.718014983790283,31.559472470205634
SYN139,6,2018-05-01,2019-05-01,67.20117409208808,32.51841786869111,12.103145639090322,31.610997338881916,51.8580686509783,2.421149653490055,1.2244482606361853,48.389657335644166,261.1800128785182,4.668800278284911,1.9773392893155821,1,2.4279578424692314,5.717579379020719,17.58258781871929
SYN140,6,2018-05-01,2019-05-01,146.40678442955286,206.64438316162077,79.78426551883847,125.44994070366002,194.50535257884374,10.15556041732323,5.0639302069434065,141.14399408932627,157.23644240860884,,2.005470060270269,0,2.876512344262566,17.792151177555763,8.610033771709228
SYN141,6,2018-05-01,2019-05-01,1022.5546625338212,1467.6710401268408,840.3960247938637,3910.0095090750483,2120.542132631611,146.18450563058536,71.60440496351909,143.52983697615258,465.25797287464724,6.893732663032219,2.0415574391696047,0,5.870331571728445,-14.835975991819993,-1.0108515863703231
SYN142,6,2018-05-01,2019-05-01,305.37847298336936,216.52201362843635,95.26134196275046,199.63684804974912,347.15836447708443,28.123188236006243,14.098183657755394,70.90284115744726,209.56753698453258,8.100968063485224,1.9948093257059898,0,5.3886112309614544,16.191306190759754,7.47790301754025
SYN143,6,2018-05-01,2019-05-01,135.60686843211806,99.4010165204868,43.259354056652455,57.26243751909262,220.9865496727283,24.433027767339194,4.836292691672369,73.30087160758,132.37007063050854,11.056341575323689,5.052015939690854,0,10.396684252643999,36.74530606688475,36.96673067655344
SYN144,6,2018-05-01,2019-05-01,498.0463829853785,424.5514994527628,201.7232302036163,213.31149970060167,619.8208786287557,62.67869881223893,16.423866023086514,85.24336566966427,105.74463807925757,10.112389074550777,3.816318199632988,0,6.793718043943313,104.2724994746028,24.56062447288672
SYN145,6,2018-05-01,2019-05-01,253.87647116212344,342.227032433131,156.4585797919466,313.13670474046734,279.4241921792686,13.517815683792161,18.13610245165256,134.80061026001408,200.14032158342872,4.837739917351041,0.7453539546232778,0,2.267696063227731,30.42891232002435,8.891440311913398
SYN146,6,2018-05-01,2019-05-01,270.9355462454085,402.1124164755453,222.48795409291668,168.4303416207002,383.0351388825019,-6.322723567037416,12.075430134891734,148.41626432853485,75.70312842661107,-1.6506902174781792,-0.5236023476106265,1,-0.9394164929162443,-49.44674645950928,-12.296746987547055
SYN147,6,2018-05-01,2019-05-01,199.5601467774813,218.6814917530777,135.6637810815597,236.5734460372,295.6592430131492,-4.568089453898677,14.4690600282107,109.58174529552615,174.38217050354393,-1.5450521375026032,-0.31571432041833786,0,-1.0922129776337197,11.938070986412297,5.459113567732594
SYN148,6,2018-05-01,2019-05-01,697.2823891211709,894.2900337365847,493.5659164963762,448.0176204289452,1284.7097831582507,89.20619005908564,53.191783951063556,128.25363836647517,90.77158804020345,6.943684186773038,1.677067085043723,0,5.604909256904001,212.53946931665547,23.766279540051265
SYN149,6,2018-05-01,2019-05-01,41.95286337158375,108.85442803949313,44.30992914908228,58.09056017937257,111.1602174748282,7.913064173432518,6.466899068462817,,131.10054855634024,7.118611633900771,1.2236257423627077,0,5.247136328350831,9.354839694995569,8.593899084749744
SYN150,6,2018-05-01,2019-05-01,102.82375292344402,72.0073952202568,29.810769474063736,48.85372500542357,70.50256367833262,5.38853936804845,1.4530068082536798,70.02992321615501,163.87944983415397,7.643040319262173,3.7085437848187066,0,3.0821392098960483,17.42057013172691,24.19275142287918
SYN151,6,2018-05-01,2019-05-01,135.1096570753092,128.9831998586644,71.01134139643415,62.468337387339425,157.1118682821513,11.111080608850344,8.075685286297606,95.46556674832654,87.96952171146606,7.0720822878233305,1.3758684513997883,0,4.207262830902029,26.558152796926436,20.590396909076528
SYN152,6,2018-05-01,2019-05-01,164.75158964953152,77.76043441881453,29.14798784353842,111.33451981619969,112.83820119100211,7.195126508144872,4.40859083150268,47.19859431051969,381.9629691552809,6.376498767439251,1.6320694714352508,0,2.966915366685943,7.438193606990072,9.5655247589388
SYN153,6,2018-05-01,2019-05-01,65.69186271110638,95.1032740151408,34.659406545631164,52.949833848990465,166.51247254177176,6.701171613385852,6.605559317902903,144.77177246956325,152.7718998283449,4.024426225311608,1.0144745192468128,1,4.167521325470533,17.739279861433083,18.65264897043284
SYN154,6,2018-05-01,2019-05-01,34.50172290611487,48.966301045039515,13.620095221028464,25.55956470164248,40.43845183732574,1.7720202318073341,1.1090894284625494,141.92421977964767,187.66069022909855,4.382017983615569,1.5977252927780203,0,2.122992911446332,4.7371836607998805,9.674375151275138
SYN155,6,2018-05-01,2019-05-01,283.7733689180285,210.1787721951108,75.38469325950672,161.0045837888529,448.5800771645361,37.75808778673952,5.796456605475102,74.06571412831327,213.57728847500314,8.417245818273404,,0,7.644078169526765,32.60925596831928,15.515009259854187
SYN156,6,2018-05-01,2019-05-01,291.0602057744308,148.77481250855263,90.97857654725809,179.2042403395512,351.42575632518583,36.47530676322055,4.423103100260902,51.11478984655561,196.97410878534137,10.379235473414973,8.246542288618372,0,8.292951958580266,39.83407520031229,26.774744009858757
SYN157,6,2018-05-01,2019-05-01,76.96456391513722,49.240009141555085,15.595092882203128,28.835506259258057,131.02615747040159,13.49414590879114,2.833584162378388,63.97750683788474,,10.298818319417958,4.762218143351259,0,10.692279670982636,0.46129208847837155,0.9368237263162359
SYN158,6,2018-05-01,2019-05-01,116.2811137135366,74.89791908950305,38.393842003207546,46.49155856392972,97.34859759424404,9.460471474078947,4.478075721200638,64.41107820313556,121.09118582101178,9.71813843021229,2.1126198088366523,0,4.948487988128649,4.079383085913589,5.446590687037279
SYN159,6,2018-05-01,2019-05-01,36.11731000566641,33.44165149344957,9.143298610159505,7.329998745136201,43.387855411712096,4.201610191788315,1.33128408728406,92.5917558317686,,9.683839295394476,3.156058298841369,0,6.0403578507159175,-1.7339721261751775,-5.185067270122175
SYN160,6,2018-05-01,2019-05-01,75.90419038318186,82.19494865350764,49.64465930007254,36.79933152406297,66.2012569723059,6.808721090135901,1.8383613976026896,108.28776150377018,74.12545889706449,10.28488189126712,3.7036901987905075,0,4.306614907343565,8.471192402691422,10.306220201440466
SYN161,6,2018-05-01,2019-05-01,101.90339405732944,222.0835950652582,140.8771726247083,135.9840118798903,247.19029396647446,-17.081611455769693,13.14124542079533,217.93542513443373,96.52664753724636,-6.910308322254114,-1.2998472297563928,0,-5.272314021630815,-13.580491792595833,-6.1150360019186785
SYN162,6,2018-05-01,2019-05-01,143.5514590765992,824.0856807636306,400.7452821679788,687.1721449503073,541.4557521192418,40.09102199440955,47.68357752358084,574.0698743604534,171.47354579766906,7.404302537648641,0.8407721080613854,0,4.143187600367337,-30.93650083350486,-3.7540393621252908
SYN163,6,2018-05-01,2019-05-01,95.97576980176773,64.47985097205839,30.574296027863735,51.901310486610384,135.46319721073837,21.31680047852347,1.9787662300420694,67.18346839544783,169.75471958311118,15.736230147706609,10.772773536806449,0,13.285169055293519,24.805522419150115,38.47019192072778
SYN164,6,2018-05-01,2019-05-01,186.91329130670593,214.91106499230392,85.80608535879928,67.86097927980828,249.0953889075323,8.121233448566878,9.701026352102804,114.97901700294628,79.0864412425374,3.2602905594457203,0.8371519830792451,0,2.021090389683501,-9.972297545914438,-4.640197351528434
SYN165,6,2018-05-01,2019-05-01,248.3849168119297,201.14782532750814,60.419979161505225,90.89957087306492,417.1089688184762,37.517400965514554,10.323463609082403,80.98230275383904,150.44621354483823,8.994628207537282,3.634187360578033,0,8.345866151364177,34.811197000233655,17.306275592865195
SYN166,6,2018-05-01,2019-05-01,119.19119677705804,159.506086972896,52.46237012621761,49.98509107172036,188.6159999288903,-9.65006218086716,3.7957857090187606,133.82371457452953,95.27798868305561,-5.11624792409197,-2.5423095297341676,0,-3.462560542759058,-28.39616728863953,-17.802560283147525
SYN167,6,2018-05-01,2019-05-01,158.62774359265046,171.49777751347708,67.92799652174712,74.65360011546885,144.30114777253394,1.5758019056176702,3.7588006304315065,108.1133562322341,109.90107752047203,1.0920231265947047,0.4192299780041193,1,0.47733416681562385,7.4865818290737645,4.365410408006853
SYN168,6,2018-05-01,2019-05-01,45.26148292754849,29.477002116062405,18.040755338959794,38.698807869105096,29.634268938077422,-0.20129610110480872,1.6221555961173906,65.12601932032847,214.50769184554784,-0.6792679837165174,-0.12409173422488474,0,-0.2693339328290502,4.545548194376743,15.420659728147234
SYN169,6,2018-05-01,2019-05-01,81.37394796170787,75.05951685782594,47.3731298072242,80.94542861663803,122.66538907353092,11.12345375341851,2.7163363017470465,92.24023012026734,170.86780828294397,9.068127397167128,4.095020836066697,0,7.110661242625323,5.704382452993205,7.5998123779535725
SYN170,6,2018-05-01,2019-05-01,276.6364526146517,263.2958374849654,134.67824599858434,287.04695806837344,477.9761572640604,16.542114570920873,15.973518390258748,95.17756427123163,213.13535526100532,3.4608660535722278,1.035596176544854,0,3.063738708397837,17.560682769622506,6.6695633844288365
SYN171,6,2018-05-01,2019-05-01,73.56367260371124,81.3264661381991,40.41184370966535,49.94027787636497,129.5482802930219,14.316192005892495,5.218782239914084,110.55248230509936,123.57832083870179,11.05085453354616,2.7432054735681364,0,9.242804043030278,19.093011481848954,
SYN172,6,2018-05-01,2019-05-01,106.13960872564479,57.97907206332329,29.197066982158265,76.23496394664873,139.25950488108114,17.931437394591416,1.908993908815984,54.625292818999,261.10487054482,12.876275418258693,9.39313494494754,0,10.925896618465114,18.061604948584584,31.15193863202597
SYN173,6,2018-05-01,2019-05-01,103.84289905837174,108.79166120963531,28.82435227608806,49.900742573058096,136.56089636707395,6.611400501099332,4.795878135624595,104.76562403027846,173.12008296004092,,1.3785589029022087,0,3.109278422456936,3.8553265244384134,3.5437702500097132
SYN174,6,2018-05-01,2019-05-01,121.27303661292846,64.84671496054841,34.765198297284016,59.23293507717838,105.3136009083958,13.0402937958035,2.3135323029648447,53.47166754595419,170.37997186343065,12.382345379250918,,0,7.006399742939381,19.73223332816192,30.429040761997985
SYN175,6,2018-05-01,2019-05-01,137.04015450955444,80.71100794097393,24.56545422209235,29.178703429441025,118.29017533819211,7.8048849636181545,2.666365399653308,58.89588218126736,118.7794174927157,6.598083857179141,2.927162557927349,0,3.5843137991933216,15.529047549541954,19.240309278380902
SYN176,6,2018-05-01,2019-05-01,59.5991605782019,64.16441684332446,38.432741959214695,33.025693115356,100.03970178929626,-3.7538507927665488,3.9701277834963706,107.65993383267933,85.93113952265824,-3.7523610382934907,-0.9455239220186124,0,-3.0330820027780137,-0.017491419381276074,-0.027260310685884224
SYN177,6,2018-05-01,2019-05-01,264.99679067776765,147.16178566262232,94.19287581383053,134.29616930782217,165.81551973451957,25.13934079454483,4.079489568038423,55.53342185248159,142.5757183306035,15.161030062080073,6.162374085107123,0,6.099434110472802,28.44007998428019,19.325723628742086
SYN178,6,2018-05-01,2019-05-01,316.63981385262844,755.275426714836,346.4685063770002,405.18888143939824,539.9876497656796,21.280979140732413,34.035573919898326,,116.94825762850233,3.9410121972172893,0.6252569500022694,0,1.9853229374242696,52.70340029076591,6.978037206904225
SYN179,6,2018-05-01,2019-05-01,122.07401433658356,148.84377772354932,94.8405009490617,76.67007664506427,149.34408282074122,4.304769093930821,9.743664122868365,121.92912515611711,80.84107093260013,2.8824503874705676,0.4418018765474001,0,1.5889576912598395,11.401937800909428,7.660338897126413
SYN180,6,2018-05-01,2019-05-01,170.4830167898261,147.6809786744462,93.52283952067204,89.52778770503508,233.9923204456496,12.599469920298098,3.516384958346696,86.62503835001314,95.72826077981316,5.3845655687767024,3.5830746831035274,0,3.960055223065909,17.63490736810406,11.941217837524727
SYN181,6,2018-05-01,2019-05-01,146.8183979979259,257.5008619284718,141.25343399550883,188.94231124346993,421.0398686291838,37.90229475431646,12.326173568710647,175.3873257301919,133.76121620482328,9.00206787488279,,0,9.374348073652538,44.41892423732112,17.250009924106486
SYN182,6,2018-05-01,2019-05-01,213.94316115128186,226.4356820473259,125.28434370261766,137.55013670213927,317.4715787221884,16.055740931180072,8.169825698985036,105.83917748472008,109.790363773335,5.057378993043676,1.9652488954782386,0,3.645892889531717,11.254351432543967,4.9702199453669875
SYN183,6,2018-05-01,2019-05-01,122.20833455670889,186.99494206574937,118.55223805697264,128.8905404010616,188.40722001083088,6.576823318556883,6.201824432194282,153.01324802767627,108.72046155646652,3.490749090283697,1.0604658984565807,0,2.12702251748363,22.264773313241406,11.90661793697761
SYN184,6,2018-05-01,2019-05-01,637.4670323733484,674.4502031520956,224.9819813675604,371.6394495423923,1024.8896713825918,-7.749912702409007,43.27326497852845,105.80158171334061,165.18631727010745,-0.756170436565553,-0.17909239587663187,0,,-45.42099959511256,-6.734522338763334
SYN185,6,2018-05-01,2019-05-01,305.2428935560566,851.7486281646251,485.7016380699187,546.268041064984,762.9431278829026,72.68643530817694,51.257875222587906,279.03962586706547,112.4698782643073,9.527110560635778,1.418054006189981,0,6.282365423047995,76.03958785364968,8.927468191818775
SYN186,6,2018-05-01,2019-05-01,97.2779218376853,117.82872102950401,74.42894913459847,77.21600527527683,109.73759477683679,4.276173579429962,5.508628572273095,121.12586165862908,103.74458617659401,3.8967261749503637,0.7762682713722029,0,1.9879319031863412,-2.1739640991502025,-1.845020535023755
SYN187,6,2018-05-01,2019-05-01,59.05593381641403,49.56842870528187,28.920944199222635,21.58578124059342,41.924912383930504,0.9809369937126143,3.4183705456438838,83.9347132489247,74.6371940414505,2.3397472718120693,0.28696040426707026,0,0.9030543157541556,7.801582057364365,15.73901424987686
SYN188,6,2018-05-01,2019-05-01,374.965574925481,102.60987603413258,49.67404016176722,106.51890480427646,429.09723898916195,93.16506856859131,2.427142306068529,27.365145734918414,214.43575851166864,21.711877892307868,38.384674988216716,0,19.507926628429203,52.71173704307243,51.37101717727266
SYN189,6,2018-05-01,2019-05-01,107.47748545244073,58.030589705634135,33.73567687941449,47.24497656014982,89.86203098852087,9.990836645296483,1.4537224733542577,53.99325213215277,140.04454906603254,11.117973336895457,6.87258870136612,0,6.036464768111375,3.6256874098249794,6.247889997700583
SYN190,6,2018-05-01,2019-05-01,50.93673479836433,38.715085068089955,20.265982325583572,26.45035574522285,94.21152993511927,5.757534195207436,1.8654710109257133,76.00621677330831,130.5160308554705,6.11128404259275,3.086370231156978,0,6.422105210785328,5.874386246375527,15.17337811874617
SYN191,6,2018-05-01,2019-05-01,334.2504937801679,188.77540471263967,55.19825682706781,96.68995442734307,284.4737260831686,6.940751545615821,10.338573481181482,56.47722538198993,175.1684926034273,2.439856798440017,0.671345186862534,0,1.3270378322788288,-1.3087163601641416,-0.6932663511734032
SYN192,6,2018-05-01,2019-05-01,56.628196677771236,51.102958965602255,23.772106053295857,34.39758034683402,112.48094681086145,1.0544068640711668,1.7743361573353533,90.24295662528515,144.6972357843112,0.9374093070572825,0.5942542847431146,0,0.9787390265835537,3.9167742661505915,7.6644764714837725
SYN193,6,2018-05-01,2019-05-01,106.64823641154457,201.43915507816158,77.39904073753384,100.0868194008671,145.22259789517136,10.40688331823393,11.923363676281944,188.88184357857415,129.3127388235589,7.166159722432537,0.8728143836571378,1,3.3778997796414685,19.65241234767346,9.756004159195374
SYN194,6,2018-05-01,2019-05-01,67.01891592319288,98.11283030240625,35.80596555503898,52.62804073569783,99.40008734698732,8.205862295928856,4.968001506733043,146.3957286549496,146.98120807495297,8.255387409553986,1.6517431173898798,0,4.969282093534092,3.9279284300050596,4.003480908560362
SYN195,6,2018-05-01,2019-05-01,142.35483145616703,49.58806535169786,26.869824073414694,67.13662571016853,107.93649299389726,7.812014991993397,2.386706744868596,34.83412880648641,,7.237603126900825,3.273135674832771,0,4.069968267600564,2.8128474465152493,5.672428288067786
SYN196,6,2018-05-01,2019-05-01,187.38910208944876,76.89771135517877,40.18672351001055,127.10352981103753,116.00309902966731,6.211165559775266,4.983853110808378,41.03638391867219,316.28239057452873,5.354310024240634,1.246257749110872,0,2.350160978075665,1.8596545833540974,2.418348414512153
SYN197,6,2018-05-01,2019-05-01,126.77594195550537,69.95047838383354,18.046547285737013,27.43730786750652,91.82353604605139,7.785983515683274,2.112669190775558,55.17646116830597,,8.479289571007637,3.685377507126447,0,3.957772170231641,10.137983223974341,14.493086335085538
SYN198,6,2018-05-01,2019-05-01,82.3785558889231,75.0756843048427,21.893186406822434,28.096862137372522,117.98046687127305,-1.4077625058631034,2.8634045851413434,91.13498469926155,128.33610245339563,-1.1932165918610025,-0.49163939778828475,0,-0.8940772278540657,-3.528334994237479,-4.699704074505368
SYN199,6,2018-05-01,2019-05-01,169.3927794643381,133.96944961515612,79.09495003237627,224.99387177791917,327.706949811049,19.13347531575939,6.695177185659247,79.08805206384869,284.46047653588687,5.838593086534011,2.8577996944938797,0,6.3071382926664805,23.15299749563616,17.282296495317418
SYN000,7,2019-05-01,2020-05-01,68.21366873339903,85.03839814335971,23.41427366038922,48.82548379943477,63.877861367498966,2.474107211756952,3.4815592362925494,124.66474787585042,208.52871418358203,3.8731841655171273,0.7106319450108178,0,1.6144038133897165,2.756363714902774,3.241316599421396
SYN001,7,2019-05-01,2020-05-01,165.33947188675435,91.32823584734318,51.16203319765006,65.62501334819655,182.29706581452768,22.38868411223847,1.9607675662536792,55.2368014758729,128.26897065383005,12.281428673688648,11.418326423572571,0,,28.04996265189962,30.71335211027797
SYN002,7,2019-05-01,2020-05-01,172.57820847364175,147.15918271991825,44.05510217631555,223.1521895940987,287.8181467029441,11.079668596978568,8.996772834882043,85.27101076170587,506.5297288405053,3.849537884911005,1.2315158780069202,0,3.465240194654384,9.347976475892937,6.352288931696868
SYN003,7,2019-05-01,2020-05-01,78.85201598832127,76.95571092614291,29.47875539518973,22.068098618574894,147.81455349305276,-7.781445732468188,3.01270226081362,97.59510896657453,74.86102558514364,-5.264329897552282,-2.5828791094566066,1,-4.994261765169112,-7.401811656532416,-9.618274677023248
SYN004,7,2019-05-01,2020-05-01,445.84821379402234,572.9793367152416,335.42568105022474,614.3692394136974,475.7505189643137,37.22555123748052,24.633632507056735,128.5144403381983,183.16106193482105,7.824594982790304,1.5111677592339097,0,3.653763703079409,31.531639025215355,5.503102294400173
SYN005,7,2019-05-01,2020-05-01,52.58799001099369,83.86734159639725,25.651524613577223,71.80515393781549,124.89827516584924,1.1855058347690468,3.014886116688647,159.48002876486535,279.9254820893156,0.9491771068854584,0.3932174513016527,0,0.8687867456729226,4.794057994952196,5.716239365286067
SYN006,7,2019-05-01,2020-05-01,164.17062622725172,716.4774930456634,299.8059345912575,372.67532965309067,511.06960719943953,31.73093734796956,45.09348726119886,436.42246454849106,124.30552122364762,6.208731041912046,0.7036700702292493,0,3.6031346293190754,9.66333058186948,1.3487277235732518
SYN007,7,2019-05-01,2020-05-01,156.32359940440142,75.5811151625482,19.168244251475883,34.341882831015376,252.73872006880842,26.68550492756053,4.555037568061591,48.34913950965497,179.16029439353153,10.558534489806457,5.8584598982608656,0,11.50709892957203,20.896760025418473,27.648123450516632
SYN008,7,2019-05-01,2020-05-01,208.07438994972756,404.69182508311843,244.55908983612784,358.8016900024047,626.4078120099865,69.16678729497305,17.552196592998087,194.4938178989232,146.71370025249425,11.04181428916636,3.940634263552234,0,11.287630681672864,45.391218097307714,11.216242899886833
SYN009,7,2019-05-01,2020-05-01,360.6452753095742,273.1823482046887,166.57229604987873,430.33452364756056,289.82943203696067,4.569038924246756,15.80448623023033,75.74821213731188,258.346996380899,1.5764578814977241,0.289097592777628,0,0.7208645938959996,3.9806350498750627,1.4571347951414755
SYN010,7,2019-05-01,2020-05-01,1290.292384407356,7242.309991485613,3929.1131241601556,4210.147864247128,7887.976069508141,324.48263009898136,500.59510616874456,561.2921597465738,107.15262531788376,4.113636086616761,0.6481937719734763,0,3.802856570648799,-129.40083827336247,-1.786734321307593
SYN011,7,2019-05-01,2020-05-01,307.8383890397457,1006.7674217809748,309.91903695678695,463.59401779907506,1016.9309170030828,92.5499621387175,34.04537411776417,327.0441431692227,149.5855247716569,9.100909470966252,2.718429875923345,0,7.0401303095517065,92.93016916840898,9.230549892448368
SYN012,7,2019-05-01,2020-05-01,123.1858407331098,180.94385956319817,103.02848760894584,302.6863157827875,274.9469783367013,18.49107089366671,6.888948425745033,146.88689746025673,293.7889537228397,6.725322462363074,2.684164512621811,0,6.079995105920664,25.812771386913056,14.265624403738023
SYN013,7,2019-05-01,2020-05-01,87.52399247722697,153.41594861286023,54.980938017238,76.86195565957628,238.8767418928347,18.063494444553907,8.103015444153845,,139.79746150470913,7.561847294726409,2.229231150927441,0,7.497094239680247,18.73020299418946,12.208771749966148
SYN014,7,2019-05-01,2020-05-01,380.95868966446454,274.582746564827,177.87881699952024,172.81138685312962,303.2678425332012,-3.4850500337065196,10.942450917995094,72.07677735522194,97.1511896515456,-1.1491657026989213,-0.3184889801950384,0,-0.5316292519589163,0.35336096393962624,0.12869015564901862
SYN015,7,2019-05-01,2020-05-01,285.71103281147987,307.69661248834484,136.23727118781684,134.51297643587802,315.36547004129596,22.22385225813907,20.023466498940778,107.69504049616862,98.73434432669917,7.0470150886300065,1.1098903508698001,0,3.7451240195785243,33.81498623216587,10.989716772863964
SYN016,7,2019-05-01,2020-05-01,61.471730871155806,29.02167687345023,11.281959257543495,21.19415414619491,65.0218201648515,11.49966936232262,1.320672043042091,47.21141972442488,187.85880769799618,17.68586196628641,8.707437567796015,0,12.707742639969343,6.554307100773357,22.584177783225908
SYN017,7,2019-05-01,2020-05-01,36.220736493638114,25.726591432378644,16.11738742093692,29.985944419076276,45.49980337568911,4.4741199186096265,0.588163874007932,71.02724550313138,186.047177721395,9.833273083989155,,0,,6.218754102739486,24.17247585668409
SYN018,7,2019-05-01,2020-05-01,127.8929934341576,82.25405716695909,47.47170437171907,88.34925846661196,215.2071603510178,25.519514108962756,5.49757804287161,64.31474857088669,186.10930371239292,11.858115718519153,4.641955768513815,0,12.14364609732341,24.338864940411383,29.589865568586383
SYN019,7,2019-05-01,2020-05-01,50.281696196447925,32.20081405549015,9.773812799786644,14.412055172371156,87.61353176020383,12.250504150808549,1.0088491662722547,64.04082696352023,147.45581348443426,13.982433882859432,12.143048297373076,0,14.852244570867317,15.38508757747532,47.77856718455292
SYN020,7,2019-05-01,2020-05-01,652.4659061114705,586.0653885581496,148.20809237632542,134.64618553515047,1236.4204432690428,56.819455098460494,14.918036458859675,89.82314371810612,90.84941542413286,4.5954800737710455,3.808775722941472,0,4.587647913540785,79.94723295309947,13.64135035337735
SYN021,7,2019-05-01,2020-05-01,1309.8813131493762,1973.6655384450203,931.1123332901675,1502.6055913030127,2033.0572253369496,141.86549168305984,102.44199288077489,150.6751427501239,161.3774769788972,6.977938934283943,,0,4.320495430548646,56.81305326801494,2.8785552648791692
SYN022,7,2019-05-01,2020-05-01,215.6612303213553,165.79938282782433,72.66457808692073,238.72892976152036,207.45150311858728,9.061889820504305,11.034669292712952,76.87954973676437,328.5354928724074,4.368196751664016,0.8212198825467814,0,2.3755767982684044,0.004273811537350625,0.0025777005103745157
SYN023,7,2019-05-01,2020-05-01,247.9579465085365,440.04598542212494,112.02552143023006,168.673292135737,506.24367767514207,-6.980195926838287,11.361329888752007,177.46799068888697,150.56684403900533,-1.3788213531661127,-0.614381942535517,1,-1.0145575632468575,-7.603009131058761,-1.7277760468068781
SYN024,7,2019-05-01,2020-05-01,207.06229171874207,215.24328268672673,54.789015932955884,119.29274281298981,257.95976302782867,15.68486038167333,12.619755891538553,103.95098059626285,217.7311287338428,6.080351523652643,1.2428814405348287,0,3.7141021412646102,24.58509067982819,11.422001361877697
SYN025,7,2019-05-01,2020-05-01,281.99546915139723,339.2910632037463,117.03570232006824,242.26617083553722,676.1050541685499,16.59394923952403,9.374029635755479,120.31791298802334,207.00193704395414,2.454344800000154,1.7702044781498791,0,2.670901166426459,48.511353937798276,14.29785785682982
SYN026,7,2019-05-01,2020-05-01,45.56473579693879,36.59088866201178,20.99473340491597,54.23998254298336,79.51150154728835,6.8664989433759835,1.6561816074516886,80.30527999784888,258.35042292217406,8.635856209170228,4.1459818853689825,0,8.357917049010881,12.348170760954202,33.746572473310614
SYN027,7,2019-05-01,2020-05-01,335.57087186136334,471.9077328443826,222.8116968403268,364.1933791769992,336.4918323958195,7.971908063138313,13.413622937092915,140.62833589422655,163.45343819090007,2.3691237931032036,0.5943143101997793,0,0.9872593548213409,12.260513399547897,2.5980742730467083
SYN028,7,2019-05-01,2020-05-01,272.84691678223265,105.27621382287009,34.8511604731616,49.376788231079246,340.02904265994493,54.58833617056292,5.153657483749236,38.58435164466022,141.67903610872193,16.054021663424624,10.592154473341218,0,14.436656145104457,74.66542657479502,70.92335852847206
SYN029,7,2019-05-01,2020-05-01,109.19448552468975,783.8899769229622,376.89726588214864,946.319849764589,835.5029572629809,55.81076655050308,53.84632809406144,717.8842165483883,251.0816435745894,6.679900539590338,1.0364823104188285,0,6.2492148164289025,16.639736156443576,2.122713218219764
SYN030,7,2019-05-01,2020-05-01,319.40210787141467,197.32506827056855,104.53503385771799,189.5958590287466,449.7116875189322,23.810720927543706,8.394019196110717,61.77951347459734,181.3706391359708,5.294663578549159,2.8366293156175004,0,4.607986966220863,46.04135203709275,23.332743498135613
SYN031,7,2019-05-01,2020-05-01,181.33360990323658,239.375530596763,130.51941402562306,159.77304322374601,274.63743148414324,15.251291497035877,6.140724039049804,132.00836332795603,122.41323975939702,,2.4836308226929886,0,3.6251390875202274,-10.847615433136786,-4.531630867237637
SYN032,7,2019-05-01,2020-05-01,150.4330019665893,144.60497815995785,37.5632842349163,48.412609889413545,311.9479782206899,-13.435767274259138,8.911130404585526,96.12583427144142,128.88279306635397,-4.307053807783907,,0,-4.55391108239566,-12.121316448443569,-8.382364564956623
SYN033,7,2019-05-01,2020-05-01,177.10660969790513,294.865396984802,90.61057698460148,205.01512595486062,165.43526589599153,-9.398561822752889,7.940524291203229,166.49034018987817,226.25959659179884,-5.681111443712204,-1.1836198062091343,0,-1.9913388272349943,-9.531518672934208,-3.2324982077925823
SYN034,7,2019-05-01,2020-05-01,160.09368615960264,148.29847785440347,66.51721474724265,230.94507388901556,205.8368156719758,1.3577120976207682,3.076130553072895,92.6323088760414,347.19594734472696,0.6596060540425555,0.44137011553832917,1,0.44025505705102985,19.64802306879403,13.248971501975948
SYN035,7,2019-05-01,2020-05-01,76.32287549913244,87.45419480813364,37.56297691828825,59.84754581368847,146.19800151005262,12.980703311261257,3.9030360901182957,114.58451248882483,159.32588608159688,8.878851405071156,3.325796383007012,0,7.925836801762206,18.33773775097734,20.968391271806492
SYN036,7,2019-05-01,2020-05-01,117.88854048308804,95.32895136083947,54.323897291405494,95.02085954145497,86.92896381266875,2.333672033809638,2.438176414016443,80.86362844954816,174.91539502724171,2.684573623629845,0.9571383023779427,0,1.0945030886667855,17.26861246395383,18.114761798426397
SYN037,7,2019-05-01,2020-05-01,143.61645540707426,212.02258249890926,137.33968096636946,303.6655075574738,360.5784242916235,27.58856641162382,12.337440879669142,147.6311206107552,221.10544121027394,7.651197230068078,2.236166047781189,0,7.757462896668029,33.162465754220676,15.64100642646935
SYN038,7,2019-05-01,2020-05-01,68.2065579249778,54.43263007245885,16.93518178894406,43.529917364685204,102.58441716852505,10.053298210686998,2.5587511789178166,79.80556669100754,257.03838262370004,9.800024690076956,3.9289862545129854,0,8.197459861604047,18.91818248778188,34.75522395775961
SYN039,7,2019-05-01,2020-05-01,75.00293762461517,58.711517116784556,30.14966425328454,39.837642879225,67.89260108269939,5.27632508390011,1.6066235175874486,78.27895676650944,132.13295691969452,7.771575988778313,3.2841079606647297,0,3.9459646259668677,13.53192399646691,23.048159306716975
SYN040,7,2019-05-01,2020-05-01,270.42424460803755,139.557291458473,50.265898172086644,81.35683264987622,228.74479551650774,32.28506743719367,9.593631348050387,51.60679718667691,,,3.3652603759633335,0,7.874761323874868,55.85653551296765,40.024089697662596
SYN041,7,2019-05-01,2020-05-01,199.9673454278663,3125.3168853404927,1886.6271828499557,2333.9984691435275,3013.735296041008,117.47721915763654,196.1786667846477,1562.9136240486225,123.7127552470525,3.898060301180413,0.598827696625115,0,3.532847450170946,317.83642249061046,
SYN042,7,2019-05-01,2020-05-01,126.67072311764464,179.57908390886806,90.1545873101364,152.3557482548103,306.1897056319217,29.82811978854259,5.69809899096282,141.76842090187256,168.9938945987282,9.741712160760793,5.234749314789013,0,9.73980035388571,41.34930536763147,23.025680089010383
SYN043,7,2019-05-01,2020-05-01,98.12830742737435,99.78181857504237,33.658028813116594,28.577106620660974,213.05660925269794,0.16956078837228505,6.9182772770022485,101.68505010533458,84.90427879580525,0.07958485257370063,0.024509105602913514,0,0.08567565075988812,-8.005587998205591,-8.023092896613097
SYN044,7,2019-05-01,2020-05-01,1418.144394039943,758.1362099783796,293.15841335592506,290.2293027965833,1685.4350202616085,94.19429045952451,19.65063595787563,53.45973323764563,99.00084376709137,5.5887227527112815,4.7934474314951165,0,4.328223588704624,105.33469167421457,13.893900632607759
SYN045,7,2019-05-01,2020-05-01,255.0603725968772,474.8888195693478,260.5152223154058,253.96205956083992,434.3759672737849,23.25695136931318,12.905437708972324,186.1868289198767,97.4845374883192,5.35410637823212,1.8021048099084709,0,3.1861055014383903,48.47683673712902,10.208039174535665
SYN046,7,2019-05-01,2020-05-01,629.7009899552576,755.8398883486446,359.55261799757744,474.2149324375754,1359.8593324253768,22.619942125096937,20.36462148896534,120.03155472287722,131.8902738293427,1.6634030877850536,1.1107469950940976,0,1.6325712564169843,-13.080635704302491,-1.7306093401449083
SYN047,7,2019-05-01,2020-05-01,144.99800422919725,60.12537683898268,35.89045366772508,135.36182783497566,90.75350512420461,8.079620906755295,3.4245900905501405,41.466347870514795,377.1527356220114,8.902819671479996,2.359295767703793,0,3.938907824491129,-3.900394842461374,-6.487102530611546
SYN048,7,2019-05-01,2020-05-01,146.49795044677793,187.659222627679,75.27771529218697,117.03945396969112,247.0674286290896,0.21482729652724075,4.476741483105868,128.09682460087026,155.47689447721402,0.08695087722378436,0.04798742508093144,0,0.06428929672545827,0.7663695346859366,0.40838362429244135
SYN049,7,2019-05-01,2020-05-01,180.35548411427357,1088.426707441396,292.803176322897,160.1243812257043,811.2673532797264,55.471066716800514,59.05319727685204,603.489665305529,54.686695423386595,6.837581531235855,0.9393406161692168,0,4.371992851569484,33.11566211996923,3.042525683499205
SYN050,7,2019-05-01,2020-05-01,114.76482514153331,114.34726510733348,64.14460423930367,82.78541350674699,219.83903119204177,8.277419522299045,5.995956571161245,99.63616026627943,129.06060375382506,3.7652183406268076,1.380500246134362,0,3.612825282728608,15.824269268555291,13.838782461217278
SYN051,7,2019-05-01,2020-05-01,185.31622613185152,137.3085696000102,78.01881044105413,146.5121111798851,171.14605143314012,20.630635308689293,8.90450980655134,74.09419696595585,187.79075245011586,12.054403321568218,2.316874904614138,0,6.394621734479368,26.176059008201356,19.063674674096532
SYN052,7,2019-05-01,2020-05-01,109.08585638405822,90.38242169433703,48.831470626711585,34.298694114734246,112.07231875161723,10.89357845241117,4.57562225321187,82.85439074349651,70.2389128865849,9.720133012108285,2.3807862296247015,0,5.461308714025076,23.54508038432634,26.050508431775704
SYN053,7,2019-05-01,2020-05-01,85.80729084716256,83.73185826436378,44.86576135989588,119.28037417704901,135.3296330213192,15.029307608482455,5.082932124720128,97.5812864357931,265.86058179248926,11.105703365141622,2.95681847400431,0,8.864800659460586,16.41652762913116,19.60607105756546
SYN054,7,2019-05-01,2020-05-01,100.91606729722022,83.86665002346744,31.933128060100373,65.22961766677335,155.9315542714808,4.899855885471159,2.202284351066615,83.10534909813869,204.2694268598011,3.142311963966181,2.2248970179977214,0,2.6516851556888477,-1.9227969516966708,-2.292683624728824
SYN055,7,2019-05-01,2020-05-01,115.37950902482532,73.86807812170484,18.75674710581044,64.76352537056327,196.70530928555146,9.296226197145806,2.1706651619034605,64.02183433265539,345.2812207000483,4.725966081398821,4.282662457711316,0,4.912203287404635,7.163597027291583,9.697825108552115
SYN056,7,2019-05-01,2020-05-01,102.93317722539648,77.06668476741719,25.068164363805096,30.56706197805076,129.12545622768502,7.239574487841662,4.36410008409776,74.8705974543674,121.93578091495722,5.6066206457975465,1.6588928641260483,0,4.021988910264107,7.405602022241364,9.609342927610088
SYN057,7,2019-05-01,2020-05-01,137.73491237680773,249.2983944118776,82.785937334142,130.48746500742894,267.08680390746196,31.579948582246526,5.066435303734702,180.99869532705006,157.6203268445862,11.82385206615752,6.233169218398486,0,8.159491193218864,26.428454906156915,10.601133219692231
SYN058,7,2019-05-01,2020-05-01,359.41922439076467,1072.0016066330613,536.4037415712326,847.7320578268991,1371.0277827479572,113.61408887489765,70.3355180462658,298.2593956820654,158.03992256722975,8.286782390884918,1.6153160171531509,0,,71.29529106429152,6.65067016906957
SYN059,7,2019-05-01,2020-05-01,257.5017264615948,244.49132033628655,79.84194562240187,126.70559937982624,202.62634072647737,19.97860437341657,15.164237290890432,94.94744897283293,158.69553076656925,9.859825875445003,1.3174816504235434,0,3.9798567930086497,27.080035341056124,11.076072272753397
SYN060,7,2019-05-01,2020-05-01,322.02043706216733,759.4274907255976,421.36686994452253,523.6462460666384,1144.6002842863431,158.75195145796906,46.351050371713065,235.83207875063752,124.2732363214939,13.86964109981422,3.4249914550987515,0,14.679574242905597,120.06376811746271,15.809773755062167
SYN061,7,2019-05-01,2020-05-01,103.23546539035053,50.86384988454528,17.133515806831323,37.60587235852476,150.22183749287353,17.31194711635095,2.748985803195131,49.269744357930264,219.48718980100327,11.524254665818624,6.297576035579874,0,11.234279065723548,8.311012393422013,16.339723422994908
SYN062,7,2019-05-01,2020-05-01,297.98616902109114,126.8045287424293,50.659203260488844,111.60621322693461,229.62560021029614,35.77836778833492,6.599421557660989,42.55383032004221,220.30787308883873,15.581175511601627,5.421439966477263,0,8.422587400502026,33.34280504158091,26.29464844217687
SYN063,7,2019-05-01,2020-05-01,613.1467297871164,210.08362072458883,107.28610825185956,593.8870671522468,586.4571309206879,68.49763522585083,5.403893816265,34.26318864940037,,11.679904909386192,12.675607174160618,0,8.320591579656158,74.92463960731577,35.66419854574905
SYN064,7,2019-05-01,2020-05-01,175.894664252087,381.67872080122254,234.60712483677986,732.4436070955576,351.56317650961614,18.402000970833104,7.92926460279277,216.99277941382684,312.2000696292284,5.234336870411615,2.320770196564222,0,3.300372913078283,35.34689267162658,9.260902100443573
SYN065,7,2019-05-01,2020-05-01,425.109932642134,596.4877733590054,324.2230330091272,296.09447593511743,1005.8847239314176,-44.34835310725959,23.264491585499087,140.31377005277847,91.32431869107278,-4.408890209002052,-1.9062678822907189,0,-4.34107798468472,-90.29636166694257,-15.138007131052511
SYN066,7,2019-05-01,2020-05-01,173.55088650609568,344.9888968365014,136.8207621911637,110.866897060387,296.60308769803447,-0.5018345801309566,10.517407915966256,198.78256100085332,81.03075533630313,-0.16919398379354167,-0.04771466355023961,0,-0.09677841435734096,-1.4827215871654897,-0.4297882050007503
SYN067,7,2019-05-01,2020-05-01,60.80478149256102,127.83911151133132,37.737506121255386,46.94076981873042,111.62705019589623,3.087072876287975,3.3006253173670514,210.24516226075315,124.38757788578765,2.765524011313045,0.9352993991909904,0,1.636455242271892,-11.5001797809103,-8.995822675043351
SYN068,7,2019-05-01,2020-05-01,242.77956996081932,92.6769931436887,45.32775705473827,101.23050139561154,218.97685237281564,23.235528929811085,4.632005870487119,38.17330805827083,223.3300475762887,10.610952106596088,5.016299542679023,0,6.926538778903633,32.788863858109636,35.37972343068249
SYN069,7,2019-05-01,2020-05-01,158.80916856163347,248.5432170701138,118.83142538377253,110.70792058603406,342.88569252364726,29.63077763625924,14.685943765393038,156.50432485807943,93.1638413226946,8.641590559867335,2.017628428217411,0,7.273991433806383,25.89242567680961,10.417675437710852
SYN070,7,2019-05-01,2020-05-01,154.62137663817592,50.53274260041158,25.439120198966734,77.05410334075158,94.87487741136249,5.473863493406078,1.8060882849709101,,302.8961015085785,5.769560544117775,3.0307840092624505,0,2.668171379508181,12.079687893638894,23.904675012712467
SYN071,7,2019-05-01,2020-05-01,146.28864698296871,76.37998291804189,32.447605269343164,40.990227514970485,90.98949585077011,5.4820069617486205,4.1720141788171015,52.21183221889682,126.32743518270816,6.024878927496797,1.3139952854385897,0,2.4619574675542295,0.19242346177949532,0.25192917624238237
SYN072,7,2019-05-01,2020-05-01,88.72686094141325,90.52006259929526,38.01485522674201,26.060750128196023,141.55520906982863,-1.774148191249361,5.592729641546139,102.02103583836474,68.55412173150478,-1.253325965824529,-0.3172240220714278,1,-0.9897788794385846,-7.57320625626512,-8.366329009061115
SYN073,7,2019-05-01,2020-05-01,129.57101331361366,158.98039394065117,53.4173387108847,72.19393778820914,166.84791750544352,-0.6415848892539121,9.88745461788476,,135.15075728304373,-0.38453275224905337,-0.06488878220420773,0,-0.22234682386718088,-4.5806056399816395,-2.8812393317452853
SYN074,7,2019-05-01,2020-05-01,143.72956182830424,145.39658675035946,86.37947466025297,71.43422804375436,260.44382059269935,3.7834531151124344,3.681292635914406,101.15983441461167,82.69815060200223,1.4526945221822976,1.0277512518840146,1,1.3085821305723428,16.585964812032017,11.407396268874937
SYN075,7,2019-05-01,2020-05-01,546.7956255012724,480.5195709326935,278.15695831100953,467.3981790316,697.5183569428796,29.532654723238192,26.809311857990906,87.87919078397516,168.03396969454863,4.233960931533828,1.1015819756834062,0,2.874741347714163,12.990492565780368,2.7034263225877955
SYN076,7,2019-05-01,2020-05-01,39.13780235095691,35.77786402909891,10.022144172204618,18.9449274081326,39.39147293252994,1.044101166356894,2.332216626571513,91.41510733860648,189.03068128549177,,0.4476861859491072,0,1.3937020343115527,-4.264834559730647,-11.920316305808434
SYN077,7,2019-05-01,2020-05-01,88.7452926059891,111.2052903138078,52.8716924610556,88.31771689286823,126.5710805629957,17.962797711606097,2.8122643503795723,125.30838205417439,167.04159216753195,14.191865655018905,6.3873076900404655,0,8.983618576801668,25.203702088739927,22.6641214798488
SYN078,7,2019-05-01,2020-05-01,223.21983172379143,226.80297953632254,128.35168687657406,226.77726744147597,241.08850417890127,19.184878293053895,5.765172425146934,101.60521033676113,176.68429060815555,7.957608081892463,3.3277197763196025,0,4.263090184102913,41.30753074712855,18.212957709628828
SYN079,7,2019-05-01,2020-05-01,284.4452288150198,188.642772839005,97.795537322292,243.75771205394216,374.96613761303263,43.10793862681452,8.84838901911407,66.31954194657385,249.2523879189105,11.496488429923819,4.871840346722305,0,9.112033802611613,47.49670349660121,25.178119883308074
SYN080,7,2019-05-01,2020-05-01,331.4796666829376,1453.6212124186527,719.7840922083819,715.5646142180725,1652.314759931588,135.63090811587332,85.65202574081276,438.52500123606393,99.41378560098994,8.208539402110585,1.583510803659205,0,7.597940805683428,163.83195402340294,11.270608369205487
SYN081,7,2019-05-01,2020-05-01,164.38751678870102,1406.1050452093443,810.3805865977059,984.2772315035379,1117.7103730249314,30.619345864702883,93.8332084768572,855.3599888102885,121.45863903723533,2.7394704928644242,0.32631673116298443,0,1.9496651309031154,0.7271984086397296,0.051717217793743324
SYN082,7,2019-05-01,2020-05-01,165.0010448281203,93.09255882205824,47.15689302416782,194.6395651332701,243.4516678470596,19.963617658500667,6.217277449206997,56.41937535549044,412.7489167564913,8.20023860795324,3.2109903123347006,0,7.735029995380845,30.35101800288289,32.60305483803205
SYN083,7,2019-05-01,2020-05-01,41.520738667552,38.303902726227165,15.416372388312865,16.796254090249718,70.89178053440939,7.408852009494318,0.8850267101763457,92.25245974769048,108.9507548674871,10.450932327617608,8.371331536443764,0,9.281409700227854,6.617242901609397,17.27563624235733
SYN084,7,2019-05-01,2020-05-01,76.19793171517628,269.60630255604457,116.33237761358808,93.74976448049534,128.58332125654425,8.478093260062723,6.695196076141145,353.82364912976675,80.58785215573982,6.593462649131276,1.266294991759102,0,2.4517031371608926,12.52930651385952,4.647260243945886
SYN085,7,2019-05-01,2020-05-01,381.99546368408136,422.57467555340736,159.17758538116016,243.80922770682858,284.2970979091585,42.08444943786374,29.11127321349613,110.62295648172564,153.1680651663442,14.802982424854367,,0,5.230675038194709,47.06226371243144,11.137028893366196
SYN086,7,2019-05-01,2020-05-01,173.08546219407216,101.44662493478005,55.93131007602684,144.7329735271925,286.6352514366494,34.49122572801826,5.433756929681157,58.61071383397467,258.7691461731515,12.033141616442569,6.347583481258544,0,12.563640953135554,40.45655701561255,39.87964808254788
SYN087,7,2019-05-01,2020-05-01,199.966234031793,251.87623781128437,97.99485491357362,122.17946804987197,218.66985028809688,-3.473395209925604,6.469756243608674,125.95938460852251,124.67947236375618,-1.5884198051763496,-0.5368664721112009,0,-0.7687181764382469,30.24222149011083,12.006778310214994
SYN088,7,2019-05-01,2020-05-01,218.24564247145724,187.3288548731183,54.79985713284228,103.39054787484574,390.73621793958984,44.207280304077806,4.210206432321081,85.83394965038886,188.66937485660418,11.313842504078421,10.5000267836526,0,10.899916191357406,59.037857629773455,31.51562404508425
SYN089,7,2019-05-01,2020-05-01,364.6460485583671,416.1790332584172,150.63232673697365,144.59469896881322,725.3280010481012,18.238162053675527,27.144185549030173,114.13233048974105,95.9918113867397,2.514470974141537,0.6718994025712131,0,2.335755149058467,-3.059384187869483,-0.7351125221077214
SYN090,7,2019-05-01,2020-05-01,158.56142993623752,427.5791884116636,163.11100223154412,158.19248764699358,521.6678973508067,11.330921690065907,18.679726293772955,269.6615365941178,96.98455989034481,2.172056541644192,0.6065892782295833,0,1.933140501677447,-2.770046972119813,-0.6478441999035917
SYN091,7,2019-05-01,2020-05-01,84.142729254969,42.22988925570816,12.203486476018552,28.789583967689282,126.21501465483668,15.689551007847852,1.3528544974746837,50.18839967472804,235.91277807587676,12.430811857649784,11.597367667502214,0,12.415308943307407,16.12688158131907,38.18831132534694
SYN092,7,2019-05-01,2020-05-01,186.62400898798654,106.26407983685179,52.27703866291847,49.6460681139186,225.62931609611852,42.28383853780606,4.325786936949143,56.940197787569915,94.96725404442985,18.740400968016527,9.774831528717796,0,14.436858360291291,45.0083687881256,42.35520493587989
SYN093,7,2019-05-01,2020-05-01,105.24034842466077,79.58305946503697,38.623934394515885,34.91775316196797,85.81346718033636,16.54515509451928,4.707772124856269,75.62029265040748,90.4044440561339,19.280371296208973,3.514434143310285,0,8.95187210507091,25.35473622654431,31.85946405803027
SYN094,7,2019-05-01,2020-05-01,74.19236830447491,67.96757129491358,18.979369632330368,24.584488998534088,58.12510306321551,0.45991893646960574,2.9029262360384984,,129.53269510413924,0.7912569823220934,0.1584328705152487,0,0.32352218055640203,-4.623182119461801,-6.802041078386718
SYN095,7,2019-05-01,2020-05-01,277.30993584567875,245.27589970949833,72.54618340598988,93.55209771457068,460.6007422665259,3.2349894784515,12.600210532054028,88.44829124550115,128.95523006499943,0.7023413515429331,0.2567409068461134,0,0.6190350480921014,20.560693834735037,8.382680018333177
SYN096,7,2019-05-01,2020-05-01,79.09491219303617,50.27141762168129,28.85729309671922,56.98781163658583,126.28144768643725,4.503149052563982,1.8357940410915856,63.558345572204054,197.4814874201238,3.5659624870198767,2.452970731883602,0,3.480928197478845,0.33125340434208184,0.6589299049311419
SYN097,7,2019-05-01,2020-05-01,82.30107841048363,120.04850098803328,53.352865869637974,135.18768440558907,207.45196799704152,-3.711491521632879,5.820743232917279,145.86504005364446,253.38411011679432,-1.7890847493361977,-0.6376318922030046,1,-1.8341977940677063,-9.72156642319622,-8.09803233125359
SYN098,7,2019-05-01,2020-05-01,187.91006023102037,83.45967239276,25.071166650192023,60.25866186946766,187.26421242036506,17.509830454172754,4.047283411117278,44.4146908846461,240.3504500218626,9.350334603638636,4.326316858877707,0,6.452388880983978,-0.8442431222125713,-1.0115581549848116
SYN099,7,2019-05-01,2020-05-01,331.6053016993751,285.2049297197186,118.26167635775282,229.69952384347752,323.5153267212515,31.581981802838232,19.33841254348943,86.00734917630423,194.2298899506672,,1.6331217328110412,0,5.120210430066578,57.09247345875072,
SYN100,7,2019-05-01,2020-05-01,325.94776974072,148.2767607215203,86.59443367877944,261.01325166612685,462.7485634376339,40.41835597534184,3.003115235535397,45.49095729032577,301.42035761138067,8.734409821844677,,0,8.523042014706599,45.00092718443126,30.34927858246637
SYN101,7,2019-05-01,2020-05-01,73.4648693738654,97.77393827636217,24.66354865704482,16.925141279039323,60.38442600989201,5.297635091911903,2.2512144688176643,133.08937878700502,68.62411210320651,8.773181169336706,2.353234294329236,1,3.093711737781341,1.573930438294095,1.609764796264332
SYN102,7,2019-05-01,2020-05-01,190.10721097808172,1099.3110867169576,341.44351287493123,341.6020065786555,1148.124856449377,42.52621249719269,52.009135852997325,578.2584895444612,100.0464187186893,3.7039710671108317,0.8176681231042194,0,3.298092835599777,68.25874426193316,6.209229133291541
SYN103,7,2019-05-01,2020-05-01,209.68630263685628,160.5235093422132,86.34223845803042,118.03419007081739,280.1792021531735,28.459883669027537,9.093450852110603,76.5541226697171,136.70503820466956,10.157743133792124,3.129712155690813,0,7.687501181258958,56.99501489639837,35.50571198570867
SYN104,7,2019-05-01,2020-05-01,137.43444018375064,140.07916438162547,57.57503232896399,68.920868211562,264.1754829471019,-1.229497106384774,9.065341298634017,101.92435330935886,119.70617370698427,-0.46540923959660807,-0.13562612436555885,0,-0.4430403000639673,12.020086758748615,8.580924088040405
SYN105,7,2019-05-01,2020-05-01,106.33184808933,129.55322704727942,75.97972829038696,75.69930840950943,202.37200735408922,8.048395414342629,8.285372516854512,121.83859245862162,99.63092802884765,3.97702998530839,0.9713981354453511,0,3.4119985801058066,1.2865902580374389,0.9930978080290566
SYN106,7,2019-05-01,2020-05-01,48.69013699029975,20.842603162321954,6.792464873976718,15.520788957444747,73.45595938163623,4.672353496532118,1.1632291246990742,42.80662255371001,228.50009893916376,6.360754846665568,4.016709517775227,0,6.719645286920206,7.4194606679368835,35.59757200266305
SYN107,7,2019-05-01,2020-05-01,616.1533893056305,404.39818855695523,228.91090299617312,321.6336695466989,534.3049731393895,51.606136039618896,17.352351080889562,65.63271347296957,140.50605075463614,9.658554315225489,2.9740140571760105,0,5.056690632697009,50.69610419416481,12.53618478734229
SYN108,7,2019-05-01,2020-05-01,62.04180931048599,64.83123221033814,22.484735243987362,44.89048743724902,99.56824869089942,7.634278506836978,2.3153508428539813,104.49603731879027,199.64872590284637,7.66738253128957,3.2972447913883767,0,6.017258209722935,4.122782222648393,6.359253221151895
SYN109,7,2019-05-01,2020-05-01,835.7716882056328,800.7252456593806,418.27720623987096,479.05187362542006,734.4242236288212,-51.00655898566789,30.40914111912308,95.80669660855641,114.52975837050428,-6.9451084733619375,-1.677342966901223,0,-3.1168135992288493,-69.0308595727359,-8.621041979997825
SYN110,7,2019-05-01,2020-05-01,46.99132743650752,22.484090081577268,11.929834242489887,27.427468356136327,49.73743171698347,3.9536168917839087,0.8511563757882301,47.847318448189654,229.90653347428164,7.948976767197846,4.644994743912461,0,5.690670215482712,6.285426487270739,27.954996019255464
SYN111,7,2019-05-01,2020-05-01,94.3472714950685,38.84333131529385,19.235272562215414,136.4453822029327,114.6299599843012,13.505318337864383,1.4005912805713256,41.170593171127564,709.3498766997335,11.78166540380365,9.642583475427127,0,10.13984324186395,19.558271726952036,50.35168474144576
SYN112,7,2019-05-01,2020-05-01,730.288673443475,949.9532416166278,410.4916635560596,1520.1556902848681,1405.402497702031,170.82488018166376,24.193779041179205,130.07914214763665,370.32559373212825,12.15487239143085,7.060694399618595,0,10.166683657308555,179.52331580913352,18.898121291067046
SYN113,7,2019-05-01,2020-05-01,69.7455121425866,98.5758075168642,31.229487197987357,57.956376855383006,147.5182798180382,3.941039099352017,4.555382971623115,141.33641647843578,185.58222390253692,2.671559825814967,0.8651389189233846,0,2.3413784464888714,-2.8671359112836012,-2.908559395562746
SYN114,7,2019-05-01,2020-05-01,250.26326099519463,327.6363004341432,184.6903939465122,365.78305943959555,362.73394279418966,28.962566664344703,8.885218802451218,130.91665917373075,198.05202188562617,7.9845206768470725,3.259634603072985,0,5.0116955605072,50.045783415795256,15.27479810676679
SYN115,7,2019-05-01,2020-05-01,123.46348108158294,191.53316616977065,58.33315388972748,69.31681294964918,242.81485584041815,9.823909254026225,4.080722784994318,155.13345686665699,118.82918773890594,,2.407394418006246,0,3.1187345451925315,-5.092130194677502,-2.6586153701254815
SYN116,7,2019-05-01,2020-05-01,164.32228315504162,121.96532442585851,63.623401363621774,134.11348878493666,309.2259095632583,28.684507851897646,2.860632230967291,74.22324111136017,210.79270505902144,,,0,10.019472408980146,21.869950235497647,17.931285255418782
SYN117,7,2019-05-01,2020-05-01,131.16335342340162,408.11581988395216,245.99867939613443,342.3109285743365,390.04840486128944,7.21104368598763,26.956277275809022,311.1507972554915,139.1515309816397,1.8487561020925212,0.26750888530364436,1,1.3371633919706016,13.137349090700376,3.2190247107882226
SYN118,7,2019-05-01,2020-05-01,117.63700686234856,885.236807411256,508.6781869798215,1043.4471105194084,521.8385790817005,11.2468406137546,55.26900212788178,752.5155824876645,205.12912431230328,2.1552336420864284,0.2034927388001612,0,1.1214611901997704,4.42207004560342,0.49953526656162317
SYN119,7,2019-05-01,2020-05-01,77.46981781720598,2024.9856585712644,902.5978747205576,2030.4654938282401,1260.5617104489672,73.66881027389977,130.6318697698942,2613.902698660428,,5.844125651544783,0.56394209470986,1,3.503941515110972,164.32755717785938,8.114998567140532
SYN120,7,2019-05-01,2020-05-01,88.95858039670931,215.3716830640367,134.82828827144178,104.59881379286506,133.58371205220996,7.592364081347089,9.434232435018615,242.10332730534847,77.57927889901153,5.683600167047075,,1,2.494777875525478,2.9336096387800605,1.362114831924217
SYN121,7,2019-05-01,2020-05-01,190.60135937629767,119.50499072993753,48.92797838890877,49.714968250438694,147.318205530495,21.59512315743331,2.513987771774915,62.698918371302355,101.60846592776522,14.658828540348395,8.589987349933216,0,6.963779732351602,11.771218065767393,9.849980317866802
SYN122,7,2019-05-01,2020-05-01,157.79314512900243,99.25693831349658,50.546830090384006,88.8398246059132,153.75403693285543,15.774892675819194,3.0237305815696196,62.903200409846654,175.75745985862332,10.259823410495628,5.217029841207096,0,6.136894594452824,13.944321677464746,14.048712275833568
SYN123,7,2019-05-01,2020-05-01,138.6143307492419,117.33103578109913,44.77311480727098,64.28286425725585,196.4071073332534,10.38381535155628,5.861346731223038,84.64567490741993,143.5746977487851,5.286883704232536,1.7715750027621342,0,4.0570436934732825,4.288151846117895,3.65474643394282
SYN124,7,2019-05-01,2020-05-01,183.81480855558968,185.8810591866749,92.33646485164277,102.22270487474576,283.19465816188995,6.477289653422903,9.11684962348854,101.12409367195264,110.70675603510188,2.287221692479849,0.7104745521671098,1,1.7520589810699696,-20.91101652224653,-11.249675794695259
SYN125,7,2019-05-01,2020-05-01,103.85037706796793,96.2692698232404,60.042484483706055,55.714655466599204,187.98863674707152,2.871895032851684,2.634444852962228,92.69997138309297,92.79205540156936,1.5276960791601792,1.0901329096422199,0,1.4350889967405054,9.2653462989883,9.624406953538093
SYN126,7,2019-05-01,2020-05-01,120.21032006641538,182.39094516397043,98.84965904473962,133.2166867890369,173.9749552060577,11.004479337760804,5.224454167684572,151.7265281909246,134.76696639767133,6.32532385177337,2.1063404873619334,0,3.6366270079480767,24.480208801713097,13.421833402806953
SYN127,7,2019-05-01,2020-05-01,94.62488761334062,110.6811296958271,54.42984661940863,74.74660901760079,85.53554213119237,5.010386126317069,3.1200316196082687,116.96830769099144,137.32651047182557,5.857665715887156,1.6058767144629584,0,2.4404477725423863,-6.055181155415735,-5.470834253369595
SYN128,7,2019-05-01,2020-05-01,305.3066768825405,184.11509509628328,71.39629759960833,180.47454627469835,312.2882918406431,22.29551308770798,10.204807876172806,60.304968425933644,252.7785786411541,7.139400890214964,2.1848047859642463,0,4.555480439205442,10.547737280300904,5.72888240086178
SYN129,7,2019-05-01,2020-05-01,186.5078059255879,86.13289673112656,30.498464193581803,43.00445802020107,189.21372962425428,9.889412840131834,3.166241565045782,46.18192590045883,141.00532324264077,5.226583113059764,3.123391768116353,0,3.6272694222710125,2.5548537430462224,2.966176501669836
SYN130,7,2019-05-01,2020-05-01,57.65258115208423,39.298698057300804,24.143806999691424,70.67642393204896,49.65028017716736,4.601164019866135,1.0606259486653944,68.16468104634045,292.7310673621284,9.267146133813903,4.338159014170704,0,4.745851790082142,5.838297132652984,14.85621005596739
SYN131,7,2019-05-01,2020-05-01,167.37847244391713,75.6977765703607,26.39705632949872,30.50999584535706,148.60603517358447,12.019607760664776,4.7047358906954475,45.22551524403741,115.5810536770425,8.088236622842977,2.554789055095727,1,4.944789056687627,10.788425641354895,14.251971630008324
SYN132,7,2019-05-01,2020-05-01,302.13098356380647,166.9476668578727,70.93825651289507,199.1624328763007,505.0859338100837,34.429176560649466,7.160087163604846,55.25671842345667,280.75462052002536,6.816498788817015,4.808485675377675,0,7.339744951022454,2.65215164926083,1.5886125869124499
SYN133,7,2019-05-01,2020-05-01,120.58661830790571,84.77887629358275,23.877267983888533,56.78669396464513,170.77607930955236,23.365417574470733,2.186664179866922,70.30537673517678,237.82743487639632,,10.685416530622788,0,11.377479756183629,18.643813147645414,21.99110670337658
SYN134,7,2019-05-01,2020-05-01,127.2852970449482,64.07429281965433,21.818675719240794,25.274946549025017,198.13918279921026,7.073790701419653,4.482451045233429,50.33911559873864,115.84088271102682,3.5701119796118626,1.578107742847926,0,3.696595872945145,12.525579020167761,19.548524796711654
SYN135,7,2019-05-01,2020-05-01,51.92129740451273,40.43924760956452,16.68386090510604,33.13662662312102,67.1403308661164,-0.26786388032395786,2.5725728262057497,77.88566471000732,198.61485786530181,-0.3989612158124473,-0.10412295333113131,0,-0.29001981342047195,-7.0952590600114664,-17.545477424593145
SYN136,7,2019-05-01,2020-05-01,204.34541434004845,206.39575256214556,99.32092200362973,196.43102657219907,254.46623744397627,6.402038638008649,14.43776134418227,101.00336884422822,197.77406674197044,2.5158695716629724,0.4434232209128713,0,1.5586552198536037,23.630227119332204,11.448989054276765
SYN137,7,2019-05-01,2020-05-01,261.70098869767503,335.14723259039374,149.27836751649556,158.66640185667453,576.3714907119542,42.87856403809714,10.212932603944653,128.0649470444172,106.28894493982295,7.439397112638594,4.1984575538602575,0,7.184165506191866,42.3673988819681,12.64142882950437
SYN138,7,2019-05-01,2020-05-01,372.2500321991077,545.6225348731406,310.31063300395425,880.197713145636,873.1967956369839,74.77786818875884,31.21194413334758,146.57420756952416,283.65051645987904,8.563690174127302,2.39580936930053,0,8.146868189696411,27.087956779769044,4.96459641023938
SYN139,7,2019-05-01,2020-05-01,113.73292264722983,41.687911330904406,14.984346897227196,59.610160096315894,70.57637207752677,7.468879513267731,2.838039075509448,36.654216176444834,397.81620450435884,10.582691194530815,2.6317042558432764,0,4.805584503759971,6.764091919421801,16.225547655124164
SYN140,7,2019-05-01,2020-05-01,108.74108165907174,93.71054908558082,58.649921410770474,115.6338013637464,176.73789343670322,4.590373716767804,5.014906009099768,86.1776870855349,197.1593457966875,2.597277599900667,0.9153459124534674,0,2.2673928087828212,0.35727734652119736,0.38125627264750644
SYN141,7,2019-05-01,2020-05-01,39.85964110316779,48.05622404460586,24.796333593374086,50.556198326928964,74.92688137762683,9.810516366376616,0.9656701590620947,120.56361450978207,203.88578068024643,13.093453492254966,10.1592829335278,0,11.158982909269652,9.91971723562851,20.64189901066928
SYN142,7,2019-05-01,2020-05-01,69.07792310291268,41.17895540729101,11.603828120409263,17.188760692565587,54.15547283145172,3.0468812047272507,0.9780766602248182,59.612324108155896,148.1300870213109,5.6261741342561455,3.115176272611292,0,2.763438658791051,7.057934878398301,17.139664686949896
SYN143,7,2019-05-01,2020-05-01,333.2209528236402,412.263162480883,187.66379737555837,191.06950069850404,548.8285611786371,68.68665167500072,15.590086100739942,123.72066011679541,101.81478973066397,12.515137974505675,4.405790399819581,0,9.21369755101259,107.75308234110305,26.13696593522339
SYN144,7,2019-05-01,2020-05-01,556.6107335735466,336.48472313487173,133.39930628529737,216.7485372002166,577.9749959776556,55.16792506066853,20.30945759717749,60.452431625702935,162.48100776226119,9.545036626948013,2.716366244479887,0,6.177158851977006,68.79976006714386,20.4466221902048
SYN145,7,2019-05-01,2020-05-01,92.50407795913593,253.11630463726829,125.2325341417552,143.9620527443287,319.2829897141669,1.9104327271061252,7.457237397683743,,114.9557930221015,0.5983509264982798,0.2561850488626681,0,0.5527546473834616,14.2067018585628,5.612716999373828
SYN146,7,2019-05-01,2020-05-01,117.71130233566782,149.8946691243251,72.19250966612498,184.98338529902676,128.65137166449,-0.3960234095948049,4.167347724168411,127.34093171179312,256.2362579643451,-0.3078268070297724,-0.09503008527416101,0,-0.1479875084379462,-9.40093184949642,-6.271691918342428
SYN147,7,2019-05-01,2020-05-01,242.2612492068136,153.53525281259263,91.0077620470924,91.37695025715897,141.96921861593222,6.735394296621117,7.579490123744282,63.37590238442246,100.40566672749905,4.744263835699699,0.8886342203311455,0,1.701731637913989,17.352429964329364,11.301919035825598
SYN148,7,2019-05-01,2020-05-01,148.96872325086557,103.28606530122768,35.947877725766475,76.84643623978758,146.5542379353627,3.8399458433004208,6.232733820475424,69.33406090034913,213.77183049865033,2.620153396719935,0.6160933474626573,1,1.5222489393922571,19.17685743871839,18.566742166806552
SYN149,7,2019-05-01,2020-05-01,68.145063721625,69.43059114524523,32.56381449951994,33.7347391844763,68.71601816353966,0.28707359057105625,4.274272728777096,101.8864571451157,103.59578477814267,0.4177680812177442,0.06716314301572195,0,0.20866598152765675,-1.4548345090170036,-2.0953796950591483
SYN150,7,2019-05-01,2020-05-01,631.0735021087648,457.5424241505225,194.49247996377838,196.2443686535381,909.5860131577828,36.16640688324999,31.212016883575423,72.50223985345934,100.90074880534505,3.976139294149011,1.1587334140614827,0,3.322237532159331,-15.86308452718361,-3.4670193822212574
SYN151,7,2019-05-01,2020-05-01,248.81573591717776,165.28138552070283,70.20970644380873,114.11139001718642,331.6857612836691,17.180339409116574,4.329243068239665,66.42722370892142,162.5293649511464,5.17970362750162,,0,4.148867142437701,22.80731062603086,13.79908000781737
SYN152,7,2019-05-01,2020-05-01,281.23020567451823,264.31424855579615,86.00955935569195,192.51958302829232,409.073098349768,67.71474216563647,6.595860613424994,93.98501413525268,223.83509980806772,,10.266248202366821,0,12.412323439557705,83.60488624812213,31.63086617726298
SYN153,7,2019-05-01,2020-05-01,298.6459157329105,353.7509982163943,186.90407600272633,346.09600952928974,471.33058706210005,62.56068110469697,8.604011190254797,118.45164443258825,185.1730668111493,13.273206284924237,7.271106431794903,0,9.589358834637025,44.80897416189201,
SYN154,7,2019-05-01,2020-05-01,633.4705539635397,1268.1614647751787,349.807695757461,584.9550941658471,929.142876088332,51.29688101330001,29.06620456439195,200.19264618386185,167.2219054241235,5.520881915304413,1.764829009568801,0,2.6975187895354913,31.916120964286897,2.5167237651354615
SYN155,7,2019-05-01,2020-05-01,89.27680131731348,85.02266940321901,49.51238212189355,152.51024532883412,188.68568750752547,20.842817398951027,5.762940855184231,95.2348965785925,308.02445528347266,11.046316058349545,3.6166981273460803,0,11.958049736347101,14.283016373920878,16.799068382790757
SYN156,7,2019-05-01,2020-05-01,206.30443187176104,262.53112061138734,162.43981874944708,155.21533462056837,414.17816799202154,29.813207941998755,8.448079122149213,127.25423212167195,95.55251650457576,7.198160175012666,3.5289925095320602,0,6.35899043579259,18.24632086127432,6.950155402065078
SYN157,7,2019-05-01,2020-05-01,298.1160262766936,142.29995614374883,70.32843742403516,271.92185375698983,299.31072982674795,40.41335095066213,6.673188120056727,47.7330782651968,,13.502139055975327,6.0560784775716145,0,9.17617719696684,59.00331103686574,41.464040211833705
SYN158,7,2019-05-01,2020-05-01,127.74382966273129,138.44087644676512,51.4778933974578,126.27145487911964,190.04400774785057,15.708203672749296,7.168198091550345,108.37382659677273,245.2925839528536,8.265561150231509,2.191374104360432,0,5.9012419993384775,20.38573811566108,14.725230465801074
SYN159,7,2019-05-01,2020-05-01,133.03059578817565,115.2866853016715,63.388879261470954,121.53399385894045,204.38534237323972,16.743624232336273,7.481461065910669,86.66178229047568,191.72762679338183,8.192184448217322,2.2380152866969683,0,,5.8906166413238985,5.10953769371535
SYN160,7,2019-05-01,2020-05-01,255.39563712381204,451.96222743627504,232.90728004650123,427.1203833110599,457.79418073014955,0.4940422619680369,10.730377756301403,176.96552397141008,183.38644598218784,0.10791798645847228,0.04604146034634346,0,0.06984332637275288,35.70403668260077,7.899783325949491
SYN161,7,2019-05-01,2020-05-01,92.43060699797982,118.957864296082,34.01206963205045,29.510390630411436,205.11657977724855,0.3501072761731167,7.202820423256471,128.6996463181097,86.76446611353234,0.1706869705770857,0.04860696999229498,1,0.16562269173425434,-3.84775739222328,-3.234554869484161
SYN162,7,2019-05-01,2020-05-01,131.79243534395295,250.2376864457015,111.61360664920622,97.62732364686275,327.7238889929031,18.93577310899484,7.794880625532672,189.8725718153923,87.4690161690578,5.777965459638769,,0,4.956617823821983,3.5976263013908554,1.4376836488901508
SYN163,7,2019-05-01,2020-05-01,41.46928362213061,20.939163022590233,10.07730682512883,21.719511136203423,49.9009602698757,0.6811028122470905,1.139661671137425,50.49318723079118,215.5289256653725,1.3649092293285179,0.5976359734616015,1,1.0913631869808849,-2.152607745641167,-10.280295078264707
SYN164,7,2019-05-01,2020-05-01,347.8884551574756,387.0633301173925,201.53723488522502,119.5297220634121,286.2272660921518,0.0048852036464883866,23.594789260907834,111.26075740058232,59.30900169960355,,0.00020704586900389306,0,0.0006646971603261493,19.539462664434176,5.048130665983793
SYN165,7,2019-05-01,2020-05-01,115.34750215922486,180.42450860335902,63.06827266790929,157.31749028314275,233.53906848693606,13.25732600820011,9.046755674106661,156.418219056276,249.43998563510652,5.676705869425745,1.4654232396421194,0,4.482278757215388,22.917867540016232,12.702192023367695
SYN166,7,2019-05-01,2020-05-01,100.17860741992115,81.85112403926604,27.425351110367323,43.610163863133195,109.89806827371653,7.233191843524922,4.847806327054232,81.70519250299483,159.0140585170036,6.581727920375855,1.4920546233785228,0,3.9736321014936355,-0.0716799250829867,-0.08757353783999355
SYN167,7,2019-05-01,2020-05-01,167.27368391386392,176.18975439987662,70.8609155202703,64.50110211002291,139.73481378361677,-0.5600480224764207,5.984182050979649,105.33022904583362,91.02493474215964,-0.4007934796719095,-0.09358806562122175,0,-0.16305899260370138,-15.796713461254095,-8.965738964254527
SYN168,7,2019-05-01,2020-05-01,65.85999742600197,30.342818853838924,10.821941574504345,27.103117919422775,62.9730360067253,3.6237317080781604,1.6584727449572225,46.07169760055195,250.4459826624422,5.754417982469764,2.1849811636015932,0,3.766762604472221,5.423102197173544,17.872769907425468
SYN169,7,2019-05-01,2020-05-01,135.88988262305983,135.32880254903048,82.17313642298262,97.49630491740398,168.80338149467033,10.565906437912076,8.065322076594084,99.58710680795441,118.64741831873864,6.25929785550278,1.3100414760341434,0,3.8957147923668787,9.948512895365315,7.351364017102646
SYN170,7,2019-05-01,2020-05-01,323.3450088337792,243.8570685401307,74.93556140267304,99.18639850199531,198.70224751949797,17.431973197945055,12.804539459167504,75.4169886276146,132.36225450958884,8.772911940130177,1.3613900955621254,0,3.0733267548407768,7.471957109564178,3.064072390558793
SYN171,7,2019-05-01,2020-05-01,202.25143528466938,212.38949642119488,76.27852045851022,84.3176138982297,448.71438488776437,57.65172994842288,4.664920064302643,105.01260281404488,110.53913131953333,12.848201860709935,12.358567596815021,0,13.904013217228528,67.53505528331038,31.797737845462915
SYN172,7,2019-05-01,2020-05-01,273.75125693998865,132.3679769802007,33.900272174831706,72.4722229499624,427.28254042294617,44.540843755380145,4.5049438164565885,48.35337687936834,213.78065219124505,10.424213381452782,9.887103051690048,0,10.967430260673968,52.415485998790835,39.59831312269056
SYN173,7,2019-05-01,2020-05-01,379.52504283390306,351.17699201021884,209.57410684541154,157.82249550495644,697.851270731637,10.714702073235001,17.58491032113636,92.53065078077321,75.3062951719371,1.5353847621430219,0.6093122954602934,0,1.4663572239155909,9.792913203080191,2.788597609149528
SYN174,7,2019-05-01,2020-05-01,80.53414445292948,41.031427673266705,19.28248312457912,22.04004450043803,96.06228348960073,16.78161463490781,1.0450583234928505,50.949107303485064,114.30086238397317,17.469514595418204,16.058065141110394,0,13.804578336938157,18.99620239616786,46.2967132107482
SYN175,7,2019-05-01,2020-05-01,246.36123567419315,196.59812947691364,55.07689140883238,119.37299293456479,425.9735232657947,48.5572056941994,9.078830955760242,79.80075637260968,216.73879894285682,11.399113569765499,5.348398481127279,0,10.962000019490517,45.923438687908806,23.35904151789072
SYN176,7,2019-05-01,2020-05-01,207.26021567012486,215.7079314143115,88.37359599825628,89.0175549416685,267.7486731880478,8.827565693115337,5.419320478197655,104.07589836615436,100.72867799045422,3.296959640548985,1.6289063783235032,0,2.0870521229470045,-5.638608661674535,-2.6140015458422927
SYN177,7,2019-05-01,2020-05-01,507.319219579656,402.9063176852003,144.66910771058366,181.05488547064408,332.2704859628229,53.84891292079082,9.865835427993721,79.41869776174299,125.1510348932625,16.206348500906543,5.458119924441243,0,5.915996719077103,31.103723029563152,7.719839988675776
SYN178,7,2019-05-01,2020-05-01,29.205946328857202,36.387988345532975,13.861736423816827,30.984191318899207,64.13280589350848,2.3946866429880096,1.7632704311423528,124.59102655262875,223.5231602417651,3.733949590423892,1.358093801548403,0,3.6507745035806893,0.10518617411794695,0.28906839564506925
SYN179,7,2019-05-01,2020-05-01,155.21601874416203,230.12944259614648,83.56846170507215,89.96012883470792,260.15647268969116,-12.598861897260072,11.183165162203228,148.26397717072103,107.64842022842672,-4.842801628959551,-1.1265917756308925,0,-3.26949793399375,-5.764812367636767,-2.50503034405442
SYN180,7,2019-05-01,2020-05-01,125.03481664653155,182.9515192445716,73.27355089526286,112.94920680978623,246.14651085975098,14.03731370056129,9.75436872125147,146.32046029368624,154.14730885805673,5.7028286330491404,1.43907966796239,0,4.557771584231762,8.355444711207099,4.567026688659222
SYN181,7,2019-05-01,2020-05-01,105.4739877184709,566.446704109708,185.61785079321405,399.76400799044933,723.1602639351436,-0.3220091393661205,30.665137039683852,537.0487229720151,215.36937653469704,-0.044528046606692406,-0.010500821794776507,0,-0.04792368255396182,-31.351369426113248,-5.534743021479597
SYN182,7,2019-05-01,2020-05-01,120.91950669882536,115.94931946517443,64.14528194706095,120.02727653914683,120.31248501665576,7.5156151691465185,6.440394275282311,95.88967291602488,187.1178563658123,6.2467458536045335,1.1669495449977052,0,3.1729017662894003,9.490863543240255,8.185355107746753
SYN183,7,2019-05-01,2020-05-01,197.7555852197635,144.81794563425746,67.4934185743453,79.61832164127631,235.02864480883198,14.110352820051064,6.89647358793793,73.23077397451148,117.96457095083308,6.00367365072805,2.046024339849623,0,4.118926755629533,23.262392968327305,16.063197738681676
SYN184,7,2019-05-01,2020-05-01,214.0786026306901,500.14105221502206,324.2507063651364,520.8292138796152,513.4013236392522,15.054121179545785,15.170435882798127,233.62496114467925,160.62546778020373,,0.9923328041362192,0,2.1077718986601988,-14.46683055109278,-2.892550109018677
SYN185,7,2019-05-01,2020-05-01,73.01568898281083,121.1458751198696,37.49918808824799,60.473690847743676,122.66757886424054,2.7187726567322543,5.903858495420848,165.91759498207222,161.26666717537745,2.216374270940158,0.4605077609568369,0,1.4002630589102891,2.536523094949805,2.0937758652038334
SYN186,7,2019-05-01,2020-05-01,363.76987752751313,1837.2967188094167,468.7805905113765,1046.1501453506373,1318.1036190263417,-18.68061286395161,83.17572681212032,505.0711541310772,223.16413403750963,-1.4172340166815283,-0.22459212056118133,0,-0.8487072992266729,31.461438880945835,1.7123765888687323
SYN187,7,2019-05-01,2020-05-01,1141.7114168848227,1205.415713247887,633.9632626353784,720.4976516274124,1620.2236566287174,74.62601857370854,49.853714989070546,105.57971965778204,113.64974819397443,4.6059084663031475,1.496899851697488,1,3.1794621439823363,109.1701526993023,9.056639257269419
SYN188,7,2019-05-01,2020-05-01,159.86810015261946,58.53346668310908,14.895132738386064,37.77645421641481,231.9704357718781,22.009445726802515,1.8141557541891447,36.61359997850078,253.61609647869452,9.488039134627833,12.132059596305092,0,10.077512742093555,21.13172430264679,36.10195243868025
SYN189,7,2019-05-01,2020-05-01,362.91523893940575,730.2242703485825,276.080868892877,293.65250328458035,1073.1355711291426,9.930817361813155,22.919310068210727,201.2106938475804,106.36466933118838,0.9254019369951596,0.43329477773361424,0,0.9084675174060398,-20.124169296804276,-2.7558888568847113
SYN190,7,2019-05-01,2020-05-01,87.26052950647015,51.54274395055618,17.8894125550692,49.203909981071234,98.32242437664743,7.116090448677215,2.133341966869292,59.06764976338404,275.0448614766205,7.237505069461406,3.335653898526252,0,5.1267454084073645,9.319029027441168,
SYN191,7,2019-05-01,2020-05-01,98.86632243844795,108.77164674879177,42.273430429625186,90.52265951075748,176.11206586071262,9.462553087287898,6.513728574486212,110.01890640416069,214.1360627485752,5.373029406611952,1.4527091479298064,0,4.557236388088029,14.950487575018567,13.744838863703823
SYN192,7,2019-05-01,2020-05-01,172.27271697992626,674.0219642160478,396.3653540560518,884.6725103914146,370.56676326999747,32.74127008213823,25.85248082026412,391.25287859399515,223.19622573932358,8.835457824986511,1.2664653079047805,0,3.8687789028602473,29.523086071791518,4.380137093325986
SYN193,7,2019-05-01,2020-05-01,572.5973113561024,705.960598147246,280.25890076927647,337.2446454343181,1243.1830401258107,117.24618169119849,36.702682489584674,123.29093835164795,120.33325061527849,9.431127831291288,3.194485354700439,0,9.170189384440349,111.56069161626786,15.802679626745835
SYN194,7,2019-05-01,2020-05-01,135.79084473849667,141.04645668427474,46.5162235438327,71.07615828198568,254.5182271510557,4.458589460572827,3.530840461723065,103.87037281924214,152.79864285416443,1.7517760949696815,1.2627558534312866,0,1.6105450521510116,14.68349765678041,10.410398107092236
SYN195,7,2019-05-01,2020-05-01,144.5024459556267,69.8213796847343,25.470518283335725,112.82429101444373,136.750113074935,12.45593625728833,4.767632338034592,48.31847601124675,442.96032675652253,9.108538177561028,2.6126041972488094,0,5.811736618676078,13.026819598218216,18.657350595245244
SYN196,7,2019-05-01,2020-05-01,93.1299847529783,52.32942406121859,17.29925483195719,24.07473902500881,79.74349009265515,5.084245467883655,1.2463740983232376,56.1896624379562,139.16633553796296,6.375749872467575,4.079229081159141,0,3.49530189166246,4.108097633181158,7.850454513650333
SYN197,7,2019-05-01,2020-05-01,76.78972525502404,50.10867240146182,13.19530780455773,69.7990551068283,67.77927457514886,2.0577215326488467,3.093325515441729,65.2543972973564,528.9687526858551,3.035915544311987,0.6652133835824268,0,1.621550445592782,0.7184038120230485,1.4336915699289023
SYN198,7,2019-05-01,2020-05-01,160.24166632503426,94.68354214227053,34.241510280952355,59.784127722470906,134.9624418304678,11.085159385407936,1.90580741877977,59.08796651565916,174.59547558486994,8.21351424519459,5.816516021595415,0,4.348396712924392,39.40215601119411,41.6145774859044
SYN199,7,2019-05-01,2020-05-01,398.5972975334108,285.96067634657334,82.05587529380034,120.44015101330712,735.0317403010033,33.86421576816386,15.074467046165582,71.74174991053566,146.77821738184159,4.60717733825972,2.2464618924473174,0,4.9468733197607735,9.998123860461902,3.4963282323281963
SYN000,8,2020-05-01,2021-05-01,136.6921129226797,137.09570385496588,80.22054933629575,58.849006886089704,288.44607435118337,3.776969018575652,8.461720709892761,100.29525546401821,73.35901757464468,1.3094194563304018,0.44635945194455834,0,1.3795241377168672,8.37864274189879,6.11152830198282
SYN001,8,2020-05-01,2021-05-01,416.72290702958054,1238.19899686345,421.7721249264365,404.41623013471224,1018.1752274902256,16.931447020110355,42.80086683778353,297.12765388622086,95.88500667398269,1.6629207392764715,0.39558654464361687,0,1.023096436169036,-12.505393123158388,-1.0099663426344623
SYN002,8,2020-05-01,2021-05-01,419.35587679718935,707.2047013227563,292.1414242407893,374.96572088902815,909.220268286143,84.1475156958018,48.5583899297696,168.64070362480638,128.3507540443745,9.25490979808641,1.732914040550048,0,7.469417741940776,79.49182997277903,11.240285849923996
SYN003,8,2020-05-01,2021-05-01,142.56505480380372,84.692905609473,21.959380936085044,27.64652834351565,248.29704188804516,17.059621755513714,3.704084259611868,59.406497423948906,125.89848695636555,6.870650421685546,4.60562464561789,0,7.506721315499876,21.734544451574,25.662768676037683
SYN004,8,2020-05-01,2021-05-01,146.02635442443088,158.21414845674792,41.77320041524903,42.833925821590555,136.2046968516606,2.7935454455675246,5.211546366806046,108.34629754358777,102.5392485990954,2.050990538608189,0.5360300473119612,0,,-17.017602424618232,-10.756056010547281
SYN005,8,2020-05-01,2021-05-01,34.99156960379225,17.52361256938174,8.250839204994799,14.226214304442227,37.55884865205485,3.389907623847727,0.7663318426849897,50.07952706266311,172.42142224551077,9.025589829048885,4.423550523452789,0,6.45510018925417,6.5426744757917366,37.33633376044545
SYN006,8,2020-05-01,2021-05-01,132.779921503342,89.76560271510893,45.03362826611104,56.51954393767659,82.10231606157379,3.364780392583345,3.8643175743313,67.60480176428601,125.50519714665984,4.098277069382404,0.8707308154313903,0,1.5119515004401856,20.38931408670801,22.713949965242282
SYN007,8,2020-05-01,2021-05-01,198.57212465822275,260.68516988361694,148.4494297944025,222.2010638554496,460.75955114860056,12.920080421225155,17.417704617657204,131.27984118229162,149.68131852253703,2.804083038326051,0.741778592807655,0,2.8132553526698745,45.01050112185112,17.26623004367532
SYN008,8,2020-05-01,2021-05-01,293.4008868145431,203.7090341734637,55.705656445783,79.27188472551218,446.5133376120864,-18.63262238416331,11.086194619054593,69.4302721389615,142.30491081756776,-4.172915076581791,-1.6807049690556721,0,-3.748189605053735,-16.85603308550683,-8.274563351546533
SYN009,8,2020-05-01,2021-05-01,57.327872085356944,76.5868185478473,43.901449892455375,83.80363004419146,87.50316192374437,6.608214369971101,1.845376530037439,133.5943857009296,190.89034701469717,7.551972094139758,3.5809571989284126,0,4.934644838982728,7.261214484120992,9.48102378686037
SYN010,8,2020-05-01,2021-05-01,511.34026855047364,822.42872670456,330.4015430130157,300.62636877676584,511.39658793705536,26.869159255255813,46.101476101748105,160.8378563722249,90.98818547736718,5.254074800077269,0.5828264413042725,1,2.014528704059288,103.23541581923146,12.552506067351485
SYN011,8,2020-05-01,2021-05-01,428.96309834184103,721.6701423080891,459.71176639265605,355.3706615567737,1051.6420509014833,23.26112376129402,38.21910689803778,168.23594968837847,77.30292925616332,2.211886044434438,0.6086255187320527,0,2.021593235752087,24.122782476299466,3.342632743423266
SYN012,8,2020-05-01,2021-05-01,193.01292206332505,177.05041979412073,54.845488772223995,38.705941390355626,196.49102370386655,17.15519438332114,4.698901260333598,91.72982715428388,70.57269842393656,8.73077765077752,3.6508948438944664,0,4.635745409749229,14.727190256516057,8.318077005206344
SYN013,8,2020-05-01,2021-05-01,147.68113801997706,194.8606978287366,115.63364175203436,141.3242146361989,296.6590077962219,0.14464837514373538,12.601252658167967,131.94690970107334,,0.04875913804818489,0.011478888573032158,0,0.042227944153256806,-13.134911841690968,-6.740667557926568
SYN014,8,2020-05-01,2021-05-01,109.5771828235004,1916.3637763703491,591.4693670683246,483.83922950047787,923.502198764133,11.335474668256358,50.231781552926016,1748.8711855798483,,1.2274442533462224,0.22566340109424338,0,0.559516535603629,-18.57059929523779,-0.9690539721227182
SYN015,8,2020-05-01,2021-05-01,311.7754362834976,183.98569441256524,107.01158658948732,178.2817586573252,209.5278634854124,0.6074516797170071,11.268434195215598,59.01224824051467,166.60042556068353,0.28991451046762506,0.05390737250566025,0,0.12252910567315504,-19.67189517632617,-10.692078663580425
SYN016,8,2020-05-01,2021-05-01,257.49254956154994,155.61088783266143,85.36581011959855,233.43755201449756,227.18628013737987,15.34684793347475,4.37029264162033,60.43316130801868,273.45555754399646,6.75518254191868,3.5116293557368623,0,3.7150133705689177,1.2304393191439402,0.7907154417543791
SYN017,8,2020-05-01,2021-05-01,144.3523227625582,849.9432512535664,324.51582263082605,569.0586977275249,613.1478300386277,24.26481267520398,45.64808460315016,588.7977657634359,175.3562255036465,3.9574163825508966,0.5315625592213671,0,2.44040236216625,25.07476136990329,2.9501688886782693
SYN018,8,2020-05-01,2021-05-01,102.449162305894,230.32249801556623,76.04825363346666,61.66692955637032,265.38864398326376,18.189389453949055,8.80543679038702,224.81637997962972,81.08921192798104,,2.065699849643641,0,5.466027196059289,2.646696542619626,1.1491263621327823
SYN019,8,2020-05-01,2021-05-01,117.7529965141469,222.15825487054917,120.678928221852,172.03117531145983,213.87595470375564,21.01498598619951,12.147986026632047,188.66462973098012,142.55278684212678,9.825782433236983,1.729915225464396,0,6.182492018310892,10.119096395298293,4.554904521191281
SYN020,8,2020-05-01,2021-05-01,390.4166636086624,195.56521451944266,121.40275982740665,199.46731132552762,640.722773173575,63.95125239096047,4.592039072768526,50.0914107281725,164.3021226281035,9.981111187011884,13.92654796214625,0,10.913520499174838,71.91002678925655,36.77035661273361
SYN021,8,2020-05-01,2021-05-01,272.713880150298,230.9294801071294,94.54785583516382,105.61682740176751,475.5548958003265,14.162898245891036,4.855708386619528,84.67830092837944,111.70726873584687,2.978183669428078,2.9167522260847782,0,2.8120887444345435,26.50573627880521,11.477848677660841
SYN022,8,2020-05-01,2021-05-01,234.98553871097573,148.11081722116893,63.216732384939235,51.74463437901286,298.40818248233967,22.890211824099453,5.014965014854048,63.02975835604089,81.85275073050202,7.670772173096874,4.5643811584527345,0,5.975053395745128,10.317742050010892,6.966231260883365
SYN023,8,2020-05-01,2021-05-01,108.71946416013785,99.2496219319201,41.105739611721795,75.68019919871456,111.74717889895852,10.938901925879088,3.4993117340205337,91.28965332806536,184.11102661958537,9.788973675809759,3.1260152730979582,0,5.259869210098351,16.8020181143616,16.929049992640657
SYN024,8,2020-05-01,2021-05-01,118.21255504083365,105.91750672513164,58.53006980828275,48.8858995048968,206.19237507921687,2.823446418166741,6.808616047210505,89.59920262999562,83.52270835320074,1.3693262988420418,0.4146872725072387,1,1.259735706990952,10.31378710382631,9.737565981978594
SYN025,8,2020-05-01,2021-05-01,202.62250572553526,263.4279090464388,78.68574339237358,74.41468529370451,223.77322547860095,7.644059257113509,15.500150988879264,130.00920509949088,94.57200515044885,3.4159847500810576,0.4931603093800708,0,1.640178619056383,1.4048930634703023,
SYN026,8,2020-05-01,2021-05-01,121.72651893858344,186.9607106136043,48.74643635536279,80.55817295794232,307.7777683003714,20.925804786509534,10.289662035013826,153.59078058244194,165.2596148171143,6.798998154436966,2.0336727013290496,0,6.778966793302909,8.654276155547768,4.628927718098882
SYN027,8,2020-05-01,2021-05-01,122.34437823751139,123.57573204980677,52.686677317614674,48.62173661708906,120.03054933565897,-3.622212746363424,6.7073862635444295,101.00646538078351,92.284689588564,-3.0177423717641254,-0.5400334204771612,0,-1.4729225446961007,6.646467363653857,5.378456800057653
SYN028,8,2020-05-01,2021-05-01,55.75881410381539,24.6967813917944,12.445961293656225,64.86901421246667,78.48700846296741,8.456386244977061,1.668747018219068,44.29215683427614,521.2053346617007,10.77424966320005,5.067506430065083,0,10.510625386445,10.912864509196167,44.18739566129054
SYN029,8,2020-05-01,2021-05-01,51.34524816457298,60.35746166725338,19.40999088000118,17.13388302704997,41.158515622784066,1.2179673315198054,2.631961568434197,117.55218608310987,88.27352435648815,2.9592110237463882,0.4627603024782755,0,1.0903650711370496,3.3655519034903145,5.576032872363612
SYN030,8,2020-05-01,2021-05-01,269.5614543116275,204.3834643592588,127.17637506393221,309.2939278699111,338.54685912841614,55.34921826982194,11.527984581136565,75.82073070542963,243.20077350406274,16.349056792999846,4.801291837290518,0,11.678407361142568,43.47413739133269,21.27086823174463
SYN031,8,2020-05-01,2021-05-01,188.5650750844526,193.78871601775296,88.51830757200216,121.34066476532351,273.31224289881186,11.897899404609943,4.929628158616449,102.7702059519563,137.07973874966277,4.353225921538718,2.4135490592355775,0,3.11175138876276,19.253005542226447,9.93504985112894
SYN032,8,2020-05-01,2021-05-01,491.0458249066739,924.9782218529131,246.62791711956788,379.00957083081,1415.910426444862,83.62633347841674,20.90236056620361,188.36902279511503,153.6766702072345,5.906188125783485,4.0008081007668395,0,5.905714219316139,128.87546437839922,13.9328106688
SYN033,8,2020-05-01,2021-05-01,85.2963478972876,152.52841823778402,60.906171029504186,47.9957369995301,223.12532438453536,21.908096234818935,9.139446248780883,178.82174559390998,78.80274886477429,9.818740340322108,2.3970923006129907,0,9.211864933518454,36.82124860206041,24.140582474708392
SYN034,8,2020-05-01,2021-05-01,71.87145617680063,75.02629738521271,28.5433599514353,63.2287449848096,52.79983677748397,4.647484307314627,4.40884928888298,104.38956071886355,221.51822732989132,8.8020808225235,1.0541263723923089,1,3.163754512660179,8.278040348913024,11.033518429425495
SYN035,8,2020-05-01,2021-05-01,103.23486257428932,94.10855616568162,56.19465978566705,46.70053217611627,100.61876615263444,4.831368390113543,4.757949994865998,91.15966623964819,83.10492910578606,4.801657359606815,1.0154306781968634,0,2.4482034521149054,12.262455293470614,13.030117337983706
SYN036,8,2020-05-01,2021-05-01,129.70495747977208,211.25895314698985,55.100286569736724,33.72967067316838,269.42645379074025,14.157653533950999,5.89722980715336,162.87654477658373,61.21505489899586,5.254737734456858,2.400729494512443,0,4.1522440037499315,15.941174139058258,7.545798131436682
SYN037,8,2020-05-01,2021-05-01,202.57845720137732,419.0380755038684,133.9443101758928,82.24125727626915,263.24975121887275,6.063988860635854,10.956485129404234,206.85223951889162,61.399589999957215,2.3035117156080784,,0,0.9755192375990487,-20.798516471002785,-4.963395377852908
SYN038,8,2020-05-01,2021-05-01,168.3616708978073,101.72481110902565,61.2741814034066,117.5289625842115,214.2232438846397,20.602606090679227,3.0101800825846583,60.420409566243194,191.80829493330017,9.617353241917034,6.844310149374526,0,7.62815152302143,20.34080000617359,19.9959083574733
SYN039,8,2020-05-01,2021-05-01,45.561226254639216,177.19402181991816,74.46464641416688,57.588643210204225,159.42348697772314,14.68727525323903,6.424308216464795,388.91407537977665,77.33689204659676,9.212742445717135,2.2862033947246116,0,6.593458686245237,5.266570289537471,2.972205402555778
SYN040,8,2020-05-01,2021-05-01,172.0291850690488,132.97669876342138,50.482086263390336,96.4267878735578,317.34891688492667,3.601097032054353,5.909247629193207,77.29891803535976,191.01189156575452,1.1347437600866748,0.6094002583787496,0,1.1806647749891666,0.3218755826715194,0.24205412351540453
SYN041,8,2020-05-01,2021-05-01,259.1404460462366,2136.468198183329,1059.2299306070688,2485.478702850099,2588.5671039923245,7.460989480896313,63.797346820062494,824.444130887285,234.64959127671312,0.2882285519811054,0.11694827218974628,0,0.3114444213944547,-100.86563434874869,-4.721139047822768
SYN042,8,2020-05-01,2021-05-01,157.55476724129238,211.17366104334204,62.06518476507911,135.52886358351682,198.2091972505259,22.026772544946322,6.1509894526472095,134.0319082315886,218.36535909222326,11.112891253530304,3.5810128946760966,0,5.973711505624156,8.173298563251963,3.870415715137148
SYN043,8,2020-05-01,2021-05-01,198.9594938898848,205.26414995054319,103.35408348929862,310.080401707997,260.03392691802173,2.4196287823304505,10.8839270637363,103.16881388135603,300.01756218959946,0.9305050348654168,0.22231210923787886,0,0.5985866535025416,36.572412299454385,17.817242956583616
SYN044,8,2020-05-01,2021-05-01,233.6002208337424,154.2279347882326,97.64577303038811,119.91483585328582,234.16217578390075,14.775434216882253,3.356949865727991,66.0221699439229,122.80596704986647,6.309914984099709,4.401446196062878,0,3.8097889497440733,20.55913255319435,13.33035586673951
SYN045,8,2020-05-01,2021-05-01,122.36271886221415,155.5635672291455,96.17462484217371,235.79989224932552,104.94459764612706,6.097085757813643,4.009114430991026,127.13314044967974,245.1789051803241,5.809813839463182,1.5208061188481676,0,2.1937780134295806,-2.6151067742944356,-1.6810534888560231
SYN046,8,2020-05-01,2021-05-01,209.2487813323071,301.7496475900449,164.62271546014935,153.96483701728968,340.5803895494833,-20.372665057206984,6.594128248757763,144.20616725639974,93.52587617506549,-5.981749296885756,-3.089516049531626,0,-3.986835165065191,11.307483573943209,3.7473063064867214
SYN047,8,2020-05-01,2021-05-01,147.73563009860771,115.14974157189116,38.417066290604,54.60171718818423,193.54958650528448,7.482086007935887,2.4416049224700025,77.9431078982323,142.12880487841585,3.8657204817803135,3.0644130584266596,0,2.8461401105703024,28.112511885263572,24.413873189382848
SYN048,8,2020-05-01,2021-05-01,149.9383398401163,760.7493188898472,405.75733956263804,303.8034670216098,746.012250470363,8.1080951668636,45.52026286115285,507.3747779927781,74.87319079651809,1.0868581798424117,0.17812056998869127,0,0.8903266766754119,30.28626514800024,3.9811097290493325
SYN049,8,2020-05-01,2021-05-01,506.7071810150626,897.3698761341486,523.9908835755681,391.0112539332822,564.4691152861748,5.731524943680996,42.81098662030683,177.09831432356847,74.62176655920616,1.0153832669437062,0.13387976769875054,1,0.4082058683672307,32.93431947147904,3.67009416600426
SYN050,8,2020-05-01,2021-05-01,168.38876731365178,176.28838709129403,94.12310238743423,100.5562942671716,292.10984509148597,22.175032731160957,6.658464023555059,104.6912985371096,106.83487020355187,7.591333569813765,3.3303525637015245,1,6.433566149588349,7.988126797033017,4.531283613648485
SYN051,8,2020-05-01,2021-05-01,67.62524334943205,73.03197474963389,25.503257038787577,32.68192199164403,59.515615837483274,-1.5370764925696474,4.952208984121172,107.99513781009891,128.14803200210275,-2.582644018616687,-0.3103819926618908,0,-1.0927818090978259,0.1165920471013071,0.15964520677553168
SYN052,8,2020-05-01,2021-05-01,81.32697707205625,79.38919827397713,47.52169126082591,79.00712311339296,95.36161701153434,7.146075593257694,4.995575388366533,97.61729887444083,166.25486386786446,7.493660255774974,1.4304809832114929,0,4.44639475639069,7.5342008782022045,9.490209048592735
SYN053,8,2020-05-01,2021-05-01,106.28770468579206,165.23832185321567,84.15278206729194,44.55455628229175,129.44075378733407,2.0445920054386644,11.559124073953619,155.46325169189942,52.94484054806904,1.5795581728439612,0.17688122321013752,0,0.7530003777169907,1.6631695410246063,1.00652773664818
SYN054,8,2020-05-01,2021-05-01,166.4850425973472,101.49636337584627,27.143453989160616,44.94231404767239,203.95461257238108,20.65150063804582,5.492601622800474,60.964253480308464,165.57330568769737,10.12553743089132,3.7598759306189016,0,7.70631848991479,12.601575228151006,12.415789895335188
SYN055,8,2020-05-01,2021-05-01,119.12553388102721,335.46674264001064,152.0303076069947,162.15569383794684,188.6148234263754,16.621481020672114,21.13880484165471,281.6077558779692,106.66011033610924,8.812393808040332,0.7863018342417798,0,3.6563491900643625,31.2631324956509,9.31929414213181
SYN056,8,2020-05-01,2021-05-01,294.7583297182739,861.3402969441323,271.84576761450916,398.09360302245835,1027.3564651048846,56.27263410312672,18.23612090223264,292.2191538293048,146.44097883729972,5.477420546273756,3.085778735774739,1,4.867459644475381,90.72909993193178,10.533479073697233
SYN057,8,2020-05-01,2021-05-01,462.2666102400388,508.42969377214825,242.14815947264023,439.250300984972,537.2436265439468,58.86609354885319,13.85129059509369,109.9862465749232,181.39733208858104,10.95705758810671,4.249863443750457,0,6.064316234185861,77.17131540331238,15.178365140470444
SYN058,8,2020-05-01,2021-05-01,491.0054470933401,431.72069992545266,176.80997902257104,332.8829409777214,702.3408838519546,43.63583537385006,30.03969164331578,87.92584735691997,188.27157992888314,6.212914038911053,1.452605968528961,0,4.729012558583251,52.22391328154174,12.096689663145524
SYN059,8,2020-05-01,2021-05-01,85.11511831277437,100.0487223418831,55.59475161016049,112.11329629284145,115.18817066596361,18.916176230482623,3.950227900321813,117.5451838934558,201.66165518464453,16.42197816070715,4.788629088701839,0,10.215912655302132,30.517406824536884,30.502545270147312
SYN060,8,2020-05-01,2021-05-01,171.92158043441495,157.57482150015358,71.67614920421849,267.67526459334897,222.69158447099235,23.466570128922694,9.605624244878921,91.65505639372923,373.45095623188837,10.537699565373309,,0,7.1219503433554,13.027502632092684,8.267502706376213
SYN061,8,2020-05-01,2021-05-01,353.451713633648,162.39986058857457,79.22074607390905,162.8174884081358,233.63592727345312,15.817323140749785,9.810745086787406,45.94683073368876,205.5238008693267,6.770073132732198,1.612244839798327,0,3.0662547002203926,22.60057443127399,13.9166218181249
SYN062,8,2020-05-01,2021-05-01,258.29030141172876,163.8662076613599,67.53696985547634,79.17907240792448,376.5238678271238,42.785333468808524,5.620816357902492,63.44264835563774,117.23811799279905,11.363246031577702,7.611942953563179,0,10.134945819679645,55.43629491825419,33.830217779138984
SYN063,8,2020-05-01,2021-05-01,184.6523955585653,252.23560852204366,75.06548679258204,202.92110646626094,183.66238058079549,18.115630011290545,9.244404746230197,136.60023622170843,270.32543867591835,9.863549603355622,1.959631853925259,0,4.146515775687922,-4.927902234924112,-1.9536901485871878
SYN064,8,2020-05-01,2021-05-01,31.041894751281955,47.5970645363257,15.183411297155635,31.947822836057796,67.4216916733771,4.5913771378919925,0.9975428734219457,153.33169871777903,210.41268138499746,6.8099405754083095,4.602686521273867,0,5.83855277267832,2.4025066624143663,5.047594186361623
SYN065,8,2020-05-01,2021-05-01,145.2747173273649,98.91181176827148,31.807457769431984,41.04846930018105,250.84624424560033,31.500197753340007,3.570434918610307,68.08604662116234,129.052971154551,12.55757200913025,8.822509994272796,0,12.900055490367718,39.48223677084077,39.91660456421416
SYN066,8,2020-05-01,2021-05-01,665.9571554176961,732.4146060697344,326.0048137679723,1049.8235452850738,1446.4713671552647,119.87560208734166,21.905375700376368,109.97923817041286,322.0270072552566,8.287450744572823,5.472428490933484,0,8.57251307476572,59.54904767255137,8.130510666916111
SYN067,8,2020-05-01,2021-05-01,256.9960331725797,432.59442510778143,263.60969576947326,398.1107017334413,750.1207641307518,62.27748185239025,10.046934038105851,168.3272771830228,151.02278410942412,8.302327415847245,6.198655392399832,0,9.03108230466127,58.82613339015119,13.598449257753284
SYN068,8,2020-05-01,2021-05-01,167.72613483441478,60.0112469655519,38.03537817176935,106.40635354371567,204.85586523236753,22.67552908913997,2.97081800423633,35.779305964927374,279.7562655041318,11.069016287827138,7.63275604793195,0,9.95687616583607,14.441382291705917,24.064459617037567
SYN069,8,2020-05-01,2021-05-01,101.45207792460263,79.08503293815065,23.891513993157293,22.313808906222924,182.98666142084468,8.175356361343045,3.6198460340847376,77.95309327909993,93.39637878375463,4.46773349372216,2.2584817929722107,0,4.528352271881685,14.542975831650669,18.389036827011466
SYN070,8,2020-05-01,2021-05-01,142.9908561039364,97.52537474814255,47.72998406583536,54.503448201138774,123.51232253673194,10.260097940118257,4.931820652491695,68.20392394689479,114.1912139043679,8.306942764408754,2.0803874802167766,0,4.265865095162068,20.41337859686145,20.931351096654193
SYN071,8,2020-05-01,2021-05-01,103.35529377423319,72.2683173544397,36.38560610407352,61.41036766441629,128.60187638081896,4.270279486850722,2.692367985254416,69.92222141257793,,3.3205421312870023,1.5860682901587841,0,2.4314950930612893,15.990192015199304,22.126144070541265
SYN072,8,2020-05-01,2021-05-01,563.0401116706178,579.0654797789754,268.8416408360731,232.26847414790348,1220.4398364536464,-13.925107263745733,17.276035263009685,102.84622139278996,86.39601864710005,-1.140990882779548,-0.8060360523552103,1,-1.219248672626809,-40.246074147733665,-6.950176716300766
SYN073,8,2020-05-01,2021-05-01,112.16835911354548,84.90370064935088,29.63276881396884,108.29058730056109,167.46662387468908,14.153940503793283,3.9038429062248623,75.69309323978324,365.4420144819983,8.451797842646132,3.6256429481893737,0,7.182114258521649,25.543709381446966,30.085507682334757
SYN074,8,2020-05-01,2021-05-01,37.1816810438114,39.18070757157028,21.36368259959564,21.36863285747901,43.57642487593118,1.8543432243105593,1.2832377213740502,105.3763747943602,100.02317136973127,4.2553817335638735,1.4450504325301374,0,2.4283462813747536,1.7584804488144614,4.4881283616491485
SYN075,8,2020-05-01,2021-05-01,61.296408097354764,56.59301362291414,35.8612101475541,49.516026570098326,57.571197596961674,2.349338660891178,2.205536369045334,92.32680246618953,138.0768422659478,4.08075349993269,1.0652005987586997,0,1.9928324582554577,2.3644490296822953,4.177987490535307
SYN076,8,2020-05-01,2021-05-01,34.834519712569254,99.33333040660514,41.05520915254261,78.42387866729047,141.9091511889364,5.581815575862361,2.2348971136343523,285.1577436009917,191.02053134330106,3.933372533833839,2.4975716071266056,0,4.160322738200188,11.90204994392096,11.981929826777998
SYN077,8,2020-05-01,2021-05-01,30.920482038955303,23.70218359068719,9.493342904895432,13.773928592886055,45.321491330884534,0.1393056149500394,1.007490782533453,76.65528487177494,145.09039366715862,0.30737208961857126,0.13826986545697142,0,0.25503261941585176,-0.5733818590909852,-2.4191098549935806
SYN078,8,2020-05-01,2021-05-01,84.3548698313008,85.93474562622488,44.35875644537364,88.83574505456791,128.1361618873869,4.691137727495335,5.505315997660172,101.8728922207854,200.2665362451407,3.661056846402318,0.8521105290757384,0,2.7547996481708057,3.3618834826676673,3.9121352581763094
SYN079,8,2020-05-01,2021-05-01,98.46635798255677,102.50364535495699,29.512104417886036,46.12534611890046,78.6607291827464,6.319567264532295,2.982106659979336,104.10016929144004,156.29297547126407,8.03395459232336,2.1191620505539146,0,3.1445325966975606,10.028687853961294,9.78373775804093
SYN080,8,2020-05-01,2021-05-01,116.05971930770956,793.7302602346205,263.7162613274828,156.55470900020637,397.0674199108407,7.156041313131115,27.47867944198566,683.8981387937021,59.36482953768132,1.8022232382445187,0.2604215871522975,1,0.7865596977371593,-47.62951935775337,-6.0007185997513135
SYN081,8,2020-05-01,2021-05-01,126.55005436009377,256.2541756208662,161.36776483198997,395.8914988507068,363.2231920366886,29.049706730818066,5.744670689188665,202.4923473297798,245.33493369192666,7.997756577141638,5.056809746377443,0,7.588658759664947,5.3572270720196755,2.0905911324332185
SYN082,8,2020-05-01,2021-05-01,149.95593752638374,117.60243402914017,70.63559120212378,67.80855663493683,158.21386850219315,7.460875088048194,2.4930225775333295,78.42465991614958,95.99771939460747,4.715689691858317,2.9927025752932432,0,2.788503699089045,12.671416937650363,10.774791391231384
SYN083,8,2020-05-01,2021-05-01,317.362876848946,181.55367538398642,90.03498957403887,100.78806565831643,289.91594614319524,25.18296561265358,7.498527915715813,,111.94321911420329,8.68629889030499,3.3583879256985605,0,5.047530594033337,23.270239802206362,12.817278280370669
SYN084,8,2020-05-01,2021-05-01,343.5863531311212,929.3333071769621,243.49937572497842,327.63696007482076,707.816058985846,-1.2350180111367506,37.5161831437116,270.48027336007294,134.5535113177752,-0.17448290349702944,-0.03291960715741847,1,-0.09702246336880685,1.439972865152776,0.15494686933442478
SYN085,8,2020-05-01,2021-05-01,193.7972473949585,958.5322932087736,365.21910846932286,602.8371874884801,1204.1375156965887,124.58880773617837,21.85050034346377,494.60573155370275,165.0617871597801,10.346725860800396,5.701874363414618,0,10.811907822037037,70.16376070164847,7.31991620926708
SYN086,8,2020-05-01,2021-05-01,127.88302486009565,94.9124778928664,29.151161966787047,45.677350340551676,225.51483557119735,38.73172765500762,4.763209307465956,74.21819901171473,156.69135382182534,17.17480251660854,8.13143516374531,0,17.38442974675021,42.218545976526144,44.481554916499846
SYN087,8,2020-05-01,2021-05-01,378.78452410914116,655.6228728053243,329.67668222086553,345.4785297190142,476.6980426966387,8.823344640874506,19.50910242380204,173.08597133087102,104.7931347135926,1.8509294879755798,0.45226809769113735,0,0.8529854549758313,-53.022131130477575,-8.087291235524294
SYN088,8,2020-05-01,2021-05-01,115.55163262485041,76.92249051228505,47.48888388578915,176.63691198490855,128.14754131609294,17.17990328800408,5.190415260709209,66.56979980717485,371.95422914069877,13.40634639694535,3.3099284787584895,0,8.925824941030442,22.980791499028435,29.87525669798515
SYN089,8,2020-05-01,2021-05-01,543.815678779032,548.3362923592729,312.2875927290026,431.7005864336303,877.8744092329123,24.739725596479794,30.974194668405534,100.83127680143214,138.23814858000205,2.8181395124727917,0.7987205433855862,0,2.26522739053381,-2.1927987671182585,-0.3999003526984359
SYN090,8,2020-05-01,2021-05-01,308.34188180625966,306.54935193357176,151.18900550899735,221.41727804846894,656.062152787615,70.66437007229032,9.878493992722436,99.41865507786768,146.45064785169996,10.770987134684827,7.153354562380593,0,11.492173931721613,71.19753471219194,23.225472265105363
SYN091,8,2020-05-01,2021-05-01,225.68467897796705,158.72056254619108,79.80905716004123,183.61763053838592,341.9482635831562,40.56647254029271,8.730301272060283,70.32846149103746,230.0711687022905,11.863336317374692,4.646629168470762,0,10.553048751220862,51.78418021066258,32.62600596919651
SYN092,8,2020-05-01,2021-05-01,42.36912334277437,31.73954749487136,18.828492167725607,61.698585336789826,73.17975140942178,10.144832991007767,1.8558853246524887,74.91197596441235,327.68734101049756,13.862896218723197,5.466303793801145,0,13.689130942899592,8.509601166655191,26.8107198693687
SYN093,8,2020-05-01,2021-05-01,94.44388825156955,259.90923539891116,102.72296185219614,150.51734659504743,156.1158861396972,10.410259950423137,15.741378345519296,275.1996346302396,146.5274597627166,6.668289952956948,0.6613309026643379,0,2.9378208503366796,22.79448955574565,8.77017298779724
SYN094,8,2020-05-01,2021-05-01,78.11173684815472,56.04355701744012,20.68926422909437,35.29480816711821,57.39919718965428,0.42423057924839364,1.9665601070687186,71.7479335101535,170.5947962977085,0.7390880012601597,0.2157221524648621,0,0.3162235101012222,1.0210109484307879,1.821816820286872
SYN095,8,2020-05-01,2021-05-01,55.36680059558759,55.85337504733742,28.601882773732804,48.81588169878227,61.822798512728895,-1.6281162195889656,1.4742177611531515,100.87881988215986,170.67366538406156,-2.633520737909895,-1.104393300970294,0,-1.4638676932286736,-0.2144235348445438,-0.3839043471640046
SYN096,8,2020-05-01,2021-05-01,99.94208730201693,57.111531639791785,25.768100615066082,15.753315243400591,59.715965310032374,4.281214740024116,1.4530949013997305,57.144625634248904,61.13494928760853,7.169296716208095,2.946273320414329,0,2.7259573952322524,7.571401686383621,13.257220510451756
SYN097,8,2020-05-01,2021-05-01,149.04935379522723,91.16213690609729,54.21489575506707,106.80708380500438,156.2882028698034,7.202622778332858,5.669079735044832,61.162383187075875,197.00689693758548,4.608551794746169,1.2705100501247224,0,2.9984505559263583,8.902212490320055,9.765252101856598
SYN098,8,2020-05-01,2021-05-01,156.77686532350916,103.55234232496863,44.96097431646211,85.54787461249808,231.64562619325375,29.471625104047718,4.202846625613262,66.05077994848813,190.27139850297993,12.722720298401224,7.012300883034803,0,11.320906082825411,23.22290186863233,22.426244879863816
SYN099,8,2020-05-01,2021-05-01,217.23311737771218,91.80451108006912,51.576971552354784,109.58729803518996,280.83722740681634,36.255281043042594,3.6474699224039058,42.26082661256701,212.4733087981911,12.909713351686017,9.939843731226205,0,11.731672037470204,28.919297088122548,31.500954308116746
SYN100,8,2020-05-01,2021-05-01,134.09556712235874,73.39605278258827,29.096746027497097,40.04939309389013,197.3411886472121,15.266683926776556,3.2356457085477524,54.73413801637176,137.6421715886805,7.7361872761742045,4.7182804614379945,0,7.357735186495871,17.26253484109994,23.519704652557454
SYN101,8,2020-05-01,2021-05-01,85.2859227210187,86.7673965270032,31.042776825568524,50.010820739727976,134.31726315185512,4.356379059690898,3.677512427474035,101.73706721897189,161.1029226565078,3.2433500783631253,1.184599412131193,0,2.531993616124894,7.079196086218243,8.158820443592658
SYN102,8,2020-05-01,2021-05-01,192.3404351391907,268.68940327038945,81.49152934103203,100.82727012732717,445.6907101602903,-26.052171166484744,18.54916994596339,139.69470489964704,123.72730140500548,-5.8453475857989545,-1.4044925590944912,0,-5.650864433494633,-24.786009317943815,-9.224781110180583
SYN103,8,2020-05-01,2021-05-01,94.27335158558229,135.06135957675502,41.82925426373959,105.76203825094635,202.1358283116165,15.219089596712298,3.4186220053030274,143.26568145203257,252.84227537048872,7.529140045994347,4.4518199359578725,0,6.636191058726946,5.847534053687582,4.329538864418467
SYN104,8,2020-05-01,2021-05-01,160.28892273178494,627.1405508223336,282.3444932145813,382.09017401091864,862.7841909945304,26.488192393939173,32.62076937870702,391.25632647225535,135.32765228062402,3.070083187709578,0.812003913409509,0,3.363881246962073,15.402017262372878,2.45591155637713
SYN105,8,2020-05-01,2021-05-01,56.356606040445456,39.159389466516366,16.33435278864999,24.05153425129629,47.63875248774541,3.7685645837582706,1.0876542682121753,69.48500312175088,147.24510093848727,7.910712155461452,3.4648552337801464,0,3.9454800881843854,-3.0631685714547796,-7.822309318877336
SYN106,8,2020-05-01,2021-05-01,344.85550122664995,421.6901227152907,138.33187510455096,202.3871831076357,361.99700916669514,8.101289332215634,18.68477560605018,122.28023656729854,146.30553005565196,2.237943719718715,0.4335770202984089,0,1.0568567713628012,0.9645619586942002,0.22873714766742026
SYN107,8,2020-05-01,2021-05-01,284.9675667179767,639.8816585857788,349.4379704020513,576.0436351745307,624.3561338126877,7.5877573136334835,27.156271035085997,224.54543369809144,164.84860947187698,1.2152931480464764,0.27941086991767294,0,0.8204318180773063,31.793613754265046,4.968670898386593
SYN108,8,2020-05-01,2021-05-01,93.70432088043935,48.71879528737748,30.746338539958444,37.27189449515535,114.71169043216737,16.787255662866393,1.679814286677282,51.992047783516306,121.22384734272079,14.634302397272426,9.993518805029357,0,11.786889737116837,20.49589302252837,42.069786212136975
SYN109,8,2020-05-01,2021-05-01,108.54496221909261,200.54335994205834,77.88889451464227,60.393555371580284,182.68174426116823,8.707945383426413,7.299684300542062,184.75602721872207,,4.766729931687771,1.1929208202579082,0,2.8173000269115014,-8.121884804473591,-4.0499395277012376
SYN110,8,2020-05-01,2021-05-01,246.13939836479676,390.87362248465126,243.59934584651657,514.5229560733915,578.2767690652494,46.960667796874596,24.07832069848808,158.80172986583307,211.2168874203687,8.12079445501222,1.9503298583369784,0,7.372010659099746,45.75009668430974,11.704575098593725
SYN111,8,2020-05-01,2021-05-01,262.88860119801984,157.01122847598256,68.24413748841302,96.48162212929643,364.21333149348345,50.58016257574507,9.485849072321953,59.725384729676605,141.37715806823374,13.88750992950681,5.332170287563306,1,12.04576877657083,68.56178458166832,43.666803480972675
SYN112,8,2020-05-01,2021-05-01,79.28115417159677,131.8140114409758,82.04119455468627,96.09826462861996,155.85860182386295,15.436200020978124,6.6828250606519815,166.26146884249,117.134160649701,9.90397696395525,2.309831527966431,0,7.31243653836607,11.664375969261798,8.849116904757063
SYN113,8,2020-05-01,2021-05-01,143.75736136341143,110.88344069160392,57.254315640427386,91.97515341882698,203.71540589961717,4.365724271114263,6.897431463743998,77.13235665984166,160.64318015161663,2.1430506209557456,0.6329492788819249,0,1.7144637606706268,17.382255809780034,15.676151192065431
SYN114,8,2020-05-01,2021-05-01,477.751433610019,302.5883246378048,81.36769232546254,83.11389968527294,604.630280132975,22.15696597233033,13.382382471828258,63.33593231764176,102.14606966217714,3.664547856825397,1.655681715791173,0,2.8393998560424016,3.5740066986140455,
SYN115,8,2020-05-01,2021-05-01,136.1065518069721,252.19851872472012,75.47762596343827,82.90013121023284,281.5035599685129,-5.609209858109676,8.671540855239886,185.2949144449644,109.83404704645861,-1.9925893152957228,-0.6468527279924238,0,-1.4445368561448826,3.4260925256373245,1.3584903444167233
SYN116,8,2020-05-01,2021-05-01,93.09120985267262,48.454555234655885,25.32904674460004,43.009232714880774,84.77404425862984,8.582483563274836,1.786096395596613,52.05062358877997,169.80201879902967,10.123952016599887,4.805162579373558,0,6.063398334792822,9.61236447893264,19.83789642146512
SYN117,8,2020-05-01,2021-05-01,103.98880021509049,86.82894522687296,28.977824058456015,31.77722598764585,177.51266613314783,11.951937920782175,3.7916681015368887,83.49836236909736,109.66049736357944,6.733005695389266,3.1521582587720847,0,6.263535864077859,18.36753536701953,21.15370089896578
SYN118,8,2020-05-01,2021-05-01,231.574293295645,297.06412123517674,182.96901857049087,213.45438539311027,498.40289252732384,87.29052254693369,8.678269058950722,128.28026678070117,116.66149114248792,17.51404814372103,10.058517655303934,0,16.512330573707164,91.47484948937812,30.79296453204466
SYN119,8,2020-05-01,2021-05-01,146.19111990814326,125.28794346558608,63.464763125524314,58.72393359566252,171.00803723615812,4.800641100496316,3.4022383004247163,85.70147321144312,92.52998152615002,2.807260511309619,1.4110243541426921,0,1.768328297894396,-0.25666261647941546,-0.20485819256017654
SYN120,8,2020-05-01,2021-05-01,65.2756171675277,68.09760891079878,32.03684424637743,19.60407453959851,123.64611636943386,-1.7064036735787167,4.530098843330728,104.32319427333569,61.19227720693883,-1.3800705785859613,-0.3766813335852279,0,-1.2794199583779973,-2.0464677428678586,-3.0051976502560196
SYN121,8,2020-05-01,2021-05-01,345.9473938816637,255.10508450962635,163.23302341914615,348.97769879509485,636.7619908775573,16.98970011689517,10.042033555691535,73.74100485257269,213.79111376194854,2.6681398011022477,1.6918585287205992,0,2.8266583580801306,36.48926119248337,14.303619726993897
SYN122,8,2020-05-01,2021-05-01,174.28478836050746,109.70741950632407,52.490980442180536,142.5178714916531,139.24218301024163,8.734742148265957,5.504172109377981,62.94721446337283,271.50925795458954,6.273057459623061,1.5869311450824268,0,3.0756978206816914,13.719757369674667,12.505769829800611
SYN123,8,2020-05-01,2021-05-01,78.60155656923045,169.6474934014412,97.1811756709977,85.88610443019915,250.26759289614307,-1.6928093633682966,7.553630446593703,215.83223132740326,88.37730541659892,-0.6763997462790896,-0.22410539876645225,1,-0.6818996340845157,10.100922758088515,5.954065430360615
SYN124,8,2020-05-01,2021-05-01,67.00990400971602,48.470488096855235,16.072152541850087,17.480948164669147,80.22075095217416,4.853383918524937,2.008540783596412,72.33331969827522,108.76544457346778,6.05003550941379,2.416373099397396,0,4.202777484549918,8.856237024626685,18.271400541562272
SYN125,8,2020-05-01,2021-05-01,62.72052201109685,94.80596868868246,38.88851189389211,33.61305085128387,62.285362319709094,2.0175230533097217,4.23812743055028,151.15621753261058,,3.2391608207299654,0.4760411493921894,0,1.2807516020621594,9.051674285871899,9.547578502778855
SYN126,8,2020-05-01,2021-05-01,400.5348424554553,649.7004788393806,288.5518611456701,286.880593306307,917.193163218787,25.637264993695858,15.906088707060263,162.20823008965462,99.42080850467313,2.795187101452516,1.6117893886959276,0,,100.0315201028553,15.396559393268534
SYN127,8,2020-05-01,2021-05-01,80.23769829144756,168.46472546585937,73.68862578434296,168.22696315194827,231.88421545741912,1.1680444347169472,9.90824290974292,209.95707635324308,228.2943417133074,0.5037188203659491,0.11788613232002941,0,0.46965542879339545,-4.384346339583956,-2.6025307834977456
SYN128,8,2020-05-01,2021-05-01,316.45684316242694,168.79553035414764,63.3732613062629,89.75400347062553,359.89340399675984,27.178173344961216,8.779361307726019,53.33919426969396,141.62755966885288,7.551728662747568,3.095689127299484,0,5.600832644671835,11.213367886879587,6.643166358346675
SYN129,8,2020-05-01,2021-05-01,215.84063782298338,148.8262309669277,45.375832069880836,45.93108193620618,185.28457918796602,24.247502980102425,3.806235650621747,68.95190473305775,101.22366872627313,13.086627654805538,6.370468149059978,0,6.649220166494397,26.231159350174604,17.625360247148713
SYN130,8,2020-05-01,2021-05-01,134.57154804472302,208.66668530200934,117.50502131796107,153.6018690830733,326.72249191178486,-0.5311709217025284,14.378931465030835,155.0600318818223,130.71940871993587,-0.16257556025434108,-0.0369409175497026,0,-0.15475284222371294,-9.698457822528795,-4.647822822551638
SYN131,8,2020-05-01,2021-05-01,117.17782949551861,128.79033336150508,48.44150784089415,80.62000664740103,242.81436396160194,24.252108012395656,6.788692730250865,109.91015443448761,166.4275334124548,9.987921479073135,3.5724268244350865,0,9.859856548383018,32.76922409495249,25.443853773537235
SYN132,8,2020-05-01,2021-05-01,190.20316303032422,269.25202018765873,119.964245115167,65.95395698448266,413.2062563949765,-22.54271628726566,13.690654692517224,141.56022218449212,54.978011924441425,-5.455560253114241,-1.646576938324697,1,-4.906401562254341,-40.48980634428409,-15.037883955731951
SYN133,8,2020-05-01,2021-05-01,149.17030642634307,187.30352823769786,66.22950471289138,167.13671408683751,333.8036958758444,19.90981995680472,9.077379546683211,125.56354728022504,252.3599033563433,5.964529513241225,2.193344439814636,0,5.917197091026136,25.294715896271835,13.504666000830232
SYN134,8,2020-05-01,2021-05-01,76.43050406027096,40.601629139658236,13.589980217454572,16.761635519569854,94.04654587990196,1.6844365715267116,2.7373584123488586,53.12228362073986,123.33818924947147,1.7910669187975792,0.6153511224280415,0,1.4392940857098986,6.634394882644983,16.34021841789777
SYN135,8,2020-05-01,2021-05-01,78.28346397274244,71.18264051314812,42.698313595227255,98.64530698976928,121.96441504850418,8.153722304213026,3.2958076725776495,90.92934433500955,231.02857861064493,6.685328914151199,2.4739678750234853,0,5.455231694342265,6.208300069992267,
SYN136,8,2020-05-01,2021-05-01,245.09811329547367,244.85027901594904,133.1249009690494,184.5732456690517,426.46694026870756,43.277552468281385,9.764224006724941,99.89888364451592,138.64667265515087,10.147926692984253,,0,8.833083881367887,43.63960751067726,17.822976427090232
SYN137,8,2020-05-01,2021-05-01,69.73759282009637,80.18782663777137,38.795397814499964,43.6575348336506,136.28462277052822,4.987718950518826,4.043608477439548,114.98507963220598,112.53276752670232,3.659781161750722,1.233482167807972,0,3.3268000640281565,5.74006152349485,7.15827048090997
SYN138,8,2020-05-01,2021-05-01,307.828033607714,263.8575390809328,129.746133109722,275.65747248685983,522.369880231578,78.86119089507083,18.125973327722573,85.71589013143104,212.4591044680657,15.09681049376544,4.350728618498928,0,13.79450429791071,95.10061336939923,36.042408983519366
SYN139,8,2020-05-01,2021-05-01,96.35713506174471,190.18367720168223,120.00278097714042,251.4690088288968,161.31571432898645,18.969856313616734,10.286930427823641,197.37373582123874,209.5526510146458,11.759459636356137,1.8440735500949723,0,6.620298226898683,2.430096280975633,1.277762801062371
SYN140,8,2020-05-01,2021-05-01,136.29227271598796,118.25030625102875,74.24107293362306,90.86144929886136,128.65552864465238,5.051769000629293,7.092423231937524,86.7622968599578,122.38703686313656,3.9265852418844127,0.7122768672180946,0,1.9846459563387606,3.4963962732759075,2.956775660143789
SYN141,8,2020-05-01,2021-05-01,213.93613324213243,121.26336573793412,54.653253408685586,72.50854758484166,186.1389242440637,7.747849642154818,6.775567217727824,56.68204052313525,132.6701395846244,4.162401643621785,1.1434983069584317,0,2.3114144459432984,7.8580437225291035,6.4801464768109405
SYN142,8,2020-05-01,2021-05-01,362.6813957348258,305.6805631966211,152.08482320846804,339.7851252615854,694.381359440212,33.63139549069858,20.531719666282882,84.28349697322749,223.41816763388016,4.843360933221354,1.6380213658346379,0,5.0319134776113295,72.10857993578057,23.589520766944737
SYN143,8,2020-05-01,2021-05-01,274.20280973895944,218.71090687313944,132.56318231257944,250.12552039194725,530.0508412062634,22.71445016267647,6.168806184273347,79.76246015908875,188.68400413182587,4.285334235294119,3.6821468342747283,0,4.6082000555386715,45.18650559012646,20.660380516064677
SYN144,8,2020-05-01,2021-05-01,91.18939659899553,76.19505870136084,39.47405577257583,82.89951262624281,73.53971109268751,5.557395084302515,2.272326709992529,83.55692826483747,210.01012184776906,7.556998799326422,2.445684883192165,0,3.320138106211995,6.175112273589351,8.10434741942008
SYN145,8,2020-05-01,2021-05-01,278.920923304292,265.0401372358591,78.38693458262647,64.9861792057423,414.1046860922291,24.81586542550022,6.741072259806847,95.02339734717948,82.9043507719279,5.992655060168348,3.681293489978295,0,4.56206652013991,14.630890636049154,5.520254701282896
SYN146,8,2020-05-01,2021-05-01,180.8656995323861,244.88279030412798,67.10193219414153,52.76256596373335,207.55544857959626,1.135214597018497,5.42314739990765,135.39482109501859,78.63047193794502,0.5469452162240632,0.20932763085838832,0,0.2666397237144436,-13.841398995629088,-5.652254688228193
SYN147,8,2020-05-01,2021-05-01,92.22705610746274,102.5402271441443,43.6420582095157,19.9397948573301,149.49178590846475,-1.6890907547003007,2.633225478195167,111.18237041488636,45.68940071892033,-1.1298886721003836,-0.6414531412851194,1,-0.8672353623777128,0.3963084037397877,0.38649066300846346
SYN148,8,2020-05-01,2021-05-01,455.5056724621946,2729.874133933153,741.7417232555784,1021.4629397552299,1444.0446981158857,125.06120683311842,183.98659185061123,599.3062872690622,137.711403812088,8.660480315899623,0.6797300041008556,0,3.926100321915479,-119.5548353436263,-4.3794999138430555
SYN149,8,2020-05-01,2021-05-01,206.52645437374986,294.7868185102277,96.8571764908897,109.28453908185398,276.7979773801327,22.52791251163897,6.075484470709724,142.73562164426332,112.83060588921172,8.138756187766827,3.70800264904756,0,4.493779385101731,8.77845630298053,2.9778998760339617
SYN150,8,2020-05-01,2021-05-01,343.69723042440336,204.9000494340786,77.3523218401901,215.68489456317317,330.6684577599402,58.9122515626136,13.195033023031296,59.61643891661985,278.8344156091115,17.816108606700826,4.46472937656049,0,,57.02772446242769,27.831972037066258
SYN151,8,2020-05-01,2021-05-01,144.59619828384876,316.10993175229635,202.83853386587234,394.7058643692781,273.32897285525604,16.084030575648136,8.70099885508279,218.6156589897049,194.5911641376183,5.884495305283859,1.8485269155336643,1,3.4911692133087633,38.687239995138675,12.23853985880266
SYN152,8,2020-05-01,2021-05-01,113.31713878341169,111.45754070157908,30.614463772265456,39.58353622303001,166.47652102070188,17.37755215804819,7.545866957156489,98.35894366748268,129.29684647584747,10.438440238601114,2.3029232103764223,0,7.731098626350645,22.50946176649984,20.195548569268706
SYN153,8,2020-05-01,2021-05-01,65.60082419219644,40.49452336590163,24.43380805405434,48.44486489789715,78.60631639250643,11.394882763699902,1.5629627417920524,61.728680797151725,198.2698103820891,14.496141387419321,7.290565833088783,0,10.740228507626158,7.507067830876466,18.53847682819693
SYN154,8,2020-05-01,2021-05-01,167.654003765561,510.2309512146143,190.5000351555341,321.97664692744297,727.7092761172536,16.851073765714453,13.2933105978826,304.335679288695,169.01658136942837,2.315632673479799,1.2676356007508427,0,2.48583091303557,22.27457746619035,4.365587272423459
SYN155,8,2020-05-01,2021-05-01,48.613833825618336,38.751697070704246,15.845701346057588,48.95708797445649,91.35626572983008,5.995050296229354,1.4830260375340854,79.71331207842945,308.961319573507,6.562275995341851,4.042444397131204,0,6.862031552631129,7.547440421839079,19.47641262799002
SYN156,8,2020-05-01,2021-05-01,167.33029886035087,141.32699401066276,42.05266111273861,62.70748107375444,114.76431411494531,11.131732859188574,6.8843471370380644,84.459894575704,149.1165586540231,9.699646571354302,1.6169627471716823,0,3.606502459619663,16.386854526966005,11.594992620963591
SYN157,8,2020-05-01,2021-05-01,74.30841414969541,32.79313853707787,18.63260803695722,53.869262148686424,62.99758501701557,5.905109064800225,1.442728265095108,44.13112419680442,289.11283939338153,9.373548308566532,4.093015440028789,0,5.51356065030184,5.137034110860531,15.664966331454659
SYN158,8,2020-05-01,2021-05-01,190.1776949427649,260.9232031524777,128.12286169701605,178.83204223580887,343.0203937617433,30.782372809998396,5.295851425403856,137.19968749805494,139.57855754011294,8.973919151693167,5.812544638684036,0,6.823833191194224,20.482888399258652,7.850159798662638
SYN159,8,2020-05-01,2021-05-01,160.81645630641293,309.27482139734826,177.47902170221263,185.5818025919911,357.6506442018383,25.264736310527525,20.019907899781725,192.31540633383253,104.56548656402553,7.064082427954331,1.2619806463147107,0,5.374432053693342,14.147530054648668,4.574420248867361
SYN160,8,2020-05-01,2021-05-01,49.96641692823434,38.30368869378935,14.828165615231756,24.710612472600122,38.69802016781135,3.477530415768559,2.4251885821574204,76.65886619167448,166.64645589888033,8.986326433984175,,0,3.9396468274995504,4.23043054638927,11.044446868312196
SYN161,8,2020-05-01,2021-05-01,90.79721765125912,105.94514377425283,56.67112695988434,91.17754181821778,215.13261194363787,-3.0480709242659567,2.7268977519112565,116.68324923917275,160.88888065126957,-1.416833504101421,-1.117779690173419,0,-1.5492702751867589,-10.452827541262524,-9.866263963485988
SYN162,8,2020-05-01,2021-05-01,179.42033789556268,243.53332980609179,154.51278711901057,91.93269333130281,276.12670417900677,4.404334067225512,4.945581674146785,,59.4984370196451,1.5950409723393797,0.890559363370609,0,1.041327786837462,-10.76820543817001,-4.421655732602993
SYN163,8,2020-05-01,2021-05-01,165.70634374418177,312.0585647023644,106.65353392446386,191.86180128892505,178.63668670273017,19.37897884582018,14.782334974161373,188.3202282129415,179.89258698620242,10.84826370412299,1.3109551961644397,1,4.056174596169271,29.892181091954278,9.579029218590708
SYN164,8,2020-05-01,2021-05-01,284.14321749310557,265.0781798766665,128.97087462737517,134.89073314105767,401.31616372652644,9.717459481464168,5.363851609996462,,104.59007394559916,2.421397481534297,1.8116570308086093,1,1.769315530676918,6.155219269340508,2.3220392082835186
SYN165,8,2020-05-01,2021-05-01,148.3958614172876,78.72549504139735,27.010639270142867,28.35000371076561,120.3033214190699,12.181884308353057,2.286715630721741,53.051004448178034,104.958655095969,10.12597504761996,5.327240582384163,0,5.363601423615587,-0.09807691220048476,-0.12458087707027002
SYN166,8,2020-05-01,2021-05-01,110.1968781390945,592.6435139519225,295.43898758633156,324.54299180300103,298.75309662434347,9.282190157288762,24.06407027719581,537.8042681062765,,3.1069770530145577,0.38572818523078284,1,1.320668285679109,-19.091476186405394,-3.2214097913765687
SYN167,8,2020-05-01,2021-05-01,257.7110637909384,533.5024607395302,248.56015846258595,175.52736033855993,826.8633077891285,31.627271355096838,14.625166375080205,207.01573804853044,70.6176570791738,3.8249697449584508,2.1625238676933267,0,3.9973117716694078,-22.02032418989974,-4.127501897437477
SYN168,8,2020-05-01,2021-05-01,232.93119190879938,132.38323801698078,37.50247727363127,65.90773561055713,330.3430642622264,23.965770281421438,8.220822990892453,56.83362409823301,175.74235197763363,7.254812609716971,2.9152519532378003,0,6.5603130668258824,9.99096316533231,7.547000145177572
SYN169,8,2020-05-01,2021-05-01,384.71208988780944,573.4466818531945,288.7625716550924,273.9521550241012,341.73564674241965,5.126825100310263,28.811326527425383,149.0586589104658,94.87107468737976,1.5002312896478618,0.17794477791329946,0,0.5350705176966303,9.181574967211102,1.6011209512171587
SYN170,8,2020-05-01,2021-05-01,172.0854681670786,104.632186897377,66.63027933922504,179.60263842115495,163.89084460061287,21.460064604801975,5.336343712230709,60.8024535783516,269.5510812835861,13.094120453829014,4.021492198041193,0,7.7552206055675414,19.531012583485115,18.66635225988451
SYN171,8,2020-05-01,2021-05-01,128.01627831110778,115.90118252334631,37.68139557425518,66.27803724541573,233.40891461838117,27.946045809415708,6.759297798503323,90.53628495719964,175.89061189309683,11.972998484272516,,0,11.457173141197378,25.09225584122874,21.649697867555698
SYN172,8,2020-05-01,2021-05-01,126.48617492911092,93.50236392490473,54.69295210683931,60.99905063887823,115.09882724524721,14.053135216461865,2.0364536549397387,73.92299117062245,111.53000211018113,12.209625026428897,6.900788133515229,0,6.388121531089182,17.451120018540152,18.663827614621386
SYN173,8,2020-05-01,2021-05-01,62.44705506438952,146.4136445071091,65.84185873056758,54.67826776060726,132.75517662302707,3.0693477568205183,8.566804701650334,234.46044710377637,83.04484231582371,2.312036211993653,0.3582838483792248,0,1.4695669233693236,0.7525261326995474,0.513972680096088
SYN174,8,2020-05-01,2021-05-01,352.7142576611734,359.6332212613251,138.14046614849906,211.38071127638162,531.7640332663676,18.214342700439175,25.02052719838871,101.96163422653535,153.01867524404494,3.425267893459686,0.727975975726529,0,2.5569463273724655,48.93463769748227,13.606817947979351
SYN175,8,2020-05-01,2021-05-01,91.1601512327562,199.60864695116692,66.22797854320025,95.97848575643994,282.5805380694843,7.420148075389607,12.721685267857447,218.96480452463572,144.92135781229308,2.6258524830061196,0.5832676975697016,0,2.551906573791339,-0.7076283058853416,-0.354507841565831
SYN176,8,2020-05-01,2021-05-01,881.3864624706025,980.829513602642,584.9821885593309,627.6289756136496,1039.1125375811187,39.64236124080324,52.722352884862005,111.28257074124919,107.29027103531945,3.815020972904828,0.751908044153045,0,2.1287735552776734,-84.11000642932785,-8.575395138792986
SYN177,8,2020-05-01,2021-05-01,114.23426776484948,88.01800792435937,38.92101158058625,78.45036841012836,77.51753286196177,6.006683645352935,3.2644148609316392,77.05044173394965,201.56302527671016,7.748806526194856,1.84004910565769,0,2.969896692081286,1.0682781499942084,1.213704076229789
SYN178,8,2020-05-01,2021-05-01,143.99914283599531,227.14861819185683,111.83030586415688,263.6672538779035,229.76827592049662,10.978727898174865,5.050958984472039,157.74303493636958,235.7744189649153,4.778173946856648,2.17359276365663,0,2.9580477241114185,26.06524305385033,11.474973196550469
SYN179,8,2020-05-01,2021-05-01,350.34846977902373,879.8087043326777,547.2380119634632,640.8013544192831,1060.2311815687347,103.1319013053074,26.30058307902842,251.12388956275504,117.09737635368552,9.727303167287706,,0,8.383636130056237,99.89953554929807,11.354688247267392
SYN180,8,2020-05-01,2021-05-01,609.8536800527862,716.5333948334545,349.2182541604658,430.9639813284234,824.6723049092757,-10.102741048505552,38.11119884829621,117.49267377896852,123.40820566911015,-1.2250612744436689,-0.26508588954968554,0,-0.7616736652362227,-27.801333025162812,-3.8799772942368915
SYN181,8,2020-05-01,2021-05-01,206.7460689091652,391.4593057242657,135.29354491066462,203.07447645431455,556.8483759772784,-19.327563180958276,12.645387773136857,189.34304666090412,150.09916148505548,-3.470884358248881,-1.5284278764480954,0,-3.230924361520798,6.83396112667095,1.7457654031309768
SYN182,8,2020-05-01,2021-05-01,207.2504202551366,151.69030077944228,94.54860499462049,231.3346343636163,301.51698263408997,31.778004580576056,3.457865343778385,73.19179405894725,244.67271027084797,10.539374698884105,9.19006422206495,0,8.853273735279172,13.61003999735713,8.972254605221023
SYN183,8,2020-05-01,2021-05-01,178.90831642503952,138.14233341506292,76.95080169516665,271.1468848460643,264.85589676909785,15.735147331500302,4.976396714426076,77.214036873989,352.36395056699627,5.941022089162036,3.1619559762761047,0,4.962975896575509,9.310089137253122,6.739490283025694
SYN184,8,2020-05-01,2021-05-01,236.56553439145506,646.8405313411347,164.59668006917155,126.40657255108442,314.6198341370177,18.89657330241758,28.54313500824766,273.4297424200349,76.79776560375471,6.006160849410427,0.6620356627594458,0,2.139058586466356,59.93080730298072,9.26515955620815
SYN185,8,2020-05-01,2021-05-01,93.54973174342274,78.17574736514533,24.964984252822404,29.19491514678685,91.04648757211952,4.327910687456521,1.7995700563435502,83.56597705652072,116.94345508544126,4.753517464392361,2.404969271521538,0,2.5202495925024238,2.010089304711822,2.5712441165711457
SYN186,8,2020-05-01,2021-05-01,63.95761820038828,89.81188305792715,26.18840099271463,50.667398211580405,59.794830557172936,5.45340293731344,3.967508892953901,140.42405828267994,193.47266839879074,9.120191304997777,1.3745156178473634,0,3.5464789133654913,1.6699928169410287,1.8594341417648617
SYN187,8,2020-05-01,2021-05-01,110.70499826691176,152.07325180859502,93.29748008070833,174.7376284847378,108.71064469937225,-0.07675383815314957,4.719617669889956,137.36800884269348,187.29083393632766,-0.07060379263263884,-0.016262723703833235,0,-0.029208596271226822,13.502842567245636,
SYN188,8,2020-05-01,2021-05-01,191.49690287301928,53.059113520961255,26.185862831304426,117.2842747917795,117.36432882977267,16.47193924230628,3.3965974156791137,27.70755700218531,,14.034877041897012,4.84954123979185,0,6.735446334622139,20.291582472583755,38.24334996582155
SYN189,8,2020-05-01,2021-05-01,77.64049815458436,86.20794742497883,44.96929283239045,33.282867792208435,113.47930911837516,4.686737868393338,1.8613700735805365,111.03476854738418,74.01243314245643,4.130037365229638,2.5178968625932168,0,2.860410333351319,3.955645166730666,4.588492459089119
SYN190,8,2020-05-01,2021-05-01,123.99026498464214,125.7977052173827,78.51949665039042,104.2108443985371,111.83891819174222,9.50012284307161,8.176828232209981,101.45772753446768,132.71970509762423,8.49446954304773,1.1618347081878198,0,3.8032747675510756,4.075600802973402,3.239805365233512
SYN191,8,2020-05-01,2021-05-01,319.8484368275969,286.6335129003032,106.67768960732944,99.63776471640513,280.76488117785135,10.353231390805638,15.736607402909407,89.61541777201272,93.40075238146082,3.6875094019495096,0.6579074590684341,0,1.7070963769738976,18.596432003963198,6.487877783653095
SYN192,8,2020-05-01,2021-05-01,117.36526167180301,239.84381580816105,91.80289893490274,115.69344096010008,259.19873947708885,24.218078779395704,10.515028299038795,204.35673417476264,126.02373378441793,9.34344002916588,2.303187218393843,0,6.779804967513487,17.257730875879005,7.1954037329370175
SYN193,8,2020-05-01,2021-05-01,122.17134026687322,88.66551385622552,29.413205752651734,45.96654426764274,123.12108209051982,12.906275172748465,5.37795800094845,72.57472469610549,156.2785935480652,10.482587509472705,2.3998467765037086,0,6.121451217069022,4.66658131280712,5.26313006021051
SYN194,8,2020-05-01,2021-05-01,119.75561236738835,85.79020978797064,54.03683669379971,41.93760983194195,193.66147116754806,13.773533877190278,3.5194727518639266,71.63773629646846,77.60929839320877,7.112170425099154,3.9135219529390475,0,6.700955403890302,-1.772557485634076,-2.0661535739508365
SYN195,8,2020-05-01,2021-05-01,158.24943791171097,66.20108892921367,30.198685394950175,92.59483942790865,155.23375139986211,23.42930724060882,1.9238588787984607,41.83338013885898,306.618775674892,15.092920856017935,12.178287866541185,0,10.438517374126697,26.888991630446558,40.61714401586044
SYN196,8,2020-05-01,2021-05-01,56.70332046964214,39.10720091882884,20.071368022932695,123.00910913018983,84.18130079592653,7.037761348925361,2.2198588365176724,68.96809674446857,612.8586202477321,8.360243049684394,3.1703643642339028,0,7.345499478486531,5.982968654177155,15.298892566091457
SYN197,8,2020-05-01,2021-05-01,130.86259426592665,139.90214433082693,64.12300001230153,176.963082026375,281.93857878692296,14.199354934154817,5.717261249844144,,275.97442726077367,5.036329187459684,2.4835938596547256,0,5.244166950151413,26.871047218601092,19.207030276147208
SYN198,8,2020-05-01,2021-05-01,82.7755324005523,95.02303516852642,41.246992297180974,82.20676221732167,87.55048069429432,9.809888769748866,2.489033275361749,114.79604227576361,,11.20483713162317,3.9412445252758324,0,5.517417212001725,5.650795437778122,5.946763779704841
SYN199,8,2020-05-01,2021-05-01,81.0005157537285,78.79842507997726,20.053910300561817,25.435602256829224,151.33921931094903,13.078473347518305,3.5295481223757665,97.28138684888575,126.83612260954732,8.641826888670957,3.7054242906072297,0,8.184330433784524,9.445021331699841,11.986307241691089
SYN000,9,2021-05-01,2022-05-01,140.80486081081244,74.74805350356895,27.602593506702526,57.558156664695936,189.4691152363795,6.665800992097564,3.4275493445140035,53.08627349449362,208.524451337225,3.5181464714084862,1.9447717077411517,0,,-4.415445103521684,-5.907103792757441
SYN001,9,2021-05-01,2022-05-01,50.317536827497904,117.71929753633609,50.38516206872831,77.08175169338314,165.99314366289508,0.9134736799909432,8.185579043287873,233.95282233291667,152.98502282921928,0.5503080788963541,0.11159548703399134,1,0.5436151445302085,0.6294585719753877,0.5347114578058831
SYN002,9,2021-05-01,2022-05-01,202.5478195056805,86.81647137413658,32.93331303355741,31.051859145145695,190.60676015085144,13.110398010667598,2.7363820790830546,42.862209815940176,94.28707981339561,6.878243982685435,4.791143061081884,0,4.530758778426049,10.477288744288291,12.068319039524534
SYN003,9,2021-05-01,2022-05-01,242.4132477602284,228.8992958325755,101.75118506847974,96.02827387104338,430.6579343227246,-8.223824135825941,14.947417066847406,94.42524199790451,94.37558275750324,-1.9095954074918327,-0.5501836269803401,0,-1.7448769924806018,-0.28763893896186765,-0.12566178411149692
SYN004,9,2021-05-01,2022-05-01,75.99066566216493,159.05272037211324,62.97447409741711,80.16358913220316,128.51152582701428,8.799574649074259,5.010686136718665,209.30560218964388,127.2953689270921,6.847303844885568,1.756161613195117,0,3.7438086633890433,20.911477624208135,13.147513337266096
SYN005,9,2021-05-01,2022-05-01,134.794837932784,1230.7152614212723,799.654162095526,1274.9203261686316,923.2869171663125,89.8650378913212,38.29801471417845,913.0284811314315,159.4339636559449,9.733164872207729,2.3464672663058934,0,6.5810599228691995,166.87014678544364,13.558793980724369
SYN006,9,2021-05-01,2022-05-01,205.62517930717462,129.8232874264052,48.653257014794356,85.80421425171531,352.0910422856886,16.27526644033247,6.0489639937956765,63.13589019779905,176.35862327906267,4.622459672554415,2.690587422412457,1,4.851793361529545,4.056829248657424,3.1248856265153333
SYN007,9,2021-05-01,2022-05-01,63.20816184446075,48.20733723400313,31.277914914537746,39.29145687747664,42.467591235592,3.0346497909070522,1.1592158318287316,76.26758289954572,125.62044811757659,7.145801545635389,2.617847089027168,0,2.7237231947145104,-2.3780859258366083,-4.933037297399661
SYN008,9,2021-05-01,2022-05-01,889.2618410810535,690.9974660572923,264.45822103383426,481.02398578784107,835.6783669769719,14.00394374168434,46.8059329959767,77.70461231275412,181.89035073570273,1.6757575994629326,0.2991916375833824,0,0.8861801147714011,12.326335977086053,1.7838467697165254
SYN009,9,2021-05-01,2022-05-01,210.3114831907521,140.19548856176004,55.11223517591021,138.31642567260414,262.05937426867393,15.142080047926857,9.213514223409206,66.66088148624914,250.97226637808885,5.778110434012782,1.6434641202869875,0,4.320051031286892,25.21860069094287,17.988168485060324
SYN010,9,2021-05-01,2022-05-01,218.9202434877184,173.81588730828608,106.20855388527029,268.10870864261983,389.30804201072715,17.292492658073503,5.073744640271117,79.39690023140199,252.4360786723817,4.441853440468362,3.4082307810330548,0,4.403081688212585,25.53691574297543,14.691934171519225
SYN011,9,2021-05-01,2022-05-01,445.85198893183764,363.8507215294551,180.87614648837487,176.24767194519322,517.9108418271228,28.973170988847606,10.091287593123958,81.60796196091009,97.4410807433477,5.594239133251968,2.8711074500135605,0,3.57824799330873,39.15137649127958,10.760285516737701
SYN012,9,2021-05-01,2022-05-01,318.0771693381088,173.38093411301188,73.02692737035144,137.762912400437,467.92069729010143,27.310003146582257,8.324001255135979,,188.64673259738984,5.836459747291452,3.2808744628350164,0,5.55693414246418,44.008070375208995,25.382300885819415
SYN013,9,2021-05-01,2022-05-01,234.53696252028632,269.20235066459117,134.55766397496413,468.3927062872766,507.13421921374606,50.61558289693141,5.6907374847515975,114.78035179265463,348.09812570350954,9.980707469396389,8.89438021566739,0,10.047971554357318,53.59444586891353,19.908609912433036
SYN014,9,2021-05-01,2022-05-01,260.8234175240194,262.7813527381052,131.2100636404562,237.8356939956014,345.9263110773993,21.846974062119042,8.693648316818699,100.75067462602567,181.26330206448367,6.315499388894675,2.512981117473313,0,4.172416926450481,40.349577752228384,15.354810123244105
SYN015,9,2021-05-01,2022-05-01,277.3074859709565,171.2558226685937,68.38151449395961,198.24634236404657,361.2218010069036,22.429753772816365,6.662426422018,61.75665329371238,289.9121843543819,6.209413083676999,3.366604349834239,0,5.000354095131783,24.640201909158552,14.387949866581252
SYN016,9,2021-05-01,2022-05-01,102.50194329611415,187.50133818759892,91.50807662947732,148.17985690242836,275.20035025260233,-3.8362970111694756,7.402507284062011,182.924666750886,161.9309052931132,-1.3940015002336281,-0.5182429228309204,1,-1.3228460697210858,5.317263710592815,2.8358537394931997
SYN017,9,2021-05-01,2022-05-01,161.96666619611946,141.3529204392822,50.63626520639075,115.90762461074506,301.67171674661705,3.7802141155484685,6.886774964388933,87.27284678942713,228.90239660905416,1.2530886741111305,0.54890919698926,0,1.2462809136333117,9.83299585020147,6.95634431863416
SYN018,9,2021-05-01,2022-05-01,101.52578281505868,75.3822275277107,39.44444557484391,93.54920232272609,191.36213815577818,18.41499523735635,3.179032138164149,74.24934379972072,237.1669850073594,9.623113231712347,5.79264204859243,0,10.409362019094695,9.532325583635037,12.645322241414172
SYN019,9,2021-05-01,2022-05-01,120.42135252567718,125.06447534872079,72.03989903619095,196.2170667117725,124.11709758007284,10.02549822051329,7.846737879714134,103.85573050431697,272.37276750373877,8.077451387425045,1.2776644733388918,0,4.083941752288366,24.122419012146565,19.2879864125167
SYN020,9,2021-05-01,2022-05-01,190.76893312999456,179.61277877808908,76.50972569841878,89.16361472899942,334.34048935853076,33.73534468218091,7.199534651721631,94.15200673984825,116.53892876372207,10.090116439951949,4.685767388328876,0,9.108264149541188,36.4622151971084,20.300457152972022
SYN021,9,2021-05-01,2022-05-01,49.086177737198824,101.6776063529866,27.364207127891667,38.72799692971362,65.60956521225752,-0.4674424425020054,4.557201331700564,207.14101411064357,,-0.712460814196457,-0.10257226057808921,1,-0.31004955555001584,7.150427474893222,
SYN022,9,2021-05-01,2022-05-01,166.22766785731073,95.67787299909662,37.62754642954257,73.75004592265358,181.73560263488866,12.135824000243769,6.193322262702876,57.558332034848846,196.00014595889277,6.677736131111822,1.9595014574532217,0,4.6336644732909145,4.727690960680217,4.941258425262919
SYN023,9,2021-05-01,2022-05-01,205.80020833166918,177.57616849033923,92.32372041231348,110.19761434762086,285.3054746771253,20.890853900708716,8.407764212338197,86.28570880946637,119.36002346469942,7.322275860409091,2.4847097721950715,0,5.44917610048983,33.81772790913839,19.044068917940525
SYN024,9,2021-05-01,2022-05-01,171.66806290519395,220.8764271067768,80.75921152429454,87.39943357264445,265.72477983302616,7.6714697145956565,7.5036790244184495,128.66483338182644,108.22224724959375,2.8869982390863917,1.0223611230745855,0,1.9542930571670265,-6.238696558001629,-2.8245189582796444
SYN025,9,2021-05-01,2022-05-01,57.40861897457004,85.85391124465292,39.63972477029733,34.471560245914716,92.23053874400902,-0.01727546369154683,3.219721417520292,149.548818240486,86.9621584046537,-0.01873074138653341,-0.005365515040382513,0,-0.012058605739485126,-0.05959657063700936,-0.06941625579198188
SYN026,9,2021-05-01,2022-05-01,160.20450079133067,141.24922344548102,67.9383783724628,77.0905258608373,310.93540007172294,1.942546938660974,3.096301989249008,88.16807439727349,113.47124807454061,0.624742933166468,0.6273764462917032,0,0.6443930800917808,-0.8969934157018002,-0.6350430776336404
SYN027,9,2021-05-01,2022-05-01,340.32791006160494,413.3006457686863,233.25301417676508,162.8180755876894,531.1100915412895,9.700141602771636,13.740775719103446,121.44188988022525,69.80320325648684,1.8263900003522204,0.7059384274270468,0,1.2871250071044282,36.49796256796534,8.830850602733465
SYN028,9,2021-05-01,2022-05-01,348.67235189586927,426.69796364421336,122.00395730661285,395.52346729326376,313.32528011030126,39.951805658788196,20.65366031024185,122.37791764218989,324.18904765462526,12.750903994954951,1.9343692623324824,0,5.152609644458705,53.28408171761666,12.487540662848266
SYN029,9,2021-05-01,2022-05-01,160.6006295114334,249.22989227119538,109.86411466798009,116.57836291336744,357.8044942395191,30.838128383041315,15.709230103582305,155.1861241325037,106.11141159757074,8.61870906585032,1.9630579079753274,0,7.524605109669611,20.749215068675547,8.325331636422503
SYN030,9,2021-05-01,2022-05-01,58.67475624675832,48.46407023359571,20.533349675553314,47.53896080127375,96.46736818402081,10.74451345132669,1.230306126103071,82.5978211648272,231.52072872880015,11.137977176728292,8.733203243780768,0,10.028589825273942,9.806651271156989,20.234889937822295
SYN031,9,2021-05-01,2022-05-01,147.658123183968,549.1469025425272,161.05327927421254,436.69159007844456,613.3820994337829,99.61276793313523,19.335650516794935,371.90429534197875,271.14728246850825,16.239920927768914,5.151767086740197,0,14.2956442986728,103.45835284506536,18.839831812955243
SYN032,9,2021-05-01,2022-05-01,57.51175595508509,48.820600907470656,16.830576475373196,27.334296390768344,40.02173875100037,1.1765022140889425,1.5371196368780042,84.88803740507947,162.40855701386332,2.9396579229320343,0.7653940434190922,0,,4.028250388139158,8.251128239437021
SYN033,9,2021-05-01,2022-05-01,167.83528884970815,204.97930363682983,121.55475260956608,90.20891027128759,206.45830428073188,4.488323628887015,13.265148585845425,122.13123059023846,74.21257362189584,2.17396129670038,0.33835456872878755,0,1.2039023469954664,12.00860210192164,5.85844614010289
SYN034,9,2021-05-01,2022-05-01,92.09959549313007,61.02518820125748,23.481798626428557,27.79680568745393,126.05928942237982,19.52179684248917,1.776143671925883,66.25999590390111,118.37596484695543,15.486202509898796,10.991113585604014,0,12.748946559461949,19.29461082860043,31.61745403384573
SYN035,9,2021-05-01,2022-05-01,167.49336942779368,116.16584868672109,61.61419427049467,92.915427904835,131.37439293924083,10.106985305293898,6.097533849047641,69.35549095679285,150.80198484284915,7.693268892948007,1.6575529641172035,0,3.5630731031676373,20.510795062430873,17.656475887112816
SYN036,9,2021-05-01,2022-05-01,75.20089580017272,54.853735953789226,26.71192176196215,74.16874376516708,59.29018070099291,3.2738222747910455,2.479445099216155,72.94292889748162,277.66157907359394,5.521693872550839,1.3203850635071626,0,2.5172669597684765,-2.543943833042919,-4.637685635826208
SYN037,9,2021-05-01,2022-05-01,192.0617785196813,132.8069163591126,38.78177763716623,34.56477260446597,345.73165526488464,30.919809330595008,4.329394810708494,69.14801965426106,,8.943297166961928,7.141831753047041,1,9.517632759946586,30.989412044782807,23.33418536801714
SYN038,9,2021-05-01,2022-05-01,152.65716795298223,138.99906614302188,46.32394607955008,44.63000453429124,135.6808933578128,6.024426082859552,8.640749936304099,91.05308843789963,96.34327019043258,4.440143290457375,0.6972110207179975,0,2.0655913978771663,18.50988707730371,13.316554989123539
SYN039,9,2021-05-01,2022-05-01,75.75145911899389,98.42199791969861,34.6869082671755,37.981218355435885,132.37553964178127,8.782676513016982,2.009719659770428,129.92752755441026,109.4972721779814,6.634667202704973,4.370100312408863,0,5.042488483802625,-5.643191355809275,-5.733668768249849
SYN040,9,2021-05-01,2022-05-01,342.0289121352275,343.58528999184773,143.73935100626665,270.10229435067885,364.4049338967032,29.879522437858494,21.174769100514215,100.45504277603436,187.91116869513564,8.199538386691646,1.4110908268243119,0,4.358066438116238,15.916222839305151,4.632393557850744
SYN041,9,2021-05-01,2022-05-01,81.13848388286235,58.98628047328841,21.004099449037838,32.15862391962626,62.28031335434899,6.598375882830441,2.9313698006669298,72.69827787076409,153.10641619105164,10.594641432339037,2.2509530804776707,0,4.708929155491425,2.3111172181509954,3.9180589106607107
SYN042,9,2021-05-01,2022-05-01,275.033641867588,199.0063921953097,90.81640133975357,83.85564969988918,366.3188471660376,37.18955833994048,8.903607495426082,72.35710905908711,92.33535844057123,10.152237218382583,4.176909006719503,1,7.845235774961152,79.22295458995848,39.80925120847734
SYN043,9,2021-05-01,2022-05-01,65.2926844585625,361.15534330579993,204.5618172663648,313.7321779770453,228.33305890900243,15.619637149980342,12.051469413102383,553.1329371746147,153.36790715372223,6.840725221574347,1.2960774005698126,0,3.662729367483699,11.306998983966153,3.1307854621417612
SYN044,9,2021-05-01,2022-05-01,49.053407438558445,82.43635419996724,40.251753778744494,95.98687332150584,75.20469593790301,3.588624148387636,5.522623063176198,168.0542871628692,238.4663134161202,4.771808600025171,0.6498042881680448,0,2.7292042389224256,0.9804489874712101,1.1893405488225723
SYN045,9,2021-05-01,2022-05-01,115.55207036087278,152.2160163782895,42.31353731290419,57.1420844107132,186.2018180310863,-3.227405320721507,4.839594842051575,131.7293717913613,135.0444515856792,-1.7332834635281023,-0.6668751054692345,0,-1.2052987195092373,11.331121773344691,7.444106108508594
SYN046,9,2021-05-01,2022-05-01,265.49628377604836,347.0990312911197,141.01586329999938,111.82415149051984,392.7478838724564,19.215336515258233,15.713834586730954,130.73592833559394,79.29898727253357,4.892537249544635,1.2228292470053115,0,3.1367096748285395,31.366515692949157,9.036762671527413
SYN047,9,2021-05-01,2022-05-01,94.2490981056589,491.6186871522464,302.4462707703425,1752.4552707566525,266.29666186357224,14.863538078455301,21.85831421028331,521.616330589299,579.4269726960363,5.581571310146619,0.6799947121019381,0,2.5370123520125296,38.165663015622364,7.763265313753842
SYN048,9,2021-05-01,2022-05-01,204.72529303495136,389.81495625690593,170.494306648852,247.03730510896028,581.8873443017472,27.857553430050167,16.423340105337264,190.40879144833144,144.89475335839532,4.787447897406783,1.6962172890152234,0,4.685562241283182,35.85692309517109,9.198447242629586
SYN049,9,2021-05-01,2022-05-01,84.5115406467175,145.90432368154651,73.10652140295461,49.153629959632624,163.20779294920544,-6.435064983877003,10.087011597662553,172.64425966563368,67.23562962147187,-3.942866248966288,-0.6379555452645846,1,-2.792804654591504,-14.767015490600407,-10.121026654995617
SYN050,9,2021-05-01,2022-05-01,221.59531375176198,1343.1290669378316,348.13144799494705,394.8779320138905,782.5284972320796,27.185222264603464,78.93438415768559,606.1179923878926,113.42782569290377,3.474023292539717,0.34440279169463217,1,1.737380883182928,24.843894262747888,1.8497026737265765
SYN051,9,2021-05-01,2022-05-01,350.9135631380064,331.57540917906255,160.41394031287535,67.09856427530455,459.67872052874856,32.16072462146255,11.562633407491255,94.48919734363798,41.82838732371628,6.996348359234349,2.78143598331381,1,4.7122702235431,20.402459371943493,6.153188326739103
SYN052,9,2021-05-01,2022-05-01,217.3634607660377,159.94310460221956,68.59411732867147,73.91416963513119,247.98466324247195,13.361781504460543,7.374758768100781,73.58325269506848,107.75584337789269,5.388148335365319,1.8118262474233577,0,3.541359396017727,2.4619793650778448,1.5392844669364254
SYN053,9,2021-05-01,2022-05-01,67.14234429059849,50.780689511667006,32.56963043506703,52.584844397495054,42.627667045119,1.812369965261662,1.9760605793731374,75.63139185591037,161.45361091011355,4.251628322383605,0.9171631599657726,0,1.5369092083406384,2.535375479362744,4.992794512528693
SYN054,9,2021-05-01,2022-05-01,123.95788334221672,446.3944469665457,126.83699141709619,146.41635905422152,345.8487549262549,-0.3041776139338314,23.635454968394914,360.1178359380034,115.43663833269248,-0.08795105074144072,-0.012869547649519529,0,-0.05333152820979336,-22.205429746943878,-4.974396500189445
SYN055,9,2021-05-01,2022-05-01,143.74913947855333,215.0774950129194,113.23834167601386,222.0349568292471,225.3183205238032,31.87144669822474,12.824503702772866,149.62002262629747,196.0775418846305,14.145075564264983,2.4851992277356993,0,8.882129595366518,26.47886512934718,12.311313709394204
SYN056,9,2021-05-01,2022-05-01,69.50495452271693,43.265474180225965,11.614403906981208,19.35162784697648,44.211550086927396,4.270557528082237,2.5288479259616996,62.24804329033137,166.6174863726288,9.659370729335654,1.688736394244893,0,3.7869480299056373,3.98185269217304,9.203303020755762
SYN057,9,2021-05-01,2022-05-01,38.08084509813717,22.23912408747851,10.810256051694445,23.39050815576968,21.904284647850165,0.6588532509343473,1.3140637356407145,58.39976510543984,216.37330368417457,3.0078738544835866,0.5013860690806614,0,1.0922639050211287,0.4678017753007411,2.1035080943863775
SYN058,9,2021-05-01,2022-05-01,130.85613705835937,200.48575460694815,54.22238090394853,56.67045860165359,222.56596554200775,19.15825176158431,4.079093270434223,153.21081541443888,104.51488418046723,8.607898208932726,4.696693723687495,0,5.782019190297946,12.442454885757751,6.206154103143715
SYN059,9,2021-05-01,2022-05-01,123.23160634921449,69.16947470797237,42.60367111000275,98.0928374768454,173.2720636590889,16.475450443947484,2.3867491384925565,56.12965436152758,230.24503504303544,9.508428592599193,6.902883163646259,0,8.56307581715226,6.126727620428374,8.857559850345686
SYN060,9,2021-05-01,2022-05-01,122.87798222611944,181.1925543584896,96.66092970197684,79.23951790043364,194.75586650894647,23.765991983574285,6.788839489496308,147.4572995714236,81.9767802200366,12.202965902689535,3.5007444233060787,0,7.815947000495159,22.51126767799618,12.423947417539917
SYN061,9,2021-05-01,2022-05-01,342.738833523325,2082.970695177637,727.906048763893,1731.737150503656,2031.036735956644,272.3727040803111,53.728681518880215,607.7428325716353,237.90668499656476,13.410525730940073,5.069409789715379,0,11.2285787254245,226.49210800274534,
SYN062,9,2021-05-01,2022-05-01,298.43993320883135,194.44177227145425,94.85233954165682,119.71087229725373,342.1965094930632,59.209764212288704,5.436738571203104,65.15273280650244,126.20761161582067,17.30285452063881,10.890677091943761,0,12.01297665422418,59.76685559295956,30.737662434757517
SYN063,9,2021-05-01,2022-05-01,386.9511207376786,343.1912398226123,128.35150459388524,211.29096585208998,699.207080093257,52.85297437775873,8.098390030101422,88.69110888433583,164.61900195142397,7.558987298971493,6.52635575482363,0,7.238721820933774,62.861219164747865,18.316673583288253
SYN064,9,2021-05-01,2022-05-01,265.87557180459726,160.62538110334265,82.84570360933996,295.94589909404954,271.74394064646225,21.781668287722596,10.384934641229444,60.413741666117694,357.225403612463,8.015512042662419,2.0974295015056468,0,5.107062045046394,27.78601990757993,
SYN065,9,2021-05-01,2022-05-01,62.33626359456995,68.83597071540107,32.695085577227076,21.52763310819631,84.61725514053336,-2.238641355195391,4.793605039518512,110.42684746571385,65.84363591080744,-2.6456085717711226,-0.46700579975613693,0,-1.7066426953628717,-7.418982900131889,-10.777770434596336
SYN066,9,2021-05-01,2022-05-01,35.05817213488121,22.537334117386887,6.200353577154638,20.17659430201961,44.66930886219523,6.8340582684183495,1.4799863793460721,64.28553670932351,325.4103826652853,15.299225446942579,4.617649435015719,0,11.865610206610913,11.467683840420808,50.883053783960314
SYN067,9,2021-05-01,2022-05-01,139.7349074488072,115.9221843743117,61.48116049680849,111.0554096795005,111.82061522352119,2.0100595786350777,7.015323660108814,82.95864397146471,180.6332359085275,1.7975751381953287,0.28652414001436105,0,0.7862326698239119,2.0780629023204162,1.792636080433379
SYN068,9,2021-05-01,2022-05-01,329.7478926539484,226.99172137296694,90.59545347638581,204.4741500849328,575.5115258790853,75.24200022725914,6.007952450536307,68.83795967459959,225.70023355336488,,12.52373430827379,0,13.51475597057507,87.32592602599902,38.47097396231249
SYN069,9,2021-05-01,2022-05-01,243.7235225994377,281.7299735943185,145.92427414986085,225.4215807551337,347.544010327157,7.571928833860834,13.05080866259127,115.5940840627619,154.47846636100513,2.1786963978268754,0.5801884794744518,0,1.4410273960892543,32.20427355092823,11.430900709663671
SYN070,9,2021-05-01,2022-05-01,130.04287000886194,85.09675636083959,36.86830414084364,67.63008440698063,123.38162344168909,9.00511095593541,2.770779368144439,65.43746408783547,183.43692768894763,7.298583617836153,3.2500281543405727,0,4.1857053988096045,20.54037574255311,24.137671776177736
SYN071,9,2021-05-01,2022-05-01,211.81675109127605,102.40814288957026,40.22617083180849,103.4714116745912,130.03189470661528,15.681847968230361,6.936459966720636,48.34751848565582,257.22411438866584,12.060001127886787,2.260785478971675,0,4.990644684308893,7.297535808193878,7.125933155591961
SYN072,9,2021-05-01,2022-05-01,84.65075058986419,79.49213630464716,50.61300045986478,41.932824774565525,102.14586347131224,-2.2288235035610113,3.013316291451069,93.90600290101303,82.84990890397323,-2.1820007465960467,-0.7396580006832659,0,-1.3578556742415497,-3.658276405158854,-4.602060751190289
SYN073,9,2021-05-01,2022-05-01,215.79085174907604,119.9350795929174,75.44527547460324,99.26176422757293,264.82406310516944,33.90153984456183,4.419546851250342,55.57931609277822,131.567899518091,12.801533005366862,7.670818069271217,0,10.097980727627322,44.523255183742165,37.12279621180276
SYN074,9,2021-05-01,2022-05-01,359.035891642443,355.8625991618763,157.7982590896613,234.5357740728936,726.6366667161282,-12.452175519349334,7.223974446939411,99.11616288108407,148.63014042482553,-1.7136728835367139,-1.7237291757897844,0,-1.7418102960798838,-36.0314319732559,-10.125096612601812
SYN075,9,2021-05-01,2022-05-01,233.05074038408952,217.10699347364715,58.89608651073522,129.24011549700654,210.31743192406822,23.586650569787384,6.211214320052956,93.1586800006876,219.43752658922327,11.21478631324434,3.7974298348774878,0,5.239641306982737,12.055283798573656,5.552692525327126
SYN076,9,2021-05-01,2022-05-01,238.52194505268517,227.22526241539967,72.30540066589188,93.78373643127723,352.678034137442,32.10590453761507,15.709807111138307,95.26388121864834,129.70502281652824,9.103460218648914,2.043685470514267,0,6.893418580467841,28.515486218705057,12.549434827618217
SYN077,9,2021-05-01,2022-05-01,98.69717647220014,48.823636147133044,17.2646201306894,57.09401075614147,91.56118864929243,13.91223863915136,1.513296919785285,49.46811843283593,330.6994901941212,15.194471417840065,9.1933304411439,0,9.430695501285562,17.189219129288706,35.206757394078416
SYN078,9,2021-05-01,2022-05-01,185.56882916271678,1526.1421021212236,927.1944935630607,1239.6898476477688,1703.9407785376486,1.785969094806115,96.23605524831405,822.412960736536,133.70332290087683,0.1048140356344347,0.01855821178661002,1,0.10433824205740594,50.464607742402364,3.3066781705491466
SYN079,9,2021-05-01,2022-05-01,125.57405520368401,106.97377052448701,29.649803380806247,32.759336462940865,215.13799961382009,11.33019529293017,3.881874862230027,85.18779643690975,110.48753356707778,5.266477941260145,2.918743054592258,0,4.872200054957393,10.780832177691432,10.078014568275526
SYN080,9,2021-05-01,2022-05-01,142.27672527033513,276.9160274703628,152.50640319257298,260.9921190398607,457.69430747023085,-12.704367599236729,14.713413144983976,194.63199405539038,171.13518749130853,-2.7757320534433436,-0.8634548268338295,1,,3.6710705851108756,1.3256981254014903
SYN081,9,2021-05-01,2022-05-01,129.16941844254907,125.86841063038341,64.4641602707904,106.9442102623838,227.01794502412417,18.483577407514325,4.451941762200258,97.44443549257453,165.89715868965052,8.14190147195199,4.15180125770093,0,7.24738658366976,7.954266356952145,6.319509650685986
SYN082,9,2021-05-01,2022-05-01,163.35816487643106,125.05615619345585,38.62736682483175,52.012407350296044,312.8710784225252,0.5237708611721326,7.417759846778451,76.55335519228684,134.6517032500897,0.167407886920373,0.07061038264801837,0,0.1816036246845091,-0.9623324960350015,-0.7695202901857303
SYN083,9,2021-05-01,2022-05-01,152.39641366657216,139.75364420985537,69.85486485525404,44.33017908164404,170.63328743802344,2.981793858329059,9.48330569526703,91.70402429260713,63.460403471541184,1.747486614774442,0.3144255762858331,1,1.0206377777239004,8.934575555299693,6.3930895010390225
SYN084,9,2021-05-01,2022-05-01,89.37720023589951,214.33456472960046,92.43629847356479,135.51903785162654,233.1958958591524,18.08848111229045,13.638714367090493,239.80899397597176,146.60803179000365,7.756775069152882,1.326259985027402,0,5.955805207067037,16.913589129170735,7.891209311250627
SYN085,9,2021-05-01,2022-05-01,95.92878272797427,53.91385084112276,31.871565767524107,79.78125303741606,125.79937390333914,3.641551183512121,3.522646947186979,56.20195452078917,250.3210969280652,2.894729179105606,1.0337542303011924,0,2.430250387873015,11.48259139534715,21.29803606346889
SYN086,9,2021-05-01,2022-05-01,184.03963938429914,125.1660301149161,39.85251524454921,70.26050126497053,197.17323680330887,5.6915649010431535,8.672749939902427,68.01036479622353,176.30129700428466,2.8865808531209547,0.6562583886867129,0,1.8407052206581869,19.61591253998791,15.67191395459164
SYN087,9,2021-05-01,2022-05-01,266.0569978747348,237.53648194738204,73.67699674074842,104.44735582817201,454.72133096796796,9.948823571704283,7.6839446325372505,89.28029852431064,141.76386178673522,2.1878946277990003,1.2947547187646986,0,1.9755663983613299,12.598769934840234,5.303930508506501
SYN088,9,2021-05-01,2022-05-01,272.62011917724925,297.5123528547433,106.44304006984834,173.87211752397735,208.70878182740438,3.08055543418049,13.133212006238162,109.1307397827487,163.34756824859738,1.4760066189874141,0.23456222535029914,0,0.5403227469575924,-0.17655054969177542,-0.059342258564293635
SYN089,9,2021-05-01,2022-05-01,478.8723862121088,471.10507712892354,140.30145015297097,152.14325611602032,399.77034451494643,-7.559734785783761,15.440734613121919,98.37800021324577,108.44025913498272,-1.8910194038920567,-0.48959683429565015,0,-0.7957804345375183,-59.574970125094666,-12.645792418151178
SYN090,9,2021-05-01,2022-05-01,56.26629644728589,91.0972449446319,38.43707576595414,50.31069199126045,159.09004833520117,21.557430627323384,4.284490938499167,161.90375179567403,130.8910498228469,13.550458280018928,5.0315033773591855,0,14.628740883737821,25.700086453833542,28.211705490603837
SYN091,9,2021-05-01,2022-05-01,246.1623856970473,93.45523373076918,46.146481201651476,119.05328538262256,150.89298901732604,16.084315451186356,2.038456280981193,37.964871629813004,257.9899534752867,10.659418675402804,7.890439251139746,0,4.736007359772737,-3.908093973587345,-4.181781819567206
SYN092,9,2021-05-01,2022-05-01,140.8640246116175,109.65205078697329,37.93883824185077,72.29523043649212,103.38994017723093,4.131830659931157,3.7563976378185573,77.84248042699323,190.5573122076849,3.996356563170824,1.0999449627837121,0,1.6493275544721389,-2.0215406738821926,-1.8435958647135056
SYN093,9,2021-05-01,2022-05-01,102.0042672050944,63.055017413387695,22.865991294686733,41.703466308361406,116.72675945727099,-1.2144248180681876,3.660015757664135,,182.38206151181316,-1.0403996681778356,-0.3318086310216456,0,-0.7357506855038226,-4.684751215492508,-7.429624806507233
SYN094,9,2021-05-01,2022-05-01,411.66012257278965,421.0663243658515,132.2864473096472,149.76287720834026,690.2510143902635,17.813633415659357,29.288781904759016,102.28494364095192,113.2110509081746,2.580747154916551,0.6082067008995308,0,2.13919390709251,-18.093526001630604,-4.297072682998439
SYN095,9,2021-05-01,2022-05-01,100.96421424865117,283.67198242043776,114.81200373623516,146.0159026047807,180.70525223496767,10.583859835735668,9.410930260112984,280.9628981233095,127.17825475830232,5.8569741082974565,1.1246348175157554,0,2.7516546615713335,-7.13329844588627,-2.514629180161268
SYN096,9,2021-05-01,2022-05-01,133.6662640425358,82.23276759683384,38.52963686021107,53.102844571419325,142.73571214881773,4.746105461985759,1.6663565797336881,61.52095907361143,137.82337156221104,3.325100208304857,2.8481931896858876,0,2.198298633369274,4.308772845296544,5.239727387531636
SYN097,9,2021-05-01,2022-05-01,242.01843021281834,235.6454199189401,89.9211773827544,88.71432331269854,305.2711637574214,-0.4273681083589919,13.100003664811391,97.36672521663984,98.65787559150965,-0.13999622601058803,-0.032623510595418216,0,-0.08947047348069297,-23.268978816112675,-9.87457291727418
SYN098,9,2021-05-01,2022-05-01,160.53550294820437,98.71767925003671,48.570907015418456,134.6040315745635,203.70887521516968,21.071137864456844,6.885403793856477,61.4927398843901,277.1289231470075,10.34375053232228,3.0602617501180736,0,8.127629402961214,11.498748234404182,11.648114422624968
SYN099,9,2021-05-01,2022-05-01,88.05605629086274,79.04515210665254,45.23878508914146,79.9046326248046,121.03903421625662,13.072165838421354,4.374465182953441,89.7668547016848,176.62859970124154,10.799958809210034,2.9882889202916503,0,7.8229032355793136,13.93250077343915,17.62600286307321
SYN100,9,2021-05-01,2022-05-01,101.48696708795771,50.4362212460571,31.99992640288514,55.78050476178365,164.0714779993543,4.003104410494369,3.1037626046078675,49.69723964885516,174.31447828815766,2.4398539339726817,1.2897585674082586,0,2.634952869533804,0.7694669706358273,1.5256237513947002
SYN101,9,2021-05-01,2022-05-01,425.9515318766149,264.83624254840976,87.51831621695133,130.243009007909,734.4563990647554,21.266085293831853,11.309763361971727,62.17520603379933,148.81800134847927,2.89548641974006,1.8803298188658437,0,3.0785265867701,0.19303823938671272,
SYN102,9,2021-05-01,2022-05-01,58.35960182877465,51.97787516525264,20.029295934878125,20.61796416636146,121.33273849557546,9.432992217511199,2.133959957844198,89.06482144575659,102.9390360669556,7.774482249780577,4.420416691904913,0,8.549218701114416,14.315790311749224,27.542084523915612
SYN103,9,2021-05-01,2022-05-01,546.5185020406061,559.0927437358355,293.7435602395827,434.9962050356202,1192.7132769888615,9.292466563419971,19.68931662763435,102.30078975337145,148.08706093193302,0.7791031375855768,0.47195475288247474,0,0.8404822761090963,22.421928731036857,4.01041311701068
SYN104,9,2021-05-01,2022-05-01,106.2948393439601,198.1077973770678,88.14248638747546,141.3710805505871,172.70367869808453,16.943564977676616,6.0922862254018355,186.37574373296675,160.38925873853626,9.81077247769392,2.781150515717776,0,5.5661689268495635,19.50780538380899,9.847065911635408
SYN105,9,2021-05-01,2022-05-01,496.38399201825985,798.1502129558253,318.8686189101664,433.9713084567645,483.9641567084947,38.51973081288938,48.74729161011714,160.79289940648704,136.0972145644177,7.959211499229043,0.7901922248516242,0,2.975566861414874,37.88609166131815,4.746737023474929
SYN106,9,2021-05-01,2022-05-01,221.34191041159355,181.4824900537078,112.93300272167308,120.90766739396595,340.64975991433766,7.943115862300623,10.673677548775899,81.99192358836804,107.06141205856953,2.3317544284481686,0.7441779860786193,0,1.971855690252515,-12.297935157030736,-6.776375590499829
SYN107,9,2021-05-01,2022-05-01,437.9077821404813,382.95788094813105,204.98210833174062,180.13210256959704,844.3701412568912,35.95248557316458,17.67954668759311,87.4517185048056,87.87698791646409,4.257905842057292,2.033563767695174,0,4.379825736392571,45.44648742292298,11.867228665044337
SYN108,9,2021-05-01,2022-05-01,711.8500103528143,981.3466069133138,426.96577143498934,368.8248425324722,1502.0827496635923,30.811242064261602,51.874155458208726,137.8586208669055,86.38276583457468,2.0512346654112172,0.5939613241334406,0,1.8197084585492556,15.75109591033154,1.6050492047732627
SYN109,9,2021-05-01,2022-05-01,76.14824763476098,52.71249855982317,32.5205516300882,35.14865630464377,52.76505484914735,3.128772156334905,2.5932385322628027,69.22352148227296,108.08136560673847,5.929629307275256,1.2065115173207024,0,2.428025794302286,2.559752847800312,4.856064344768747
SYN110,9,2021-05-01,2022-05-01,78.85937007864544,51.69552354371882,33.26938631275434,88.76778085989092,110.22322459163084,11.651514661027273,2.3546047878444547,65.55406604461021,266.8152036993252,10.570834508058805,4.948395043269135,0,8.924609670113009,14.651906656901378,28.342699043390642
SYN111,9,2021-05-01,2022-05-01,123.50036872593215,53.19780218535746,23.62619882777163,57.69438270755056,79.27617606301285,9.138362876192234,2.066591322338654,43.0750148636497,244.19663581148384,11.527249837238093,4.421949699203626,0,,10.616533914198861,19.956715274077677
SYN112,9,2021-05-01,2022-05-01,94.91478135968183,51.09636001691806,25.190451632686827,32.47196360641821,112.85519470449509,7.817380335062246,1.050193266394637,,128.90584130807318,6.926912275089872,7.443754007202581,0,5.353961527428399,0.3816662058090712,0.7469538058732581
SYN113,9,2021-05-01,2022-05-01,186.2177747151433,86.48665995758698,48.37092612561553,130.6364805381459,176.38203703724045,12.294855020799208,3.735769542139115,46.443826369359925,270.0723161654857,6.970582281121592,3.2911170997339227,0,4.508491046562603,11.403046448610539,
SYN114,9,2021-05-01,2022-05-01,91.56896807393103,93.2955624428087,46.62802512505615,72.68563898984641,199.15971984231032,28.269008474488786,5.843490154636441,101.88556713611061,155.88401780882606,14.194139506156908,4.837692496505554,0,15.291742767241653,35.89842228411315,38.47816696117708
SYN115,9,2021-05-01,2022-05-01,678.3225554168397,1390.7860910275965,721.19348113555,1082.9597074171804,818.3840304333114,4.7650314661486775,48.97245790349063,205.03314830404497,150.16215977327113,0.5822488329379701,0.09730023098981598,0,0.23029392266746965,57.88127520078992,4.161766901049733
SYN116,9,2021-05-01,2022-05-01,179.12442312067526,146.45653328883697,57.28983679846373,105.44080768377891,193.12643387159437,-0.975600335242328,5.876525844416159,81.76245915397584,184.0480154529021,-0.5051614715212853,-0.16601651402066714,1,-0.2996490783739908,-13.926459666967196,-9.508937125735368
SYN117,9,2021-05-01,2022-05-01,250.1454854410316,244.711478964893,99.91779226670674,124.25428206409444,435.7823188432806,21.99206095154125,13.246555320436213,97.82766158399464,124.35651273441594,5.046570271578688,1.6602097994195404,0,4.444124774103706,-10.876902184477874,-4.444786256241909
SYN118,9,2021-05-01,2022-05-01,867.9891923908975,743.8045540127798,377.3671481211528,315.28658821237184,731.1652877531063,11.858299259656615,22.8585728227616,85.69283587091124,83.54902905092041,1.6218356448645883,0.5187681379586665,1,0.7357206395741083,84.9848092432527,11.425690900219
SYN119,9,2021-05-01,2022-05-01,233.39240136361843,501.88463777340576,182.4429451460746,400.74367036552053,607.9053149816016,10.016670226366761,26.512229811017797,,219.65424316334153,1.647735260658137,0.3778131940529609,0,1.3622987925915748,38.399620667759976,7.651085085632148
SYN120,9,2021-05-01,2022-05-01,108.15270973918454,132.963021934664,62.50605889372248,64.1408439558784,217.13298843543458,1.9789810319610615,4.233321037715789,122.94007450697325,102.61540255631138,0.9114142656169999,0.4674771920980692,0,0.8207598144769673,13.65877608971281,10.272612558719164
SYN121,9,2021-05-01,2022-05-01,54.525641846907696,43.917205526140926,23.702736871069355,26.649765059969532,66.17978490321553,-1.5496891478641104,1.5685518134099075,80.54413306944244,112.43328230377145,-2.3416352140316707,-0.9879744708561516,0,,-1.6877193154463366,-3.8429569805887396
SYN122,9,2021-05-01,2022-05-01,191.53726941275696,403.66810156153326,124.49396485567681,124.94939020842199,630.6674462512941,56.761300093821355,26.22392179815621,210.7517261779695,100.36582122938502,9.000195020563087,,0,9.536422697414327,90.5010677394045,22.41967284244503
SYN123,9,2021-05-01,2022-05-01,54.37422170288727,41.26783851690783,19.580101628744753,22.618135601589575,39.59339359848981,2.8284255895431016,1.960526695005165,75.89596177101053,115.51592545559011,7.14368063072771,1.4426865988354471,0,2.957303076745832,4.195210797268704,10.16581179930198
SYN124,9,2021-05-01,2022-05-01,102.40938062064532,113.27500178368331,73.34678573969163,71.04999632173654,83.6349374051588,-1.4728351661815549,5.975032533478365,110.6099862114072,96.86858886208537,-1.7610285986663596,-0.24649826723606874,0,-0.6828659311180595,-13.054458139427913,-11.524571117957239
SYN125,9,2021-05-01,2022-05-01,143.50666643367734,130.97897942568764,58.38320727587411,75.12224598021275,227.79602855266998,13.304652146788246,3.609971464989184,91.27031007038308,128.67098175206925,5.840598816107983,3.6855283416563265,0,4.847121278467507,-0.9715025609903325,-0.7417240272066138
SYN126,9,2021-05-01,2022-05-01,111.79584746449228,60.954396092162995,28.16310694934255,30.625358147030614,137.17837226978222,17.255715597962855,2.6968282805486816,54.52295185787008,108.74282515106363,12.579035100392398,6.3985221908352665,0,9.98882273199439,18.949313569412997,31.087689788217492
SYN127,9,2021-05-01,2022-05-01,270.1150393166875,214.0337170871183,123.43206014712709,200.0951052970139,446.7204507592476,6.645838607346675,14.38151969453665,79.2379860183133,162.10950790135635,1.4876951785062413,0.4621096204367986,0,1.3726852582894362,5.492829115022296,2.566338233889825
SYN128,9,2021-05-01,2022-05-01,152.0436138780811,208.08452528827266,119.28064855532004,161.40488416382766,201.04032883174767,10.925969573584123,7.865839584260595,136.85844474541955,135.31523018922152,5.434715331533385,1.3890404776937981,0,3.033911651246196,25.449516337991337,12.230374316751575
SYN129,9,2021-05-01,2022-05-01,128.796071536356,69.5823083975322,37.94383017423671,63.422042093759764,74.81108123524609,11.92941410372076,1.9900609303020227,54.025179159203475,167.1471799302496,15.946052251548531,5.994496913172545,0,6.013464828020256,11.875393155863168,17.06668466360386
SYN130,9,2021-05-01,2022-05-01,34.74027070240788,19.75520006016868,9.35696464160537,23.865107168280733,41.14571002841049,5.34974456824749,0.588569977905962,56.86541774356246,255.05180453675638,13.00194981336711,9.0893942420934,0,9.816860912267405,7.06978944548721,35.78697975193699
SYN131,9,2021-05-01,2022-05-01,157.85999500047396,120.56285369331344,45.40412921354609,62.39979007295009,158.22107151723466,24.761917879800045,4.772590015675781,76.37327854530305,137.43197183557797,15.65020236707396,5.18836057538327,0,8.89363714076264,22.84384167227686,18.947661715429188
SYN132,9,2021-05-01,2022-05-01,64.37617457517001,200.6627291338656,126.73560797087956,179.80179959967586,145.2152274988792,3.6265708881729295,8.99110043193226,311.70340651347357,141.87157222695416,2.4973764464204833,0.40335117104164636,0,1.368316438613949,-18.748031757183032,-9.343056300542933
SYN133,9,2021-05-01,2022-05-01,269.4755256832291,151.76005444366734,76.74772863890172,151.31782490458647,223.49419649453648,29.577069859578643,3.994785641790318,56.31682285762109,197.16261000574656,13.233931942524368,7.403919136528005,0,7.02150322882711,14.684767842224904,9.67630638777599
SYN134,9,2021-05-01,2022-05-01,222.49297450104112,198.32629233404438,56.71007082129267,120.25699374408401,416.7498901584743,49.31325628929066,11.403617501624304,89.13822684909826,212.05579891275974,11.83281806518022,4.324352012180924,0,11.718393185789186,45.43357178485974,22.908496523665757
SYN135,9,2021-05-01,2022-05-01,136.07334812601746,210.9675359263452,62.70740415897096,43.97308689167448,177.53224460200633,9.400197046994588,14.429931516311633,155.0395715485506,70.12423410192089,5.294923785855381,0.6514373984636435,0,2.7086713637970834,25.955401481322333,12.303031064639304
SYN136,9,2021-05-01,2022-05-01,344.14608747476177,283.6304425819306,166.83338579421203,234.26249018905827,377.25444195701357,5.429208396712113,15.766556839007244,82.41571033485332,140.41703288214723,1.4391370366768925,0.3443496542808879,0,0.8648313749833592,24.258438790963826,8.552833246719079
SYN137,9,2021-05-01,2022-05-01,255.60512094918965,295.4074086025034,100.09268778070319,53.589397221692145,560.2197707941717,25.381086306504322,20.261644543801687,115.57178803989056,53.53977239486581,4.530558832388922,1.25266664567308,0,4.606263005880197,35.76249820170668,12.10616157898337
SYN138,9,2021-05-01,2022-05-01,245.13055681089398,140.35645448233007,69.38511000357353,75.85620460856696,396.30926879820777,20.126537259202998,4.642350074457251,57.25783692916264,109.32634480893688,5.078492693404807,4.335419978329843,0,5.22106755080616,2.821345893420556,2.010129070178062
SYN139,9,2021-05-01,2022-05-01,106.54864078632635,35.86594995563651,14.295376024284915,16.718855674520313,106.50121040498816,16.824832524540003,1.7550131172274643,33.661574367299934,116.95289194294998,15.79778526512595,9.586727506128016,0,11.813980882776585,18.897274075215655,52.68861998243506
SYN140,9,2021-05-01,2022-05-01,407.28049186681443,485.0088490597648,212.46449270992775,293.3652576780156,980.3803431658372,-5.52605235114128,21.677721039679227,119.08472385619896,138.07731067729026,-0.5636641319527675,-0.25491851016194506,0,-0.6193117072767972,-2.7351868110253146,
SYN141,9,2021-05-01,2022-05-01,168.02631401687358,73.34871175849564,24.909272049170077,44.85387092090104,93.23028757072792,13.493990136826959,5.083743218593635,43.65311004271021,,14.47382657335463,2.6543414088015114,0,5.590466575189459,11.344362013700652,15.466341182722527
SYN142,9,2021-05-01,2022-05-01,115.62032381771832,115.54736764314731,65.1088892672269,65.62032809693557,202.6053989280524,1.0903665494581936,5.922745832862608,99.93690021601564,100.78551306198692,0.5381725043987577,0.18409814978185426,0,0.4716777429266242,-0.02091762130279795,-0.01810307039395241
SYN143,9,2021-05-01,2022-05-01,63.93278223743017,42.73219015552514,12.977099526773936,16.929647464339656,63.573077019268695,7.334871329851919,1.8072583901300123,66.83924687780457,130.45786872028646,11.537700664746422,4.05856261058733,0,6.876551097608826,7.434833446935105,17.398671633435583
SYN144,9,2021-05-01,2022-05-01,32.281336234426014,35.50886289786545,19.585070888597826,30.236097732927316,34.451451365803216,2.7113886361159563,0.961754811471308,109.99811978042433,154.3833969502269,7.870172456093685,2.819209848264788,0,3.999676458870885,4.8922453665725465,13.777533177123042
SYN145,9,2021-05-01,2022-05-01,80.1711757015027,332.4891901262703,128.19783778507855,151.75594310324533,443.8970481899931,39.69092900954404,9.14316472850772,,118.37636712536568,8.941471715431607,4.341049318054024,0,9.618304130062581,32.07152514498413,9.64588506856546
SYN146,9,2021-05-01,2022-05-01,108.96682902994299,109.89779697955437,28.67527393382662,38.801164958932,150.04512861424786,-0.6969035103958173,7.600671681511077,100.8543590355883,135.31227303520345,,-0.09168972685546484,1,-0.3184176095983533,-6.313820928104307,-5.745175155129765
SYN147,9,2021-05-01,2022-05-01,180.09738617159832,392.5240779860282,181.3714500572796,188.92325529183483,535.6492368877842,34.24490885081088,19.925818895165456,217.9510132434837,104.16372324981153,6.393159271500094,1.7186198986842958,1,5.980374644388849,34.43809027614681,8.773497527296307
SYN148,9,2021-05-01,2022-05-01,171.39253104022194,205.08667362771124,62.62919485950869,96.77316769453151,270.7204695978123,11.404662845396242,5.25572347047014,119.65904954141908,154.51766210888613,4.212707987075833,2.1699510846555365,0,3.029294235641919,-4.079998264473208,-1.9894019403130636
SYN149,9,2021-05-01,2022-05-01,79.36708387024116,41.51189025843255,10.404953611891735,21.65265756891844,116.27688937533084,-1.6222255325829096,1.4961535559429802,52.30366070435594,208.09951083464512,-1.3951401188128782,-1.0842640624280508,0,-1.342024569844609,-4.930161151244009,-11.876503624747652
SYN150,9,2021-05-01,2022-05-01,205.58655686768634,214.29534345848603,132.7691447697154,297.581984030112,398.68586724730943,3.7368871821802983,10.31485489007369,104.23606811821095,224.13489560865978,0.93730114086594,0.3622820894723805,0,0.8899852980748663,11.774604954415485,5.494568740685912
SYN151,9,2021-05-01,2022-05-01,256.18246734766706,738.2153016127552,323.2393666843938,505.5279511233581,1089.6362039494302,90.68941869617443,21.16880636577871,288.15996241105677,156.39430194062598,8.322907991444024,4.2841063935840085,0,9.120034409468182,160.46676100976848,21.7371220373246
SYN152,9,2021-05-01,2022-05-01,65.33438805978683,67.66252619862594,19.81945894020766,22.84233017684344,77.84191089595015,2.440112866865672,3.097667566465248,103.56341921609284,115.25203713055603,3.13470319366559,0.7877258661587395,0,1.8347138957859859,2.8542108600910794,4.218303720603683
SYN153,9,2021-05-01,2022-05-01,170.52531369258995,118.74413156339655,31.756097999579108,62.68049811322254,274.17940671288943,21.65711929267906,5.13071602309714,69.6343135174989,197.38098211579174,7.898886190003903,4.221071522022341,0,7.486832656492211,37.38281843900247,31.481823940953312
SYN154,9,2021-05-01,2022-05-01,92.01475231246404,79.65222593529306,32.35343000069076,39.9301897297928,120.47961694238059,4.898924258347181,2.692565636025008,86.56462570785361,123.41872169022041,4.066185121330601,1.8194261238434972,0,2.853737106781739,2.656045153238408,3.3345523267561847
SYN155,9,2021-05-01,2022-05-01,111.77294775568289,67.93885408684568,19.19949438998336,38.907489464950764,128.20125835293027,8.484596120697637,2.9715546941193463,60.782913442838364,202.64851081312503,6.618184743038996,2.855271732836855,0,4.721223666841989,19.282779163252428,28.382549900832018
SYN156,9,2021-05-01,2022-05-01,63.56800033822416,31.93003821332322,10.003824299337449,22.23018362937733,41.16965784013565,6.981015205262954,2.1084450214512738,50.22973515516316,222.2168539170528,16.956699597481894,3.3109780592987996,0,7.3101137061519665,5.945349720544197,18.61992673113502
SYN157,9,2021-05-01,2022-05-01,41.0692906974471,25.922396380754698,7.104837474824098,17.390782681641532,62.97533635602662,7.801900201601095,0.5654598809149178,63.118685374242546,244.77382830030317,12.388818628127055,13.797442515245411,0,11.646072135030211,7.834561115736995,30.223136012045277
SYN158,9,2021-05-01,2022-05-01,49.57495074800873,53.76082323865886,15.519444706166981,34.61663369545481,71.13381096449004,5.113595708626358,3.226190538436771,108.44352324609876,223.0533008806633,7.188699212501159,1.5850259455240099,0,4.948524128039256,7.97475463718879,14.833765848016673
SYN159,9,2021-05-01,2022-05-01,280.0651777792247,442.78684372129715,157.98375207545163,138.92479592338347,267.3253047896487,-9.84664907484283,29.081584506329445,158.1013559887641,87.9361289362429,-3.6833958096824766,-0.3385870901463351,0,-1.3621943056066725,-11.818955325894665,-2.6692200758642812
SYN160,9,2021-05-01,2022-05-01,45.817899676159094,35.74364117235376,11.857445216028745,14.396109367170828,53.934540708555176,5.179794937760255,1.9963725162249486,78.01239564665734,121.40987459685117,9.603854727808274,2.594603409765937,0,6.350781120455867,4.516116174723166,12.634740128871359
SYN161,9,2021-05-01,2022-05-01,165.82946281650499,185.86121708128826,61.37734643944157,71.0237380066087,216.7334345640912,18.34053367989084,12.870415174049498,112.07973174643217,115.71653407448106,8.462253974232702,1.4250149223523645,0,5.214961535295982,38.49324999164024,20.710748910465185
SYN162,9,2021-05-01,2022-05-01,275.99852835292114,185.92690590279787,53.96135736106258,46.983030654483784,437.23502205667086,34.066882472859504,8.192386515879987,67.36518017409568,87.06791851085974,7.791434984465639,4.158358789203222,0,7.374974389048319,63.68616127529499,34.25333249432439
SYN163,9,2021-05-01,2022-05-01,351.0870515327228,319.0794891533886,153.8330813785378,373.89997587090687,336.5706116911216,34.00499783874278,15.356001487419745,90.88329739316775,243.05563700622326,10.103377020317488,2.214443510350077,0,5.0741115490380535,90.69672748158018,28.424493132487203
SYN164,9,2021-05-01,2022-05-01,150.09346734485703,423.5701459942146,224.53933609797784,163.3931110509757,512.2839486986744,19.0941679927916,27.926246297576746,282.20425144887446,72.76814561332766,3.7272625935861203,0.6837355722400996,0,3.3284607126556125,28.863922496785673,6.814437412494107
SYN165,9,2021-05-01,2022-05-01,96.67936734284251,62.9106809763892,16.37780821238899,31.66161080744543,95.51511316735383,-1.9502481232013809,1.4661434304130165,65.07146530375665,193.32019521082808,-2.0418215071203596,-1.330189177092988,0,-1.2220361756519142,-5.138423237298556,-8.167807369987047
SYN166,9,2021-05-01,2022-05-01,2311.1596935588504,8473.087845384742,4189.867820311376,4219.200928500183,4677.276948640517,317.881716809815,468.19906144327086,366.6162865767798,100.70009626667954,6.796298793087493,0.6789456515139362,0,2.947648555561199,-658.1200402937357,-7.7671806583736895
SYN167,9,2021-05-01,2022-05-01,158.19371601232567,438.24079738596294,249.24605957406732,447.91701095566407,393.4543522697341,-4.6051742794292245,25.05527133392548,277.02794297582426,179.70876318811315,-1.1704469026364028,-0.18380061497053918,0,-0.7721173366025466,-49.52128642470093,-11.300017415103197
SYN168,9,2021-05-01,2022-05-01,33.815831122221766,37.81283627597438,23.17014486573612,41.719027401227024,32.951980737352955,2.057075492913101,1.6945285592433823,111.81992286188706,180.05509953854835,6.242645955972196,1.2139515039106796,0,2.871860621777958,5.243343671282455,13.866570687832759
SYN169,9,2021-05-01,2022-05-01,501.8015520178171,491.4469966595949,173.16240149547542,211.4797695300075,437.5008616079114,26.40815477257604,27.252964456470195,97.93652384760767,122.12799528281738,6.03613777479667,0.9690011820459559,0,2.658766006528835,22.855748159782884,4.650704616191626
SYN170,9,2021-05-01,2022-05-01,165.5933236370244,421.9389084231225,254.81839680325515,211.00007041395773,290.40341530111886,11.48950607504787,19.84259146224016,254.80429956705254,82.804096195955,3.956394956007807,0.5790325370006254,1,1.9555533208383475,16.01593002626651,3.7957935868302655
SYN171,9,2021-05-01,2022-05-01,56.66234340034533,56.027969718410496,19.84404157214301,33.092339625783026,70.90369698826028,4.557690419195164,1.4252893899805117,98.88043161672172,166.76209584361044,,3.197729844363384,1,4.044438508562983,11.368032450506766,20.28992395698267
SYN172,9,2021-05-01,2022-05-01,53.95906164489685,33.49354834654518,18.12676116439057,33.94843517667551,69.7470863226801,2.325472041240524,1.0621883282137872,62.07214752355282,187.2835134131193,3.3341493728955034,2.1893217798308124,0,2.659122513859896,-1.1354769941921194,-3.3901364598452357
SYN173,9,2021-05-01,2022-05-01,108.58728767838025,80.0636854442908,47.81471019441768,50.20924375904269,112.40726469432558,2.564421084749722,2.3108011222703877,73.73209807157886,105.00794327705572,2.2813659701828652,1.109754128139833,0,1.3593468627814589,5.672894503886196,7.085477607489676
SYN174,9,2021-05-01,2022-05-01,789.7393625708179,939.5534370040338,422.7701034230265,622.5158753222664,892.7190042726135,84.73411554394137,46.24558072397017,118.97006550940173,147.24690092368547,9.49168944969225,1.8322640610721468,1,4.899928778097806,89.73301610658626,9.550602719598269
SYN175,9,2021-05-01,2022-05-01,218.7642211029084,93.33618054092278,34.11388816921621,87.6669074440474,117.1444268244394,11.797273863277885,5.243179149937921,42.66519455071984,256.98304165503043,10.070708597138882,2.2500230348637933,0,3.779961128259273,41.67364834602799,44.648975461082195
SYN176,9,2021-05-01,2022-05-01,64.55142676549929,95.51029730735073,26.574351831882932,13.073286638944882,139.62292624426652,-0.2953723386263645,5.011733614650046,147.96000970562278,49.19512890342647,-0.2115500273283333,-0.05893616088511708,1,-0.1845365219806889,-0.052058591563584194,-0.054505737110272436
SYN177,9,2021-05-01,2022-05-01,51.86959093610644,30.56665860866704,14.250474982893511,23.822958825052623,44.27400402497391,4.792753039318444,1.7210129328517976,58.929823923846634,167.17308618589956,10.825208030913505,2.7848442901452413,0,5.81389020702035,4.257623667030646,13.928979681879314
SYN178,9,2021-05-01,2022-05-01,243.41609851015147,200.89253417673638,103.52086622925786,179.35884945102381,408.85873202826133,-5.165828279672135,7.324047087644838,82.53050451729194,173.25864435273826,-1.2634751015456018,-0.7053242855833806,0,-1.162666646477829,-3.4814963737550197,-1.7330143143558303
SYN179,9,2021-05-01,2022-05-01,40.68594644395722,60.516594275479356,26.958494414975714,19.68631455806959,45.99130117505056,5.682910150088041,2.9638917757432375,148.74078045311745,73.02453265763107,12.356489172719725,1.917381125922849,0,5.615382884351444,10.501118730204414,17.352461512295232
SYN180,9,2021-05-01,2022-05-01,166.28072533311718,119.92051541897287,59.71620996279005,34.53404049578278,267.5772508664567,18.774728154866686,2.847299110307204,72.11931219251723,57.83026169494245,7.01656366304355,6.593872799279252,0,6.559974410149227,18.149636815479152,15.134722154978048
SYN181,9,2021-05-01,2022-05-01,113.42721216311631,97.14587967100137,40.66211947530873,54.85641185277329,146.1320072344006,-5.242633175977995,5.644206780498096,85.64600841224834,134.90790091766803,-3.5876008789564064,-0.9288520743237791,1,-2.489697582114605,2.9433859594837566,3.029861862851992
SYN182,9,2021-05-01,2022-05-01,156.1582120789899,443.04989712939596,131.15698620563904,185.70582339569467,623.4867192708197,40.41569752765376,25.09070715150524,283.71860258318463,141.59049301767985,6.482206641854495,1.6107835177227816,0,6.744851564349982,39.78457646636095,8.979705609714108
SYN183,9,2021-05-01,2022-05-01,323.90560508456554,225.4402130421426,63.90590910437879,103.58349319310305,317.0454060298731,20.925534782889702,5.407025736190573,69.60059026557583,162.08750434004168,6.6001696870252164,3.8700638398722376,0,3.809173400872813,2.80776089199016,1.2454569901711776
SYN184,9,2021-05-01,2022-05-01,187.69407563352212,169.38117043771348,75.76651168717908,105.9477709891168,291.4029922700473,-12.075122633238266,11.268729115425357,90.2432161835704,139.8345636216546,-4.143788139981788,-1.0715602895014191,0,-3.3816745254946374,-10.39230608791355,-6.135455352597833
SYN185,9,2021-05-01,2022-05-01,102.15580865776448,143.73289481123035,63.284895347446664,75.51858008891506,232.51575275870132,2.6774098004468696,9.654941655618602,140.69967895095874,119.33112897525235,1.1514960894823392,0.2773097855944863,0,1.0888705998583932,-6.67137832858736,-4.641511142838335
SYN186,9,2021-05-01,2022-05-01,109.86028756297831,76.28246440652802,41.98581133667271,84.2901161030025,200.91499708483386,9.757468520328741,2.9530278226875817,69.43588634136651,200.75857395514683,4.856515771298432,3.3042250551667225,0,5.241927723260048,18.433252929043633,24.164469609697314
SYN187,9,2021-05-01,2022-05-01,58.522688869081044,30.60142411057457,9.86420255421967,31.359570898403813,81.65430322434639,8.019035906388133,1.863092247819771,52.289846385957915,317.91288475710525,9.820714389486264,4.3041539761502285,0,8.99760529254147,0.6622789461904022,2.1642095603045686
SYN188,9,2021-05-01,2022-05-01,354.31539038318266,162.22161287680464,54.34960559635244,202.20011810010524,559.1003405134157,85.52373231725987,7.183984443530701,45.7845234160916,372.0360357383633,15.29666968879403,11.904776936742316,0,16.55713565097938,65.48616085294513,40.36833298080759
SYN189,9,2021-05-01,2022-05-01,210.7230146002833,229.61059501125234,143.1392913957381,153.613648736784,343.0517447565359,27.650932794957342,11.94088620570105,108.96322617954026,107.31759759246494,8.06028047301763,2.3156516458347705,0,6.279541736400982,24.65151624655924,10.736227675099732
SYN190,9,2021-05-01,2022-05-01,437.4890109932501,362.4146196899921,96.67138701752697,176.0482452136431,309.18853003371277,22.718232942688683,22.911046768689875,82.83970810311021,182.10998170712574,7.347695899395612,,0,2.840121243515769,15.325649801719681,4.228761470723553
SYN191,9,2021-05-01,2022-05-01,43.934535930223575,31.401997578178367,12.667543480769389,13.932905922648503,79.77499269153425,4.888275880407945,1.7538963190848138,71.47451751408215,109.98901202747054,6.127579226875555,2.78709512484675,0,6.48858615171453,5.349493395629462,17.03551941978013
SYN192,9,2021-05-01,2022-05-01,171.64456396918968,177.72704308131586,70.31911412441059,91.58424988935474,210.22199643745034,12.61798257636257,9.319447318458874,103.54364797315573,130.24090395581672,6.002218031506962,1.3539410809662866,0,3.611622215922801,5.3262936643971175,
SYN193,9,2021-05-01,2022-05-01,68.30206961740365,168.9239353757679,55.55428796784749,88.20567706435459,226.06229892676004,1.2525518171584826,10.326796903879657,247.31891188949479,158.77384139169303,0.554073732375997,0.12129141580076137,0,0.5279993722418994,18.8346547207167,11.149784474781141
SYN194,9,2021-05-01,2022-05-01,61.05508848612555,43.1587114352969,16.52702905114437,27.459409534700516,67.41574716681477,3.6043119732224023,1.6446328211384078,70.68814820423115,166.14849196262023,5.346394758933438,2.191560284396801,0,3.458574561085063,3.4593363003649626,8.015383650995151
SYN195,9,2021-05-01,2022-05-01,143.05551301821464,76.56730814545665,41.21396352543124,129.55733098613294,204.18780807635574,11.88488640062455,3.966697869136272,53.52279442436284,314.3530005460142,5.820566131049418,2.9961662805472056,0,5.411498831338425,-1.1002902664249241,-1.437023571907057
SYN196,9,2021-05-01,2022-05-01,128.596519516831,67.46087426995486,38.999361137657225,75.86451186384205,97.57417075400384,4.2318091716816175,2.3014000340404803,52.45933134382026,194.5275759673621,4.3370178183225505,1.8387977357643432,0,2.1584542617575275,12.602007239947877,18.680468310444727
SYN197,9,2021-05-01,2022-05-01,189.40510452138935,137.60518123359626,52.188891971583416,83.866761522908,179.08664171078385,18.47707584301414,4.649164792155004,72.65125276391726,160.69849033885032,10.317394790870953,3.9742785358334345,0,5.650304179379299,20.709006129821777,15.049583121922215
SYN198,9,2021-05-01,2022-05-01,183.8504870160793,894.6752414039374,301.27850703209504,576.831896118892,766.3576609936327,67.29347230348598,22.245289245847587,486.6319670535821,191.46134976612933,8.780948599931213,3.0250661863633583,0,6.239394251824421,48.47285181469112,5.417927038936141
SYN199,9,2021-05-01,2022-05-01,389.7658561673181,217.76202023687097,101.01397119589873,222.48539760032182,360.49748061551884,21.299399172281813,5.935482011565772,55.8699580251048,220.25210470030004,5.908335097353496,3.588486854273704,0,3.505913061693205,71.1821120894563,32.68802889136859
SYN000,10,2022-05-01,2023-05-01,141.4555146739233,112.42463537036143,35.32529884129619,54.30840580047106,120.0927278194328,-1.1322598784087474,4.481827383679226,79.47702543058678,153.73799396420992,,-0.25263353125377436,0,-0.44598204239726713,17.014140533499177,15.133818737725365
SYN001,10,2022-05-01,2023-05-01,118.42486095970646,65.32340087261994,27.421540532396666,54.772751940470435,67.03909509072196,10.299760894574833,1.523866344480221,55.160209050062505,199.74352599103685,15.363812534516587,6.758966054918682,0,5.605365074948872,-2.18228740918304,-3.340743715163393
SYN002,10,2022-05-01,2023-05-01,127.49970147571382,73.1116010674233,45.16591557053318,100.54865634182593,78.77676823270752,14.51448041325673,4.265704716468812,57.34256646973374,222.62065336593147,18.42482338242257,3.402598486768195,0,7.235125952156014,6.769898395111091,9.259677392193765
SYN003,10,2022-05-01,2023-05-01,45.15497977497826,62.5742707002721,22.621871825052786,25.605174237028887,97.35566380857273,2.839637369448285,3.5890819559921345,138.57667750511627,113.18769036907112,2.9167664811281773,0.7911876642179714,0,2.6359019086470497,-0.20621082984865113,-0.3295457182975277
SYN004,10,2022-05-01,2023-05-01,158.06467100999714,227.80069861354804,96.50023835509674,173.72867079248277,208.46648008801836,2.3036659772926966,11.46519773755851,144.1186681109407,180.02926599331778,1.1050534245697663,0.2009268422598752,0,0.597012885489097,9.292413142378729,4.079185533202785
SYN005,10,2022-05-01,2023-05-01,65.61378969198272,70.27582893742633,40.60242253768289,87.57739942675343,91.05841591239438,10.674108550138323,4.749873470772807,,215.69501018190064,11.722264705777098,,0,7.854984551283632,5.769813981199282,8.210239663393697
SYN006,10,2022-05-01,2023-05-01,68.24190298842515,41.892019834250775,13.572853004718965,31.539584412683585,43.37422278100616,2.150283851719946,2.798342916772012,61.38753170666458,232.37254836339866,4.957515579187666,0.7684132773121226,0,1.9524264609933746,2.4180070452849893,5.771999189468622
SYN007,10,2022-05-01,2023-05-01,264.50159030253695,220.39302447941157,133.0626685740005,138.76343299936784,333.1696637687024,11.15490864995187,10.184531548207271,83.32389390450395,104.2842703265018,3.348116549319444,1.0952795027588098,0,2.3004810344136537,-27.09374915032508,-12.293378710294025
SYN008,10,2022-05-01,2023-05-01,130.93975026847198,93.12604672406354,45.953511411174084,93.57679039967599,210.43858264380313,22.190262336869566,4.302501498662199,71.12129550661491,203.6336017119288,10.544768957330273,5.157525765829322,0,9.903458106820652,11.049166242888827,11.86474314283734
SYN009,10,2022-05-01,2023-05-01,143.41282364454236,110.84174893939229,29.608639113834457,53.92220476295389,186.01057777597958,8.681138874790875,4.4866243206146725,77.28858976664492,182.11645782044425,4.667013552985109,1.9348931968526282,0,3.4143491645268456,-10.990806693443137,-9.915764410621899
SYN010,10,2022-05-01,2023-05-01,135.30756851741194,197.86943643485733,62.58564465280697,61.08525457140542,248.228589922547,6.103615308894238,7.6839205318014345,146.23678379779227,97.60266097804865,2.4588687833253635,0.7943360793013424,0,1.8319437470688105,-2.842206155694683,-1.4364048368987978
SYN011,10,2022-05-01,2023-05-01,60.49608966270033,74.57001974772237,21.95189063431317,17.634887340224495,90.78386237532204,-2.3366721666114922,2.301402555353898,123.26419800600685,80.33425290785326,-2.5738849454885875,-1.0153252681394416,0,-1.7300210813884427,-13.178343312676969,-17.672441763138302
SYN012,10,2022-05-01,2023-05-01,284.49877005056493,210.95750570650293,96.47768788894236,147.52425018913107,281.1651418875739,29.198311232027326,8.422780476129804,74.15058619375006,152.91022558391901,10.38475503613549,3.4665881789007167,0,5.8932165482033065,40.48798797122012,19.192485157437112
SYN013,10,2022-05-01,2023-05-01,77.55065820418392,73.35980585563274,34.64398902062604,61.29158176837246,135.57527298997496,10.185503199829627,2.4338617192503595,94.59598094252529,176.91837314658312,7.512803017245474,4.184914499976937,0,6.7493684174162905,9.76687910788785,13.313665424781007
SYN014,10,2022-05-01,2023-05-01,158.89600139647618,155.3779081544358,81.53970160397182,114.20160250003904,306.65710014595726,33.38198698647042,3.939390644931854,,140.0564390763925,10.885770122583777,8.473896090863029,0,10.621940279475405,36.854338952388005,23.719162775545367
SYN015,10,2022-05-01,2023-05-01,80.8513619783481,54.665529469628275,24.70770668424895,43.24654523033825,76.32308641354292,6.015802562460659,3.0676129698635206,67.61237922530933,175.03261546288198,7.882022131370729,1.9610696073984537,0,4.439153302723201,-4.146049324050474,-7.584394341874957
SYN016,10,2022-05-01,2023-05-01,381.57280365616396,253.49880007157174,98.90913478144883,232.79243676940033,661.331991056717,23.937947649997035,11.366838853594642,66.43523795265033,235.35989601342905,3.6196566888814057,2.1059458973879015,0,3.7693304990313465,28.561320689670325,11.266846502471195
SYN017,10,2022-05-01,2023-05-01,82.17815027255753,124.51245906800426,76.57626966055845,87.55958905472446,134.89345369288873,-5.875881404521121,7.015911037857995,,114.34298045968032,-4.355942592958375,-0.8375079690741157,0,-2.8428390739511045,-3.4550037581729103,-2.774825735540176
SYN018,10,2022-05-01,2023-05-01,576.2056353952869,444.3556766984844,169.1961229427578,157.2563691882122,1062.8640306367433,64.91677755376445,20.743658887582473,77.11755133974849,92.94324624767849,6.107721748272349,3.129475754763052,0,6.36088952074638,12.546828522271646,2.823600367951469
SYN019,10,2022-05-01,2023-05-01,416.6155450592518,312.52076216455845,124.43954046093535,159.6395394797115,725.9328715988966,134.6354414004134,17.345458665914695,75.0141865494028,128.28682819656208,18.546541514764776,7.761999494714057,0,18.46505791393635,110.63196241741687,35.39987604380774
SYN020,10,2022-05-01,2023-05-01,61.225910659358036,44.80071737527316,27.52405767085216,70.19225832753636,64.84514866410194,4.230305518787273,3.107621263306086,73.17280689303333,255.02147672750164,6.523703940753174,1.3612680440623592,0,3.9898519807736785,2.3955790985406464,5.34718914983901
SYN021,10,2022-05-01,2023-05-01,254.23136957765416,274.8801390719426,170.70270764430347,209.3301183410736,227.25289766554548,1.0873351783417267,6.454120031712414,108.12203841272284,122.62846982911296,0.4784692250401967,0.16847148379625562,0,0.20550208426137495,6.332590543487832,2.3037643115534236
SYN022,10,2022-05-01,2023-05-01,504.4283548864907,694.2337161386681,387.9087407613724,473.93619731424013,666.4262397640072,47.67034812982495,32.79995231805432,137.6278136257603,122.17724106551873,7.15313192750421,1.453366385035426,0,3.9769630892762597,35.791689811064316,5.155567783445883
SYN023,10,2022-05-01,2023-05-01,291.6293273657467,220.81735862880848,93.31878640510234,200.16636414348872,548.0700465311106,37.36467925536842,4.617455250366514,75.71850219023773,214.4973931342771,6.817500699383223,8.092050107557094,0,7.291427630730239,44.93677920117095,
SYN024,10,2022-05-01,2023-05-01,75.15512218797129,61.624773823129615,35.22737115893711,33.06779360153515,69.09026332719178,4.410415981066769,4.1552243308338515,81.99677151611733,93.86960341815322,6.383556479123978,1.0614146505494944,0,3.224462153932932,5.366269899194945,8.707975001412214
SYN025,10,2022-05-01,2023-05-01,108.41969064975787,209.18493996180922,52.747137168398744,32.664096585555896,175.30486919298698,11.960160189563858,6.157517148706685,192.9399896902181,61.92581880088315,6.8224917223476185,1.9423673374707453,0,,8.593014019100886,4.107855001736601
SYN026,10,2022-05-01,2023-05-01,118.14049949853465,96.33683612172774,41.52573894096051,58.516733769377595,112.19183735998551,14.142909774665894,5.283812243975927,81.54429389637264,140.91677899476792,12.606006022778733,2.6766488137026863,0,6.594127875453598,17.532346733495586,18.199006153100513
SYN027,10,2022-05-01,2023-05-01,109.12336647232911,121.03024596166577,59.67636528870998,60.0546089470678,90.34084399230301,-0.7221565275589735,8.373652585742501,110.91139310878567,100.63382489286656,-0.7993688077792376,-0.08624152007315922,1,-0.3137715371580704,1.4308290816213232,1.1822078607313693
SYN028,10,2022-05-01,2023-05-01,98.98553330525094,91.25425499591621,31.798247172487713,34.99860908083647,175.59782917980434,12.977816604479564,3.4543224321504122,92.18948663387704,110.06458592194903,7.390647518307792,3.756978932739788,0,6.8218203564937125,5.4345572599246745,5.955401488037879
SYN029,10,2022-05-01,2023-05-01,122.67827957409901,66.46764826186332,17.76866753945815,41.01106099125348,93.33183179611433,13.66970916697339,2.2286811453734128,54.18045353474014,230.80549456047788,,6.133541891064479,0,7.2270702961305675,13.799152845201435,20.76070570578451
SYN030,10,2022-05-01,2023-05-01,311.8433268865528,803.5119408093616,343.4204631178208,481.79952264162887,842.0890128953554,119.08743950978662,32.762196749876885,257.6652669889183,140.29435470079514,14.141906340795039,3.63490398458199,0,10.67708585407014,135.24767984388106,16.832068445385982
SYN031,10,2022-05-01,2023-05-01,40.65072397126342,39.3368762543288,15.805857461291879,40.26611832910465,80.02984543052725,4.5065342461041125,1.7959715452510723,96.76795985758237,254.75440625549925,5.631067037379411,2.5092459053821536,0,5.63404106810825,4.062726041334532,10.328034221800852
SYN032,10,2022-05-01,2023-05-01,716.6963022083353,974.3262727247566,533.9480270894198,864.3273469864384,645.3607350801576,65.51580336114009,56.693874253579736,135.9468815065173,161.87480862096908,10.151811196416007,1.1556063899972988,0,3.874330498735792,49.85196487015846,5.116557591200402
SYN033,10,2022-05-01,2023-05-01,171.32926947477125,199.50515711869718,120.26863233478599,177.2625752337145,197.6972369881163,-10.942407545061121,10.246833368264385,116.44546067948706,147.38886756463415,-5.534931955431869,-1.067881866699522,0,-2.9507528860196315,-9.635744238927424,-4.829822134970958
SYN034,10,2022-05-01,2023-05-01,544.2556883105825,302.79611547367176,169.14867394574784,296.6468493178006,671.7530427301065,46.614769495655636,16.047737910655307,55.63490138496807,175.37639663255422,6.939271805335801,2.9047564058673068,0,5.5031781158367625,12.86015716139287,4.247134128941976
SYN035,10,2022-05-01,2023-05-01,209.63965812598622,401.8226593151318,127.9510865883885,163.95620085408828,273.9167116067562,10.024808691939453,15.103028119084897,191.67301783789887,128.13974873189332,3.659801781766202,0.663761506162571,0,1.639481028674316,14.63031981896043,3.6409892473203
SYN036,10,2022-05-01,2023-05-01,164.57410031264277,127.47063584064259,79.27164248775553,140.02105584512114,211.28047029515028,18.032721677369963,3.8954918389491016,77.45485808428275,176.63448296375225,8.534968543083504,4.629125774843031,0,6.174643623059564,-3.292845879207391,-2.583219152781149
SYN037,10,2022-05-01,2023-05-01,132.012814196722,463.76808296138546,180.9922077686023,127.92676284235999,422.5484454758136,24.754071142538773,18.728941602980466,351.30535303208563,70.68081240597593,5.858280016783468,1.321701549787495,0,4.154895073107652,70.11573844070863,15.11870717643729
SYN038,10,2022-05-01,2023-05-01,102.7400878123274,75.63271865152518,29.887723418168083,48.083506413315334,106.14373071617187,5.140585345977643,3.1337539102097645,73.61558692618743,160.88045830913453,4.843041893565582,1.640392160095796,0,2.8819333215006555,17.69184099168144,23.391782428443317
SYN039,10,2022-05-01,2023-05-01,167.7659971703014,192.049861707638,72.2283438624708,80.04456318340084,149.9325425198682,10.57753911784509,7.783798022336427,114.47484290436145,110.82154027484394,7.054865434862759,1.3589174703007105,0,2.9397089808188017,2.769350699780669,1.4419956750588638
SYN040,10,2022-05-01,2023-05-01,243.51996959970623,865.0681177306283,267.44685338949193,507.11458257403467,787.308786285461,-6.366909509363303,22.208777705188226,355.2349809966763,189.6132170362485,-0.808692805195597,-0.28668437290341825,0,-0.5743259901606814,6.649834841643861,0.7687064989851514
SYN041,10,2022-05-01,2023-05-01,239.75510671262563,266.83936220764116,147.3511351052327,377.781251371483,550.7939057471901,21.462723809374324,5.625000093223278,111.29663341331,256.38163635569265,3.8966886861717636,3.8155952806528046,0,4.236667616035965,-5.187960489378771,-1.9442260866077763
SYN042,10,2022-05-01,2023-05-01,496.71627097716987,301.5545739800184,96.11373571669924,205.22877289543376,472.8039960628016,36.367660552344454,20.908601378984592,60.70962269602771,213.52699628735414,7.691910570805288,1.7393636185009433,0,4.555804684849147,28.177616309522808,9.344118358950812
SYN043,10,2022-05-01,2023-05-01,69.58282887653927,250.67788767376805,96.61868682700252,142.27225502719892,270.06749656438865,-5.541751391409856,8.477031369946564,360.2582587128579,147.25128202367304,-2.051987544561331,-0.6537372754165931,0,-1.730387495257897,0.9950358857151924,0.3969380366768253
SYN044,10,2022-05-01,2023-05-01,265.81796388152065,211.2523288355943,86.07046533056925,92.60029197620412,435.7346613797319,19.736924953970767,9.507618531893414,79.47255548528423,107.58660548720852,4.529574234804913,2.075906273244244,1,4.137110454218543,31.11500622110379,14.72883465598092
SYN045,10,2022-05-01,2023-05-01,72.46166132149442,48.68002332484135,16.20789616676343,17.014099339978205,64.68959591952799,1.8770613802247778,3.395168253100058,67.18038537490904,104.97413831455812,2.901643384138291,0.5528625506293751,1,1.5494760417974378,2.230400090970767,4.581756413893492
SYN046,10,2022-05-01,2023-05-01,142.11490881105487,156.00167038813115,96.18223691220584,54.64295080364292,176.95451927080958,14.473036074902504,8.312442494828332,109.77150229575072,56.8118943350428,8.178958149553164,1.741129166777039,0,4.854824281756021,12.253527751059476,7.854741375892179
SYN047,10,2022-05-01,2023-05-01,117.07918438811011,422.72885234045594,271.50406072005774,514.5816203322864,241.42259089943488,29.63697530953974,22.230810006247932,361.0623481447705,189.5299904419702,12.275974339901392,1.333148693241961,0,5.49028048732854,27.652197591111346,6.541355632106443
SYN048,10,2022-05-01,2023-05-01,342.3693847072789,391.07825934936756,216.9708119658611,194.35691784096144,748.5870211674148,33.26749379949875,11.798627214551013,114.2269948242405,,4.444038282632578,2.819607162303646,0,4.535769399366889,37.418781224331724,9.56810570001639
SYN049,10,2022-05-01,2023-05-01,113.19233837570351,234.74642193448818,95.91102587188861,79.03639873933638,285.6729434702155,7.521946528537404,15.594306271241681,207.38720067371273,82.40595700113539,2.6330622834506023,0.4823521096548578,0,2.161859323126718,18.263597274202134,7.780138723178939
SYN050,10,2022-05-01,2023-05-01,158.65566883868314,221.18416002257865,110.06958778096676,75.2995289431248,232.3899497980165,-0.819624288906847,13.66002115156999,139.4114446975562,68.41083941639472,-0.35269351777872915,-0.06000168519597387,1,-0.21578155491593232,-13.478255373449343,-6.093680203895917
SYN051,10,2022-05-01,2023-05-01,275.0744238472213,365.06659810293064,94.98451211509438,91.98733119165098,452.0143056460118,10.196295346325973,22.004195164805346,132.71557311547502,96.84455827934173,2.2557461608993963,,0,1.5928201750394873,33.847791915344004,9.271675932893924
SYN052,10,2022-05-01,2023-05-01,152.65260518050079,109.83499620366483,66.0959954897862,71.0723489574194,119.51550069486358,0.26575426302362226,7.023761167509091,71.95094775735586,107.5289787690726,0.2223596616995502,0.03783646064916946,0,0.10124450131062598,10.057642682432435,9.157047416638273
SYN053,10,2022-05-01,2023-05-01,316.76448637164674,876.6582542379861,228.7606641178555,167.10286752329358,863.447168266441,20.107322436284154,44.2049651358055,276.7539582102771,73.04702850364328,2.3287264322904666,0.4548657005951908,0,1.6848449214243046,9.494849539984846,1.0830730782587583
SYN054,10,2022-05-01,2023-05-01,107.80092845842087,102.91557023270867,36.918602431935675,127.8057407816686,138.0719665329487,9.74951899163254,5.501843875812591,95.46816683717479,346.18249977716624,7.061186449680914,1.7720457380649666,0,4.626841776601218,10.500877713751423,10.203390692008265
SYN055,10,2022-05-01,2023-05-01,498.0517158185339,396.3328834824499,163.87382918802217,354.5503507779907,916.6140247753772,10.60369526757467,17.274881873102796,,216.35568811368532,1.1568331905212972,0.6138215789530089,0,1.1855856279124333,26.561730415141483,6.701873985764713
SYN056,10,2022-05-01,2023-05-01,182.8707523660348,145.61491052659477,39.12358540746355,41.23991666429775,166.0032482994429,2.484776744736574,9.560399549022112,79.62722777841009,105.40934895100507,1.4968241707261294,0.25990302308973373,0,0.7564338494580691,-4.390296076463576,-3.015004480369984
SYN057,10,2022-05-01,2023-05-01,95.035695123746,56.81623935964772,36.89563370038486,76.40514688273352,146.60074985871995,6.094247451676265,1.9385378074668906,59.784104578461054,207.08452252965782,4.157037025765099,3.143734121770721,0,4.0132827233377935,12.228008009208166,21.522029875656987
SYN058,10,2022-05-01,2023-05-01,250.628153211144,222.19516548262706,97.27805253515255,98.16061963036323,300.0975921600494,8.352966409688358,11.208571331108478,88.6553097231007,100.90726229833986,2.7834166710786263,0.7452302495060524,0,1.7666147331236521,39.932506417056985,17.971816052037017
SYN059,10,2022-05-01,2023-05-01,307.7478788483826,160.8839228588922,62.82607257417141,135.65957244584465,254.13253032053268,19.98412187915029,8.10123220284683,52.27783322534434,215.9287806597925,7.863661473776965,2.46680028158281,0,4.264354618347718,35.3911560599146,21.99794449999545
SYN060,10,2022-05-01,2023-05-01,156.5394540806384,106.22219553001331,28.290947630357252,69.58042682388668,141.98414969319882,16.955820746809692,5.9814530071652685,67.85650055691066,245.94590373220396,11.942051830044445,2.8347327524763752,0,6.452928261005386,4.0192988563037755,3.7838597067673243
SYN061,10,2022-05-01,2023-05-01,71.1118927903912,46.65777175936991,24.87568417203523,62.23649350012849,77.88649660163637,5.004359381285635,1.3500165340675068,65.61177030809453,250.19007746566254,6.425195123207654,3.706887475079913,0,4.249277095606525,7.244071135836567,15.5259689065237
SYN062,10,2022-05-01,2023-05-01,280.0342467125752,138.95202835650844,63.903387953378065,112.55813106531133,258.1048545113162,18.569425939039725,7.936325394843599,49.61965544847364,176.13797119400033,7.194527965852567,2.339801484337409,0,4.4319890755318765,22.153039902323414,15.942941002261215
SYN063,10,2022-05-01,2023-05-01,232.06059581913334,112.04216020151851,63.675247293854525,94.83177102249181,287.554662172158,27.40604699669409,3.481236827508598,48.28142399877466,148.93035371319914,9.53072601559358,7.872502893262697,0,7.96449505770575,11.55853221870307,10.31623470835795
SYN064,10,2022-05-01,2023-05-01,66.08685230134098,85.00826491314669,37.384145685753346,50.50909460088236,86.31800615984618,0.666984050717678,3.16957992359005,128.63113002496831,135.1083291442735,0.7727055806670715,0.21043294909636265,0,0.4414332263105882,0.2839986186772257,0.33408353760353576
SYN065,10,2022-05-01,2023-05-01,162.886846304833,337.9676049109873,195.66300564303435,344.1341164154366,217.5472427226843,-0.10529000246626978,10.261318747967085,207.48612461837533,175.88103345569138,-0.04839868395872382,-0.01026086461714575,0,-0.02102207581677254,10.782484470198586,
SYN066,10,2022-05-01,2023-05-01,204.83074152402864,151.1409221455791,95.20703076585981,242.2631432587955,310.9606162701441,49.383348870781326,5.255578708474742,73.78820240605769,254.45929918199738,15.880901402600776,9.396367481120498,0,13.872831438801287,36.809034325059685,24.35411522076409
SYN067,10,2022-05-01,2023-05-01,101.69317649769715,132.4031133932032,36.73112182450949,75.5379629483271,125.02996576401688,4.818945232040937,4.151282029870339,130.19862094306936,205.6511187140575,3.8542322255260584,1.1608330143233971,0,2.0585312284473996,21.94871760029458,16.577191455545712
SYN068,10,2022-05-01,2023-05-01,226.81794518666004,164.4174045691617,79.3828114999241,238.34836846412662,253.96267131015713,12.330252764427648,10.609762455625347,72.48871090594452,300.25186052317446,4.855143750385691,1.1621610583647035,0,3.1516203155270146,-11.131432119322511,-6.770227366434377
SYN069,10,2022-05-01,2023-05-01,69.04981356818752,46.99920008230287,16.20614078109643,34.35485623374693,121.86791790792819,8.30231920517502,1.8891239970242883,68.06564370501971,211.98665800694496,6.81255522183243,,0,7.154148875559993,6.594280801751062,14.030623479130405
SYN070,10,2022-05-01,2023-05-01,418.34263613746253,269.63807797469786,141.51708044162035,316.17603036866757,663.6919825067962,101.38042527998623,6.1968250909630225,64.45388413293307,223.4189889884697,,16.360059190283057,0,14.735940005355781,125.44302225045158,46.52274010877011
SYN071,10,2022-05-01,2023-05-01,181.19032465907094,143.65635859650638,50.13141263416729,82.98749060799405,208.47143927909278,-2.569817995411577,3.7461733160413107,79.28478458593816,165.53990052822397,-1.2326954734414306,-0.6859848113293322,0,-0.7910864194940047,-7.850849720635479,-5.465020690581813
SYN072,10,2022-05-01,2023-05-01,151.37484575558594,202.97659091797314,87.04732894690666,154.66427334529928,128.84090487635999,-2.3904459854298645,14.190011058032983,134.0887185746203,177.6783678677087,-1.8553470947163992,-0.16845976903426232,0,-0.6745975147920811,-5.016439447947512,-2.4714374328883837
SYN073,10,2022-05-01,2023-05-01,47.80286567106441,25.611719702071056,11.519702053822604,18.95179769883578,33.888275462016836,1.4404173213660432,0.973477481464935,53.57779150377193,164.51638775281492,4.250488706574973,1.4796616755823002,0,1.9620315418864078,3.8184856226506745,14.90913404905762
SYN074,10,2022-05-01,2023-05-01,211.40135889115768,225.9622624698792,146.0717413882095,304.5776837646259,318.27255120610585,2.680767903163876,10.444621351273431,106.88780036944718,208.51239320489853,0.8422868679705506,0.2566649199625634,0,0.6129380159286142,0.4881070432082546,0.21601263762940032
SYN075,10,2022-05-01,2023-05-01,174.5432279592819,110.80591193945526,53.81309108257983,103.41850143181176,211.89109850472516,2.993233341606492,7.421468228594167,63.48336353977851,192.18093469692917,1.4126281673601042,0.4033209129797075,0,1.0489722669809733,-3.9609530044145074,-3.574676599005643
SYN076,10,2022-05-01,2023-05-01,225.50235297326094,203.90446448668547,73.33117110492103,92.8432752179926,397.9052562635915,51.06187887079473,9.28730820604129,90.42232233863366,126.60819924061212,12.832672619174673,5.498027817961241,0,11.891259475766848,51.39820846078008,25.207004952133488
SYN077,10,2022-05-01,2023-05-01,173.97466261597773,86.11035177684197,42.96807109514128,96.83262118650275,232.6566406237899,11.432077611169722,5.320090312547453,49.49591537183624,225.35947907015154,4.913712147015654,2.1488502900424686,0,4.395515688536854,19.589188381471104,22.74893549643971
SYN078,10,2022-05-01,2023-05-01,592.600318847612,1177.497697039697,509.43310369054075,509.26831386433037,1355.6182691102754,59.560460617639535,73.12576402185495,198.70014571195196,99.96765231293047,4.393601205797447,0.8144935155800741,0,3.3648114445110693,-27.721043353614746,-2.3542333393353707
SYN079,10,2022-05-01,2023-05-01,158.91917248086213,201.67331261927956,83.42748248979186,95.54701510697898,305.4222944427958,32.68824022261832,13.110041089528636,126.9030724682172,114.52702665296182,10.702637239450336,2.4933743532449606,0,9.065147381965081,41.86599974728231,20.759315748592513
SYN080,10,2022-05-01,2023-05-01,103.94338649357078,259.7011522310284,131.2269838470928,161.92038936404842,367.55515425986596,-23.73097186531005,12.97078856788339,249.84865414895032,,-6.45643833048576,-1.8295704799374843,0,-6.525870551649436,-16.047499010940186,-6.1792174863608
SYN081,10,2022-05-01,2023-05-01,85.10079797876676,120.71610550755922,39.375266729695305,45.72398265448958,117.62345600806776,5.271741763356485,5.164229422219227,141.850732748333,116.12361376083409,4.481879671172813,1.020818660897342,0,2.561374539242705,8.51340158529253,7.0524157066675945
SYN082,10,2022-05-01,2023-05-01,151.38987517117445,100.07017749899934,59.566732245147534,75.42157476409542,221.5669429918592,13.19957321122698,5.876702293844707,66.10097101001726,126.61694190928102,5.957374792913922,2.2460850577801588,0,5.249173008223349,28.103209012308596,28.083500713876138
SYN083,10,2022-05-01,2023-05-01,140.45367511755052,229.00722141882693,129.02455528209302,199.09786558940363,207.05809038074509,-1.6948900074167428,13.729389559287712,163.04822300104493,154.3100576119838,-0.8185577314560009,-0.12344977175406731,0,-0.45874679115056566,-12.361322967279364,-5.397787410673821
SYN084,10,2022-05-01,2023-05-01,65.58681380260782,43.72072774360688,19.02404026391145,16.69297448695999,111.3629267696738,3.884190703542741,2.5591000570832136,66.66085026662552,87.74673652592355,3.487866937599631,1.5177955597288473,0,3.553451709368584,3.2589545179758064,7.45402623919578
SYN085,10,2022-05-01,2023-05-01,109.35930456516526,69.08403801397822,21.549759275053788,60.13323918914895,68.73735119006619,8.816371664205363,4.193313277607904,63.171614238651514,279.04367014790637,12.826173123586248,2.1024834255251985,0,4.940712013559772,6.187428381978444,8.956379157695592
SYN086,10,2022-05-01,2023-05-01,159.89588851033383,133.19064112885218,68.83224341813094,145.16886481766886,245.61532390013414,31.166948314453677,9.088149531037432,83.29835267793285,210.90241667094966,12.689333800331607,3.4294053160122138,0,10.63404324750878,38.65902252351609,29.025329554586587
SYN087,10,2022-05-01,2023-05-01,37.68828149264994,28.453256141555975,12.039292744355269,10.942285691963336,43.7201973724791,0.10650580754978893,0.7464161987862026,75.496294908286,90.88811049215268,0.24360779216617168,0.14268957147900216,0,0.16102711149356186,1.5884587421961018,5.582695823259954
SYN088,10,2022-05-01,2023-05-01,376.03365644227426,363.489151294222,195.78811870559113,303.75619699243316,712.3867749544996,33.01869138721652,15.16021977609621,96.66399405129364,155.14536786024024,4.634938848959603,2.1779823693109353,0,4.464864510166887,8.028670278821082,2.208778515186653
SYN089,10,2022-05-01,2023-05-01,68.02897717197973,52.25787156374321,32.66841895989064,34.11054721742821,126.04605423266273,4.562411989605281,3.5416551422185534,76.81707668723786,104.41444154156397,3.619638883089296,1.2882146359250857,0,3.7929433163796324,-2.705111934830125,-5.17646787724693
SYN090,10,2022-05-01,2023-05-01,508.3474488608794,561.9063223354033,289.22371559193937,237.12007301265098,556.8337267169256,20.98984097373996,31.52754165180693,110.53587926811478,,3.7694988587518594,0.6657620567297537,0,1.9612022436770709,-60.85900838113889,-10.830810397041947
SYN091,10,2022-05-01,2023-05-01,218.62182420477006,215.60883897435397,72.9618512453385,332.2538121604178,428.05118619237277,67.15941392312357,13.726460465968154,98.62182778806473,455.38018360196884,15.689575473560561,4.892697144295216,0,15.466299277768808,58.289593296661025,27.034881118020582
SYN092,10,2022-05-01,2023-05-01,85.13020881085771,40.18232393765705,16.78988682901212,30.008540490172486,67.8024527951465,8.037757985662779,2.5714052063162063,47.2010165356626,178.72985563142194,11.8546714083449,3.1258231747837466,0,6.414169284881878,8.758489218884487,21.796870764551343
SYN093,10,2022-05-01,2023-05-01,138.22653814749648,55.384447774321316,27.251830772182316,72.28962158924452,139.95468699014774,16.100653490870993,2.2309618575110437,40.067883140661884,265.2651933500011,11.504190275531405,7.2169111438030455,0,8.31598135519676,9.983667760856076,18.026121342831093
SYN094,10,2022-05-01,2023-05-01,403.69958477942606,343.3823702926048,112.91257787728226,171.4571309169596,363.5126445814556,31.41516469714835,21.413810519169374,85.05888617156307,151.84945215165118,8.6421105745357,1.4670515865929554,0,4.205049323419867,6.409452960886366,1.8665643653821569
SYN095,10,2022-05-01,2023-05-01,146.66697201437464,1573.6658748263121,763.211049719413,606.8837668966513,1631.161806724562,-13.236110423100886,91.49047418470823,1072.951771767729,79.51716201170909,-0.8114529391587169,-0.14467200592248297,0,-0.7693924142300952,86.32010976422215,5.485288277840392
SYN096,10,2022-05-01,2023-05-01,105.95926634333276,103.40099764381226,37.53897136179447,38.47427438822648,228.63243805540688,20.791692351312864,3.4412256448530396,97.58561116190526,102.49155209240476,9.093938081644476,6.04194391681653,0,9.931059483469843,20.359848773940765,19.690186011623208
SYN097,10,2022-05-01,2023-05-01,77.25179909341652,61.17241664718378,21.453638131154978,13.02604481831121,147.4369379851651,8.195638892204624,1.311489993519701,79.18575018972854,60.71718343843408,5.558741930078104,6.249105164889319,0,5.920668467114757,4.374058530148431,7.150377195944572
SYN098,10,2022-05-01,2023-05-01,298.79221157916874,1567.6274565559593,397.2009822968423,580.4831927298015,1562.4040310664855,164.7031095415841,44.03005050112506,524.6547251920578,146.14344339561222,10.541646479826282,3.740697720466516,0,8.824548538226166,141.4808999487519,9.025160879714504
SYN099,10,2022-05-01,2023-05-01,195.08519070469893,237.77669815345777,67.51781634548743,162.72175045828962,253.00961492847566,31.604478736470618,10.116409366266295,121.88352037104708,241.00564749553718,12.491414109066575,3.124080648797926,0,7.301284670692504,11.813103378014876,4.968150146651824
SYN100,10,2022-05-01,2023-05-01,1773.1191602855915,760.6789647979192,209.13195718619548,368.6339609829634,1122.4882089742762,123.00637047902345,29.344465151558936,42.900611636016535,176.268594213346,10.958366377088808,,0,4.854623944240597,122.42144300447046,16.093706894733543
SYN101,10,2022-05-01,2023-05-01,60.20415697049924,42.58979120673086,25.322067734644946,23.59390456415787,44.663020430984055,0.6117691869475643,2.7443805320511516,70.74227653017444,93.17526835250246,1.3697443232548643,0.2229170407685146,0,0.5951412488727399,2.8351758251624384,6.656937601315053
SYN102,10,2022-05-01,2023-05-01,145.5999135774055,141.0481790943631,61.200169927949815,57.1016266556554,226.84790056499398,6.111979891211944,5.3932616453609,96.87380687858544,93.30305246354777,2.6943074526981596,1.1332622618947592,0,2.132224161774058,8.299487184698448,5.884150534935996
SYN103,10,2022-05-01,2023-05-01,146.7098365213503,166.4141306934668,60.3379801962377,165.50147045770535,155.43124813513808,16.966019447860756,5.1734237502568226,113.4307928079853,274.29070366532585,10.915449532458124,3.2794567518306454,0,5.4183075153175055,19.96120491300598,11.994897806950254
SYN104,10,2022-05-01,2023-05-01,352.05035679780707,586.9445062211714,208.5048131504364,225.21525009916135,1000.162773962592,74.15598009963831,36.80286628173353,166.7217472977228,108.01441304698724,7.414391140137743,2.0149512141787818,0,7.897378678006623,101.743617571701,17.334452660054737
SYN105,10,2022-05-01,2023-05-01,146.04307981335702,316.5954847364538,88.1388822924209,241.68761477412852,481.1727289020911,42.840101966920784,6.9746836047220775,216.782257085418,274.2122528537117,8.903268908167462,6.142228722449389,0,9.259950477454918,16.596950894389877,5.242320783003527
SYN106,10,2022-05-01,2023-05-01,203.78941392561643,167.97779785215116,81.64214822926354,163.9837811768055,279.3596145963522,12.751912659820897,8.922063811622726,82.42714605061056,200.85676912409772,4.564694391580611,1.4292559355167407,0,3.4300799682796255,21.30072715896187,12.680680084703877
SYN107,10,2022-05-01,2023-05-01,251.49916572860644,185.52200784465813,118.80804467235184,208.83496591726527,444.6761687113613,23.97876953161964,5.211311760946591,73.76645059922606,175.77510554372742,5.392411651181655,4.6012924636971055,0,5.4868667656441845,39.69333381196357,21.395485243561893
SYN108,10,2022-05-01,2023-05-01,274.32861232582917,203.063120917901,52.12032937393106,58.244265875145004,383.3954006989755,17.961172021648515,9.090848391940222,74.02185254985952,111.7496120511413,4.684764603045096,,0,3.7623550578909,21.137142164075236,10.409148676790526
SYN109,10,2022-05-01,2023-05-01,44.42603781693507,36.92572589058848,9.530347030611528,11.602736954735358,80.26996038607943,2.378486949362018,1.1586714415020627,83.11730621296259,121.74516748936111,2.9631096588587575,2.0527708409543846,0,2.923706679443572,4.769745801804314,12.917134834226815
SYN110,10,2022-05-01,2023-05-01,125.79955594724217,91.879212752814,35.13255994000131,37.4937561717349,87.91006607244798,-6.8084733092747385,3.941209377327534,73.03619799051303,106.72082033238114,-7.744816507888614,-1.7275086546889946,1,-3.1277617702148377,-18.641866328481775,-20.289536414112156
SYN111,10,2022-05-01,2023-05-01,42.43378743500207,85.260850101724,27.137335248709366,46.56167562377424,51.26789239392587,8.098961208975838,2.5697653862668437,200.9267973836233,171.57792096034444,15.797335975401612,3.151634484711222,0,6.342444260156585,3.076535638318324,3.608380205742419
SYN112,10,2022-05-01,2023-05-01,301.73388093777476,1153.4565173671633,443.0178583643618,561.1790748337847,1285.5691224071034,93.49343530380793,67.15571012591198,382.2761016370699,126.67188562232649,7.272532738554777,1.3921889163038357,0,6.424824917255687,111.59297075544204,9.674657785120498
SYN113,10,2022-05-01,2023-05-01,99.06111651018503,45.1253365368912,27.87731662156214,63.723023674792685,51.24822766215374,8.02423594637412,1.8189521882011943,45.55302638069056,228.58377848858353,15.65758722286494,4.4114606191543055,0,5.565180207154581,6.961363013923588,15.426728193445124
SYN114,10,2022-05-01,2023-05-01,43.568818866358846,38.689465338055676,23.711978800730733,41.67630288315266,76.32455912863614,1.5933326112968322,1.903061638269784,88.80081293167507,175.76054378839237,2.0875752568861303,0.8372469809992336,0,1.9369874131307536,0.20134988934187947,0.5204256186601472
SYN115,10,2022-05-01,2023-05-01,76.98131906646987,238.58484982640803,125.47999630020719,320.2600291504712,128.51656216823534,3.144942007302134,13.55937112755636,309.92564523400915,255.22795552548354,2.4471102823192776,0.23193863326823094,0,0.9966030320473662,10.398777118407875,4.358523655619341
SYN116,10,2022-05-01,2023-05-01,112.96010320281185,217.73333944171915,138.7716901134989,249.60287656150624,335.18413443497764,44.22096846558527,10.317394905466157,192.7524260940116,179.86584753515683,13.193037474798407,4.286059501527561,0,13.37219393041285,65.40040606187989,30.036927844660955
SYN117,10,2022-05-01,2023-05-01,42.496280970334226,53.977362237121994,25.92795597980227,36.908129655104275,91.08454823875088,7.765775889762592,1.6683207252401693,127.01667299969726,142.34878246420774,8.525898234030798,4.654845901194832,0,,7.563376395391056,14.012126717428728
SYN118,10,2022-05-01,2023-05-01,106.4408805887898,669.9165575479367,332.2524909368675,676.3490822107987,527.1496773333067,12.295599153278397,15.498496402976633,,203.56478902646185,2.332468306815281,0.7933414205856066,0,1.5837549238644615,31.70849894700411,4.733201260626428
SYN119,10,2022-05-01,2023-05-01,250.94192473028045,708.9118348313837,324.2672966373526,364.1039677698424,973.1097337135243,23.28965269742585,19.616417003151845,282.5003576398572,112.28513376020202,2.393322344906493,1.1872531407587743,0,2.426375108231229,18.380761359336613,2.592813443960704
SYN120,10,2022-05-01,2023-05-01,229.66783986511888,399.03412349651416,146.8587789837521,164.74242529736748,243.16535713512246,10.371546742079538,10.797462663138054,173.7440138466326,112.17744450646288,4.265223823110733,0.9605540732719947,1,1.64967621329246,42.54860222513433,10.662898163270997
SYN121,10,2022-05-01,2023-05-01,333.8591773637067,201.04229482336777,93.77226902067405,192.18850051101853,475.19174988787955,30.56583950185776,11.284910031228772,60.217693103686045,204.95238359716623,6.432316956064515,2.708558545639513,0,5.714293396292575,50.01354222925657,24.877124623551275
SYN122,10,2022-05-01,2023-05-01,52.46256341680809,51.72233509164195,15.467694968639396,11.996864166123906,39.69733183941676,1.7395674803106145,1.5658352570196044,98.5890351577274,77.56077547719575,4.382076577205478,1.110951789156728,0,1.6696925420237605,1.3213302584487117,2.5546608754372175
SYN123,10,2022-05-01,2023-05-01,118.74893073492171,87.85376550067537,28.038834945848354,50.137863168501596,140.0834946494916,5.441256999293041,6.088314844928361,73.98278448231896,178.8157862669162,3.884295585934534,0.8937213560539947,0,2.6336815048571123,-7.643336317950825,-8.70006683764974
SYN124,10,2022-05-01,2023-05-01,80.27425712870287,64.73475967928404,17.977610003148303,21.266531118753868,154.7221497992156,11.40800229658983,3.4889772997918493,80.64199158579005,118.29454034785267,7.373218580141306,3.2697267182765635,0,7.867098576149709,15.84974541958022,24.484134177843163
SYN125,10,2022-05-01,2023-05-01,133.8918225898073,142.8964594582029,64.62344789811318,49.73979705312036,300.6596196204763,9.780856634014699,4.957136201873524,106.72530756115131,76.96865251068199,3.2531327773118015,1.9730861198282335,0,3.533696066048838,19.982582666808355,13.983959254535094
SYN126,10,2022-05-01,2023-05-01,202.13831288118863,776.4416686873294,393.35288652405364,384.51576243320955,998.4220303784444,132.87025968907403,53.9228350359239,384.1140541940214,97.75338521882088,13.308025629072963,2.464081489791006,0,13.577864067493264,144.52703026054022,18.614022931675088
SYN127,10,2022-05-01,2023-05-01,87.04677311211844,1378.9625306357975,632.6318896647939,654.2922876389664,1212.65368977511,-11.27975138387985,68.55271388708613,1584.162722332807,103.42385490330712,-0.9301708706276819,-0.16454128136281873,1,-0.7694188130349978,-39.39682895607195,-2.856990533158814
SYN128,10,2022-05-01,2023-05-01,264.29085745010565,170.44416540071023,108.45890155594925,239.9482040228017,437.9569445904218,30.176291932761423,4.2315939463787,64.49113187083577,221.23421921161795,6.890241679118104,7.131187990895391,0,6.9413068528221045,52.07629390219242,30.553286338527503
SYN129,10,2022-05-01,2023-05-01,39.69280654155418,24.02882301174559,9.506188474290346,18.152191396752674,60.87686164356848,6.2203770328951915,1.4373794455689521,60.53697157088136,190.95130972677003,10.217966013614898,4.327581733599234,0,9.761798429357768,3.3582555679649326,13.975946996335923
SYN130,10,2022-05-01,2023-05-01,136.05187533027427,58.633960391303425,15.494043703969512,28.46872886917103,98.74031127614776,13.461536167420167,1.1937908199494078,43.09676750060658,183.73982552971282,13.63327296971162,,0,6.914491810627485,20.25045522141064,34.53707558941248
SYN131,10,2022-05-01,2023-05-01,281.66317213498127,250.45831821894603,78.84570427511062,100.12471467277278,518.3978247261023,63.63031308578937,8.347179126629241,88.92121618900147,126.98816707047838,12.27441745524467,7.6229720388766316,0,11.957854407170672,48.149141852722565,19.22441314591575
SYN132,10,2022-05-01,2023-05-01,273.41575402182923,430.5562193224531,230.49596696779943,243.27824163947466,529.403227966944,48.66883023368938,19.89152265272329,157.47308375218128,105.54555241891106,9.193149505451876,2.4467121538846235,0,6.9134613417184365,44.16491652575079,10.257642218071108
SYN133,10,2022-05-01,2023-05-01,392.25808957750127,298.3292924129554,127.42221293854836,294.7350840833611,704.8016440569595,114.18448531279832,14.977088724950129,76.05433777905868,231.30589030462244,16.200939126011793,7.623943972674739,0,16.5344007565977,136.88364324667796,45.88340693584992
SYN134,10,2022-05-01,2023-05-01,276.515111819325,240.5580487394722,138.79378450062583,202.9443110951169,535.9211641138605,-2.902394635822929,9.640890666812304,,146.2200283862148,-0.541571191841622,-0.3010504668219193,0,-0.561312181178836,1.037609286777148,
SYN135,10,2022-05-01,2023-05-01,140.81103979643152,160.437897477844,69.83057983716877,96.44875552832562,244.9640941587135,-13.21807840328512,7.381949820077583,113.93843672327591,138.11822235075982,-5.395924838977037,-1.790594453423987,1,-4.387759347097902,-2.445775601974967,-1.5244375801625807
SYN136,10,2022-05-01,2023-05-01,53.05001465486319,39.17985448859215,23.100092356332834,28.811756859602575,56.826035917007964,5.368035202959685,1.0781514893345314,73.85455921829885,124.7257215043294,9.446436156130044,4.978924813500006,0,5.820278455139283,8.038750527742142,20.51756095746286
SYN137,10,2022-05-01,2023-05-01,213.76181533553486,405.71610464988584,232.1844490418825,150.44456320726624,218.14266105601905,9.374459566240988,26.304009340525624,189.79821256338352,64.79527971321127,4.29739855599984,0.3563889992921384,0,1.5132838901605425,11.003120049728016,2.7120244731776664
SYN138,10,2022-05-01,2023-05-01,164.6040957045152,154.35189607559602,77.15679989159364,80.99348830882137,146.84235735551476,11.337848624525384,3.0898007985348546,93.77160113480824,104.972586243362,7.721102295488028,3.6694432307421407,0,3.5546749133785562,1.1960139359727275,0.7748618360910597
SYN139,10,2022-05-01,2023-05-01,406.5525145200678,2167.9943040808002,835.6263587073222,2452.865293532075,2831.892295613203,309.8397799244141,93.51695612167143,533.2630414646682,,10.941086297822038,3.3131935936975223,0,12.034730838291605,280.12623970480377,12.920985962810148
SYN140,10,2022-05-01,2023-05-01,15.19926818946839,14.394583701007631,5.948480905134367,2.8613497982081304,11.23377343488543,0.6958953324730293,0.5842589876395098,94.7057682091673,48.10219354891746,6.19467124298583,1.1910733890197331,0,2.3514861635736723,1.3358537510694664,9.280252759070452
SYN141,10,2022-05-01,2023-05-01,123.36544816387651,54.45286513040546,21.739887422741678,44.8404222372897,123.73131776920009,14.593146911114923,3.663763240602297,44.13947822575996,206.2587600632329,11.794222492914832,3.983103151806259,0,8.206773892272764,19.20123632292733,35.262123080105326
SYN142,10,2022-05-01,2023-05-01,428.2656226545787,272.2792696836886,175.95459674519327,187.26901173562044,616.7827449228366,32.82898599763919,12.040707465491984,,106.4303037259163,5.322617448019934,2.7264997585669515,0,4.686207316145455,45.95219912970197,16.876862929405316
SYN143,10,2022-05-01,2023-05-01,70.26310082181169,206.24344288475118,61.41392469516303,70.41673316734088,221.27008242657217,20.794955931959656,5.833348871095908,293.53023204567603,,9.397997101058793,3.5648400929692583,0,7.5206017381013215,14.3278417586871,6.947053229078171
SYN144,10,2022-05-01,2023-05-01,921.098833467849,428.5661382332086,148.55841045417577,234.12178568575757,1064.2306758442178,140.2891075965543,24.642799815910372,46.52770394027079,157.59577998310274,13.182208592631268,5.692904566224575,0,10.39436530828389,68.91806179308124,16.081079591868914
SYN145,10,2022-05-01,2023-05-01,49.10277808593582,55.01881328193715,13.864116027498763,25.787474679100523,94.93028625773307,4.271566353779991,2.3536966115757307,,186.00157866503994,4.499687636233191,1.8148330302095743,0,4.102478936081644,7.424970830499729,13.495330756138591
SYN146,10,2022-05-01,2023-05-01,287.9505496363235,948.197817771184,490.5823223197339,797.1840998987919,1069.9276691406005,-0.5667801665128465,46.77370662763481,329.29189368408606,162.49751848564006,-0.05297368998486618,-0.012117495220658475,0,,-14.538329775828885,-1.5332591473372519
SYN147,10,2022-05-01,2023-05-01,79.53362519056216,122.94169958843985,40.26688390789514,67.24004693669175,202.55990403446808,-1.8523452364196487,6.5031168428574855,154.57826710887647,166.98597063158385,,-0.28483960555839,0,-0.9148498655040799,-3.350353003046516,-2.7251559188315864
SYN148,10,2022-05-01,2023-05-01,71.53545508462336,57.89644729713434,34.764786090304256,52.2796708491816,73.21842633083271,2.8032399690902436,3.845704912260449,80.93391903168202,150.38110895715297,3.8285990420280074,0.7289274744282291,0,2.1658029570036943,2.791963300091077,4.822339591516298
SYN149,10,2022-05-01,2023-05-01,152.64803975383185,178.65478460904524,60.21267231258275,70.69871412250022,165.51760570016927,19.23379617259901,9.760063021870382,117.03706441114686,117.41500818213343,11.620392943238027,1.9706631124716978,0,5.8055032309450425,-10.450953763223563,-5.849803455358695
SYN150,10,2022-05-01,2023-05-01,94.72371333252188,114.41093316314839,46.629714205325776,122.71100175697842,125.15710656614723,8.635574458727245,3.160251098647077,120.78383452041804,263.1605272480162,,2.7325595938956204,0,4.129193609680559,5.965406229527479,5.214017633280635
SYN151,10,2022-05-01,2023-05-01,471.3406103686244,1914.6551993409373,949.3280791216011,1232.719167473132,1677.4754490168327,142.95007652881517,54.02827682331267,406.21477488297273,129.85175458138227,8.521738819641033,2.6458381598269596,0,5.99121238801404,27.60230361496049,1.4416331266570481
SYN152,10,2022-05-01,2023-05-01,132.97969806375593,154.58039762403143,48.230707222064254,35.66757536843476,185.03274237678136,28.8345173679377,5.567926264370447,116.2436070127932,73.9520057299052,15.58346755150075,5.178681613018442,0,10.027301353816561,40.69179854272117,26.324035368113925
SYN153,10,2022-05-01,2023-05-01,149.8142367589017,115.20984560353085,34.68570055032282,67.76830033879992,217.2675262987633,30.47249850096976,6.50276179216051,76.90180058717635,195.37820849395874,14.02533504204729,4.686085616377072,0,11.498011135190811,31.183701888718485,27.066872388693483
SYN154,10,2022-05-01,2023-05-01,178.47264947784345,183.61115026059946,62.60062141093299,41.40898382205817,273.60369609465283,16.77181486157663,5.528991110862423,102.87915307907946,66.14787982731787,6.129966481072113,,0,4.632025755831115,17.12745610706887,9.328113288740829
SYN155,10,2022-05-01,2023-05-01,1221.1861642569515,638.5971081217475,295.18340744909574,1073.362417463358,1479.4383980506825,145.4706886245733,42.130787431375325,52.2931823838924,363.625593572179,9.832831756715684,3.4528357406450816,0,7.8219161762065665,238.94150903407308,37.41662873119671
SYN156,10,2022-05-01,2023-05-01,239.81878089464504,150.00644135370965,41.048098197653346,49.64423016920832,288.8970994130186,26.56192780189875,9.596836639435761,62.549914061821994,120.94160837893924,9.194252159633066,2.767779509005005,0,6.813804311763169,24.486146968966516,16.323397014151602
SYN157,10,2022-05-01,2023-05-01,258.051935317362,253.60696220217736,160.878768346248,273.84479505653553,283.04773890451963,20.82212536665255,12.452695549402682,98.27748894434059,170.21810762944102,7.356400530610304,1.6720978429165343,0,4.069532547483432,36.62586190703597,14.441978086483903
SYN158,10,2022-05-01,2023-05-01,237.62082539600175,1960.1374455512007,878.8865263931632,903.2041672158641,1231.1502618384816,51.31903963532769,123.30294200940818,824.9013706120147,102.76686922514303,4.168381490549558,0.4162028804747577,1,2.335062973654965,27.632095595825128,
SYN159,10,2022-05-01,2023-05-01,147.74562555038443,124.39175722912532,62.81813991474676,156.3275644062979,264.3893833623405,17.65851237287712,7.650661621760662,84.19319134880583,248.85735970287703,6.678979370618855,2.308102651233624,0,6.488822738177189,29.35800815750717,23.60124883791997
SYN160,10,2022-05-01,2023-05-01,135.62623283391326,116.13822594063804,62.68274461899347,109.36912274457576,269.48917378266316,21.81018855785971,7.95077973264605,85.63109327298055,174.4804306342321,8.093159458587055,2.7431508973021437,0,8.662933864461854,12.978792961192164,11.175298103680385
SYN161,10,2022-05-01,2023-05-01,294.5281885866688,688.9387980016307,215.4053382400903,244.74839554161628,908.834161636013,-79.5344461575696,30.087938127015175,233.91268635698054,113.62225167735642,-8.751260627615256,-2.643399684678217,1,-8.087149568027588,-98.8903382250378,-14.354009167706028
SYN162,10,2022-05-01,2023-05-01,94.28025092829583,230.18260471160335,66.43562761099143,75.03481167084414,137.7181828332338,8.88392491135756,5.638069099558747,244.14721264018175,112.94363336221424,6.45080027095283,1.575703446425097,0,2.738040659180189,-7.32094413278924,-3.1804940872754823
SYN163,10,2022-05-01,2023-05-01,43.575561558240295,58.25531853001999,17.920503597744638,21.49482578229905,57.168060167854286,4.250173450370364,3.3593762252415225,133.6880500143634,119.94543381584573,7.4345245192703695,1.2651674493721816,0,4.173756965162822,2.24636763281499,3.8560730410518604
SYN164,10,2022-05-01,2023-05-01,525.8792767497619,710.0839421588637,259.3957734071417,211.8157875086462,1091.8304141704525,-88.38053907140596,21.502091062700117,135.02793769467266,81.6573781162521,-8.094713054733454,-4.110322982713087,1,-7.150741844037021,-87.74296282840322,-12.356702865528664
SYN165,10,2022-05-01,2023-05-01,250.96516466363505,134.21939503955315,70.41631602418278,135.86417041648755,164.01894659419648,18.474329492422566,7.38967928851465,53.48128502991459,192.94416136428993,11.263533802671214,2.500017764118146,0,4.796227945029348,23.124261231278897,17.228703217194806
SYN166,10,2022-05-01,2023-05-01,128.22478080644515,213.6316636449587,59.33783119759946,67.14851748722538,345.65442401619083,-4.700149806610509,7.779776044990324,166.60715838339777,113.16308016653953,-1.3597829161273367,-0.6041497569376825,0,-1.3748899232112186,-9.047189368707524,-4.234947766798904
SYN167,10,2022-05-01,2023-05-01,561.7546659790777,561.434229155341,142.2237743286777,346.5111836254135,1024.4187055805016,56.067958427482566,23.695971648238935,99.942957870554,243.63801710439046,5.473148637569132,2.3661388213911665,0,4.991854769074491,83.08614984792831,14.798910635165344
SYN168,10,2022-05-01,2023-05-01,250.17658705319735,169.84025448966685,60.73479456326659,118.01061863903905,406.53232797879195,33.18378012326555,7.333753599369501,67.88814912306408,194.30479593721032,8.162642387691413,4.5248016140218335,0,7.900583224560777,44.77835584452231,26.364983954523364
SYN169,10,2022-05-01,2023-05-01,289.87453637415405,387.9201367276336,222.14262274898013,218.94732681003705,416.46949516247355,-18.21312728415452,12.649377991409926,133.82346085995206,98.5616015965771,-4.373220006677607,-1.4398437058741453,1,-2.687115730905039,20.63254536681026,5.318761109144684
SYN170,10,2022-05-01,2023-05-01,64.85082841813957,69.33118405697832,29.682701472495708,18.298024486160564,71.11053864342665,1.6561617681332133,2.3236616423379792,106.90870995502277,61.64541493339377,2.3289962356181735,0.7127379210283158,0,1.2342651131725457,-0.9698312826178876,-1.3988384820037878
SYN171,10,2022-05-01,2023-05-01,62.15476332117558,42.40306393926618,26.198702857258073,31.984525867865088,71.42294182333859,7.757468318825914,1.0815807980217107,68.22174467973532,122.0843873153976,10.861311674914848,7.172342864273186,0,7.419309029349792,12.825615455096422,30.246907330721488
SYN172,10,2022-05-01,2023-05-01,158.71782288816965,149.75260252111372,76.12673112172023,154.18406589494904,315.96667909543845,28.823406473141045,7.182367216178949,94.3514721888715,202.53603907991493,9.122293070793983,4.013078920305501,0,9.343977282391885,36.41598559771101,24.317430872412846
SYN173,10,2022-05-01,2023-05-01,157.735487471545,582.3396580075836,214.26865345602084,154.8795871816004,754.9460085023838,37.82759339763381,38.087971467328614,369.18747159711654,72.28289564688464,5.01063559136817,0.9931637716669119,0,5.1113179017982056,38.96963738930595,6.691908554302594
SYN174,10,2022-05-01,2023-05-01,195.59236768131885,141.29531396623148,55.05593366940674,45.57436027984106,304.9951508030275,35.36175889982762,5.810206352442956,72.23968687594484,82.77828971805383,11.594203647737668,6.086145096199456,0,10.496601931804339,53.598055490814744,37.93335673087097
SYN175,10,2022-05-01,2023-05-01,79.03997464423037,52.29476240378459,32.23314086713783,110.15387021193587,119.23270882518173,15.455802972777505,1.958096003565703,66.16242305133623,341.74103810106635,12.962720653641032,7.893281506439116,0,11.768252116823428,14.982551983495574,28.65019610914473
SYN176,10,2022-05-01,2023-05-01,809.6389957326128,2062.825349515218,596.7276294092023,574.6340178255654,2931.2101048349123,77.1991836997865,70.1706151404041,254.78334917016227,96.29753835841136,2.633696696543505,1.100163986667624,0,2.6875593365502994,-30.420915585983224,-1.474720852792138
SYN177,10,2022-05-01,2023-05-01,42.386952298806456,39.99232748454204,12.69056416840636,24.143167634480516,75.74138200625234,4.661764185546948,1.475438341651073,94.35056147140862,190.24503019799423,6.154844369174735,3.15957912570596,0,5.658903789650806,0.7125831294399538,1.7817995957234138
SYN178,10,2022-05-01,2023-05-01,283.7049099151452,230.3159749641135,84.61004641346696,137.29634285106061,547.7808647426123,23.318455878947496,4.6180202419077645,81.18152591472595,162.2695515141661,4.256894933689264,5.049448607292015,0,4.536480241347568,16.253378084536887,7.056991199620171
SYN179,10,2022-05-01,2023-05-01,85.02330739795464,137.066632301158,83.80025605369316,55.29294481050474,182.19152268268286,-2.2737037294889166,5.127203873382044,161.21065681391656,65.98183277038797,-1.247974491902652,-0.44345881022849193,1,-1.023776102856946,8.386040211034853,6.1182215322904705
SYN180,10,2022-05-01,2023-05-01,135.78065100770692,337.0468745783192,174.60673755493832,340.97094399028936,277.6273151649876,13.068945775396436,22.417954971793915,248.22894284045552,195.27937396058738,4.707370298787013,0.5829677948697674,0,2.7639985128189575,20.206081935551595,5.995036138766013
SYN181,10,2022-05-01,2023-05-01,81.2948557900368,134.13068832430466,70.5891460351098,94.91630275557497,224.54535372052368,11.48381996105951,5.78072159087784,164.99283628810278,134.46302737302597,5.114254100912121,1.986572053423458,0,,-1.5834809618488865,-1.1805508356300276
SYN182,10,2022-05-01,2023-05-01,72.25075185416696,72.2895924255808,46.18667531876447,65.97333294169567,89.03337298321965,-2.5371425337993454,4.708153465269756,100.05375801693003,142.84061904514783,-2.8496533926413496,-0.5388827175058913,0,-1.7553178985715452,-3.689859608468422,-5.1042750203177345
SYN183,10,2022-05-01,2023-05-01,429.10401162963035,600.4358456464855,218.9243276596032,370.9215309371419,550.0965707773506,51.90907623733412,33.196619504386696,139.927809895363,169.42910589355475,9.436356995278219,1.5636856105325636,0,5.04196859115989,43.86911102806236,7.306211204101042
SYN184,10,2022-05-01,2023-05-01,574.7816352188116,1142.8843781361063,408.54622022456107,413.7248267276252,1613.772360624165,-44.831595750622476,78.79829245061573,198.838012230684,101.26756930959186,-2.778061940116683,-0.5689412087034655,0,-2.61002985458495,-44.75706672074436,-3.9161500128068276
SYN185,10,2022-05-01,2023-05-01,83.68584040487849,58.5358353951789,15.845860261513105,21.308206228941426,101.47440331982402,1.4243155536577785,3.6561306884128744,69.94712022007315,134.47175399303143,,0.38956910325217986,0,1.0014757213662389,7.562662290725337,12.919713607347285
SYN186,10,2022-05-01,2023-05-01,213.64388501604543,801.4710985090118,438.1771837694881,684.0079031902285,779.9854481595795,-9.073939981663717,36.752044378036885,375.143476935377,156.10303971237,-1.1633473423221163,-0.24689619680276415,0,-0.8938829717746685,0.8579732429988827,0.10704980436537045
SYN187,10,2022-05-01,2023-05-01,92.27816709905962,94.00651979118194,36.03140906275421,28.600787574128358,145.27034574765705,11.010847475697004,3.3393664655974047,101.87298116819655,79.37737745508568,7.579556184731246,3.2972863533045,0,5.910763605698071,12.037265957694714,12.804713954344091
SYN188,10,2022-05-01,2023-05-01,138.76526508612747,50.6856544156966,19.844660598126147,48.54972690739235,182.07473398606737,29.987246666444143,1.9787684098402534,36.52618281976943,244.64881456313094,16.469746246471964,15.154500404049317,0,15.828504155745424,33.89939006247805,66.88162647453143
SYN189,10,2022-05-01,2023-05-01,235.68838675833848,215.03094924298603,93.71186218835956,153.42393911162588,373.6374377877463,26.451663856372317,5.488641760816992,91.23527561138029,163.71880307238573,7.079500387592,4.819346025679575,0,5.868766157459591,20.891861837248644,9.715746459194921
SYN190,10,2022-05-01,2023-05-01,59.84744279714861,36.60853693559676,15.131856287764801,28.51741862682117,76.8642473049095,3.0378986288577203,1.9997236435945793,,,3.9522908704313595,1.519159229120771,0,3.149518191899511,7.280349588177964,19.887026900271525
SYN191,10,2022-05-01,2023-05-01,247.09328691368938,206.3216504534504,63.021849991156024,127.3651266364088,266.22555641686506,-7.672318953860923,7.758365342694679,83.49949649806526,202.0967754108808,-2.8818867193378477,-0.9889092115370955,0,-1.6921187022227462,-1.9661184957823234,-0.9529385265488232
SYN192,10,2022-05-01,2023-05-01,68.09602463595888,332.20982689715885,105.13093882997386,138.0859711367328,308.8421717580122,15.845692372207843,19.902971199137607,487.8549499374618,131.34665463233088,5.130676384643303,0.796147078426885,0,3.958396389041271,11.584039584046437,3.486964757256404
SYN193,10,2022-05-01,2023-05-01,246.2432984014441,166.85264921035693,101.41512962989887,162.2224631999704,421.56798935822735,14.59966193182071,10.66247908293042,67.75926504133379,159.9588382837747,3.463180862960316,1.369255856754114,0,3.5342060400796917,8.321201569565954,4.987155798212784
SYN194,10,2022-05-01,2023-05-01,68.41014527545282,51.295834715319735,18.426791033951833,25.516379391211775,92.12717134509514,9.368847420852088,2.057612692959943,74.98278874979366,138.47435152543488,10.169472571515012,4.553260899345783,0,7.826549201279901,5.6906986172846725,11.093880524348148
SYN195,10,2022-05-01,2023-05-01,107.95994114493118,75.04207738663678,35.5202731679148,66.2679951100031,146.5778380723604,32.55240357276204,4.207914076695462,69.50918701029698,186.56386677189883,22.20827104619461,7.735995312510261,0,17.78800246793274,27.558764095559855,36.72441522849875
SYN196,10,2022-05-01,2023-05-01,496.1713777049955,194.3591236010624,118.26365820403723,308.0744568156462,302.9422818198327,41.95880570238066,12.27037732277111,39.17177256375738,260.4979936305821,13.850429015826387,3.4195204107142154,0,6.076314604933522,56.113286641091406,28.87093006051437
SYN197,10,2022-05-01,2023-05-01,124.5001877821459,115.0705768125944,32.837694123218284,54.74356511443846,203.42712010787744,14.459674089886285,5.802029542898121,92.42602670925146,166.7095287172779,7.108036569665989,2.49217519196975,0,6.035658864447162,11.788502044581076,10.24458412490623
SYN198,10,2022-05-01,2023-05-01,618.8508740681991,439.6756028506095,205.99976487922024,224.99980759626152,1143.6435559630113,60.55439952610942,15.414023855175598,71.04710056564548,,5.294866500176207,3.9285263922682296,0,5.720631542667976,56.00080177174963,12.736845394347993
SYN199,10,2022-05-01,2023-05-01,230.89490878477153,228.70041535214148,58.77474168829062,85.06661309234654,275.0766183205569,28.72645319383326,5.5476804125227295,99.04957045429025,144.73328278241317,10.443073413225282,5.1781016673183435,0,6.250379776552226,17.489277997000194,7.647243652824626
SYN000,11,2023-05-01,2024-05-01,120.14653840015612,64.0187420747907,40.86389640734021,45.43588047009992,81.79137637871992,9.494231052269667,1.3294096643898377,53.28388393644099,111.18832139056242,11.607863166782248,7.141689508197803,0,5.15527738332917,0.35810298449967526,0.5593721040024763
SYN001,11,2023-05-01,2024-05-01,939.7849515257417,461.57502282970927,256.83055181973765,370.2736465205808,634.6723012918799,29.73306128448124,11.837312519592196,49.11496210705884,144.17040492147748,4.6847894927759395,2.511808422331454,0,2.1217290224202974,22.391381896092724,4.851081793555729
SYN002,11,2023-05-01,2024-05-01,166.63451569137632,135.58070415857156,67.50612702188161,196.70882622439095,258.1683203661443,27.725753710869302,3.1362245603117396,81.36411810964813,291.39403325660976,10.73940972755587,8.840487400593972,0,9.174175187019154,40.92925905261071,30.18811512052699
SYN003,11,2023-05-01,2024-05-01,139.60951869290363,791.2020238738509,224.16258896943089,507.4666117837112,751.9691853006492,34.833373290998544,51.776219667729315,566.7249850020919,226.38327569142885,4.632287329310125,0.6727677979300065,0,3.742258416235789,70.48367900957166,8.908430070043599
SYN004,11,2023-05-01,2024-05-01,81.9855236506838,80.23676116351805,47.84908524108419,95.70817316545563,164.3721792590595,6.6640989692565595,5.3279193306322385,97.86698625648022,200.02090464893288,4.05427426909853,1.2507882638053687,0,4.108004628888784,5.8899561283989925,7.340720192326295
SYN005,11,2023-05-01,2024-05-01,61.544585452525844,36.925652169204696,14.323125436230903,38.64499926062096,89.47684974914361,7.849929746845081,1.8483810076060019,59.99821413646265,269.80842577044626,8.773140503776188,4.246921881659131,0,7.971880576748753,7.139908340028589,19.33590314752285
SYN006,11,2023-05-01,2024-05-01,149.6805337297005,139.56583933750477,41.689025728047426,98.63419240187082,140.08059154175317,11.445192391759006,6.5741146064562725,93.24247840373066,236.59510069939577,8.170434080689608,1.740948108893473,0,3.9569009182008865,12.771002398942239,9.150521688949107
SYN007,11,2023-05-01,2024-05-01,179.40656306368373,140.2137003580128,84.12258493339034,206.65148616880316,171.24207748639395,2.957296177716816,3.4779909592014495,78.15416446512121,245.65517849033435,1.7269681734337685,0.8502886328364161,0,0.9252530318501915,10.599396942323596,7.559458822682639
SYN008,11,2023-05-01,2024-05-01,199.66918889106174,257.04387910569085,100.05460021493964,122.95737569466988,386.8249709319482,45.06504403033337,12.662721049455302,128.73487418528674,122.89027733910281,11.649983175016224,3.5588752097063594,0,9.867255217372891,42.16080265339174,16.40218113735209
SYN009,11,2023-05-01,2024-05-01,231.72742542497946,374.12008125926116,201.36291056251622,298.3709685457691,393.3577152928547,25.312362154827632,10.650527028840429,161.448339821296,148.1757329153897,6.434947420818373,2.3766300096027737,0,4.17800880181225,54.92026222163234,14.679848789932555
SYN010,11,2023-05-01,2024-05-01,89.56441916772422,231.02139600796232,131.23855480530625,144.73500389856085,149.40191202822177,-2.8376660716282434,15.35441678182215,257.93880890952516,,-1.8993505726300297,-0.18481106198626254,0,-0.8851502272716445,6.140671076905981,2.658052969558862
SYN011,11,2023-05-01,2024-05-01,58.43373292267931,34.86811916939188,14.4325526466317,21.601172545082783,54.24302191239443,2.8129244685660386,0.8822383333753826,59.67121630844648,149.66979905750844,5.185781266222726,3.1883952013329377,0,3.0148645557327383,-0.7520909242493321,-2.15695868364915
SYN012,11,2023-05-01,2024-05-01,217.08953083868536,174.49996984448805,99.06572210139373,141.25653528323238,261.3561399677861,-2.2126933714492405,4.08321514731696,80.38156845718888,142.58871008748756,-0.8466200073669476,-0.5418997754510143,0,-0.5650543151920415,-27.080017946685466,-15.518637608257928
SYN013,11,2023-05-01,2024-05-01,93.19344211743343,233.98370932417,123.55471764734395,163.79148813013458,114.64469035548856,7.213319642941667,9.11789127861793,251.07314850472653,132.56595235613457,6.291891600539643,0.7911170930341523,1,2.2047137494652174,-6.9165564947444915,-2.9559991653786586
SYN014,11,2023-05-01,2024-05-01,574.0867390940052,402.53590446176815,147.18054915460465,120.23513190669232,788.5939610262387,66.62066042671876,16.7765971568703,70.1176106413867,81.6922702064335,8.44803076351508,3.971047275188132,0,6.821535509780975,49.512991910293195,12.300267221254996
SYN015,11,2023-05-01,2024-05-01,102.60686730642519,67.06484108959417,29.17486927779557,40.120438047511605,108.89802703098609,4.274925780913077,3.5578657622130785,65.36096739929863,137.51711332618206,,1.2015421791107628,0,2.519527752343519,7.527330658179107,11.223959582820891
SYN016,11,2023-05-01,2024-05-01,221.77164256195542,162.05331634061235,74.85519372554985,111.08397759390857,151.08100380575542,13.22026455380389,9.492022897701974,73.07215407188059,148.39849055923688,8.750447919184573,1.3927763024048885,0,3.444347285701083,23.831572302746423,14.706007159184539
SYN017,11,2023-05-01,2024-05-01,59.313895639543205,51.571051113076926,27.483540039142863,27.521216754876704,98.90921885719702,2.156513787858243,2.8338524096108637,86.94598551826648,100.13708829241132,2.180296045985128,0.7609830986767476,1,,0.8623728868842744,1.6722034324904453
SYN018,11,2023-05-01,2024-05-01,267.10697316509805,261.8661376707403,67.63828289883868,119.34877748582676,554.2417163525499,55.55057662450777,7.118148303103377,98.03792636625835,176.4515188304343,10.022806834188636,7.804076883350236,0,10.501587979912907,58.13237405628565,22.199271189992086
SYN019,11,2023-05-01,2024-05-01,311.2536090408666,644.0802048297444,418.21468773561645,699.60977187067,420.62949557867637,39.512403579469414,30.645552069227502,206.93099971257803,167.28484015198995,9.393635965806597,1.2893356755398606,0,4.135978754837722,11.112605873336534,1.7253450408826072
SYN020,11,2023-05-01,2024-05-01,355.4539460973222,492.15907136408657,126.33614538952229,569.375150121102,588.4227935589993,67.88543143927676,14.066724516863273,138.4593072513914,450.68269921137176,11.536845985975575,4.8259586912287435,0,8.009012372484891,45.57133201503342,9.259472123256046
SYN021,11,2023-05-01,2024-05-01,139.07610063052425,82.72399830514554,29.38734944140616,39.60440958689653,208.2592848751019,17.66507591896512,2.795243969620346,59.48110274166644,134.76686512971037,8.48225130973598,6.319690199122195,0,7.964413002398454,2.565392591388104,3.101146757830893
SYN022,11,2023-05-01,2024-05-01,52.20292149156476,53.99002287635219,26.235286879833538,26.718720478523643,53.48159610589452,3.601973775212106,1.146730523098437,103.42337427432334,101.84268462892894,6.734978081207849,3.141081276427232,0,3.3919144032137183,7.821886213337764,14.487651230027124
SYN023,11,2023-05-01,2024-05-01,149.077067643893,71.58912465942636,28.161206970032598,37.832417052481475,102.06854333840778,6.5692827666427345,4.009883537850113,48.021554079957134,134.34231385302616,6.43614825075176,1.6382727090784375,0,2.9770227591605187,20.730095602690042,28.957045782177264
SYN024,11,2023-05-01,2024-05-01,70.64522853911657,63.5346862448196,25.887802593113136,35.53726161899267,138.2442369605157,8.773855761956048,2.8668340768295466,89.93485838840506,137.27415253253886,6.3466340115588125,3.060468630838629,0,6.538874149744535,0.19962288760647162,0.3141951261666113
SYN025,11,2023-05-01,2024-05-01,57.30731302482205,315.180109260944,102.8506659339446,137.3308950152018,325.5530172554891,8.62576262047097,7.482809302491755,549.9823541271724,133.5245559843064,2.649572316419848,1.1527438789063642,1,2.3157191637610333,1.634050908070587,0.5184498831167429
SYN026,11,2023-05-01,2024-05-01,101.39834394113417,38.83760707689957,14.771082552038141,18.166221369634908,80.15904640566205,4.927048283410643,1.1847141713913418,38.30201319604033,122.985037187598,6.146590440305712,4.158849790430262,0,3.513398845048689,-1.1749325302913824,-3.0252443925419565
SYN027,11,2023-05-01,2024-05-01,101.20173074542626,95.36565099628093,53.505655521793685,47.57194827611054,144.1222313979174,-0.4671220732000497,2.1179608463797455,94.23322140228409,88.9101307369905,-0.3241152101720788,-0.22055274251103688,0,-0.23763966791492183,-1.356692240105993,-1.4226214847093126
SYN028,11,2023-05-01,2024-05-01,93.84158907347424,138.7962277154251,71.71910016211636,243.75007097360142,201.955662316962,20.687690874678555,8.083804601365939,147.90481393783,339.86772062479906,10.243679546954215,2.55915276220097,0,8.892660342256832,23.43772303974177,16.8864265445285
SYN029,11,2023-05-01,2024-05-01,152.91909493459838,118.82678354664591,45.99480421416357,57.135180039406386,139.15059527458843,15.343189408208396,4.887926912884519,77.70565448184654,124.22094411657972,11.026319634444537,3.1389973053328446,0,5.6461534923582555,16.626151020906416,13.991922127875956
SYN030,11,2023-05-01,2024-05-01,136.6052095810284,82.36033832182895,41.62841552950202,48.788463777930616,167.9041967196811,6.9885658490253455,1.692140816609675,60.29077410329385,117.19990577915289,4.1622341701755525,4.13001434657633,0,3.1916280510602415,8.5965920582095,10.437781380423305
SYN031,11,2023-05-01,2024-05-01,131.08124085482714,590.1685094642895,333.3391362186737,388.80733549696464,480.3722724017345,8.895413224663564,25.50326869855401,450.2310976121311,116.64017010048988,1.8517749120258018,0.34879502426949366,1,1.2333332830587176,16.439296492104614,2.7855258673538796
SYN032,11,2023-05-01,2024-05-01,66.08473543099332,452.86567446606404,266.47981270716616,587.9370009636825,396.8038531074137,-18.263445368687822,14.36336648060872,685.2803018920356,220.63097200153194,-4.60263811091168,-1.2715295814072842,0,-3.5193045463266297,-19.06235244953921,-4.209272975262263
SYN033,11,2023-05-01,2024-05-01,418.4901283232968,484.3693713986034,204.20284564838653,510.12509233972725,757.9657379085235,58.957811043624176,13.629420727538287,115.74212594673507,249.8129204419135,7.778426925510928,4.325775263837863,0,6.530120252573566,55.838486704149794,11.528079602332756
SYN034,11,2023-05-01,2024-05-01,108.99132083479522,45.32709268577959,21.665327537391402,53.19128401997622,66.93729131476822,11.272274340603893,1.9306172222626972,41.587800146476454,245.5134081318425,16.84005151567422,5.838689415291088,0,7.30455561552348,13.905316393879643,30.677715180797687
SYN035,11,2023-05-01,2024-05-01,149.20763901604266,106.19575206977466,33.814628517505646,33.12851255321562,98.37447817377745,6.6187481799298595,2.4950446487239812,71.17313347365318,97.97094927736727,6.7281151603548155,2.652757409898387,0,2.5914879797762413,12.442268035059467,11.716351918563015
SYN036,11,2023-05-01,2024-05-01,94.61151804683189,98.08213656406711,60.24258707554431,64.2731452198911,165.94421927471524,4.795201359647713,2.3163831895700384,103.66828330089503,106.6905462398095,2.889646521346678,2.0701243996412297,0,2.4885102570349455,2.533452509224565,2.5829907442623026
SYN037,11,2023-05-01,2024-05-01,332.93500947566685,519.643981038191,264.9182235899193,438.4996301360048,636.3298921185716,66.11958575506401,19.652624192733022,156.07970512220047,165.52263721003246,10.390771606678427,3.3644151084674556,0,7.755244556895904,58.38753876433516,11.23606563241305
SYN038,11,2023-05-01,2024-05-01,103.9962599634464,89.21879650365847,35.971977543900124,35.568952477433896,79.0024509159952,3.826049454495924,1.8281987493404648,85.79038951498634,98.87961381613124,4.842950326394601,2.0927973262623647,0,1.9802025393126201,-3.59052150919943,-4.024400294451628
SYN039,11,2023-05-01,2024-05-01,283.6657882252505,922.7075919339943,410.5305671945564,446.774649759925,1022.2081633265041,-22.887267085424373,51.6775471549392,325.27982937487684,108.82859534992726,-2.2390025736973045,-0.44288609551850355,0,-1.897195964519972,-77.01268852003427,-8.346380716193712
SYN040,11,2023-05-01,2024-05-01,140.0312669456414,131.6896720991571,49.96888729106108,55.71273273113171,95.34311969656149,-0.9392614358874343,9.124791249505005,94.04304836453245,111.4948435946024,-0.9851381398854189,-0.10293511491984944,0,-0.345671349138308,8.000357207700647,6.07515918308058
SYN041,11,2023-05-01,2024-05-01,133.84118212612793,71.05562496840767,20.403284311809962,74.32873483577346,172.40501909971925,6.76647419412,3.6868635059141472,53.08950790754894,364.29789292672854,3.9247547603044337,1.8352928399073651,0,3.302381471956307,0.1897722936062518,0.2670756800613987
SYN042,11,2023-05-01,2024-05-01,137.2866649213899,153.87372604335857,53.76217602849017,110.74817163792517,131.4305301479204,5.708717838860718,7.714820786189379,112.08206283652268,205.996445492155,4.343524927150304,0.739967654087329,0,1.9606780372649957,16.810072491975767,10.92458922274945
SYN043,11,2023-05-01,2024-05-01,195.8173907428119,266.3780891722726,124.2278216685581,90.36349585774202,171.18899325618713,7.727196334801716,7.029140377983348,136.0339284278053,72.74014358782958,4.513839463520789,1.0993088655626821,0,1.671845933288091,15.159335042456084,5.690909147055337
SYN044,11,2023-05-01,2024-05-01,230.9591716982131,310.8477512926854,184.07520339357544,111.23254786982386,444.76831830926534,30.17254865410926,7.595892890006489,134.5899143156177,60.42777398539389,,3.972218814960605,0,5.568874699413191,39.573307848806635,12.730768578584804
SYN045,11,2023-05-01,2024-05-01,126.7880561951775,175.52032594626715,97.68629037419568,135.16322741978206,296.52101652734785,-6.4664226125326545,3.8474402426049745,138.4360098368187,138.3645820739305,-2.180763673436369,-1.6807077445742091,0,-2.139015321615241,15.409221524493365,8.779166424981835
SYN046,11,2023-05-01,2024-05-01,130.26819232035703,291.86782270448725,93.98043830780541,60.88028028844796,445.5597430475588,23.217451349441987,14.495558781188464,224.05148755478433,64.77973649053692,5.210850331907963,1.601694125760251,0,5.499993017197443,38.9520390611108,13.345780531809183
SYN047,11,2023-05-01,2024-05-01,117.46004912747306,87.55751592624318,22.9818591204664,59.10364494521361,175.9919186170942,16.200543413875593,1.9450920491881576,74.54237979350896,257.17521213320424,9.205276890652652,8.328934057715868,0,7.902027033454877,27.45986576003223,31.362088644867345
SYN048,11,2023-05-01,2024-05-01,388.4934598108949,586.3877985374932,298.1536779880652,216.04625134415576,817.623719124258,-40.11977109450591,22.66451563494586,150.93891125552702,72.46137388008471,-4.906874660813103,-1.770157886482525,1,-4.115349510613787,-14.914787806629267,-2.543502413220085
SYN049,11,2023-05-01,2024-05-01,547.5288565606897,686.8231107319901,267.2234932956832,191.82532966119757,828.6488524549409,-35.74605833236094,28.512895836786015,125.44053203812476,71.78460519896824,-4.313776363348635,-1.2536803885855408,0,-2.895937243148178,-77.1941137163823,-11.23930055791392
SYN050,11,2023-05-01,2024-05-01,120.13131529290094,158.13290409749635,100.5942064298754,122.12933144207449,154.37339383352094,10.598666579343389,9.354254713137271,131.63337445522924,121.40791778819917,6.865604438788969,1.1330316422171447,0,3.8088499493618846,14.961776191385917,9.461519901108804
SYN051,11,2023-05-01,2024-05-01,110.38818623558076,109.68661866215851,34.56539800581012,55.99573004138922,160.63140117614043,5.407176145953279,2.604587466842942,99.36445411656187,161.9993787775187,3.366201195010456,2.0760201816172428,0,2.4569719139207216,6.284594538516682,5.729590915618994
SYN052,11,2023-05-01,2024-05-01,80.71876479609986,132.46303083405755,78.67644441419979,149.3179845437396,181.9690775953178,12.061827829895408,5.44842646407465,164.1043828763567,189.78740797898868,6.628504133388962,2.213818596878863,0,5.6580008598957034,15.958451364993042,12.047475634907464
SYN053,11,2023-05-01,2024-05-01,126.96257130686256,195.353935104786,104.13854169936836,59.647962559064084,207.72879076926444,-0.11929183380364948,6.219204098914033,153.86734302397258,57.277508966140886,-0.057426721333083464,-0.019181205811283738,1,-0.037010774015803945,-11.830572669220821,-6.055968446642764
SYN054,11,2023-05-01,2024-05-01,78.13907214394285,74.59286494699818,47.16191836884692,106.28454873873793,126.53427554154801,7.5240008153424025,4.543338555218514,95.46167224712872,225.3609531052172,5.9462155871528015,1.6560511007264198,0,4.926278654386734,2.191430221695108,2.9378550123422995
SYN055,11,2023-05-01,2024-05-01,84.01590418591762,54.69024660196607,26.896741626923816,59.40548706585095,114.20838402784565,3.9271250254534436,2.459292620603137,65.09511161237137,220.86499506090976,3.4385610643925704,1.5968514655609887,0,2.831255141279926,8.449527319914266,15.449788298468766
SYN056,11,2023-05-01,2024-05-01,382.2411406067025,310.4068439779718,174.19470086643278,404.1379351595209,710.5035211085171,48.33014417073241,19.290281118655066,81.2070734943095,232.00357596951335,6.802238516049636,2.505414196581808,0,6.977591106355725,63.920695322053355,20.592553470434925
SYN057,11,2023-05-01,2024-05-01,95.8397491136669,73.72601065172975,44.68881020170747,68.10458366517902,119.1348941385783,0.07141048162639191,2.5344953576423093,76.92633936707198,152.3973973748285,0.0599408612755612,0.028175424117888637,0,0.042113739073968794,1.8519728795708275,2.511966757999779
SYN058,11,2023-05-01,2024-05-01,325.33528837351747,3772.052193357797,1116.2455753069362,863.7926781842875,2512.150238723768,100.64821021789902,151.16129269166285,1159.4353051019489,77.38374935522309,4.0064566468377585,0.6658332197727374,0,2.4563996123542364,171.59391420653125,4.549086423265585
SYN059,11,2023-05-01,2024-05-01,105.12126540978244,80.4832072866974,46.22703389635011,104.45451063412182,129.15337422036959,9.737394265729968,3.1936808900871,76.56225119908777,225.95979415060222,7.539403693097027,3.048956549151159,0,5.246314447202784,10.339817567104406,12.847173858606173
SYN060,11,2023-05-01,2024-05-01,134.66611866959232,118.95441459899028,52.01082459718088,75.43161183650803,254.18962195584766,6.681740993411774,2.662447640646501,88.33284553990063,145.03060165017382,2.628644293972152,2.509623434994312,0,2.6345426008295036,17.56672189382272,
SYN061,11,2023-05-01,2024-05-01,255.9076291742607,1736.2836074115244,787.3832193440901,1225.41920429035,2092.7050866271356,99.35693822735013,35.27539183984563,678.4805959142387,155.63186694671433,4.747775444436185,2.8166076419063506,0,4.987319309647598,90.72517095134971,5.225250677025285
SYN062,11,2023-05-01,2024-05-01,128.67122952980063,78.09690813558925,27.633418819084206,48.75817095047035,207.43262332475817,-1.2923352717028989,3.195334956839857,60.69492645790081,176.4463936572226,-0.6230144762136129,-0.4044443819376611,0,-0.6250166424549742,-1.0588826440228394,-1.3558573179164055
SYN063,11,2023-05-01,2024-05-01,185.6632376682251,120.84082571344423,37.23554504766205,32.704333365805134,200.09692802641507,7.779894573412271,8.10811263674121,65.08602738544468,87.83095110852574,3.8880629753522435,0.9595197947988973,0,2.5382680045335912,-3.754971736003622,-3.1073701407072227
SYN064,11,2023-05-01,2024-05-01,58.24347577182653,35.75654277306619,13.556401552477475,19.187865994544115,33.49973464562434,0.8159120676860327,1.2559049425544004,61.39149887473285,141.5409975889765,2.435577703277734,0.6496606869199346,0,0.86799139012549,-2.11148178351283,-5.905162020035436
SYN065,11,2023-05-01,2024-05-01,81.97459061213438,1085.6604365431665,394.4691993366827,246.36528423724434,433.1365039305794,7.679426082681174,23.145402754796194,1324.3865305531156,62.45488485578047,1.7729805760984734,0.3317905574613448,1,0.6576906228473202,17.849646958666774,1.644127975732591
SYN066,11,2023-05-01,2024-05-01,122.71193075715728,75.13876357031415,24.475700869078523,38.430043889367205,92.40762220953286,8.966586508859615,2.6018877412308643,61.2318322323615,157.01304773632842,9.703297514276493,3.4461850012859623,0,4.531996483175652,5.233343352258483,6.96490480224787
SYN067,11,2023-05-01,2024-05-01,193.93096795013486,151.1574340796131,78.96156505923906,83.31060573647812,131.7563974775428,5.403388802311798,4.4363695029628065,77.94393833917229,105.50779442375071,4.1010447354048045,1.2179753734902317,1,1.5657984361485453,12.153135516434425,8.040051480387984
SYN068,11,2023-05-01,2024-05-01,155.10792017021052,101.11357168843843,45.62953236855331,137.48216502161998,280.5997495788334,-2.413665683957089,2.4579159730120717,65.18917382005999,301.3008415496476,-0.8601809829053249,-0.9819968259530224,0,-0.9420231169712526,0.8137811698899604,0.804818934096668
SYN069,11,2023-05-01,2024-05-01,110.26026028500685,75.40771813522713,42.26211019055374,86.3369099400483,173.29465650549218,16.409892231667474,4.8195594836625,68.39065855668132,204.2891600792475,9.469358468734667,3.4048531379878724,0,8.83829962026405,15.581200871464931,20.662607564286034
SYN070,11,2023-05-01,2024-05-01,344.86151039336914,139.92543821542623,45.90195294686237,126.17367225233556,207.46532229156986,17.52670135811491,5.239196933091984,40.57438536872935,274.87647943519613,8.448014908960566,3.3453030267696553,0,3.615341008748627,44.498706322075854,31.801727326782846
SYN071,11,2023-05-01,2024-05-01,254.43717238563468,164.49578438549221,103.94484937006995,178.39637986487978,340.99995545979596,38.614984602014886,6.87457688314692,64.65084596058006,171.62599296261766,11.324043884389189,5.617070731535468,0,9.217461643417845,29.260388283899495,17.787925929656915
SYN072,11,2023-05-01,2024-05-01,283.3059262428819,291.7824733159827,143.73030001071257,143.1015929269748,286.4556571576882,-12.13275905378616,6.141176449393847,102.99201191641637,99.56257860472643,-4.23547545688976,-1.9756408489099349,1,-2.109720707823855,-2.6098554188505343,-0.8944524286159639
SYN073,11,2023-05-01,2024-05-01,95.44309583667282,84.87698549818974,51.712516478473546,76.38792174675386,105.90017174063584,4.861628527995812,4.420937704115795,,147.71650453048827,4.590765480440024,1.0996826586065085,0,2.6961104342935314,4.293421767762351,5.058405105414495
SYN074,11,2023-05-01,2024-05-01,92.40141333000737,271.4235739779728,77.24711721895433,81.15569573022259,152.41818018661434,5.851877187634408,10.579639825881383,293.743963643279,105.05983737903063,3.8393564209135804,0.5531263146897245,0,1.608431908686018,3.686944465913101,1.3583729710273111
SYN075,11,2023-05-01,2024-05-01,135.80724341139128,181.56494426305377,102.15453423147167,132.08678384636767,248.4571196900655,16.652332007871856,10.23290956165671,133.69312247436753,129.3009506039865,6.70229616629404,1.6273311033910711,0,5.246941179657977,20.133841270922044,11.089057611116747
SYN076,11,2023-05-01,2024-05-01,525.6362921851684,392.9135357512912,165.11602358495713,251.81911577158388,505.23352407054114,32.12801644061488,8.285416655135052,74.75007749519656,152.51040468644487,6.359042880165082,3.8776585146991858,0,3.4976890162606753,68.33359418575033,17.391509318987815
SYN077,11,2023-05-01,2024-05-01,156.5864638447046,62.80294896083367,22.665033625087354,68.41315440048348,85.19352731618137,7.7674343675620925,3.3056719728601824,40.107521058217905,301.8444866755401,9.117399657293884,2.349729323215769,0,3.5404782155312877,2.7678289256386366,4.40716394920366
SYN078,11,2023-05-01,2024-05-01,133.08203845867618,167.06271158099923,76.7810393741124,74.37433715301566,178.6350954734224,-9.132390709879415,9.069917956762536,125.53362836629117,,-5.112316079702348,-1.0068879071910788,1,-3.042662151735863,-16.01074354461086,
SYN079,11,2023-05-01,2024-05-01,69.38076169336483,107.83206455624432,62.72625731364262,50.73510355327247,93.49941182198921,-6.642358710676314,6.150315670901465,155.4206986553691,80.88335846276908,-7.104171653317462,-1.0800028919007874,1,-3.748238122064804,-10.92804907410995,
SYN080,11,2023-05-01,2024-05-01,187.03419343953968,293.40858633031417,90.55017738153448,125.8887133427281,172.30852397809815,-8.67375915415793,16.249753920232173,156.87430246553333,139.0264679574223,-5.033853783844401,-0.5337778772980951,0,-1.8053677814271483,-7.986178093826352,-2.7218624354897556
SYN081,11,2023-05-01,2024-05-01,121.84112976452417,113.87780470358648,43.11892243495095,80.90798050926837,88.42333029403187,10.051536313381801,5.600465643766578,93.46417332445293,187.63915223374576,11.367516106843839,1.7947679626549173,0,,2.298657626295385,2.0185299780572525
SYN082,11,2023-05-01,2024-05-01,119.30615864991768,96.67581377050047,31.17791849750136,26.89999927247746,228.52406310590172,11.278914065078544,5.4331608593084795,81.03170436840409,86.27900953244605,4.935547666965694,2.0759396522844895,0,5.22215532096524,9.233990716277397,9.55150037650373
SYN083,11,2023-05-01,2024-05-01,335.3763520530501,560.7826129453855,237.48151524933596,169.8574885681069,792.4077783051217,10.536879532386108,24.0418047505032,167.20994474192398,71.52450934539918,1.3297294424498713,0.4382732345484824,0,1.175782416281971,-0.3559295217547547,-0.06347014217957192
SYN084,11,2023-05-01,2024-05-01,56.92001696321753,68.75502938474439,44.59628850995452,30.906532934292336,111.0163358312124,3.1181923518178762,2.2876142815864786,120.79235575276587,69.30292624551831,2.8087689333925865,1.3630760993743163,0,2.4811547259623863,-0.6288310314871421,-0.9145964115123619
SYN085,11,2023-05-01,2024-05-01,93.19127102581929,58.12953182634293,22.400224303341147,65.0240043805885,55.015520717754214,-0.7989585902434974,1.2644384281124645,62.376584401598876,290.28282708262753,-1.4522421669739156,-0.6318683238978835,0,-0.5279899228555283,-0.5522554836991114,-0.9500428892992431
SYN086,11,2023-05-01,2024-05-01,189.82338274430285,138.72865645154147,38.71176899410807,100.3222124764345,230.36564872762432,20.801103755780236,4.175279974338252,73.08301772201197,259.15171298863544,9.02960309866975,4.981966211517838,0,6.331144316344069,30.905281257676016,22.27750347201796
SYN087,11,2023-05-01,2024-05-01,59.728148392833646,46.73013465750318,13.121605560007472,30.327011000269835,76.14301017755062,6.3899283900832335,2.8037103784134243,78.23804339313823,231.12271483530682,8.392009161685582,2.2790971704071636,0,6.002283905952037,6.880881212624637,14.724719419398923
SYN088,11,2023-05-01,2024-05-01,351.0050529091603,222.55903889128925,73.8829466496752,140.7006155930631,249.07615829794352,7.983654848935859,12.041117217695783,63.40622080699426,190.43720096900282,3.2053067236511072,0.6630327323118304,1,1.3919377037489782,11.118502543400322,4.99575420472194
SYN089,11,2023-05-01,2024-05-01,293.23744774946204,1267.1042943375005,617.725009231851,1061.69056885684,1043.3312415648493,75.319901168783,35.81562930416551,432.10862189064494,171.8710677064971,7.219174330082727,2.102989745876753,0,4.827141333028902,68.72664852084915,5.423914103044104
SYN090,11,2023-05-01,2024-05-01,411.3658303453905,409.51787082160024,141.31468058076126,171.0985883838317,780.4521971740946,78.38937001664611,24.309345232193103,99.55077466637452,,10.044096268866019,3.2246598691944324,0,9.549388044275412,121.50561192353962,29.670405269437325
SYN091,11,2023-05-01,2024-05-01,594.0709406762116,335.14956668853534,216.391076218276,680.7213729175664,657.3710549373595,63.8607735976795,9.101886429551362,56.41574831232201,314.57922610030164,9.714570350799026,7.016212967714127,0,6.872510140654077,3.2440167621534357,0.9679310626017306
SYN092,11,2023-05-01,2024-05-01,183.04559396653562,107.99186519333983,67.3239449583552,49.04750086164981,240.9071699189073,23.973362966872273,3.1243579574121694,58.99724918431137,72.85298104855454,9.951286620046236,7.673052605895656,0,8.23720872085507,28.93555553149142,26.794199247959614
SYN093,11,2023-05-01,2024-05-01,138.61633655841823,116.56782873404401,38.23501040575138,67.58076173224254,103.59146088614526,7.395793284516213,5.775454574102196,84.09386052770041,176.75099605066907,7.13938506248574,1.2805560479481222,0,,16.691189411424,14.318864469463419
SYN094,11,2023-05-01,2024-05-01,176.50385907556392,132.35044860258932,76.98575990173147,194.16779791314173,247.19409259982498,31.83124699917958,9.005868645049144,74.98445036599915,252.21261459390328,12.877025767242026,,0,10.306233783324744,8.235588871683401,6.222562113417935
SYN095,11,2023-05-01,2024-05-01,126.06607592532887,173.93356153609668,100.01470660823908,71.59274942488518,165.7892283350057,1.5436312457864663,11.319636520060545,137.97015593562264,71.58222210791095,0.9310805420164532,0.13636756295582977,1,0.5145443704027639,-22.170359616156624,-12.746452967649708
SYN096,11,2023-05-01,2024-05-01,352.78766504405587,178.12468380309645,83.11483213734677,251.92559863711108,210.4757200980847,14.099725856599255,4.849737786229888,50.49062125821558,303.1054652445252,6.6989797445655865,2.907317153647634,0,2.655753984102282,-1.638862638611423,-0.9200648689560977
SYN097,11,2023-05-01,2024-05-01,114.70858106223199,538.9815020713601,294.8474746124038,231.2040024480688,387.8735747763617,32.2130961369404,33.97728728006663,469.87025476232725,78.41478132108864,8.305050467929833,0.9480773397656962,0,4.927885089295004,17.1880221644478,3.188981829319282
SYN098,11,2023-05-01,2024-05-01,136.27074171621433,114.93765274395399,64.97261131832447,69.49766846459839,92.83889798682573,4.086855690920979,2.3870938526790364,84.34507018631571,106.96456099648515,4.402094143233931,1.7120632631742985,0,1.6268786318639492,-2.319968550147946,-2.0184582639042823
SYN099,11,2023-05-01,2024-05-01,70.95620339822301,57.08978201959232,34.36881412003948,44.52889331615629,85.70178608439637,4.150896379475288,3.115911352032127,80.45777435299202,129.5619137763405,4.8434187537090745,1.3321612557328266,0,3.2417231715081667,1.1091128001282207,1.9427518566239934
SYN100,11,2023-05-01,2024-05-01,778.6464371666189,415.4896461689461,224.11318025384688,431.6320751137578,802.4133436448641,34.71748863097146,18.47123758711708,53.3605018062951,192.59557810248373,4.3266340105053,1.8795431798887945,0,2.90733100820432,-16.806215955267206,-4.044918112937398
SYN101,11,2023-05-01,2024-05-01,607.6718747775016,2181.4109885112634,1417.6436389287965,2121.007498421364,2589.2941422032127,-26.489897365085696,81.7511035154966,358.97843541137803,149.61499774541682,-1.023054775173037,-0.3240310677893702,0,-0.9497708983034645,-14.407791502970587,-0.6604803761808957
SYN102,11,2023-05-01,2024-05-01,334.3065374633377,407.2939253047109,181.93499802121588,237.8007755623217,621.8325463870401,12.126058281721816,26.626653545538538,121.83247399084367,130.70644908825687,1.9500520441035798,0.4554105254339636,1,1.6351201071882961,78.59992050102224,19.29808318211937
SYN103,11,2023-05-01,2024-05-01,162.67573600930666,157.3597409032139,93.44813730976935,212.81898860579014,141.7529733010868,-3.8436180239933786,3.641398758039521,96.73215241774678,227.74021476781368,-2.7114902315519265,-1.0555334033405146,0,-1.2009974834896209,-7.89292064397439,-5.015844966870549
SYN104,11,2023-05-01,2024-05-01,86.48937586741863,86.1318184133255,24.562705035300276,33.92799388942718,112.39766659789358,1.6534688591150901,5.934746503704096,99.58658800516582,138.12808418562852,1.4710882433444374,0.27860816937725963,0,0.9578597031520679,-13.349471580789722,-15.498885112037081
SYN105,11,2023-05-01,2024-05-01,67.89875914628179,2004.1779325099792,1165.432114222824,1544.3629843650153,1757.0117169944997,120.57254553517845,84.90527309353392,2951.715108949425,132.51419499409312,6.862364341054414,1.4200831249002934,1,5.8189229202130495,366.7869307163184,18.301116121808814
SYN106,11,2023-05-01,2024-05-01,294.7025732597496,533.7967279091833,137.22485621533366,238.93951609134052,331.56206914639523,20.308884017945644,11.029997425481978,181.13066404706862,174.12262084384764,,1.8412410478924663,0,2.4512855942415106,27.358271380093253,5.125222757968611
SYN107,11,2023-05-01,2024-05-01,87.97527136037232,160.15888371447443,93.33012371258951,105.51994787036836,185.71016649450146,-3.949965196691112,7.118521708610478,182.04988883571275,113.06097503451025,-2.1269515133454275,-0.5548856010248984,0,-1.5918667849251351,-2.256252699085799,-1.4087590065301443
SYN108,11,2023-05-01,2024-05-01,119.25213269189229,205.51918304546334,69.64709559162239,74.44818014577847,288.37481294154503,22.762086130636167,10.372682872308655,172.34004827104962,106.89344546728462,,2.1944261104716483,0,7.008650403425404,35.71455218020242,17.377721948370105
SYN109,11,2023-05-01,2024-05-01,134.6416345967476,125.66620819211596,40.476478062717206,23.207744171651722,116.23694564721401,0.25759436394494417,6.813812843571069,93.33384028535224,57.33637233874931,0.22161143559876245,0.03780473133892842,0,0.09895758851717722,20.498892623120728,16.312175658059513
SYN110,11,2023-05-01,2024-05-01,261.97229999763425,3692.035325957614,998.686748604473,1385.4830030022044,3468.4757835822256,158.51695484335175,153.96095779916377,1409.3227894670372,138.73048830759254,4.5702194489487304,1.0295918985521713,0,4.009019957442688,-64.60277720812269,-1.749787624021893
SYN111,11,2023-05-01,2024-05-01,446.8084558745663,511.25033781231366,196.93930483111453,516.2625714180638,480.98570398883345,48.69517502948084,30.37257146459003,114.42270867761695,262.14298454073713,10.124037913320466,1.6032615179209402,0,5.082691725221592,44.242623828106154,8.653808233638404
SYN112,11,2023-05-01,2024-05-01,193.0015580088484,174.14203457741337,101.68215658623947,162.11540427726825,244.42741784532984,-3.249280227071963,8.22238522713691,90.22830508416394,159.43348343499548,-1.3293435964405846,-0.395174896008051,0,-0.8850161878580334,-19.801380882580816,-11.37082205949436
SYN113,11,2023-05-01,2024-05-01,110.20076932102602,596.5477634624767,152.72065875018106,225.1398262158983,438.29772978998886,-14.667298540873285,13.246109326263369,541.3281296836255,147.4193655647988,-3.346423571005295,-1.1072910678603634,0,-2.075320691944938,-8.903893780639091,-1.4925701387193537
SYN114,11,2023-05-01,2024-05-01,228.60922914451396,328.63541192015896,175.6435478986623,472.5005592492795,440.03692069426626,27.075141824800088,11.740768391950184,143.75421900067474,269.01105386569003,6.152925027764127,2.3060792037566813,0,4.858753199146117,50.86980852037346,15.479101361338424
SYN115,11,2023-05-01,2024-05-01,210.53712263919465,184.34272560571557,53.93033704689876,60.47434356983851,284.1266805736346,30.45268902857732,7.5847387773400285,87.55830007310901,112.13418435944314,10.717996974833614,4.0149951003661455,1,7.711887340903281,33.95609177646627,18.420087727841135
SYN116,11,2023-05-01,2024-05-01,161.80629291633392,120.57831819627717,44.92691491098535,108.55901371896198,147.06086131092502,10.688393103805309,3.822970646552456,74.52016607204843,241.63469477940396,7.268006598443115,2.795834468005678,0,3.785048010120822,16.315853837205356,13.531333063251422
SYN117,11,2023-05-01,2024-05-01,51.60803250391695,64.37474658611869,17.42978381316106,28.48922975332665,83.85820050936904,6.3832161715835,3.0416495644944117,124.73784305036773,163.45142348704698,7.611916464711566,,0,5.503589603270592,4.892170058813259,7.599517385701324
SYN118,11,2023-05-01,2024-05-01,116.52313798335713,110.35670793734475,68.28299258299809,85.83709682796024,186.7031570598317,-2.719644263565425,3.325900166076821,94.70797804390307,125.70787187398838,-1.4566675284949124,-0.8177167466735703,0,-1.1987156693133438,-3.2613669601047097,-2.955295623675507
SYN119,11,2023-05-01,2024-05-01,199.11493919865626,657.9986279358856,202.92057515730406,407.06828051340386,428.7107035544122,22.685010515237433,14.395126488511819,330.4617074861483,200.60473424040146,5.291449531620626,1.5758812910286994,0,,69.6442777994879,10.584258817979471
SYN120,11,2023-05-01,2024-05-01,263.53354935611054,1161.8819272866303,464.3502219675672,628.9819752080377,996.6024544857447,94.57518045567502,75.96023549566206,440.88577341497785,135.4542208557336,9.489759936872382,1.245061706806794,0,6.634920274503156,23.012835459512715,1.9806518131541233
SYN121,11,2023-05-01,2024-05-01,121.20795965931352,201.80826408218135,56.86331918483863,103.92830522119486,192.93329181133507,0.5394955931911468,5.176432347085118,166.4975341961171,182.76862256909035,0.2796280455934515,0.10422150952961651,0,0.16701811040392114,2.9109088802531287,1.4424131209352924
SYN122,11,2023-05-01,2024-05-01,116.39885397233849,79.07034133669593,50.241096442597275,66.70349244556597,71.67880825296459,7.040581644863814,3.58160568642649,67.93051532576646,132.76679286205015,9.822403324587391,1.9657612426588706,0,3.60188807946579,19.241377450524237,24.334506624412995
SYN123,11,2023-05-01,2024-05-01,102.73342813801783,119.59401221832375,68.85067238493575,107.42647880668552,187.3632847496041,8.083688474857821,4.53358396246475,116.41197454995317,156.02822032888383,4.314446389889576,1.7830679969281973,0,3.6359382638065103,7.931619927056728,6.632121274246767
SYN124,11,2023-05-01,2024-05-01,96.90598185648122,75.88551162442664,32.95443878237607,30.137807843905286,90.7812093407508,-1.6228759099095396,2.224614447598112,78.3083873365154,91.45295431346531,-1.787678222943706,-0.7295088421554297,0,-0.9392105347413152,-15.281759496502973,-20.13791456284253
SYN125,11,2023-05-01,2024-05-01,131.0130805452724,187.68746583441202,91.07341683495814,95.69604794163983,271.5890896808891,3.005405138876003,4.511635842425665,143.2585701009873,105.07571942212155,1.106600100323354,0.6661453281788269,0,0.9430185084450746,21.866207157445878,11.650328944575032
SYN126,11,2023-05-01,2024-05-01,108.69991172263127,82.32980151596615,41.06743604834465,65.11319599272935,193.083937224599,25.205022194864434,4.15064103849865,75.74044928945892,158.5518899112133,13.053919739343963,6.072561313078877,0,13.194294106165142,27.482812178941618,33.38136576657712
SYN127,11,2023-05-01,2024-05-01,124.59258037805621,142.42458265300002,87.50545868370835,128.59057388958817,136.73575780721532,4.808411151171928,4.454622438850751,114.31225055363285,146.9514883115846,3.516571837742209,1.0794205832655148,0,1.8007872964378215,10.634519125960807,7.466772187685118
SYN128,11,2023-05-01,2024-05-01,139.40250464964333,195.09591356551402,50.57247587174477,64.72553517903386,364.0653501471493,-6.7293559311189055,10.636912751312005,139.95151238913783,127.9856959014271,-1.8483923087981344,-0.6326418283621699,0,-2.0117751130262214,-3.736590739891402,-1.9152583319673886
SYN129,11,2023-05-01,2024-05-01,127.17532697608021,265.0581768469035,83.04777358552208,141.62584872667162,375.84978859928583,12.981682401399798,6.399427802611578,208.4194970434454,170.5353950046911,3.45395495625522,2.02856924115966,0,3.309682185451061,13.943602918965885,5.260582067241658
SYN130,11,2023-05-01,2024-05-01,347.2879682893045,363.8643915665059,200.83242985307362,471.9650680263513,474.96894280086104,58.46501154282528,18.620930169598193,104.77310612252266,235.0044105783288,12.309228304078346,3.1397471023375227,0,8.221165370902987,47.43724232748851,13.037066398078167
SYN131,11,2023-05-01,2024-05-01,678.3554960972191,1175.8941643655185,361.0549151978274,587.4161880623528,797.0487020023627,59.75126272378646,76.77145045261412,173.3448274733215,162.69441664864155,7.49656358183359,0.7783005579745679,0,3.2223957753820063,64.02725686648749,5.444984659910691
SYN132,11,2023-05-01,2024-05-01,151.84765675727382,277.50413434668627,102.13468287126734,137.79653245498565,313.23851919731385,15.452329298687546,11.484440393701242,182.75167379781988,134.91649318446235,4.9330872008604665,1.345501284256091,0,3.598990296268738,10.608802033714994,3.822934767689408
SYN133,11,2023-05-01,2024-05-01,73.02150690718824,127.2684828020048,32.693688734464835,88.05800085309329,147.26077160034038,4.279831660172791,8.343624192521261,174.28903920562132,269.3425069538416,2.90629446909872,0.5129463601691197,0,2.136817554580139,-19.439476987377297,-15.274384167539614
SYN134,11,2023-05-01,2024-05-01,82.76504967904266,142.14983532301963,46.167600853696655,48.69544315665431,149.37458209500042,17.40767977242986,7.572641064747068,171.75104210565596,105.47535989788226,11.653709438570202,2.298759392343032,0,7.739674398281929,20.268952547384,14.258864599684598
SYN135,11,2023-05-01,2024-05-01,174.16586145582147,177.5298192272999,103.94103353488315,131.8530336810565,288.432191328364,0.3963784373706128,9.054365939318243,101.93146793714892,126.85368732340528,,0.04377760298480475,0,0.11270494894924532,-23.576583219103007,-13.280351054104766
SYN136,11,2023-05-01,2024-05-01,214.91244278045568,158.528809466066,64.75841413000566,131.24874781702434,188.41409768380447,19.95303053262095,3.3909080246983727,73.76436999881459,202.67443170170304,10.589988104874202,5.884273589047231,0,5.343017251733414,32.62434463315755,20.579442148741407
SYN137,11,2023-05-01,2024-05-01,202.8307535529519,4118.156457861093,1882.5376409069677,2226.9263384423834,4277.878982947222,-41.53332702303247,92.3032485739481,2030.3412503893246,118.29385453188051,,-0.449966037649892,1,,-121.45576314024854,-2.9492751036304914
SYN138,11,2023-05-01,2024-05-01,90.84225634856271,95.6353120185363,53.58700765360367,51.593968368621965,130.35100065478014,4.6591197962470785,2.214272526855698,,96.28074159717019,3.574287709985618,2.104131149051965,1,2.498488068589115,8.910675796480227,9.317349008861012
SYN139,11,2023-05-01,2024-05-01,338.2641449870118,186.25125423736642,58.82310720750619,211.0450502289974,482.094811656205,58.51413385367712,9.428205411296757,55.06089161312614,358.77916051681603,12.137474297359821,6.206285427719492,0,11.155846699678277,51.582860677132174,
SYN140,11,2023-05-01,2024-05-01,129.7645250780679,107.3754979634769,28.03192999970101,41.58772384344888,229.37745792510495,7.400694461208633,4.079560075847517,82.74641925355063,148.35840359152027,3.2264262269508044,1.8140913048501095,0,3.120812069716337,-8.079250714740503,-7.524296387886005
SYN141,11,2023-05-01,2024-05-01,987.7859789942391,490.6847456259004,253.6930255697139,538.4326622503254,845.877422953791,50.67969324757262,30.28541316824181,49.675208603944164,212.23786544434034,5.991375567230523,1.6734027357010557,0,3.4278455706719284,37.116848736420906,7.564296438250988
SYN142,11,2023-05-01,2024-05-01,68.61394428837247,77.2678427637238,20.232665783475724,24.28336829522767,96.85402508485187,4.674575699492867,2.8683330297017244,112.61244862848943,120.02060704754093,4.826413456123857,1.6297186034841193,0,3.204358675578546,10.218006571172829,13.22413853641329
SYN143,11,2023-05-01,2024-05-01,72.04325504228039,99.64564546013618,56.10543827680445,96.25710423508399,142.24141413303494,4.626055021222423,5.568819964070557,138.31363588674142,171.56465966843604,3.2522560672068304,0.8307065143188764,0,2.694440355599639,8.269004119771678,8.29840991203147
SYN144,11,2023-05-01,2024-05-01,59.08473098151763,40.84405786690585,20.56617664467784,41.035452572819764,55.671924379914444,3.049513684512242,2.282033412425489,69.12794082058583,199.5288345606961,5.477650931736893,1.3363142134150554,0,3.051686825843434,10.164621387601494,24.886414128399913
SYN145,11,2023-05-01,2024-05-01,34.29357216667313,54.32326724897955,24.163725561955612,28.199937467754793,41.2738070865412,3.79141400419222,3.689143925968823,158.40655789650137,116.703599349572,9.186005052169143,1.027721899789133,0,4.278435147533067,6.065992679813532,11.166472465677185
SYN146,11,2023-05-01,2024-05-01,84.57378966644507,175.75229193513343,95.36393667444732,59.90666470654933,213.19122949098553,0.7175518029891323,5.8435709229944655,207.8094083619665,62.818993002625554,0.3365766052864163,0.12279337624971133,1,0.2756357713274863,-0.38434730781062365,-0.21868693920218027
SYN147,11,2023-05-01,2024-05-01,254.90879791487603,356.36938742125034,157.41400361260477,146.33530120853894,393.96906729371767,29.276350426746372,15.205274590963183,139.80270211789863,92.96206045852789,7.431129207136415,1.9254075453623132,0,4.789366139517648,18.503223537045976,5.19214730281365
SYN148,11,2023-05-01,2024-05-01,175.07786858023636,220.52176257658547,142.13011302349292,151.1574901892841,353.8419267607593,15.642308951382052,13.95161910014043,125.95638978522442,106.35148806523429,4.420705339974643,1.1211823401360352,0,3.9540757168151144,7.8878463063349065,3.576901533060947
SYN149,11,2023-05-01,2024-05-01,118.37804573455229,85.11868514353223,52.02275599717396,43.85403591133906,145.24927533333462,-3.9119601627955563,2.7910003799611802,71.90411415846488,84.29779443772904,-2.693273445817849,-1.401633690515645,0,-1.922370028213978,1.592067594019798,1.87040905452799
SYN150,11,2023-05-01,2024-05-01,61.00493663897379,58.67610261071309,27.553866906597882,60.206191303020724,84.41217687379003,10.306538574949034,1.476537370267773,96.1825482386078,218.50360062748257,12.209777021103234,6.980208413607522,0,8.611672023875744,10.449493831301782,17.80877285021639
SYN151,11,2023-05-01,2024-05-01,106.36881851686033,107.92743728859946,30.337654136979477,61.47398799237433,150.78505143019916,17.75707275155565,3.1765465042058754,101.46529668512966,202.63263505744118,11.776414560415285,5.59005597054681,0,8.286226320106914,14.95392090670415,13.85553227463111
SYN152,11,2023-05-01,2024-05-01,444.38190918054073,215.0089964798512,98.72818735826567,132.70311010420662,388.4447280458851,33.58829134736457,14.75940994807975,48.38383202330108,134.41258636973902,8.646865029249913,2.2757204702302154,0,5.093836002139775,23.34300563740124,10.85675763320385
SYN153,11,2023-05-01,2024-05-01,130.98158768050692,102.28423102830898,28.387857343673566,44.618473644239984,135.3133780641925,24.930730736467403,3.282919954561724,78.0905414567144,157.1745028308152,18.424438952843445,7.594072070452203,0,10.6876913533518,15.483872604086011,15.138083796905677
SYN154,11,2023-05-01,2024-05-01,191.8458551845066,146.56055964611411,52.59371200918907,55.22399776979273,307.8175155089133,8.21864685333897,9.672713920260113,76.39495755858805,105.00114112528149,2.669973747189506,0.8496733100029448,0,2.428632110136733,1.9651863141539874,1.340869821252823
SYN155,11,2023-05-01,2024-05-01,24.62508520714984,11.960317151088303,3.121588908229412,4.393173321069154,27.450942648276204,2.8918686620500402,0.6611660975603724,48.56964778183041,140.7351656551405,10.534678896470016,4.373891330364195,0,7.904433122624554,1.0113043025314576,8.455497373156499
SYN156,11,2023-05-01,2024-05-01,69.20875605653244,36.967697056883296,12.87944179722046,17.859698973724665,64.97902233970514,9.373149934549213,1.0604347655767037,53.41476882879765,138.66826881875429,14.424886058683883,8.838968919933276,0,8.82789889820202,12.054953168143737,32.609424248403734
SYN157,11,2023-05-01,2024-05-01,136.39208630447547,116.38991920642592,37.20255110040096,69.3022055059415,156.43958328837147,24.485941828837266,3.5460014030088898,85.33480377050789,186.28347641781636,15.652011667469948,6.9052262100235495,0,9.686584208930684,2.0347240329075866,1.7481961039072955
SYN158,11,2023-05-01,2024-05-01,540.7149453821182,429.1616112029527,239.64094796768876,465.1750750198564,759.805327912431,13.93556993387344,16.202709626791055,79.369289654028,194.11335123018162,1.8340974223175677,0.8600765091062968,0,1.43683954821431,52.58129374071266,12.252096265862582
SYN159,11,2023-05-01,2024-05-01,58.83209338778525,79.8904869633789,42.71630321602542,56.45303555439813,90.93263413831544,1.3327051761965487,4.97371995877781,135.79405790779802,132.15805513155746,1.4655961402915074,0.267949379386457,0,0.9606980873790852,11.527215742193967,14.428771409890066
SYN160,11,2023-05-01,2024-05-01,82.40930799346825,184.58405914276977,50.37218168620086,36.47430541632219,126.6971757214203,-2.6953566765602597,10.637123954808123,223.98447898312637,72.40962014221054,-2.127400757919629,-0.25339148890353225,0,-1.0095219613395514,-17.31864520914959,-9.382524845091949
SYN161,11,2023-05-01,2024-05-01,359.1583136817529,346.630188210746,155.06513906439835,148.06220088864626,511.1926974926079,2.555847142567825,20.567943053990888,96.5118096967935,95.48387328189621,0.49997724050132464,0.12426362402203865,1,0.36212649196105995,19.42016223802985,5.60255941303724
SYN162,11,2023-05-01,2024-05-01,152.5763641808079,602.8668966887598,163.1225348964853,125.57655604856718,271.7157607293604,-6.080618931519037,16.501602443985067,395.12469701686103,76.9829601582981,-2.237860223932896,-0.3684865728743489,0,-0.8049074293838855,-44.181913101653635,-7.328634785608953
SYN163,11,2023-05-01,2024-05-01,145.1289198455051,375.52682696289753,164.10875808244737,206.5890336215033,381.9369840675648,22.225869741970314,14.991097012619205,258.75395983285705,125.8854408719089,5.8192504703965895,1.482604623481592,1,4.268822514341566,26.30626751659996,7.00516331399116
SYN164,11,2023-05-01,2024-05-01,146.38659968756016,552.0247971703928,155.69333939968143,101.17655788017501,317.82667914919364,-15.569697288252609,27.1054119261812,377.10063513231773,64.98451267747811,-4.898801236551923,-0.5744128637725586,1,-2.229301720776367,-42.0768556878688,-7.622276373008836
SYN165,11,2023-05-01,2024-05-01,176.22538912194693,296.0736781997491,116.97696675489088,388.6494619580415,481.8507642453248,13.812893727364722,15.120656169691529,168.008525715252,332.24443472910605,2.866633147090363,0.9135115283589254,0,2.9246074538521953,27.487795447244363,9.284106447551018
SYN166,11,2023-05-01,2024-05-01,81.76059460379602,134.0789657781739,56.196630073061876,99.37226550323949,90.78793218971478,3.5329175033547022,5.991999220539863,163.98971463931701,176.82958101588028,3.891395495132712,0.5896058015568961,0,1.6368257501555878,11.137864765742954,8.306944121399269
SYN167,11,2023-05-01,2024-05-01,423.5978279491211,651.9376926031916,219.25178377239038,313.0600645530207,1158.7712746635425,53.37120615389321,45.00987293255018,153.9048714578151,142.7856408584637,4.605844770305505,1.1857666479946067,0,4.96229135477421,151.5240833466382,23.242111181147006
SYN168,11,2023-05-01,2024-05-01,191.8779208458902,100.63606984321942,38.33488566598052,86.39470717772892,236.9284011780603,8.560481293371367,3.6472561816044116,52.44796764503555,225.36837055026896,3.613108960684648,2.3471017299381614,0,2.926520291629277,-13.005856610979915,-12.923653150646377
SYN169,11,2023-05-01,2024-05-01,160.82401395740504,184.86162907238585,93.63399855288768,144.2999367594319,331.7872414092557,-5.256139495634983,12.680833903913667,114.94653349551844,154.11062113077054,-1.5841897576620783,-0.41449478287171543,0,-1.5204969027834383,-15.650460586763971,-8.46604060847898
SYN170,11,2023-05-01,2024-05-01,127.70969286416718,173.76342720572615,57.27842955349002,96.97034454949814,280.8096856014522,4.426127545818612,11.14832996329812,136.06126779315179,169.29644423812533,1.5762018807643727,0.39702157725776416,0,1.4681665631723524,-6.260108615477708,
SYN171,11,2023-05-01,2024-05-01,65.97589496857233,52.7310172885348,19.72358300427682,29.30439711294429,128.06522770709756,-0.7254769857576266,3.019087409766758,79.9246714480391,148.57542418428736,-0.5664902165456578,-0.24029678087845555,0,-0.6111497401148107,3.88392830587915,7.365547841846064
SYN172,11,2023-05-01,2024-05-01,112.05250231022869,159.39987097159192,101.53660167027525,200.50127591284954,191.93810839205054,15.034745837985854,9.854607079284389,142.25462857605558,197.4669947729264,7.833121814077722,1.5256565499796295,0,5.538631199358441,23.993817732403933,15.052595454534643
SYN173,11,2023-05-01,2024-05-01,78.85438240173762,265.3125574468041,162.4119192308592,144.55606222939193,327.65903166858374,-9.785441668390273,17.814543704342743,336.45886172200585,89.00582107149032,-2.9864709111049086,-0.5492951057738754,1,-2.8432253465996977,-12.811404565082306,-4.828796905947819
SYN174,11,2023-05-01,2024-05-01,124.33743390617444,399.7298437462954,191.68478902983833,617.0458419684597,259.18055586725797,5.2178048337147125,12.08088268433673,321.4879310183715,321.9065242951584,,0.43190592691374874,0,0.9956364490237931,15.010312000464648,3.7551141690565255
SYN175,11,2023-05-01,2024-05-01,123.03002362080206,79.32472606941445,41.558258994330565,75.81213102310427,90.32762846714942,12.578721410046064,3.863585975334289,64.4759089975515,182.4237416525237,13.925663303139554,3.2557115307774964,0,6.21617304723647,13.001351787107474,16.39003679096278
SYN176,11,2023-05-01,2024-05-01,186.23645435742955,265.790855698781,152.1146997543041,112.25861174384721,483.4776590816208,-6.264516259974049,9.73823992631907,142.71687925752104,73.79866109269354,-1.2957199039710896,-0.6432904002542845,0,-1.3858711897728133,1.214242415729931,0.4568413057468101
SYN177,11,2023-05-01,2024-05-01,324.439870612316,483.8729563906095,133.01408750304094,184.55635473821593,873.9929143790689,27.610198814215718,10.240854052628613,149.14102741977894,138.74948000075304,3.159087260316232,2.6960836149333423,1,3.41578135244856,56.76820957571354,11.732048428407529
SYN178,11,2023-05-01,2024-05-01,151.722542666769,187.1117879008816,104.38409068776039,158.7566092085122,306.2486169240971,20.627979351481603,9.327429342892888,123.32497505781897,152.0888941624198,6.735697146542279,2.211539599300129,0,6.087924832446424,37.32223301055717,19.946489437815544
SYN179,11,2023-05-01,2024-05-01,120.44837664774263,137.93067718176607,37.07636544720356,64.53355346215437,228.1343303345625,13.659034205237607,3.5847988421717383,114.51435131014784,174.05577025625564,5.98727696318499,3.81026517989018,0,5.286432473063591,5.857671790200519,4.246823049002533
SYN180,11,2023-05-01,2024-05-01,483.8618326953533,877.2388025659627,554.7166842263547,1414.3263144599798,626.2841779476529,-12.080779887655279,27.298809737041026,181.29944196658417,254.96372376693424,-1.9289613745702887,-0.44253870421548785,0,-0.8875743332039445,-13.436055260502226,-1.531630295103359
SYN181,11,2023-05-01,2024-05-01,312.31269291154473,267.5936791879395,162.13027261220878,216.85679233255402,390.5004262431628,34.46037244387915,11.419836987093749,85.68133324755044,133.75465842288617,8.824669610583431,3.017588822224425,0,5.942402791526388,34.984895517423624,13.073887105103342
SYN182,11,2023-05-01,2024-05-01,216.29154971860336,525.3778098276262,328.2139648565355,517.3023893921502,476.0267466859557,47.984677510257946,24.469608529366752,242.9026055392113,157.61132821337037,10.080248188641045,1.9609908124467956,0,6.469820667745541,76.1244737386427,14.48947258804455
SYN183,11,2023-05-01,2024-05-01,236.2686060920284,140.94411427084174,90.2327495248089,115.80925208192701,263.8577806145956,15.901185367793477,8.929380334801264,59.65418622563124,128.34503291965632,6.02642276864277,1.7807714277574649,0,4.2154425101298,22.954119495781626,16.285972361834432
SYN184,11,2023-05-01,2024-05-01,98.46746615963224,76.36171079048607,34.0020173735327,32.87521992384549,113.4481308308593,10.278196185119,5.309003989187898,77.5501937530219,96.68608648331463,,1.9359933060986876,0,5.87899363505643,3.1287897429216907,4.097327980912009
SYN185,11,2023-05-01,2024-05-01,146.28438382638265,345.63257061881467,117.43927086371455,123.91324407598897,336.4311221930143,34.00843592145563,23.405438874927697,236.27441397232667,105.51261359565771,10.10858796290095,1.4530142375533937,0,6.913450657502065,60.228842118161054,17.425684740974603
SYN186,11,2023-05-01,2024-05-01,95.57293170931054,85.8819032001416,50.00860494757228,122.51257507307497,189.39251241836715,9.04911918230554,1.9770585910914356,89.86006985885433,244.98298883065016,4.777970927549702,4.577061713335452,0,4.986981574131737,0.8976119587790841,1.0451700827906247
SYN187,11,2023-05-01,2024-05-01,125.71918048376563,166.23928152592347,49.67822317499098,103.08221992802356,316.719414201546,23.26780431969722,7.8843414346566805,132.23064363467617,207.4998124729977,7.3465039641967245,2.951141133667863,0,7.969559833797535,29.714572199470737,17.874579297214435
SYN188,11,2023-05-01,2024-05-01,80.92021553353231,33.06887862954586,16.165025672097606,80.5101045368654,118.31116692363669,11.850540887677393,0.8383366155005292,40.86602885510424,498.0512012166712,10.01641788836912,14.135778717719521,0,10.396205860468942,6.273187597389178,18.970064475619413
SYN189,11,2023-05-01,2024-05-01,371.60654312853563,270.3361974444277,105.94383812379573,207.2240999891893,380.4542183428657,8.624165466550672,8.376392981136384,72.74796486856278,195.59806748463015,2.266807686905068,1.0295798544758192,0,1.3434477752413259,32.014898009138705,11.842623485787517
SYN190,11,2023-05-01,2024-05-01,108.9997136524887,87.66786454328714,37.276366770841925,51.17844270820247,110.01199898538985,8.929841408005878,3.98728162530847,80.42944481743187,137.2946108799287,8.117152210998189,2.2395813105664524,0,4.540576281015942,0.8657540557528289,0.9875386611309003
SYN191,11,2023-05-01,2024-05-01,373.8883834117726,425.1230321023223,259.2718793450332,247.9556844768942,854.6998179985902,42.01509493445632,27.743254920229496,113.70319351005985,95.63539443740459,4.9157720698760725,1.5144255803892808,0,5.2583848138669245,33.86785309148146,
SYN192,11,2023-05-01,2024-05-01,137.61134054256007,112.99383114163192,52.437032515701794,57.02289884224017,274.7444751323564,13.094206504386412,7.780678654023748,82.11084253385751,108.74547262979684,4.765958077256462,1.6829131604882297,0,5.225034430210199,7.800698197196608,6.903649622623059
SYN193,11,2023-05-01,2024-05-01,103.44402259033403,203.70202727028442,54.64829947094932,116.10746292985662,249.78132646909967,25.697218148724183,10.268963996491124,196.92005605485673,212.46308495212847,10.287886012929462,2.502415838394686,0,8.366449173084098,30.192821480649854,14.82205252704145
SYN194,11,2023-05-01,2024-05-01,53.90869509984203,189.86213215753483,119.6356720067027,135.38649032314038,116.18536371650995,5.865882788191566,9.995709255713502,352.1920384195892,113.16565373207017,5.048727826427609,0.586840076889857,1,2.406310408094189,-6.738985671400071,-3.5494100876358607
SYN195,11,2023-05-01,2024-05-01,79.59352073677348,57.52516823331197,32.588998090512845,72.83204728826782,78.89710845396759,7.3225012816570185,2.298208499367663,72.27368220530848,223.48661068371516,9.281076867258477,3.1861779658685263,0,5.340264946126005,1.4690925172724665,2.5538256773349803
SYN196,11,2023-05-01,2024-05-01,425.1913506634577,428.0248925629448,112.89402878662078,249.59017240900437,580.2121112487482,77.28787417716191,28.849702957561014,100.6664156961485,221.08359059516852,13.320624075016438,,0,9.058415705366903,60.426294340010756,14.117471995188817
SYN197,11,2023-05-01,2024-05-01,248.30967921930625,153.06747074248094,70.65983361620368,240.95811954696015,409.0374045699716,60.39772146477984,4.082776888688905,61.643779341880695,341.0114448552901,14.765818673301297,14.793294640250416,0,15.04762328162676,70.42099589213888,46.00650651020059
SYN198,11,2023-05-01,2024-05-01,108.50093648354192,780.4759168175251,260.47074269698953,390.6883758970445,398.6590341491259,18.472276841501365,15.842665544753917,719.3264335888128,149.9931899651162,4.633602968744329,1.1659828826985625,0,2.077925513235542,-3.1394894438324457,-0.4022532119420229
SYN199,11,2023-05-01,2024-05-01,163.6780461762312,293.3087315358517,147.0538403101551,147.3282295785031,395.86598193709915,32.606438652589745,9.985720211134135,179.1985781770928,100.18659102527978,8.236736708983173,3.2653066542194304,0,7.135094546024897,8.777471577616826,2.992570842216451
