0,1,2,3,4,5,6,7,8,9,10,11,12,13,14,15,16,17,18,19,20,21,22,23,24,25,26,27,28,29,30,31,32,33,34,35,36,37,38,39,40,41,42,43,44,45,46,47,48,49,50,51,52,53,54,55,56,57,58,59,60,61,62,63,64,65,66,67,68,69,70,71,72,73,74,75,76,77,78,79,80,81,82,83,84,85,86,87,88,89,90,91,92,93,94,95,96,97,98,99
0.9999999999999998,0.31525230233188306,0.3361425392107183,0.3294935862225488,0.30539017946302177,0.3436097286156468,0.34134050084877793,0.3533944132626472,0.3114412479124496,0.3223461028233703,0.3203737026680684,0.333292039242789,0.3158179085268284,0.34986256430023377,0.325208208677582,0.32430189298192996,0.33204273677557267,0.30340522874107484,0.32473909701576326,0.33810661471583897,0.15321148079012523,0.15488473383186227,0.196740018644405,0.1816766872198499,0.13871399224179498,0.1678769152262061,0.18328723689924498,0.14964705392066222,0.15883686929759114,0.15804398347598494,0.18510791708784916,0.168635790166614,0.17424292261136448,0.17028374592111845,0.14333367576098688,0.15488746316235527,0.16552209950309246,0.1621614572688132,0.18487230657634304,0.1671410632066067,0.134081840856663,0.1947701580444535,0.19907799663350667,0.1854347896568714,0.18059642000663667,0.16114355259397695,0.15224201746253338,0.15855182871517368,0.1571236434431828,0.16688562347773567,0.19145032449974317,0.12646220487815682,0.19467169376828075,0.17881397582195527,0.1327207346438969,0.17323395752616116,0.19154170609507146,0.18003982601655805,0.15350620640249482,0.17152771789636775,0.16297782598429825,0.12685392580801216,0.1460143739733177,0.14787306045994522,0.19149985266787864,0.15665848084781253,0.17303105969552143,0.11170143817148027,0.17826028977678388,0.1607883419544752,0.158576088271366,0.14341656478952472,0.14205972872031622,0.15522029975803575,0.16702484782922725,0.15016786216633005,0.1503167762694582,0.16589109347878994,0.15084832746516263,0.17396856534678357,0.12278243176509977,0.12973886133540632,0.11854923247884046,0.1856292159709234,0.10478471465715312,0.11364779903929963,0.18716397407737556,0.1341781875422435,0.15297449885269807,0.15014666169839944,0.14555758945782812,0.1517224445348552,0.13505352580100752,0.1352436645019512,0.14112210691040225,0.1287514546868346,0.1251987340241373,0.1184764340191567,0.11870927920271213,0.1614938365423488
0.31525230233188306,1.0,0.31267660175428613,0.3063009456853852,0.2842776501765145,0.3189110812313276,0.3176347334276574,0.3293914497807229,0.28833156997661835,0.2996002048938665,0.2975160117790516,0.3095155659304854,0.2919471893771397,0.32654849159946814,0.3041289352534995,0.2998232683962946,0.3099150810152725,0.2828569497658007,0.3033251606071878,0.3136246719012343,0.15097144456331146,0.15143834364421335,0.1890911508598233,0.1752604859548227,0.13677205145534874,0.16474711623522825,0.17854236890098327,0.1462418710597594,0.1553383282512727,0.15319023036118348,0.18054043585715412,0.16381027481689048,0.16864276177453114,0.16676805594441252,0.14178178439049438,0.1518039617894538,0.1623694460924246,0.15682351451229093,0.1807607979985766,0.16182328044022712,0.12477093702331339,0.1811397322709899,0.18616786956241085,0.1724674474419703,0.167019014322806,0.15101523198069608,0.14150382939992892,0.14663725358831034,0.145296420001076,0.15468915095902877,0.17850958148506282,0.11549002910192857,0.180251739302334,0.1671803054477084,0.12327593826126365,0.15994003037572396,0.1785443231631423,0.1663675482240489,0.1417855456209511,0.15945823952853486,0.15959597202410453,0.12765333257383316,0.14558809289177851,0.1461853485307453,0.1867240090327459,0.1553314313617188,0.1694835054381617,0.11474692431179949,0.17485309519074857,0.15900685217565486,0.1569913766867858,0.14235770671886025,0.1414371820839861,0.15393485639844717,0.16381755181251953,0.14949995797689747,0.14835322875993312,0.1626719883316691,0.14867693482487337,0.16956701753152212,0.11239156615611283,0.11970240164712545,0.1073194069132265,0.17101323814408345,0.09604205413954742,0.10498298668236462,0.1725001748628012,0.12425131198882748,0.14301714589347453,0.13673294707927858,0.1332258525358761,0.1388669376417049,0.12306855640676641,0.12511174109046813,0.13000443907810075,0.11833603745836112,0.11502313071952475,0.10898864950908681,0.1083581982358548,0.15000804303102477
0.3361425392107183,0.3126766017542862,1.0,0.3304224637491997,0.31289929566429064,0.34714057456134667,0.3417641167802967,0.3523492990284938,0.30354670245470533,0.3258346889928201,0.326742746675674,0.33810910041047704,0.318083035716924,0.3458195013616117,0.32427782438479175,0.3314089755976273,0.328052646836995,0.3070157232893675,0.3266731917036989,0.3374407208583837,0.1777818507858301,0.17152737714123872,0.21003748885312162,0.19682095674296973,0.15552113922543995,0.18652030917742937,0.20630580878178306,0.17243741622436332,0.18587493371031744,0.18012362999193332,0.2056443793237719,0.19414798497343233,0.19196706175285908,0.19392709602710775,0.16512776016177608,0.1736168940341029,0.18352912030292354,0.1894796245556168,0.1951404280482814,0.19689218327104788,0.1163423450229886,0.17228499495141883,0.18067965669279407,0.17168755704648778,0.16357835870147697,0.1444993495255211,0.13946687263766752,0.13805626132811508,0.13710690657514188,0.14463463783704084,0.17183223316625942,0.110409714200824,0.1780449779828834,0.16227145296941076,0.11041273988297093,0.16242005898647513,0.17032425304680876,0.16224750759668616,0.1363800466383096,0.15106255642143432,0.1368649237736157,0.09713443603247243,0.11798536564465961,0.12341508843815624,0.1666934835220057,0.12595505553169548,0.14648553936694017,0.08607179503938257,0.15043269792615685,0.12928702816416163,0.12843490396361953,0.11271670718682741,0.11076231864903585,0.12906835227228097,0.13209240828011393,0.12223482379126416,0.11892197947290539,0.12873645740963016,0.12391239772573306,0.14264213490945657,0.12626726641272948,0.12583531814175195,0.11799631315103737,0.18757497338898468,0.09989828285746934,0.10643913002924905,0.18370536603124324,0.13878147156579335,0.159058895636351,0.13787596444684105,0.14969897251560016,0.15008372482563026,0.13509170360576397,0.13776679866820027,0.13523639880136346,0.1283704366409724,0.12893549617440248,0.11743322418540297,0.1194312403456024,0.16181532408528296
0.3294935862225489,0.3063009456853852,0.33042246374919965,1.0000000000000002,0.2998690288305312,0.34021891630967155,0.33444686088161113,0.3455452815579226,0.30854380391692376,0.3158772528203249,0.3172779665108472,0.326420088537059,0.309159517224572,0.34059317010854634,0.3190067975191655,0.3207114191746356,0.32505244698983576,0.29861435538582115,0.31776221996731774,0.33133315749813264,0.1505156645985475,0.1496731819254092,0.18816259037566235,0.1763105375868591,0.12758275797455973,0.16081241797011817,0.18250565453082027,0.14722488109061546,0.15436909162306217,0.15018190693194589,0.17529433075660028,0.16596624012766317,0.1701454075458415,0.16469971084923768,0.13656119233930036,0.14635912406512008,0.15865779082774847,0.15969255094249543,0.17447770857017011,0.16878554939405613,0.10823105363857292,0.16925336380340084,0.17074217084748874,0.16176878526278712,0.15617224536836866,0.13200472941875455,0.12996392276322075,0.13106718737747342,0.13411461046609402,0.1394456396776723,0.16429033843911436,0.10548686566058506,0.16763039293680093,0.1535089313580398,0.10578808003855229,0.14883602121177475,0.1631061703830838,0.1538043536137311,0.13255854910310408,0.14185742536625326,0.15224780776868535,0.11744209770933338,0.1356167008763782,0.13892420124878976,0.17932429350905296,0.13897162167247934,0.1591787504054619,0.10362642278238575,0.16969915168484265,0.14877364375659058,0.1472124373871107,0.12921696828606055,0.12898872505492665,0.14336127053473763,0.15380176925366948,0.13690644964516327,0.13826231141551365,0.15196853792627918,0.14319846337875977,0.16269032659351212,0.1361630963479554,0.1370283922419238,0.13130241145791927,0.19223374580871708,0.11418941643863992,0.12209332922012867,0.19286368806180523,0.14347139576815446,0.16540019331285113,0.1563503502229721,0.1568418733095951,0.16046938497496985,0.14323302322213857,0.14558518381916152,0.14671288305525185,0.13939491048465766,0.13310074374308928,0.12765575222473063,0.1320476587629655,0.16878563327981483
0.30539017946302177,0.2842776501765146,0.31289929566429064,0.2998690288305312,1.0000000000000002,0.31466049475087243,0.31037287920483914,0.3200908860229632,0.2739977636124832,0.29602973410995487,0.2965482307263086,0.3071021931462688,0.28841283442847826,0.31423588511666106,0.2950801288562621,0.30060955517595833,0.29792949686426773,0.27917253326349284,0.2972528243671807,0.3058772241245935,0.16695873969494085,0.16092868227174909,0.19532721503719555,0.18353748896082822,0.14696855691017624,0.1749673567883189,0.19237587660813676,0.1614909997095829,0.17429866646826445,0.16895536485595705,0.19222890582984545,0.18137593666170965,0.17879306507741055,0.1816774331481395,0.15573582039935915,0.16301109623458646,0.17219442844872332,0.1769045794133921,0.18253408396563528,0.18338900748262912,0.10784273493987738,0.1585261587779166,0.1665703082926235,0.15843805516259551,0.1503038575203948,0.13408178449278313,0.12927151897735437,0.12727899612710192,0.12602271880748472,0.13326660654026634,0.1580758730032179,0.10183151986424714,0.16401238097990695,0.1500002330286388,0.10242748797778865,0.14966132318062256,0.15680137986690246,0.1490484664968423,0.1254609932347537,0.13931350192523176,0.12652159384079512,0.09052354239005528,0.1092406867314427,0.11461687049649134,0.15391494775954978,0.11718814433288158,0.13596007108790953,0.08105696244753978,0.13881162178763662,0.11962417561126769,0.11898378994872688,0.10497310177456759,0.1030919721046375,0.12005017667842281,0.12180083458660025,0.11401607062329713,0.11029437745335886,0.11861399075623899,0.11460975758397168,0.13153624805830236,0.11493588632403651,0.11497105871209437,0.10680699219612116,0.17094550217670715,0.09125853843576029,0.09703842261097871,0.1671430568220435,0.12710559106167257,0.14565095512235596,0.12458933485682386,0.1363300176571399,0.13648749423475084,0.12307124479602194,0.12599192971548334,0.12348286223706151,0.11710016246152449,0.118187998574405,0.10723146506501927,0.10860245418709406,0.14802838702730609
0.3436097286156468,0.3189110812313276,0.34714057456134667,0.3402189163096715,0.3146604947508724,1.0,0.3503280217433872,0.3615200549160842,0.3276606090099518,0.3313903835172357,0.33551728866171243,0.34420950795029537,0.3258815908959485,0.35520388235768396,0.32935384611001517,0.3382617090485939,0.33893542991533515,0.3117776311339323,0.33095117160679394,0.3501408578532648,0.1380160147803087,0.13225006496127148,0.17512695213778257,0.15916322196919883,0.1100351938054982,0.1463464018168992,0.17202967947478592,0.13592474649531006,0.14392643630395538,0.1348514830577696,0.167009345872738,0.15577819356854386,0.15986209440344126,0.15369814901464915,0.12163929205563058,0.13366599028667994,0.1433446811106397,0.15104830259640536,0.15898431798549362,0.1629760671004032,0.09061603785265139,0.1486424406653314,0.15564911952969732,0.14251247032461756,0.14125398250295892,0.11439762017594612,0.10795514312140037,0.11354707923691375,0.11742209553144171,0.12092668952795202,0.1507014704306454,0.08523237824838616,0.14909624660934695,0.13421632361395294,0.08389653338376873,0.13431697260184616,0.1476989086683566,0.14020905547888868,0.11489180011352997,0.12658819329290852,0.13531598608463064,0.09871248756180885,0.12361809883579175,0.11948731633644054,0.16395032888346953,0.12217381261991128,0.13774860601793565,0.08378226690443175,0.152709123356136,0.13230595053119298,0.12982209204090944,0.10866290961505083,0.10907575225820852,0.12445565064747936,0.13668283619866906,0.11603094267752785,0.11752953920765015,0.13470695608804265,0.12490948725330595,0.1430892981643381,0.1180678349310161,0.11465849029045595,0.11386680447692904,0.17733877011463536,0.08846659959289273,0.09955736156960625,0.17709401311772116,0.12474223092990401,0.14779060481309328,0.13757253633274796,0.13956197922515304,0.1419905747458245,0.12321412389459434,0.1255610066620828,0.12365225603520785,0.11803808260864744,0.11148561556341659,0.10681021769660565,0.11170870100543245,0.1492073838629485
0.34134050084877793,0.3176347334276574,0.34176411678029667,0.3344468608816111,0.31037287920483914,0.3503280217433871,1.0,0.35738531837927395,0.3162763167005955,0.3267502468312911,0.32683940180821264,0.33817265033949767,0.31983612655521165,0.35276417051396014,0.328700683247678,0.330307366219938,0.33549052798610857,0.30800852602327244,0.32868032422294685,0.34258275928683163,0.15613016435469934,0.15484756278744,0.196040540230321,0.18155721716451026,0.1362373174761332,0.16826875104224687,0.1874222720143023,0.15236610135241793,0.16159963533982133,0.15774970303911384,0.18590535122992535,0.17196614712306013,0.1761196159476708,0.1724223173544389,0.1437915960044815,0.15470975016889502,0.1657032918729203,0.1657804060596308,0.1830834006924915,0.17328731191871594,0.12038473336429285,0.18083341430471522,0.18574324758828717,0.1733320392369439,0.16836938537216764,0.14681480665763474,0.13988533953765697,0.14403370139907426,0.14454312515873113,0.15216771019254935,0.17850971529435578,0.11385691654978397,0.18100309951058374,0.16584829238698398,0.11725706416368872,0.16164619023261048,0.1775858073025948,0.16722240799257815,0.1418071126852076,0.1568665129860607,0.1563341465653563,0.1199084140482708,0.14033466126918326,0.14160930565848528,0.18517216403478065,0.14705122921342378,0.16452886328069505,0.10559314906744285,0.17265450891542491,0.1533904683095346,0.1514003613677474,0.13421022394835427,0.13339764811858115,0.1479937346041005,0.1585289725301729,0.1418313331958643,0.14183806922751782,0.1568166029587128,0.14500523956428238,0.1661269444991587,0.1262267313580917,0.1294525269870085,0.12114033281467464,0.18759771182575433,0.10422843613255071,0.11327728599504877,0.18804888239857875,0.136417251638277,0.1572868392910241,0.1490020467390015,0.14859846732954685,0.1529634448569357,0.13572515228838322,0.13741468700059317,0.1399014067476449,0.13025285320763708,0.12599334977684168,0.11934386590959628,0.12132739783877673,0.16271061622213165
0.3533944132626472,0.3293914497807229,0.35234929902849377,0.3455452815579226,0.3200908860229632,0.3615200549160842,0.35738531837927395,1.0,0.32733047114136204,0.33717288484799296,0.3369209993277141,0.3486789637234052,0.32889051330330504,0.3661262230766313,0.34110686454135297,0.3391321364346882,0.3482636839924061,0.3184850129846343,0.34053695634339226,0.3537472928012076,0.16409328885956648,0.16250119328773116,0.2045357930042419,0.18929291987163366,0.14345445018328257,0.17730945788951114,0.19641585693418698,0.15929773896913374,0.16871433523271992,0.1637491195139023,0.19538851912945632,0.17911372348504717,0.1841101635246999,0.1809800267796439,0.1514785096728286,0.16263711004251888,0.17453196208615054,0.17173749883120182,0.19378849013390465,0.1797747967188474,0.12474064425747002,0.18746642513225276,0.19318026037927077,0.17865391087901694,0.1734443527822476,0.15270740180631895,0.143788403647308,0.1486828994145796,0.14930817050861342,0.1575151774425217,0.18553093360743628,0.11576077145134801,0.18621347959046014,0.1720604150200062,0.12162210235255107,0.1654597606064922,0.18459526831756548,0.17229807669629196,0.14593426288970476,0.16268261528695302,0.17051724763461487,0.13484747451509727,0.1562266743561694,0.15553713732775756,0.20067479400991167,0.16285260804188237,0.17910110724721084,0.12052173111930858,0.18856942797903986,0.1695293317526425,0.16727426768208278,0.14885109882750933,0.1484774086906742,0.16313462128097678,0.17435232270634757,0.15708884958202002,0.15648308564194593,0.17279039436766885,0.15925988054169316,0.1809215199649992,0.12711834804843736,0.13176729594853057,0.12146399891252065,0.19081374376672183,0.10531285241007922,0.11579383403728485,0.19200797715513074,0.13843548049202078,0.16105132352956944,0.15159792985199705,0.14978549633406968,0.15486606876564118,0.1364671799636239,0.1395768099999689,0.14247232433469686,0.13185866994594334,0.1267861415602627,0.12088741422388312,0.12207704931274702,0.16634925294438713
0.3114412479124496,0.28833156997661835,0.30354670245470533,0.30854380391692376,0.2739977636124832,0.3276606090099518,0.3162763167005955,0.32733047114136204,0.9999999999999999,0.29504451907263485,0.2991650428207641,0.30561893090261605,0.2936719585674494,0.32384248224724344,0.2959317944267937,0.3006790939853436,0.31089879235786383,0.27682389456665973,0.29412687879007987,0.32028190410059354,0.07039191822244595,0.07311288845542206,0.11704235530913283,0.10041617860794631,0.04709258389087322,0.08171372193756853,0.10651185392390145,0.07323631399720919,0.07208660303719679,0.06674058018830298,0.09845324900883377,0.08735576271958778,0.10186949606858575,0.08412248466077814,0.054824001072904714,0.070487586372994,0.07984781757906281,0.08212207389959021,0.10208278212950786,0.09420766732616485,0.0747739833646566,0.1328384218685745,0.1325692801318767,0.11640854547805031,0.12272855835715601,0.09060048850119383,0.08370702525645467,0.09880597935033186,0.10615789929650715,0.10737632154640653,0.13234882881862237,0.07205271183066224,0.12462759649585888,0.11104568955664511,0.07252616425039737,0.10741970103343326,0.12994764420572708,0.12214269916242916,0.10093037197542824,0.10913458245126632,0.13605114017596795,0.1076676317174464,0.1301994098808188,0.11906736168629899,0.1588385004774792,0.12370574716351729,0.1330955990605938,0.08771006062303019,0.15547388760576583,0.13957544144077938,0.13531659079574318,0.11319387039341758,0.11562101844849244,0.12303565538983424,0.14803227820119505,0.11560392270660064,0.12442200297761102,0.14900519928049788,0.1297811191005112,0.14921089878124538,0.10430834078077203,0.10391308308703401,0.10737072682610599,0.15528153333990186,0.0823266905684425,0.09620456438769487,0.16197039017176448,0.10350122868429933,0.1244716145903022,0.1397847320233053,0.12138471148964178,0.12947586978520045,0.10888858865006495,0.10776744159787176,0.1132862283676557,0.10555600098780733,0.09069526270831717,0.09526284920080877,0.1017253100360285,0.1294372522218964
0.32234610282337034,0.2996002048938665,0.3258346889928201,0.31587725282032497,0.2960297341099548,0.3313903835172357,0.32675024683129117,0.337172884847993,0.29504451907263485,1.0,0.31040408444126955,0.32183694703136867,0.30451086035775343,0.331883244048889,0.309446767641021,0.315232117649974,0.3149323375474192,0.29177644103778616,0.31087378360793494,0.32386692365301645,0.153239222935629,0.15095231059820544,0.19010993044330246,0.17636577803784287,0.13529214251170266,0.16387114488724902,0.18152499376390555,0.14979634374027953,0.16048213577710213,0.1575491833403005,0.181803074242036,0.16944711695764936,0.17094289944439167,0.16914625789721674,0.1421409285528251,0.15210483705751482,0.16134450698878627,0.16485790796150127,0.1754998082491579,0.17092968468821046,0.11702109148625876,0.1722980522149253,0.17828855884122274,0.16804097945636587,0.16254908489950826,0.14274807533362416,0.13676323275239416,0.13941565118890176,0.1384418498403868,0.14621910412936684,0.17081981165964605,0.11175540867491057,0.1758050582236877,0.159757678184465,0.11316791872088808,0.1588989114812449,0.16995833502237628,0.16175268819772057,0.13653860484322533,0.15150778315824326,0.13609836918331056,0.09873727751255748,0.11827865121208665,0.12204544763775843,0.16373259952514016,0.1266777465368135,0.1447988258712545,0.08568248611205383,0.14923734882488476,0.13041615956402633,0.1289341833014092,0.1142141108508187,0.11248232867228124,0.1276508349076602,0.1350760337337269,0.12159912807398712,0.12069726093096654,0.13287183469058844,0.12385553213564185,0.14382739020306468,0.11892407864799122,0.12085975289796035,0.11346362094764147,0.17809373469498638,0.09660027176013104,0.10366582470141371,0.1766472267377624,0.1295555251553722,0.14766649753334404,0.13731493754098095,0.14120784906835715,0.14401869925405172,0.12903464565992664,0.12949490413379197,0.1307749056043443,0.12212188000781078,0.12080730801976662,0.1118697154012927,0.11358714853279106,0.15310550837223927
0.3203737026680684,0.2975160117790517,0.326742746675674,0.3172779665108472,0.2965482307263086,0.3355172886617125,0.32683940180821264,0.3369209993277141,0.29916504282076417,0.31040408444126955,1.0,0.3222822343739708,0.30412853041137505,0.3304221965463025,0.30856499983822044,0.31711398253294676,0.3148461892595574,0.2925227219789099,0.31036893196240767,0.32485743769456327,0.1483616957213581,0.14184528446779365,0.17974282105541364,0.1665619496730795,0.12221728039851916,0.15526937692900156,0.17857135163741825,0.14496499298143323,0.1546252096567445,0.1465499203450288,0.17366954316010302,0.1646360310117871,0.1651899351582332,0.16277005355405175,0.13347319850612516,0.14284720057917694,0.15244813707080357,0.1602947413976602,0.1644713986192671,0.1706175306722727,0.09079730163571602,0.14477694714369402,0.1515683508766307,0.1420948254234758,0.13765015415480153,0.11456467388114001,0.1106912437537594,0.11154861742318833,0.11410949533948879,0.11813691291671907,0.1453973672944217,0.08657232622195331,0.14740457553607622,0.1332869641957869,0.08436473655705147,0.13382223178330227,0.14286443032081284,0.13611854674316196,0.11304536502305952,0.12342366349296201,0.12559042661005987,0.08968703754694847,0.11138787856960956,0.11206309390416713,0.15298341601701618,0.11243125887833844,0.13032131533043265,0.07765261526527936,0.14081409726798197,0.12027436268172034,0.11881851427237256,0.10049392938409653,0.10007824471620994,0.11637736220814546,0.12335381367014653,0.10871271208070642,0.1081786018429929,0.1206487842947722,0.11525324338532529,0.13177614732987356,0.11844989460429095,0.11491737842951637,0.11241971328321987,0.1739919217635108,0.09062212770918188,0.09886647016986534,0.17178907984426847,0.12646784215409979,0.14783605750092277,0.13137619338255263,0.13923586845084554,0.13988730407245123,0.12367481689704597,0.12659510238781133,0.12317788244243445,0.11860949391299565,0.11505207208277882,0.1077549334617438,0.11210237928872514,0.14843997309902998
0.333292039242789,0.3095155659304854,0.338109100410477,0.326420088537059,0.30710219314626885,0.3442095079502954,0.3381726503394977,0.3486789637234052,0.30561893090261605,0.32183694703136867,0.3222822343739708,0.9999999999999998,0.31665822319489934,0.34275471382215394,0.3180022705951886,0.3275625290024631,0.32477448701901723,0.3014914131629649,0.3210327739429787,0.3363808844744742,0.15198280821875862,0.14809982146305758,0.19011931558754194,0.17414662006680506,0.13361369585542288,0.16250906257150155,0.1807774527527671,0.1490539238782223,0.16100572621837428,0.15713780180667677,0.18373707988067026,0.16973640398224416,0.17082434144222172,0.1692637363713546,0.1406599579373581,0.15182656637245343,0.15959916505207036,0.16604795608788317,0.17379547250942914,0.1722564101251769,0.11729222380169138,0.17170312233366822,0.18049381523234334,0.16835027615581374,0.16435062802184258,0.1440044332479597,0.13551734236989801,0.140395278036224,0.13859515016164078,0.14665413341418007,0.1731611915904378,0.11067867106037005,0.17724515693944956,0.15978578625795922,0.11178857263282042,0.1615486799555479,0.17184185053291287,0.1644043339137137,0.13618217481989314,0.15373708438714176,0.12961576943180536,0.08990948199834913,0.11237191895735624,0.11407392702445768,0.15847440889641978,0.12089233836713109,0.13751556540482118,0.07606645493496537,0.14184344608898658,0.12329608961197294,0.12145925114304695,0.10631150438882098,0.10431073070326945,0.12020909943145332,0.12802335363557138,0.11349647852837329,0.11232043695036141,0.12569862001220478,0.11576318548146665,0.13618314366662665,0.11195660529862343,0.11296168740198768,0.10669443750453678,0.17449662072747252,0.08674131576073993,0.09473969439135256,0.17234278552973942,0.1233092047643973,0.14100925947524864,0.1307644333132204,0.13552681449605497,0.1380010076004174,0.12272670780984651,0.12235051193745924,0.12307622980721025,0.11425241181281422,0.11400418083756214,0.10427260586084611,0.10557155656231225,0.14681190618665574
0.31581790852682845,0.2919471893771397,0.318083035716924,0.309159517224572,0.28841283442847826,0.3258815908959485,0.3198361265552117,0.32889051330330504,0.2936719585674494,0.30451086035775343,0.3041285304113751,0.31665822319489934,0.9999999999999999,0.3231872038137601,0.2978746547148947,0.31254168432853496,0.3060627399777234,0.2830568304680698,0.30070205390094795,0.3204917420454081,0.11954167482076312,0.12143639896111104,0.16518749033362085,0.14932729865978553,0.10734600467410325,0.13136857253092796,0.14782211753302163,0.12054782217403513,0.12964730553653997,0.1317693473247239,0.1511459201365705,0.13969916262263177,0.14369448573737248,0.13652131223834207,0.1102214735735172,0.12327484303153813,0.12932055196659353,0.137967423380641,0.14406110184102866,0.14151195157657925,0.12100370901461004,0.17447524052111793,0.1788318801969133,0.1688181095192378,0.16764274477828206,0.14381636519030358,0.13781330922327426,0.14606232122333265,0.1436504697224769,0.151804560737036,0.17321985344419794,0.11969832701403545,0.18027197295650063,0.15930517965126115,0.11814213461051423,0.16405317906125116,0.17286641019709476,0.16822755770876538,0.14095761300887402,0.15677250133366044,0.1127806968231993,0.07175426031414978,0.09160023492345212,0.09614617703461809,0.1383606684044073,0.10222816785185149,0.1200298825554296,0.05463142885092286,0.1219434996879766,0.10443970562972305,0.10232600648741413,0.09015992204127374,0.08731376847142407,0.10031237397806496,0.11247224460293923,0.09410851798344119,0.09689466604823566,0.11110776685371376,0.09872121477813035,0.12132503104299865,0.11138145526655921,0.11322529019717105,0.1101647750118448,0.17113331258335132,0.08988335178928997,0.09592589830024494,0.17042061334499162,0.11928131458691757,0.1320216643805785,0.1366671657392411,0.1346596291355973,0.1390530461495199,0.12515443210830554,0.1192520505019952,0.12432422934671947,0.11424542384776447,0.11341297440568009,0.10446411553231094,0.10689417677836344,0.14210460133306532
0.34986256430023377,0.32654849159946814,0.3458195013616117,0.3405931701085463,0.31423588511666106,0.355203882357684,0.35276417051396014,0.3661262230766313,0.32384248224724344,0.331883244048889,0.3304221965463025,0.34275471382215394,0.32318720381376004,1.0,0.3378848184572124,0.3318249299925742,0.34534430903087915,0.31376874358055373,0.3364434111675015,0.3488242115044442,0.16101182989922977,0.16116537954885682,0.2029706066484045,0.18741261670974052,0.14308335341914233,0.17599738346429453,0.19282465944586888,0.1559278633384164,0.1646567622075403,0.16070164480279023,0.1933331663559181,0.17477914337531048,0.18149568345272918,0.17807729019403123,0.1496827550044019,0.1611491016510823,0.1733216521411349,0.1665222611648707,0.19468782189046488,0.17358195878511123,0.130322655375832,0.19336457147467803,0.19863676560619956,0.18239121006054493,0.1774802926929399,0.15850832136038415,0.14767031850796494,0.15430305085894755,0.15435064196082754,0.1636114478306826,0.19093498389773314,0.11958950311126842,0.19042281917882586,0.17713745973264017,0.12845052803339116,0.16800488855293344,0.19054377766499714,0.17659371277594493,0.15010193443916442,0.1686204143850887,0.1799965418875874,0.14641381531743378,0.16704291047483716,0.16505600179081378,0.20983224193877822,0.17497881648199312,0.18927824777158528,0.13181543326467612,0.19853320011794026,0.18112543821406768,0.1785682996934011,0.16062459158310885,0.16044044973633984,0.17366936510265177,0.18633494486823687,0.1684530647957918,0.16791109504294618,0.1853438475477573,0.16901682071695867,0.19150673860729764,0.12302447063049121,0.13049205818917245,0.11786894526646753,0.18686066539103055,0.10430327358195142,0.11553065634614457,0.18945930947835013,0.13496533449618642,0.15724140007992318,0.15104669800390894,0.1452334022893416,0.15184428620500262,0.13324912526824395,0.13646027216305862,0.14156352426009408,0.129175972457078,0.123461320053948,0.1187333145417377,0.11865657229032699,0.16391270665933075
0.325208208677582,0.3041289352534995,0.32427782438479175,0.3190067975191655,0.2950801288562621,0.32935384611001517,0.328700683247678,0.3411068645413529,0.2959317944267937,0.309446767641021,0.30856499983822044,0.3180022705951886,0.29787465471489477,0.3378848184572124,1.0,0.30934085069011785,0.3224880539381082,0.2956966142964984,0.31649700775709233,0.3209847882047307,0.1837857053616341,0.18318612170970394,0.21583869809840464,0.20727615653522438,0.16175121310983379,0.19550727073165572,0.2137546757451588,0.1760617651670711,0.18433850256475118,0.17975788569511678,0.20542702047105568,0.19427612188388507,0.1970930887912282,0.19685713280043055,0.1711089078032217,0.17751354315478715,0.19341837752514937,0.18462610524668419,0.20998273986474023,0.19293540143479804,0.12105966598957721,0.18457932760005963,0.18496170610098023,0.1766934134414335,0.16543356869847423,0.1478490276157416,0.14620016099535568,0.1418153020548376,0.14434095101426112,0.15162044450741063,0.17590843844495535,0.1149742979334695,0.17997238547538094,0.17022787446999413,0.12070239847184683,0.15759943847224553,0.17574572850476214,0.16171608947837512,0.1433089049422883,0.15299540587424065,0.18385327254789297,0.1535226208776478,0.16762938357339935,0.17375518257730935,0.2117797220720048,0.17382347394380537,0.19531084256649045,0.1434455424477928,0.20400387414815263,0.1830958285092879,0.1823622992701005,0.16498761156141403,0.1650873299407108,0.17996428827099173,0.18601879852755182,0.1753033055148915,0.1732307868118091,0.18387561712797262,0.1764439683233584,0.19534496692320127,0.14687174734640301,0.15223480143403698,0.13844188450329906,0.20181368979824071,0.13025775772480971,0.13754907710129152,0.20281715202549894,0.15784843103473953,0.18252958770376138,0.1640053463510111,0.16649025331565506,0.1703664020538229,0.15336406941198039,0.16044161557076655,0.16171496066016666,0.15310730681880272,0.14717271749775696,0.1412849647920137,0.14348153906047145,0.18467124523422354
0.32430189298192996,0.2998232683962946,0.3314089755976273,0.3207114191746355,0.30060955517595833,0.33826170904859393,0.330307366219938,0.3391321364346882,0.30067909398534354,0.315232117649974,0.31711398253294676,0.3275625290024631,0.31254168432853496,0.3318249299925741,0.30934085069011785,1.0,0.3153018233672779,0.29476963933039085,0.31190085695441266,0.3293818700613062,0.14126367706305257,0.1394516392603045,0.1806185599916063,0.1675383179991238,0.12117825630055126,0.14959335896032772,0.17110926785658997,0.14069332022772227,0.1506043817459693,0.1492424711350373,0.1678367944507456,0.1613639959610638,0.1618762346518457,0.15669264324620077,0.12848427134851145,0.1391726642306034,0.14741111580047833,0.15926403280346213,0.1585127272755407,0.1659995931716593,0.10981235320101787,0.16558574173632812,0.16920321817395817,0.1633632799506212,0.1589445358809474,0.13293425222637195,0.13235526612947945,0.13373790644936653,0.1339605111534833,0.13967992761921222,0.16288892926330403,0.11118733052124691,0.17169296305351694,0.15194466294541448,0.10541379103240187,0.15697816255036826,0.16156426026758447,0.15777972542371102,0.1334896624543394,0.14368528799780275,0.11298565799739102,0.0707751773784163,0.09023719060734083,0.09806720870835003,0.13959001220750974,0.0969925954826076,0.11992282222645137,0.05591877447311056,0.1241707494691829,0.102439783424228,0.10130281128201962,0.08684307148014046,0.08442793382348993,0.10057262542102548,0.10852085074859587,0.09316982144147613,0.09483511651483947,0.10587536055627991,0.10033833220880622,0.12038204955706194,0.13015896635247667,0.1273680264187513,0.12623500095205717,0.1879263007450589,0.10416324885594178,0.10891937100979804,0.1850530888830605,0.13729729023044843,0.15381961274510145,0.1465708733971804,0.15324281096953352,0.15458855914990927,0.1402532666227001,0.13744203326324714,0.1373406525968937,0.13118922331654825,0.13000604916192665,0.11973789596583785,0.12482099088550473,0.15916832929817035
0.3320427367755727,0.3099150810152725,0.32805264683699503,0.3250524469898358,0.29792949686426773,0.3389354299153351,0.33549052798610857,0.3482636839924061,0.31089879235786383,0.3149323375474192,0.3148461892595574,0.32477448701901723,0.3060627399777234,0.3453443090308791,0.3224880539381082,0.3153018233672779,1.0,0.29882275557733895,0.319907916206524,0.33152970966113743,0.15244854756111917,0.15228420610183577,0.19061762043880842,0.17736439105405605,0.13143759627425558,0.16547567488447865,0.1843404934989863,0.14749857744886757,0.15409119022325563,0.14878289065776293,0.1799607412150288,0.16496114253150213,0.17187665469460034,0.16727985497776782,0.13967026939046315,0.14992161125926823,0.16308650468899322,0.15640508107091738,0.18314270607157038,0.16527409933871273,0.1139389633470254,0.1758200567387507,0.17870151395056852,0.16471355204040336,0.15967714615263182,0.13933356069792063,0.13193236147844953,0.13626159905185894,0.13885960318327112,0.14571537593217912,0.17196094488026276,0.10546601581111945,0.17066423116082852,0.15949974145859655,0.1123533519798513,0.14932954603611254,0.1711453279092706,0.15780420762790792,0.13543436263318967,0.1489679309774995,0.17519780074290253,0.14491511440689195,0.16377246052576624,0.1618473697275962,0.20303152532961416,0.16763609872061525,0.18267107353900464,0.13134566187099472,0.19504703721228164,0.17701683172503452,0.1747290594442659,0.15573532062477125,0.1564459527701617,0.16904270204050956,0.18160792170082266,0.16365101246552113,0.16401610707291564,0.18061417028274407,0.16676457899155728,0.18689830418675304,0.12571826781947384,0.13105308094694226,0.1206905442406098,0.18347433459931575,0.10717310085098983,0.11801921476182976,0.1864741440747465,0.13505784846997118,0.1585562414805932,0.1509595512518164,0.1456100610620636,0.15152727260268345,0.13289174898850767,0.13749012308027647,0.14099102304337896,0.13094966963978238,0.12305776377903757,0.12019600859606303,0.12195805713868824,0.1626997251691873
0.30340522874107484,0.2828569497658007,0.3070157232893675,0.29861435538582115,0.27917253326349284,0.3117776311339323,0.30800852602327244,0.3184850129846343,0.27682389456665973,0.29177644103778616,0.2925227219789099,0.3014914131629649,0.2830568304680698,0.3137687435805537,0.2956966142964984,0.2947696393303909,0.29882275557733895,0.9999999999999999,0.2951211719964211,0.3029138962343609,0.16274454933461618,0.1588659418617633,0.19162169583792885,0.1815083836226353,0.14084167603249423,0.17145207583603425,0.19012328155798566,0.15698470222859223,0.16658167452212894,0.16085177329898137,0.1850790978318323,0.17525739922168107,0.1756321583688618,0.17592736606016876,0.15033760273122765,0.15729345849243936,0.1690626014316415,0.16882885910665982,0.18174838286149447,0.1769249308620144,0.10324042795915755,0.15776986365649837,0.16197555507946,0.15398057599338133,0.14568095016001414,0.12790234528222805,0.12506640969988347,0.12253431843065785,0.12400754266182963,0.12999096367001528,0.15418533327925898,0.09795822193268365,0.1580788157904268,0.14661020408965614,0.09981232961022991,0.14135727996426792,0.15305364184147421,0.14330578528375515,0.12325254670909296,0.13360943695215935,0.1443401360912362,0.11243190823919483,0.12912103753427717,0.1334445620862231,0.17074086819096626,0.13399209935240783,0.15296511147400224,0.10267800919036743,0.16019688292475961,0.14067125794127666,0.13986398093562083,0.1238775167636688,0.12331783908028723,0.13861870703395343,0.1431336955830816,0.13296989372769444,0.13079817136431857,0.14058228844905124,0.1353403547419981,0.15201428583920262,0.12439067323486684,0.1255129235210796,0.11686607522634429,0.17710164075166146,0.10346873463489388,0.11020510799833211,0.17576428217928106,0.13445516095844576,0.15563378534108072,0.13700597951066773,0.14385710042323446,0.14550776876416863,0.1304924668348382,0.13524103932725395,0.13388446726048459,0.12754209286052196,0.12447429060550377,0.11701008329121426,0.11950894935216598,0.15705852509568952
0.32473909701576326,0.3033251606071878,0.3266731917036989,0.31776221996731774,0.2972528243671807,0.33095117160679394,0.32868032422294685,0.3405369563433923,0.29412687879007987,0.31087378360793494,0.3103689319624076,0.3210327739429787,0.30070205390094795,0.3364434111675014,0.31649700775709233,0.31190085695441266,0.31990791620652403,0.2951211719964211,1.0000000000000002,0.32267364947087124,0.17712521955055074,0.17349081648322806,0.2085769309757956,0.1968927260633876,0.156291882258092,0.18808422545963718,0.20546980405120957,0.17011603049110874,0.18093962535433786,0.1751515600993119,0.2030779535119003,0.18930396746583664,0.19040846406996292,0.19193922910369668,0.1652908239747126,0.1729111156784193,0.18540245918263656,0.18165701088384434,0.20067553900737986,0.1891937640386765,0.11780987164186013,0.17577142038580573,0.18149251835947477,0.17061914875792816,0.16167654066852416,0.14553190990379825,0.13941389083110867,0.1383079333552761,0.13857947788482172,0.14652195613040117,0.1726255868587216,0.10917679504443574,0.1755758177740965,0.16407047746149941,0.11460397488300005,0.1564776833040164,0.17184416384021498,0.15964880453781602,0.13687585279961598,0.15120370740222083,0.1632164617146416,0.13040627798173202,0.14841084266554785,0.15145411919863078,0.19194174987887985,0.15564885177622143,0.17358003453163648,0.12019500298806242,0.1802569140243093,0.1610843711711715,0.15996370601054552,0.14344958776910333,0.14282609934809531,0.15851613414984042,0.1635962595953786,0.1532102282033237,0.14994102299273548,0.16118674981766773,0.15310512167963206,0.17168039980158142,0.12636548414285997,0.13033150144152567,0.11808966573146583,0.18440689845709807,0.10609239469824157,0.11419141243398882,0.18366944258019266,0.1389579782162663,0.16131464813660665,0.14213476681961518,0.1473095440392612,0.1501163517492142,0.13401558336196784,0.13954311244001114,0.13962212293852774,0.13098702486807548,0.1281942192863834,0.12043369459354762,0.12120904117921087,0.16402242470321102
0.338106614715839,0.3136246719012343,0.3374407208583838,0.33133315749813264,0.3058772241245935,0.3501408578532648,0.34258275928683163,0.3537472928012076,0.32028190410059354,0.32386692365301645,0.32485743769456327,0.3363808844744742,0.3204917420454081,0.3488242115044442,0.32098478820473075,0.3293818700613062,0.33152970966113743,0.3029138962343609,0.32267364947087124,1.0,0.12395311175570943,0.12337804253417026,0.16884534946694707,0.15105509837516842,0.10571546899444885,0.1362997204851148,0.15599457945080036,0.12345758677529584,0.1312892798581803,0.128023485766451,0.1574888296372041,0.1424165964565466,0.14913378403973723,0.14132338958786114,0.11181965366368492,0.1257931496127611,0.13367015484352582,0.13827633741333561,0.15225819697427298,0.14565167770479528,0.11197717858087863,0.1692923491355111,0.17559121453559298,0.16038079705190417,0.16074116135403957,0.13605675220602778,0.12615006962695094,0.13686863398382454,0.13718336726278085,0.14407339787713075,0.17056812870918892,0.10575886668760591,0.17052214493682993,0.15299955181061864,0.10782100096616146,0.1531932008341646,0.16914665544516885,0.1611517717950845,0.1330487982182701,0.14996012492072344,0.1365449295620599,0.09901279063684158,0.12259556079894346,0.1192269967154296,0.1642834594405058,0.12777459101820476,0.14124894474204466,0.08168778193075142,0.15093840608782513,0.13373353948008282,0.13070242881972538,0.11336419616775886,0.1125638016698423,0.12533913965013532,0.14063059673383593,0.11844217061105453,0.12101538616476357,0.13970776040204874,0.12410027838422245,0.14597594394568225,0.10868198600649878,0.11064206679877663,0.10691951481035117,0.17077425324639325,0.08480197226613889,0.09542368311246822,0.17212465637084967,0.11661786892287974,0.13484519025058386,0.13676006473453656,0.131249432259293,0.13666392597564325,0.11912846191859579,0.11730499869620999,0.12134790229049071,0.11127123263862078,0.10629295382240644,0.10124883403366208,0.10356904406496685,0.14222895676724964
0.15321148079012523,0.1509714445633115,0.1777818507858301,0.15051566459854748,0.16695873969494082,0.13801601478030867,0.15613016435469934,0.16409328885956648,0.07039191822244592,0.153239222935629,0.1483616957213581,0.15198280821875862,0.11954167482076311,0.1610118298992297,0.1837857053616341,0.14126367706305257,0.15244854756111914,0.16274454933461616,0.17712521955055077,0.12395311175570943,1.0,0.3393049673917282,0.3174665995978122,0.33696556508930003,0.33299100272686866,0.3562062649418369,0.3602057207889103,0.32837674111083903,0.35370732470213667,0.33898203566289675,0.3429324963237702,0.345696430019665,0.3137046505957225,0.3593455423253355,0.3530423777875187,0.3290320510294438,0.353889149500219,0.33001217426850743,0.340465214689526,0.33490373263628753,0.09734804110304669,0.13220658443393785,0.137023375905121,0.15527582248165414,0.10702449059536545,0.13191345552648703,0.14912777915690575,0.09135223090553372,0.0891244113928855,0.09812960043948846,0.11346139471763009,0.0865803133222649,0.13628751778991602,0.14968247772839555,0.095297014438999,0.1225103292772353,0.11482311516038442,0.09535664796260865,0.10162983260986284,0.09799477004563398,0.1763029970205071,0.16579049909528276,0.1548210240812416,0.1925444694274985,0.20013809046465753,0.17059880755815326,0.20828021708513308,0.19163718012588105,0.19261710725067932,0.16771926813818613,0.17670134708920177,0.17238947584300293,0.17028132796856296,0.19836894374001657,0.14923731481556232,0.1999475806546718,0.170488708435738,0.13897901294756596,0.17611970161750326,0.17218014941934204,0.16310920181427221,0.16690444014399472,0.12736859267226555,0.18462071791368356,0.15713259625962975,0.14669394784785883,0.16850709881164527,0.1923365763244722,0.2213557035324467,0.10666961854974519,0.1726691059115067,0.15756944816833743,0.15684776601289696,0.18943681482639368,0.16611508542521308,0.17102767897561014,0.1858532605827005,0.16123906711904165,0.1569333886940682,0.2011420591108155
0.1548847338318623,0.15143834364421338,0.17152737714123878,0.14967318192540924,0.1609286822717491,0.13225006496127148,0.15484756278744002,0.1625011932877312,0.07311288845542208,0.15095231059820546,0.1418452844677937,0.1480998214630576,0.12143639896111105,0.16116537954885682,0.183186121709704,0.1394516392603045,0.15228420610183582,0.1588659418617633,0.1734908164832281,0.12337804253417026,0.3393049673917283,1.0,0.3134863130959431,0.3341492723913936,0.3246204292237695,0.34149116304939403,0.34018381766010897,0.31144421322165133,0.3327179158233396,0.33050144407745735,0.32316127898269126,0.32728850223340544,0.30133645089615313,0.3390014346504427,0.33645745229079493,0.3150199469191328,0.3407904966381041,0.3118196136818547,0.3320350958172987,0.31081925981757774,0.13463614958038414,0.17754108160627094,0.17236585264142626,0.1937495847926735,0.14597612348858025,0.16701941338953924,0.18843345923058044,0.13412502007547905,0.12987246354964574,0.14221306882682264,0.14920872034379976,0.13099687112879788,0.17920464852745768,0.18709547228747078,0.1401116116815508,0.15812028117075558,0.15363578016581766,0.1342191337199203,0.1416290145852803,0.13719999319177173,0.19076633931556206,0.1771275489513892,0.15930581448304376,0.20559178869237324,0.2119401912580433,0.18364161787738884,0.22673531120465712,0.19727129191596332,0.20497699817817036,0.18035741165907215,0.18914089507013898,0.18986546239997265,0.18610898635186324,0.20988138089328048,0.16794682970918204,0.21361980230149263,0.18964637330551928,0.15942192477178455,0.19009917552631495,0.19340155126279965,0.18640811648541045,0.19732483392282,0.15571187812267165,0.2090220498168397,0.19131813542584983,0.1774329795363467,0.19676585878562403,0.21303921787723848,0.23626003872226042,0.14523761682633246,0.19723709371978626,0.18751267718452774,0.18775395325384184,0.2127559745801917,0.19997618712885304,0.19919169195620384,0.21249156082455062,0.18852179041389033,0.1845249261142414,0.22540657855229518
0.196740018644405,0.18909115085982328,0.21003748885312162,0.18816259037566235,0.19532721503719552,0.17512695213778257,0.19604054023032097,0.20453579300424188,0.1170423553091328,0.19010993044330246,0.17974282105541364,0.19011931558754191,0.16518749033362082,0.20297060664840444,0.21583869809840464,0.1806185599916063,0.19061762043880842,0.19162169583792882,0.20857693097579558,0.16884534946694704,0.31746659959781215,0.31348631309594305,1.0,0.3216170425114414,0.30897455128544277,0.324316123963819,0.32189150310773357,0.29382284429496514,0.3153646070672627,0.3174367576075193,0.313412055279492,0.31145138003749645,0.29018688149579047,0.3221425066501669,0.3162886210159976,0.3011744413461289,0.3233747577271985,0.2981170047568625,0.32004893954549796,0.29452752510655617,0.15869883668853982,0.20565136442047957,0.20287170609704888,0.21798537702864657,0.1764620997010144,0.19279781950595326,0.20721675568311163,0.1643524100070355,0.15694216337924802,0.17219438079702726,0.1809023223248349,0.1537926958915214,0.21001939469912478,0.21079450643817466,0.16405737950387841,0.18701105708904003,0.18574862531653774,0.16746616221923283,0.16570070794106004,0.16973957022205824,0.1890671841621112,0.1675543273634859,0.15551638059194842,0.19772127437416917,0.21271729690374536,0.1843993069986976,0.22417034319690937,0.18072244435893567,0.20072085763546943,0.1778810089170465,0.18489632722228547,0.18607669009231353,0.181106046890526,0.2034615836795109,0.16986093964331003,0.20652148370497816,0.18583085679992806,0.16257264311903022,0.18358002738089033,0.1933939248837647,0.17715308226322665,0.19072526679530216,0.1509648533226266,0.2119364922574709,0.1803889575622958,0.16897514466941377,0.20138332455976707,0.2040514685734846,0.22347469406605963,0.15051139924624327,0.1925228729562406,0.18639081719452427,0.18502292280317817,0.2031319154914579,0.196392588396528,0.1906112336927493,0.20440767189383865,0.18030760657238765,0.1749523729146813,0.21993166825873028
0.18167668721984992,0.17526048595482271,0.1968209567429697,0.1763105375868591,0.18353748896082822,0.15916322196919885,0.1815572171645103,0.18929291987163369,0.10041617860794631,0.17636577803784292,0.16656194967307952,0.1741466200668051,0.14932729865978556,0.1874126167097405,0.20727615653522444,0.16753831799912383,0.17736439105405608,0.1815083836226353,0.19689272606338762,0.15105509837516845,0.3369655650893001,0.3341492723913936,0.3216170425114414,1.0000000000000002,0.32446194012423735,0.3413780206282277,0.34129416740901847,0.3116282956729597,0.331591372013624,0.334384883415831,0.3225911145870719,0.3287551953404695,0.3050999090987104,0.33785404358265925,0.33402291515696114,0.31473736632558613,0.3412453603798777,0.3139682562436044,0.33430418373551185,0.3117063477687762,0.1538126322761221,0.2044807116137982,0.19483942213098362,0.2183005821595552,0.17094195325954908,0.18610106435937754,0.2108992837770471,0.15778608869373922,0.15345009854792402,0.16662174943817404,0.17188422906118206,0.15524746384547317,0.20622314535664796,0.20937453081369314,0.1616419110236849,0.1819169985099696,0.17716222748682012,0.15890447866477336,0.16530438443733642,0.15953785548407026,0.19785319404761856,0.17835880831790346,0.15950868352837505,0.2106476501243576,0.2196803742661441,0.18661914047143657,0.23500744130232448,0.19445033298091235,0.21174349762112468,0.18456264566347383,0.1932391979951605,0.19456755806356973,0.18989763508749896,0.2134783916312562,0.17545408338831353,0.2169585521032871,0.19626040541592735,0.16729510351765098,0.19607010780540354,0.2036618786430419,0.20921251915747255,0.22094236246586632,0.18078253443997658,0.23609320741069686,0.21494925574605242,0.1995438633408334,0.22479367403466066,0.23397773636058383,0.25595805022799645,0.17477409523343176,0.22245769411918237,0.21449052682127281,0.21401051050213427,0.23489011997780299,0.22566910316535385,0.22314443523643693,0.23543570932634927,0.21081023465280635,0.2085973548005017,0.24893751903788375
0.13871399224179498,0.13677205145534874,0.15552113922543995,0.12758275797455976,0.1469685569101762,0.11003519380549819,0.13623731747613319,0.14345445018328257,0.047092583890873195,0.13529214251170266,0.12221728039851916,0.13361369585542288,0.10734600467410325,0.1430833534191423,0.1617512131098338,0.12117825630055125,0.1314375962742556,0.14084167603249423,0.156291882258092,0.10571546899444886,0.33299100272686866,0.3246204292237695,0.30897455128544277,0.32446194012423735,0.9999999999999998,0.338392425568336,0.3267349303880957,0.30506739910971203,0.3317206457142954,0.3327725745840685,0.32678497840530085,0.3211780662988377,0.293415260109419,0.33659687082612866,0.33709714841773286,0.3173024502089629,0.337021711994625,0.30794575292099335,0.32877434344067413,0.3002380965206539,0.1561678296761859,0.18821370884371127,0.19170867387749307,0.20689348949593936,0.1612586185574366,0.19222190744406684,0.2021422625396023,0.15518151644667988,0.14267970607076835,0.16085118313538832,0.1671398476036779,0.14470431937369732,0.1971307707752773,0.2023226909449231,0.16021397708365215,0.17773921114179866,0.17267676566106882,0.15325603760653184,0.15202575059900741,0.16158615575867644,0.17092150133403292,0.1553431778879711,0.14041716011402416,0.183637287457441,0.1927627632344793,0.17521178865996165,0.21007303277740266,0.17577641466771052,0.17768552597072182,0.15989749861910355,0.16803762072604886,0.17502099903419524,0.16888783733793036,0.1917626293706405,0.1476147943481379,0.19713876840734745,0.1695201210808031,0.13941241553834707,0.1643893038148573,0.1698828546681748,0.14296606703583123,0.15952521840432685,0.11256031567857294,0.1723070626078161,0.15064148344140404,0.13715388612188809,0.15846867458425373,0.17631185890842876,0.1917636291572885,0.10492533451880272,0.15624774269453773,0.14745395578324463,0.15120868826361158,0.17233806530849763,0.1631545217588878,0.1572353634775762,0.17853901292519517,0.15033659365629187,0.13951581105020802,0.18691735752481883
0.16787691522620607,0.16474711623522825,0.18652030917742937,0.16081241797011817,0.17496735678831887,0.14634640181689915,0.16826875104224687,0.17730945788951114,0.08171372193756851,0.163871144887249,0.15526937692900153,0.16250906257150155,0.13136857253092793,0.1759973834642945,0.19550727073165572,0.1495933589603277,0.16547567488447865,0.1714520758360342,0.18808422545963718,0.13629972048511477,0.3562062649418369,0.341491163049394,0.32431612396381904,0.34137802062822764,0.33839242556833593,0.9999999999999998,0.35617571316388696,0.3253751453441647,0.3504897501545726,0.3418154213824046,0.34517359761500815,0.3424676932316771,0.31435410120418716,0.3578643433254884,0.35291267906012724,0.3314557128298278,0.3558619965270384,0.3262349540626272,0.34763705672462974,0.32677328100092645,0.1291540409587698,0.16804420974343218,0.1716015808695804,0.18651030874601301,0.13931291037868845,0.16572994793703846,0.17872102587795144,0.12659794265409094,0.12091889465754602,0.13417425342903838,0.14742297778348062,0.11654801262796617,0.17147076875546766,0.18203262968935846,0.13039292282489146,0.15270229298142274,0.15062396311347695,0.12889479080140753,0.13133992700446762,0.13406366067151151,0.19512889828463412,0.18279191180262194,0.170938649062558,0.20924537686384004,0.219685514048197,0.19415037577771482,0.23037726920711035,0.20532320012765845,0.21022242289528742,0.18781186949540812,0.19604103715930768,0.19449097817374128,0.191338215828822,0.21701677814405745,0.17232553465421904,0.22020414165362423,0.19192503602507627,0.16329629332744272,0.19272906191395114,0.19417821197484658,0.16261626504599355,0.1734766223206304,0.1291085010482904,0.19046689379437146,0.16285624857551137,0.152806733817737,0.1768529359794899,0.19388258060048713,0.21969263530147623,0.11786843782139371,0.17424346047889766,0.16322538005199486,0.16240541555266377,0.19134580367705215,0.17522286815400565,0.1742791841471042,0.18966455039486133,0.16507593651475527,0.157900789209662,0.20623069878503472
0.18328723689924498,0.17854236890098327,0.20630580878178306,0.18250565453082027,0.19237587660813676,0.17202967947478592,0.18742227201430234,0.196415856934187,0.10651185392390143,0.18152499376390557,0.17857135163741827,0.1807774527527671,0.14782211753302163,0.19282465944586888,0.21375467574515883,0.17110926785658997,0.18434049349898626,0.19012328155798566,0.20546980405120957,0.1559945794508004,0.36020572078891033,0.34018381766010897,0.3218915031077336,0.34129416740901847,0.3267349303880957,0.356175713163887,0.9999999999999998,0.3293087618504531,0.3519020488818646,0.3357166631167236,0.34223446199786284,0.34730712999405655,0.3181619911862079,0.3591278111664734,0.34923998559433933,0.32660508588925014,0.3539796031148214,0.3305992286069105,0.34284417122461325,0.3389751779053415,0.09360726277769645,0.13682215041258006,0.1383805428127019,0.15681023905283945,0.10953158674366444,0.12744707069295233,0.14764410525098043,0.090017072176083,0.09157082237848913,0.09833619909530283,0.11588987871069412,0.08547574144061344,0.13721092295141882,0.1502481324229863,0.09193712289680897,0.12153355594837657,0.11658930027211886,0.09671940959102594,0.10412142773362976,0.09628112495213863,0.1924711294960164,0.18064844862988064,0.17094204408839003,0.2075984952194817,0.21754789834158317,0.18182042960218764,0.2222122668070837,0.20402182134169908,0.21301817234034606,0.18490039796295615,0.19349046377550436,0.18490281097333622,0.18400398895408682,0.21233759768587093,0.1675210714606748,0.21264193372395274,0.18597499915086277,0.15751021671615983,0.19395805688510634,0.19101197550697077,0.18397968718966468,0.18570607626753932,0.14924431301343027,0.20705339175766574,0.1752594460869248,0.16632085173230066,0.19261044402133543,0.2100180728975326,0.24319856950495347,0.13106039912719755,0.1938620738946978,0.179581292224935,0.1756628760199727,0.20894756759362113,0.18539589311944554,0.1913245798812044,0.20140771227636975,0.17950370249125056,0.1783031890090414,0.22165971105860427
0.14964705392066222,0.14624187105975942,0.17243741622436332,0.14722488109061546,0.16149099970958292,0.13592474649531006,0.15236610135241793,0.15929773896913377,0.0732363139972092,0.14979634374027956,0.14496499298143325,0.1490539238782223,0.12054782217403513,0.15592786333841643,0.17606176516707112,0.14069332022772227,0.1474985774488676,0.15698470222859223,0.17011603049110874,0.12345758677529585,0.32837674111083914,0.31144421322165133,0.29382284429496514,0.3116282956729597,0.30506739910971203,0.3253751453441647,0.32930876185045316,1.0,0.3236757605636311,0.3130463956887321,0.31321489424184906,0.3172735951014743,0.28828851946854256,0.3281437664718215,0.32207315233978345,0.30095221792493176,0.3235429191367426,0.30378896085868395,0.3111798883061959,0.30719368480485343,0.09841383655541548,0.13290951588426617,0.13542367512181797,0.15386880847195764,0.10972622073303008,0.12990713312613714,0.14769927237994038,0.09495133267746332,0.09238297792630389,0.10112919535959128,0.11384952289637901,0.09158110377885163,0.13783472435595792,0.14724975368860174,0.09746327364750672,0.12431057808198832,0.11553912504303544,0.09901497289423829,0.10415124506131462,0.10017219679257462,0.1589132984324988,0.14572129195865272,0.1349953073782504,0.17286546494842514,0.1808285211389753,0.15144104579309564,0.18898521456228154,0.16762855135248822,0.1726936507086107,0.1486078529061824,0.15693396820673014,0.15401950655049446,0.15130443696172044,0.17720540692985773,0.13325895904156956,0.17850402795791412,0.15292834805810854,0.12387714095447729,0.15779192339852186,0.15611793973921534,0.15929785176440972,0.16272848767156753,0.12759964562331932,0.1807965108066955,0.15396363881280484,0.14300856981170534,0.1658879240753086,0.18527891917397815,0.21039278108539214,0.10972683434259127,0.16939730363646302,0.15596482767570047,0.15559206631949202,0.18288416143826491,0.1629497553045785,0.16685506621616525,0.18087634600510052,0.15719233648010716,0.15411142130030359,0.19388488606242657
0.15883686929759117,0.15533832825127272,0.18587493371031746,0.15436909162306217,0.17429866646826447,0.14392643630395538,0.16159963533982136,0.16871433523271995,0.0720866030371968,0.16048213577710213,0.1546252096567445,0.16100572621837428,0.12964730553654,0.16465676220754027,0.1843385025647512,0.15060438174596927,0.1540911902232556,0.16658167452212894,0.18093962535433786,0.13128927985818034,0.3537073247021367,0.3327179158233396,0.31536460706726277,0.331591372013624,0.3317206457142954,0.3504897501545726,0.3519020488818646,0.32367576056363107,0.9999999999999998,0.33990818912597426,0.34216979901552075,0.3425849965612236,0.30916669754103293,0.35545351529353675,0.348897825815167,0.3268714492569618,0.3479005309428396,0.3296563134979464,0.33350258755189466,0.33145726020280536,0.1092963110014671,0.14051404516583715,0.14905354889214248,0.16599773291260805,0.11971335991935113,0.14523093965737244,0.15896208642332815,0.10501752910666365,0.09886163108663926,0.11012384460985991,0.1252438438111887,0.09811093405810482,0.15052496280499555,0.1592523603573873,0.10586307236424707,0.13849635159083906,0.12686592950145198,0.10998209167772208,0.11075271677197364,0.11270974969022139,0.1551302211226914,0.13882140154617212,0.1304567705431187,0.16888967355647933,0.17979908693224678,0.15132275499559025,0.1879344740827663,0.16296535752187555,0.16647297492896818,0.14290174106375328,0.1516145667015583,0.15034192806669028,0.1463973813213355,0.17513544179893137,0.12568458642562816,0.17647734899116618,0.14670132111633954,0.1152810716045611,0.15081196014467504,0.14903151373825857,0.1497529868419486,0.15373074996459765,0.11510819335052774,0.17670895915410856,0.14193773421935896,0.13066456815272182,0.15879478256526905,0.18086475475092606,0.2051342227775692,0.09490371175029445,0.16215028895649639,0.14682464790179434,0.14783063219307288,0.1759973360582131,0.15395844208222392,0.15718045952224863,0.1764862705419883,0.14837302307665323,0.14245168053021162,0.18857429654853206
0.158043983475985,0.1531902303611835,0.18012362999193338,0.15018190693194589,0.1689553648559571,0.13485148305776964,0.15774970303911387,0.16374911951390234,0.06674058018830298,0.15754918334030052,0.14654992034502884,0.15713780180667677,0.13176934732472392,0.16070164480279023,0.1797578856951168,0.1492424711350373,0.14878289065776293,0.1608517732989814,0.17515156009931193,0.128023485766451,0.33898203566289686,0.33050144407745735,0.3174367576075193,0.334384883415831,0.33277257458406856,0.3418154213824046,0.3357166631167236,0.3130463956887321,0.3399081891259743,1.0000000000000002,0.330148850442454,0.3316643026642122,0.3015894794736916,0.3423166202261282,0.3402760839013809,0.32057522225792096,0.340737663342098,0.3204651703590309,0.32880056075960323,0.3140720035446508,0.15538994417430416,0.19181297903969316,0.19232437167427477,0.21352870084446204,0.16680915416294023,0.1904533784963211,0.20788921244380887,0.1567607727410427,0.14582869443180266,0.16203818840930037,0.1679294828698578,0.15161615105978984,0.20374363198360024,0.20465366064510365,0.1588125247750295,0.1856017533523922,0.17297768456365836,0.15768477917365062,0.1574377333322801,0.16107044626803937,0.15651177928818666,0.133633513194005,0.11844734774012669,0.16854905257149547,0.1789192658721445,0.15201801928050865,0.19520376351231616,0.15254108307237685,0.1623229316030403,0.13917781371244772,0.1480961587388633,0.15462295078604926,0.14759564610273712,0.17324661047780668,0.12803501868490752,0.17689797858529283,0.1512632725638783,0.11882187601656605,0.1493504125984019,0.15542799022895679,0.16919236474144686,0.18032551314775222,0.13897475176097673,0.1993426508090105,0.17173462532520192,0.15517813339814893,0.18321845474952056,0.19968311258886662,0.21524870447724537,0.1271070777966408,0.18443472583586187,0.17341544883246526,0.1773397747174381,0.1960286444897405,0.18432253771126106,0.18139284115756876,0.20310968384867953,0.17217214245572923,0.16546960797979945,0.2095435657765324
0.18510791708784913,0.18054043585715415,0.2056443793237719,0.17529433075660025,0.19222890582984542,0.167009345872738,0.18590535122992535,0.19538851912945632,0.09845324900883375,0.18180307424203604,0.17366954316010302,0.18373707988067026,0.1511459201365705,0.19333316635591807,0.2054270204710557,0.1678367944507456,0.17996074121502878,0.1850790978318323,0.2030779535119003,0.1574888296372041,0.34293249632377026,0.3231612789826912,0.31341205527949206,0.32259111458707185,0.32678497840530085,0.34517359761500815,0.34223446199786284,0.31321489424184906,0.34216979901552075,0.330148850442454,0.9999999999999998,0.33199202190061405,0.3035916964241196,0.3489345718380387,0.3407126883980399,0.3230915026735481,0.34184882876590844,0.3181567855993261,0.33503159093829477,0.3181379095910374,0.12731168293198794,0.15931087542827418,0.17350363267593774,0.1795421174922427,0.13823092473333126,0.16677570484355733,0.1679465952227969,0.125461627959193,0.11612246505344674,0.13109108112965076,0.149989369468803,0.10688575512764811,0.16830063162125727,0.17632445912379727,0.12344257622752423,0.1536037540677529,0.1519472589242281,0.13132162575302497,0.12378919969264811,0.13768924940627728,0.17436735848785276,0.1584725659089529,0.1559767336359794,0.18409641329219625,0.20182854340875414,0.18017051551132535,0.2068655143922491,0.17929726708804858,0.18612881476445922,0.16783913246755316,0.17453338840778151,0.17243885538125084,0.16875611641198965,0.19503389831558204,0.15206031476985063,0.19700384629129683,0.1670241188182389,0.14319762344088965,0.1670620501633963,0.16927353549202012,0.12253060244442322,0.13277839152501167,0.08995827958169983,0.15959856394377078,0.11620212637541609,0.11041643386511994,0.14470346317557697,0.15718254102142615,0.18063083607437544,0.0807946673847641,0.13696470858893228,0.1258276165988899,0.12453539629181329,0.15142951663880863,0.13478322978745932,0.13202547430307798,0.15099917340365235,0.12519875055400043,0.11460313685647214,0.16891278589056305
0.16863579016661404,0.1638102748168905,0.19414798497343233,0.16596624012766317,0.18137593666170967,0.15577819356854386,0.17196614712306016,0.17911372348504717,0.08735576271958777,0.16944711695764936,0.1646360310117871,0.16973640398224416,0.13969916262263177,0.17477914337531048,0.1942761218838851,0.1613639959610638,0.16496114253150215,0.17525739922168107,0.18930396746583666,0.14241659645654664,0.34569643001966505,0.32728850223340544,0.31145138003749645,0.3287551953404695,0.3211780662988377,0.34246769323167714,0.34730712999405655,0.3172735951014743,0.3425849965612236,0.3316643026642122,0.33199202190061405,1.0000000000000002,0.30489968253768945,0.34657945304968124,0.3389062520182971,0.3176704718754072,0.34036087254480524,0.3228037787413194,0.3269740763146055,0.3261494734274412,0.10680307315338157,0.1433313884547316,0.14734065834970864,0.16637804300923625,0.12074509340459419,0.14065412319438292,0.15865799006785922,0.10430867540149318,0.10082966781630101,0.11034901839316041,0.12463925808254657,0.09994680623099474,0.1506660586047725,0.15849526140282894,0.10483522745873829,0.13715020872908382,0.12621442764783417,0.10999891896256056,0.11313807555180042,0.11032539358979118,0.16077604020402012,0.1436992701779309,0.13419127905253359,0.17417540944749582,0.1847950673727925,0.15230382339102597,0.19222480119824453,0.165742703062311,0.1741162640824193,0.14826193957639458,0.1568966839124574,0.15394064800272228,0.15055089882685307,0.17864568721503632,0.13259981597484055,0.17943069668398917,0.15267850760598872,0.12253461997131825,0.15806979672972415,0.1571785655951307,0.16710693896619513,0.16974769698903266,0.13406178435125143,0.1927045512229125,0.15920322168787235,0.14762962810643063,0.17619871217463978,0.1947341585189185,0.22038388664399325,0.11526850778776354,0.1791915356983081,0.164699687729066,0.16431436125900278,0.19159777300129002,0.17040106352460643,0.17440562262023257,0.19029580679405075,0.16411185453344318,0.16098501091178122,0.20378025622578294
0.17424292261136448,0.16864276177453114,0.19196706175285905,0.17014540754584148,0.17879306507741055,0.15986209440344124,0.1761196159476708,0.18411016352469986,0.10186949606858572,0.17094289944439167,0.1651899351582332,0.17082434144222172,0.14369448573737245,0.18149568345272915,0.1970930887912282,0.1618762346518457,0.1718766546946003,0.1756321583688618,0.19040846406996292,0.14913378403973723,0.3137046505957225,0.3013364508961531,0.29018688149579047,0.3050999090987104,0.293415260109419,0.31435410120418716,0.3181619911862079,0.2882885194685425,0.30916669754103293,0.3015894794736915,0.3035916964241196,0.3048996825376894,1.0,0.3153785253432916,0.3078183555187878,0.29021665796803625,0.31274543475351235,0.29121742905495024,0.30545018421143993,0.2938296681343386,0.11280221471448913,0.1531979784043739,0.1537743331554889,0.16897852011121217,0.12808992955225434,0.1443080017827107,0.15977892726886903,0.11323163261112579,0.11053722304091258,0.12042852757645321,0.13324738562993493,0.10616897845674939,0.15598107850566995,0.16266256038760735,0.11368711369286943,0.13905053677299412,0.13551261358442215,0.11813696773105548,0.12044201721148606,0.11894134377950358,0.17260816871870782,0.15730121525205684,0.14800858707391568,0.18363546321453222,0.19528011515804128,0.16572696460490194,0.202123071944032,0.17467000998006185,0.18732640274343326,0.1638871543693841,0.17110596591918178,0.1674154549888681,0.16476771819825575,0.18858039346451586,0.15162942236936217,0.1899104240576952,0.1675293989500077,0.14346706943375762,0.17062896279655143,0.1731138007176838,0.16330216229014224,0.16958735480972476,0.13478471733718075,0.18992958412658126,0.15962455136004391,0.15046645236614822,0.1778953706765986,0.188002492109817,0.21250280948124362,0.1250418843404944,0.17490549082746493,0.16490329042237797,0.1625327527506057,0.186719063199985,0.1717325913908494,0.1723477407573235,0.18377318536533271,0.16230247878989262,0.15919920085424313,0.20016926277883407
0.17028374592111845,0.16676805594441252,0.19392709602710778,0.16469971084923765,0.1816774331481395,0.15369814901464915,0.1724223173544389,0.1809800267796439,0.08412248466077812,0.16914625789721674,0.16277005355405172,0.16926373637135458,0.1365213122383421,0.1780772901940312,0.19685713280043055,0.15669264324620077,0.1672798549777678,0.17592736606016873,0.19193922910369668,0.14132338958786117,0.35934554232533555,0.3390014346504427,0.32214250665016686,0.3378540435826592,0.33659687082612866,0.3578643433254884,0.3591278111664734,0.3281437664718214,0.35545351529353675,0.3423166202261282,0.3489345718380387,0.34657945304968124,0.3153785253432916,0.9999999999999998,0.3541661069247793,0.3324640671862374,0.35517161135529535,0.33166629553352095,0.3439717281497352,0.3343169064004547,0.11339478123634558,0.14810680366524817,0.15638743428141633,0.17059598967266293,0.12424477703566165,0.15049929622622138,0.16211136522884476,0.10940950919724522,0.10405267377729369,0.11576597898233022,0.13239899005261216,0.09936138634330081,0.1547367754012548,0.1654337935886369,0.1107596463442764,0.1402447824519769,0.1341395919618027,0.11429834822845418,0.11495963353056565,0.11817497267646826,0.176989923099645,0.1631467439045962,0.15518720404191455,0.19069957665785484,0.202689630420684,0.17524954010016452,0.20999010507833832,0.18706258490730993,0.19129584577307185,0.1683051673928445,0.17658135807219932,0.17347953644917136,0.17044699698856844,0.19840245753650143,0.15094643550908912,0.20013365095346783,0.17022560031734188,0.1410377352693683,0.17363059642235562,0.17252900272678473,0.15182532467382093,0.15820722796130937,0.11694596823387433,0.18036110356311788,0.14559985212650575,0.13638856918986159,0.16429622844692326,0.18360891325268497,0.21039252724043248,0.10057511948794325,0.163869936451993,0.15010404808903466,0.14933376920671776,0.17950834099196727,0.1587414890654954,0.16055344070629232,0.17760471159919622,0.1516396793089094,0.14491874629381554,0.19374365546821828
0.1433336757609869,0.1417817843904944,0.1651277601617761,0.1365611923393004,0.15573582039935918,0.12163929205563058,0.1437915960044815,0.1514785096728286,0.05482400107290469,0.1421409285528251,0.13347319850612516,0.14065995793735808,0.11022147357351722,0.1496827550044019,0.17110890780322174,0.12848427134851145,0.13967026939046315,0.15033760273122762,0.16529082397471262,0.11181965366368495,0.35304237778751874,0.33645745229079493,0.31628862101599764,0.33402291515696114,0.3370971484177329,0.3529126790601273,0.34923998559433933,0.3220731523397834,0.34889782581516704,0.340276083901381,0.34071268839804,0.3389062520182971,0.30781835551878783,0.3541661069247794,1.0,0.3284347817816231,0.35084205356898285,0.32413881000129413,0.3392060896261109,0.3233454827726735,0.12258419840521244,0.154653563504433,0.16026306557869707,0.17669574135104996,0.1290174090778131,0.15850680042431187,0.1714709005597759,0.117926782124479,0.11064128408251753,0.12401626204292789,0.1358223077580266,0.11004788382648399,0.16139967453552115,0.1719700578512552,0.12268300097008304,0.1456490087674232,0.13895954352397152,0.11909123240589717,0.1217674059569644,0.12497967717805525,0.1736200416156924,0.16156450386306542,0.14907382049190018,0.1887328606502118,0.19682747642331686,0.1736152463816244,0.20917294753687984,0.18607703668262804,0.1855109301905032,0.16425398262236757,0.17296739460106703,0.1738663544153132,0.1699555033302757,0.1961187139285889,0.14770253983871615,0.19952515158431622,0.1697009522532011,0.1381624769506574,0.17044752843411867,0.1700114746188078,0.1498534390889666,0.15949362556736565,0.11561712944397547,0.17479932435050977,0.14979671546405773,0.13814167352154133,0.15918627759672002,0.18201280032660985,0.2051562290686181,0.0997684020482616,0.16093505067830632,0.14814795085166188,0.14974070054285854,0.17815826938136806,0.1603455176207854,0.16055043622161883,0.1791197573198006,0.15241728533169208,0.1444716833529801,0.1911568972343572
0.15488746316235527,0.15180396178945382,0.1736168940341029,0.14635912406512008,0.16301109623458646,0.13366599028667994,0.15470975016889504,0.16263711004251885,0.070487586372994,0.15210483705751485,0.1428472005791769,0.15182656637245343,0.12327484303153814,0.16114910165108226,0.17751354315478718,0.1391726642306034,0.14992161125926826,0.1572934584924394,0.17291111567841932,0.12579314961276114,0.3290320510294438,0.3150199469191328,0.301174441346129,0.3147373663255861,0.3173024502089629,0.33145571282982783,0.3266050858892501,0.3009522179249317,0.3268714492569618,0.32057522225792096,0.3230915026735481,0.3176704718754072,0.29021665796803625,0.33246406718623744,0.3284347817816231,1.0,0.3293336851626436,0.30420147040403117,0.321117837778175,0.30196843647330734,0.12986512874934777,0.16213148516891926,0.16890832897591057,0.1811520476319395,0.13823880569305577,0.16536783902257293,0.17373957922482744,0.12799806504754813,0.1192628149724913,0.13379905092463618,0.14588468903039567,0.11634322517179375,0.16952973041965605,0.1768624291113336,0.13007380377586744,0.1532388800435787,0.14920630059012682,0.1300998465136936,0.12831175649862786,0.1360736305064923,0.16823440202692574,0.153818760509359,0.14439484088351195,0.18000961357675388,0.19162626894498927,0.170453189244402,0.20221591184261722,0.17433770043727176,0.1785496645639854,0.1595728440946105,0.16705662958469178,0.16829715941007561,0.16404020952961712,0.1881998739785271,0.14559109200585002,0.19141489266714784,0.16400626101005406,0.13711364549568986,0.16299643713123266,0.1656066812183854,0.13703110357027212,0.14831244177398242,0.10616716157332944,0.16660557647704305,0.1369839289418568,0.12720815886080097,0.15265882069079845,0.16848021833146676,0.18888722365479985,0.09615426110652743,0.14958988476756319,0.13926228090883186,0.14007589409752055,0.16444841205608168,0.15052604863862445,0.1479660831726486,0.1660661236455381,0.14058761846634926,0.13178169708905654,0.17902400366924243
0.16552209950309246,0.1623694460924246,0.1835291203029235,0.15865779082774847,0.17219442844872326,0.1433446811106397,0.16570329187292032,0.17453196208615054,0.0798478175790628,0.1613445069887863,0.15244813707080357,0.15959916505207036,0.1293205519665935,0.1733216521411349,0.19341837752514937,0.1474111158004783,0.16308650468899322,0.1690626014316415,0.18540245918263656,0.13367015484352582,0.353889149500219,0.3407904966381041,0.3233747577271985,0.3412453603798776,0.337021711994625,0.3558619965270385,0.3539796031148214,0.32354291913674255,0.3479005309428396,0.340737663342098,0.3418488287659085,0.3403608725448052,0.31274543475351235,0.3551716113552954,0.35084205356898285,0.3293336851626436,1.0,0.324150754044547,0.34597763560798755,0.324214396057618,0.13172759605656278,0.1716817337461328,0.17333500514050051,0.1895439501297428,0.14203436609404146,0.16760496488139692,0.18226756558004215,0.12962732614653638,0.12412676512735513,0.1373855366850317,0.14925002042895602,0.12083397483183048,0.17462500312015836,0.1846969669657995,0.134020280458221,0.15509738994561292,0.15279743369173854,0.13131893853723448,0.1347940545484587,0.13621159008943148,0.19591914384348663,0.18339637210645804,0.17011960105042676,0.21024146785313855,0.2198297418641195,0.19389186555192378,0.2315876854184259,0.2054722760726124,0.21088977359351027,0.188071930388569,0.19642964545602243,0.19545815636924357,0.1921566841474817,0.21740071672550393,0.17323630984911847,0.22081186917128515,0.1933367798819337,0.16433125682043292,0.19387216000944876,0.1958450222692668,0.16806181143474622,0.17929212979439635,0.1350664765203769,0.19497301634924646,0.169639063181295,0.15876590039187513,0.18171730111635653,0.19855653150115832,0.22383779693734615,0.1242637892276303,0.17955294607312577,0.1689227721664596,0.16833212260210942,0.19651689763649346,0.18129494191209292,0.18017452039975296,0.19516275670021302,0.17067140521859167,0.1640036759827313,0.21106629195417148
0.1621614572688132,0.15682351451229093,0.18947962455561676,0.15969255094249543,0.1769045794133921,0.15104830259640536,0.16578040605963076,0.17173749883120182,0.0821220738995902,0.16485790796150127,0.1602947413976602,0.16604795608788317,0.13796742338064102,0.16652226116487065,0.18462610524668419,0.15926403280346213,0.15640508107091733,0.16882885910665982,0.18165701088384434,0.1382763374133356,0.33001217426850743,0.3118196136818547,0.2981170047568625,0.31396825624360436,0.3079457529209934,0.3262349540626272,0.3305992286069105,0.30378896085868395,0.3296563134979464,0.3204651703590309,0.3181567855993261,0.3228037787413194,0.29121742905495024,0.33166629553352095,0.32413881000129413,0.30420147040403117,0.324150754044547,1.0000000000000002,0.3093142959478611,0.31399839765888554,0.10526611874370324,0.1382227198322294,0.14335922157514355,0.16278368099770402,0.11936037346035194,0.13792332042984043,0.15547110999326955,0.10349903451949441,0.09861754356154075,0.10822229462589386,0.12143886135384901,0.10015625094955305,0.1489514353065013,0.1538117943952928,0.10243724980920521,0.13763914085123566,0.12292774351647238,0.10965559226074151,0.11085478820951816,0.10913440571276906,0.13810114724705733,0.11804609116786936,0.10969696736992639,0.1501317749290058,0.1612745135726417,0.12906693512364423,0.1685852167170275,0.13873720738017375,0.14805591449228842,0.12288006289764324,0.13135229001054377,0.13015548503350646,0.12583568819655783,0.15376807919673569,0.10829250223531971,0.15411953817406887,0.1283472085598687,0.09823295366699429,0.1336208792348721,0.13323672413685003,0.15782490178667613,0.15897996706902667,0.1263635128924507,0.18392356187604486,0.1483737814363471,0.1359104975075131,0.1664206901237737,0.1846835696477996,0.20690197296008017,0.106477734331744,0.17078012663302902,0.1558727976651772,0.15677708330938278,0.1806726397879357,0.1598475136674742,0.16397119368899768,0.1817853818473573,0.1542284670277305,0.1512969070045258,0.19201542494764526
0.18487230657634304,0.18076079799857664,0.1951404280482814,0.17447770857017014,0.1825340839656353,0.15898431798549365,0.1830834006924915,0.19378849013390465,0.10208278212950785,0.17549980824915792,0.1644713986192671,0.17379547250942917,0.1440611018410287,0.19468782189046488,0.20998273986474025,0.15851272727554072,0.18314270607157035,0.18174838286149447,0.2006755390073799,0.15225819697427298,0.340465214689526,0.3320350958172987,0.32004893954549796,0.33430418373551185,0.3287743434406742,0.34763705672462974,0.34284417122461325,0.311179888306196,0.33350258755189466,0.32880056075960323,0.33503159093829477,0.3269740763146055,0.30545018421143993,0.34397172814973526,0.3392060896261109,0.32111783777817493,0.34597763560798755,0.3093142959478611,1.0000000000000002,0.3078965479411639,0.14934823278005901,0.1939757388941946,0.19516580269732442,0.20508202399764533,0.16092671120730606,0.18629416401757612,0.19486112687162038,0.15020164719959742,0.14368904586710163,0.15934572193172938,0.17176030336008846,0.13460743644465695,0.19321390991582346,0.20263807237459847,0.15389021070319897,0.16917638774532856,0.1762003927456196,0.15144430261118344,0.1513786948063295,0.15849390385079615,0.22049924362792456,0.2091376013898918,0.19741623550799173,0.232213746072592,0.24532651808384964,0.2234876841236402,0.2562977155927158,0.227446325272554,0.23716004822972073,0.21738082897681416,0.2242803724445879,0.2226649225836618,0.21983385985013892,0.24185776982757573,0.20504583228215795,0.24619377442168286,0.22071571401381013,0.19781163171058036,0.21778510531612638,0.22393267406909628,0.16148952605373187,0.17861123475268265,0.13130442626117028,0.19395488814711076,0.16733066325439575,0.15978774941743892,0.18469532664750166,0.1925164716964176,0.21746947734440222,0.13113321178698087,0.1738037875165334,0.16777636880627814,0.16494325719315941,0.19144850210798517,0.18251223121231497,0.17637337064419167,0.1886253590219607,0.16749012780531905,0.15863020005011386,0.20938343061409556
0.16714106320660668,0.16182328044022712,0.19689218327104788,0.16878554939405613,0.1833890074826291,0.1629760671004032,0.17328731191871596,0.17977479671884747,0.09420766732616484,0.17092968468821046,0.1706175306722727,0.1722564101251769,0.14151195157657925,0.17358195878511123,0.19293540143479807,0.1659995931716593,0.16527409933871273,0.1769249308620144,0.18919376403867652,0.14565167770479528,0.33490373263628764,0.3108192598175777,0.2945275251065562,0.31170634776877615,0.300238096520654,0.32677328100092645,0.3389751779053415,0.30719368480485343,0.3314572602028053,0.31407200354465076,0.31813790959103744,0.3261494734274412,0.29382966813433864,0.33431690640045475,0.3233454827726735,0.30196843647330734,0.324214396057618,0.3139983976588856,0.3078965479411639,0.9999999999999998,0.07246074793038886,0.1064186447485449,0.11225294546362169,0.13186350367433622,0.08851418411175996,0.10365965324333086,0.12369468641339941,0.06819723733867676,0.06886214243404683,0.07358267750925092,0.09149399369281841,0.0670302374974861,0.11366568896608038,0.12304838994120348,0.06665107484792264,0.10514102294470933,0.0907874615306389,0.07724038451871997,0.08207593414212673,0.0741193375596379,0.1410830758416968,0.12481510301995472,0.11901770667313172,0.15449363470799055,0.1648389727939901,0.12782419078644877,0.1669252273001279,0.14761919608516738,0.1562500542102259,0.1284303823388318,0.13695112919191627,0.12956158169393325,0.12764976772046555,0.1572352559650734,0.11103048189990418,0.15569544815696848,0.12967319903084928,0.10033451389555958,0.14014844537091664,0.13504308077145205,0.16281077119752035,0.157894111988508,0.12951390867450055,0.1845413900843776,0.14687472303820176,0.1369162080805937,0.16679155338737067,0.1869575872154347,0.21600052185755608,0.10437230098304053,0.17339315290634158,0.1560331581879889,0.15421196590348193,0.18372509359765263,0.15651280333567263,0.1657469876731878,0.1792510441998797,0.15485721093121163,0.15510269012641287,0.19364138307672712
0.134081840856663,0.12477093702331339,0.1163423450229886,0.10823105363857292,0.1078427349398774,0.0906160378526514,0.12038473336429287,0.12474064425747,0.07477398336465658,0.11702109148625878,0.09079730163571605,0.11729222380169138,0.12100370901461005,0.130322655375832,0.12105966598957724,0.10981235320101788,0.1139389633470254,0.10324042795915757,0.11780987164186014,0.11197717858087865,0.09734804110304673,0.13463614958038414,0.15869883668853982,0.15381263227612207,0.15616782967618587,0.12915404095876984,0.09360726277769649,0.0984138365554155,0.10929631100146708,0.15538994417430416,0.127311682931988,0.10680307315338158,0.11280221471448915,0.11339478123634561,0.12258419840521244,0.12986512874934777,0.13172759605656278,0.10526611874370326,0.14934823278005901,0.07246074793038886,0.9999999999999999,0.2954319046162659,0.28313444016643396,0.28369622393157595,0.27023972230757615,0.2820002172044837,0.2752673840806268,0.2836661072039957,0.25622725003869534,0.287658719232027,0.2699441856755968,0.2617078262496521,0.3061150315223053,0.2797758343270009,0.28159510165622986,0.272816170963773,0.28378202244961337,0.27386683459933586,0.2520913262765216,0.2849833217402797,0.11848657874065877,0.08632384291061049,0.07060795345970089,0.11000199319745392,0.1286353664941712,0.13429634914414804,0.15520445041884987,0.07185898740064695,0.10431416344576828,0.10532860594684298,0.10604325877882015,0.132078264747879,0.11928921890686363,0.11734513540890451,0.12207885426641334,0.12748309563486887,0.12743927000487285,0.12445334705792693,0.09911035428791548,0.13542360295985323,0.08551142331451547,0.12624118760638775,0.08902865617796273,0.13277866092077692,0.12144204662639253,0.1083105385677004,0.13646522061557953,0.10618112306362464,0.08440565263238665,0.13252094565476508,0.10676465846223208,0.12350524620036611,0.12980546176017485,0.10601456668488947,0.1439006778908434,0.11053308649383593,0.12861535681019498,0.10890529430535084,0.0932785190474028,0.12613864068623798
0.1947701580444535,0.1811397322709899,0.1722849949514188,0.1692533638034008,0.15852615877791656,0.1486424406653314,0.1808334143047152,0.18746642513225273,0.13283842186857447,0.1722980522149253,0.14477694714369405,0.1717031223336682,0.17447524052111793,0.19336457147467798,0.18457932760005963,0.1655857417363281,0.1758200567387507,0.15776986365649834,0.1757714203858057,0.16929234913551108,0.13220658443393785,0.1775410816062709,0.2056513644204796,0.20448071161379816,0.18821370884371125,0.1680442097434322,0.13682215041258003,0.13290951588426617,0.14051404516583713,0.19181297903969316,0.15931087542827418,0.14333138845473153,0.1531979784043739,0.14810680366524814,0.15465356350443296,0.1621314851689192,0.1716817337461328,0.1382227198322294,0.19397573889419456,0.10641864474854489,0.29543190461626584,1.0,0.3293790906933267,0.33512230661633563,0.3164165089733699,0.31976972584035385,0.32265420793195476,0.3255206625817039,0.3014371033862032,0.33355877548912666,0.31461629603525576,0.30457159107213305,0.3571541681089333,0.3285014612542787,0.32318860365054125,0.31387798381374565,0.3300658822964189,0.3167307210703444,0.29857443158462954,0.32452978110610564,0.17642318942189195,0.13928701846671293,0.11833423039534446,0.16790798824977038,0.1894194696985709,0.18390309985683415,0.2176275921796365,0.12110979746984164,0.16880326738287746,0.16234259946439702,0.1636698193283223,0.1871248445821194,0.17452095197919804,0.17349899075130068,0.18237770226872765,0.18386078344587065,0.18743730849427565,0.18495976044887505,0.15915041851657222,0.20143441534380926,0.15342051712858518,0.19735779666188122,0.15694979123469677,0.20606329140032648,0.19331314765708957,0.17816801255854398,0.21270723280933812,0.1719651943459354,0.15562677053592697,0.20843673071791743,0.17712436661128167,0.1968736003474071,0.19953729796788935,0.175867119853827,0.21801387953494125,0.1824957312791839,0.19502374737768186,0.1761650118667942,0.16427762620414818,0.19955554626709937
0.19907799663350667,0.18616786956241088,0.18067965669279404,0.17074217084748874,0.16657030829262354,0.15564911952969734,0.18574324758828717,0.19318026037927077,0.1325692801318767,0.17828855884122274,0.1515683508766307,0.18049381523234334,0.1788318801969133,0.19863676560619956,0.18496170610098028,0.16920321817395817,0.17870151395056855,0.16197555507946,0.18149251835947483,0.175591214535593,0.13702337590512104,0.17236585264142623,0.2028717060970489,0.19483942213098362,0.1917086738774931,0.1716015808695804,0.1383805428127019,0.13542367512181797,0.14905354889214248,0.19232437167427477,0.17350363267593774,0.14734065834970864,0.15377433315548894,0.15638743428141638,0.16026306557869707,0.1689083289759106,0.17333500514050054,0.14335922157514358,0.19516580269732442,0.1122529454636217,0.283134440166434,0.3293790906933267,1.0,0.3161144321893436,0.300901312095192,0.31208624780545025,0.30103717839837735,0.31021242979407027,0.2824266732288638,0.3160473765245776,0.30497532530001314,0.27980461330685946,0.33921514769442523,0.31233278153201116,0.30379070340875797,0.3018734672445269,0.3185549454099479,0.30446121711510016,0.27721840933757763,0.31543459991119466,0.15860401044686326,0.12198995268817955,0.11089883010196112,0.1479241643326916,0.17517697096254697,0.17594979265727495,0.19751831566583966,0.10636941152334761,0.14871461469430264,0.14730325366389282,0.14753968801431253,0.16967403878073567,0.1571865681904173,0.15817603595756397,0.1636378394217955,0.1675698791260115,0.16555123310321326,0.1656574929831995,0.13724093118738104,0.1768149289330833,0.10249968245624576,0.14540759568566738,0.10359900370511438,0.16225264038411913,0.13480880131266307,0.12479777167192968,0.1661907802186226,0.12726162785133785,0.11092000727113252,0.1529321399812351,0.1276078652891961,0.14524038639250672,0.1478638024525549,0.1268669457354837,0.16469008919107722,0.1288667900774168,0.14638986369902032,0.12578536917966965,0.10883457957309865,0.1527086215248917
0.1854347896568714,0.17246744744197032,0.17168755704648778,0.16176878526278712,0.15843805516259551,0.14251247032461759,0.1733320392369439,0.17865391087901694,0.11640854547805028,0.1680409794563659,0.1420948254234758,0.16835027615581377,0.16881810951923784,0.1823912100605449,0.1766934134414335,0.1633632799506212,0.1647135520404034,0.15398057599338133,0.17061914875792816,0.16038079705190417,0.1552758224816542,0.1937495847926735,0.2179853770286466,0.2183005821595552,0.20689348949593936,0.18651030874601307,0.15681023905283947,0.1538688084719576,0.1659977329126081,0.21352870084446202,0.17954211749224272,0.16637804300923625,0.1689785201112122,0.17059598967266293,0.17669574135104996,0.1811520476319395,0.1895439501297428,0.16278368099770404,0.20508202399764533,0.13186350367433622,0.283696223931576,0.3351223066163357,0.31611443218934354,0.9999999999999998,0.3032953762814868,0.3096161401823762,0.3143286443561476,0.3107601591364392,0.2857737427733306,0.3170136763417216,0.2998064328814967,0.29279901862608315,0.34506594761033077,0.31685068730992627,0.3076322715625545,0.3068064361507232,0.31419953501810677,0.30331881922090465,0.285175214161367,0.31016533097883836,0.15326070550139634,0.1137487829612594,0.09383795304772734,0.14649910710621822,0.16724048779759607,0.15899817467871774,0.19511706386086,0.0998463384333145,0.14319812205848917,0.13479472260708877,0.13735128301130792,0.1615821625552575,0.1481490217622916,0.1513433718972936,0.15153596467813563,0.16073624158815775,0.16030534956111397,0.15221677581635024,0.1347633211080128,0.17324463829849693,0.15006005052846358,0.18902687843409735,0.14970674507401055,0.2014504125491328,0.18415287007918246,0.1668230874712614,0.20321606449933646,0.17095060372200319,0.1548367510688385,0.19118719643854912,0.17428380556203857,0.18914466043635905,0.1940464525105252,0.17255938898201575,0.2079629315079721,0.17638487863772703,0.1937897347761861,0.17015684242344753,0.15846271523957706,0.19445097283697726
0.18059642000663667,0.167019014322806,0.16357835870147694,0.15617224536836863,0.1503038575203948,0.14125398250295892,0.16836938537216767,0.17344435278224757,0.122728558357156,0.16254908489950826,0.13765015415480153,0.16435062802184258,0.16764274477828206,0.17748029269293988,0.16543356869847423,0.1589445358809474,0.15967714615263184,0.14568095016001414,0.16167654066852416,0.16074116135403954,0.10702449059536545,0.14597612348858022,0.17646209970101442,0.17094195325954906,0.1612586185574366,0.13931291037868848,0.10953158674366445,0.10972622073303011,0.11971335991935113,0.1668091541629402,0.1382309247333313,0.12074509340459419,0.12808992955225437,0.12424477703566165,0.1290174090778131,0.13823880569305577,0.14203436609404146,0.11936037346035196,0.16092671120730603,0.08851418411175996,0.2702397223075761,0.3164165089733699,0.300901312095192,0.3032953762814868,1.0000000000000002,0.29330348033551995,0.29073064953680333,0.2985823758723262,0.27321118127584987,0.30373351185706715,0.28789958203886346,0.2768317849470974,0.3266800236241768,0.2964601165082701,0.2924137112074866,0.2910469104223108,0.30146565174601864,0.2925512543174579,0.269671816808942,0.299455680968119,0.1308960610924332,0.09190562433455925,0.07766476245491694,0.1202002925695282,0.14361647398068916,0.1400646234081534,0.1672525725183586,0.07384613956114777,0.11895269443032175,0.11505971366901617,0.1156934866046969,0.1389642951842102,0.12606616420099945,0.1259208489987284,0.13391795806961806,0.1344940773325708,0.13724058171731063,0.13607670446916215,0.11096243305510325,0.15035079949880875,0.11610813121004576,0.15454492865387234,0.12052579766633945,0.1691686132069044,0.14803775376942205,0.13466033530621851,0.1730850306996638,0.1345435527386475,0.11532363267799757,0.16658409668808533,0.14016832205313795,0.15727312391048887,0.1610863512241626,0.13560709017125155,0.1737305481752949,0.14071010037915807,0.15644557527378233,0.13638990513170285,0.12403400539188575,0.1576741070454326
0.16114355259397697,0.1510152319806961,0.14449934952552113,0.13200472941875457,0.13408178449278316,0.11439762017594617,0.14681480665763474,0.15270740180631898,0.09060048850119382,0.14274807533362419,0.11456467388114003,0.1440044332479597,0.1438163651903036,0.15850832136038417,0.14784902761574162,0.13293425222637195,0.13933356069792066,0.12790234528222805,0.14553190990379825,0.1360567522060278,0.13191345552648706,0.16701941338953924,0.1927978195059533,0.18610106435937754,0.19222190744406684,0.16572994793703852,0.1274470706929523,0.12990713312613714,0.14523093965737244,0.1904533784963211,0.16677570484355736,0.1406541231943829,0.14430800178271072,0.15049929622622132,0.15850680042431187,0.16536783902257293,0.16760496488139695,0.13792332042984043,0.18629416401757615,0.10365965324333086,0.28200021720448376,0.31976972584035385,0.31208624780545025,0.3096161401823762,0.29330348033551995,1.0000000000000002,0.29858501530971254,0.30641981776410676,0.27578151333654266,0.3106946860847542,0.2961528759295978,0.2782553277081708,0.33277029876183384,0.3063150181218786,0.30279146675504587,0.2976455111668304,0.3103894701716954,0.2975331059046726,0.2710877464580898,0.3108386327392619,0.13804782430118023,0.10324086711073968,0.08956223965071325,0.12905890127168917,0.15225509022858255,0.15842361220731518,0.17869188703976133,0.09011887639426133,0.12393096741826061,0.1251125693815577,0.1259502028604507,0.15247096476625116,0.13887718569121496,0.13932203871443183,0.14055925450980525,0.14993062642269106,0.1459782264300843,0.1423242197742355,0.11592032689333041,0.15393368235404115,0.0856988706211364,0.1296767904087133,0.08619871164857626,0.14121374620227967,0.12111981072478752,0.10876613116023477,0.1435500622758714,0.11215139362546933,0.09148296114581572,0.13174792903032664,0.10973380984437045,0.12629369330558415,0.1324017023888868,0.11042867661914972,0.1482125866417045,0.11232248249433464,0.13387435076759752,0.11096081360753159,0.09202574090512146,0.13411054494471414
0.15224201746253335,0.1415038293999289,0.1394668726376675,0.12996392276322077,0.1292715189773544,0.10795514312140038,0.13988533953765694,0.14378840364730797,0.08370702525645467,0.13676323275239416,0.11069124375375941,0.13551734236989801,0.13781330922327426,0.14767031850796494,0.14620016099535568,0.13235526612947948,0.1319323614784495,0.12506640969988347,0.13941389083110867,0.12615006962695094,0.14912777915690575,0.1884334592305804,0.20721675568311163,0.21089928377704706,0.2021422625396023,0.17872102587795144,0.14764410525098046,0.14769927237994038,0.15896208642332815,0.20788921244380884,0.16794659522279692,0.15865799006785922,0.15977892726886903,0.16211136522884476,0.1714709005597759,0.1737395792248274,0.18226756558004215,0.15547110999326955,0.19486112687162035,0.12369468641339941,0.2752673840806268,0.32265420793195476,0.3010371783983773,0.3143286443561476,0.29073064953680333,0.29858501530971254,1.0000000000000002,0.30011167561280416,0.2754587100427294,0.30581365813224237,0.2848335720130752,0.2873938288217228,0.33260234129460037,0.30564758791754426,0.3003718335186233,0.29554089199339023,0.29961503552628127,0.2899988958605556,0.27618344493612257,0.29716331974985066,0.14065194429623334,0.10385025494034486,0.07983187299356923,0.13630212152693535,0.15165381296496105,0.1449985975268066,0.1829999159297648,0.09192418489389172,0.12915367126010344,0.12090519192813265,0.12424514366049114,0.15068486498413897,0.1370462149504455,0.13956594412638584,0.1371163155257464,0.1496786189538491,0.14920908301665362,0.13759509881375898,0.12376331482186458,0.16018287287159538,0.15033987372082958,0.18861083204398083,0.1497572544127868,0.1946031833582023,0.18723917160773423,0.1673314252667572,0.19576866516001182,0.16995747384977083,0.15212558227710454,0.1870614917279232,0.17243524458965176,0.18628381963422438,0.19333461710573657,0.17188133036124678,0.20657863387203484,0.1765973155076571,0.1946302322751509,0.17064743808984664,0.1596579849187268,0.19080933319558807
0.1585518287151737,0.14663725358831034,0.13805626132811508,0.1310671873774734,0.1272789961271019,0.11354707923691375,0.1440337013990743,0.1486828994145796,0.09880597935033185,0.13941565118890176,0.11154861742318836,0.140395278036224,0.14606232122333265,0.15430305085894755,0.14181530205483764,0.13373790644936653,0.13626159905185892,0.12253431843065783,0.13830793335527614,0.13686863398382454,0.09135223090553375,0.13412502007547902,0.16435241000703552,0.1577860886937392,0.15518151644667988,0.12659794265409097,0.090017072176083,0.09495133267746332,0.10501752910666362,0.15676077274104266,0.125461627959193,0.10430867540149318,0.11323163261112582,0.10940950919724524,0.11792678212447899,0.12799806504754813,0.1296273261465364,0.10349903451949444,0.1502016471995974,0.06819723733867676,0.2836661072039957,0.3255206625817039,0.31021242979407027,0.3107601591364392,0.2985823758723262,0.30641981776410676,0.30011167561280416,1.0,0.28313242836810026,0.3166200139799162,0.2971336174035338,0.28851043827502726,0.3366953214331086,0.30548707560467087,0.30789370070534255,0.299896909064278,0.3121073200196916,0.3027208807025241,0.2782221087007924,0.31288647598043395,0.1259627565916666,0.08841580169303075,0.07230964459122635,0.11489076075694774,0.1368538549649245,0.14057177059191392,0.1642921206379059,0.06962216838329939,0.11060782239606244,0.11086555405631117,0.11114372060792888,0.1386625877448802,0.12474608100315827,0.12185632227894008,0.13113714366082554,0.13220328752965227,0.13501491192399007,0.13420268816389053,0.10460631584944133,0.1459072122414161,0.09875175281956294,0.14214531389060822,0.10493290081247546,0.15170957911455657,0.1367704087825923,0.122803366500111,0.15675850155555757,0.11874824961937587,0.09450137496562756,0.1547826992336335,0.12267363898083591,0.1419935167313823,0.14783605061916616,0.11932055229716164,0.16218389172328523,0.12556588618278408,0.1434468465380654,0.12310028628401844,0.1077151873172662,0.14152655891591076
0.15712364344318283,0.14529642000107598,0.13710690657514188,0.13411461046609402,0.12602271880748475,0.11742209553144173,0.14454312515873113,0.14930817050861342,0.10615789929650714,0.1384418498403868,0.1141094953394888,0.13859515016164076,0.1436504697224769,0.1543506419608275,0.14434095101426112,0.13396051115348334,0.13885960318327115,0.12400754266182965,0.13857947788482172,0.13718336726278085,0.08912441139288553,0.12987246354964574,0.15694216337924802,0.15345009854792402,0.14267970607076835,0.12091889465754602,0.09157082237848914,0.09238297792630387,0.09886163108663926,0.14582869443180263,0.11612246505344677,0.10082966781630102,0.1105372230409126,0.1040526737772937,0.11064128408251753,0.11926281497249132,0.12412676512735514,0.09861754356154077,0.14368904586710163,0.06886214243404686,0.25622725003869534,0.3014371033862032,0.2824266732288637,0.2857737427733306,0.2732111812758499,0.27578151333654266,0.2754587100427295,0.28313242836810026,1.0,0.2888217561204013,0.27084649058620797,0.2644025784803655,0.3076433525068054,0.2800581483432713,0.2799892224985886,0.2717815495981423,0.28442869977603014,0.2751482946097547,0.25668869962480845,0.282258844935005,0.1315982336559954,0.09790236292896944,0.08111260595690016,0.12235326627262484,0.14146928627765862,0.1399169641313856,0.16608170142728457,0.08009691316012478,0.12133831448925023,0.11831113678964691,0.11884610208059991,0.14139968123455363,0.12966276172172853,0.12714255764455082,0.13730605292714665,0.13617652749945128,0.1406926291888531,0.1401323334725643,0.11473908281245981,0.15251881461213088,0.11493803712840456,0.15335396730186449,0.1206235551834616,0.16119550334152474,0.1498364306102472,0.13673690541390282,0.16709516430017834,0.1303649420575983,0.11176589066391567,0.16662720560675448,0.13599520870418658,0.153978397255702,0.15750847532866422,0.13293746713838825,0.17172246786364484,0.13966139120617596,0.15203822832640382,0.1354577466276368,0.1243142364972795,0.15297110887672974
0.16688562347773567,0.15468915095902877,0.1446346378370408,0.1394456396776723,0.1332666065402663,0.12092668952795205,0.15216771019254938,0.1575151774425217,0.10737632154640651,0.14621910412936684,0.11813691291671907,0.14665413341418007,0.151804560737036,0.1636114478306826,0.15162044450741063,0.13967992761921222,0.14571537593217912,0.12999096367001528,0.14652195613040117,0.14407339787713075,0.0981296004394885,0.14221306882682264,0.17219438079702729,0.16662174943817404,0.16085118313538835,0.1341742534290384,0.09833619909530283,0.10112919535959128,0.1101238446098599,0.16203818840930037,0.13109108112965076,0.11034901839316041,0.12042852757645323,0.11576597898233026,0.12401626204292789,0.13379905092463618,0.13738553668503173,0.10822229462589388,0.15934572193172938,0.07358267750925095,0.28765871923202707,0.3335587754891266,0.31604737652457765,0.3170136763417216,0.30373351185706715,0.3106946860847542,0.3058136581322424,0.31662001397991624,0.28882175612040134,1.0,0.3027281073098665,0.2929625010438968,0.34226384661680426,0.3119152739038422,0.3131459414754057,0.3033305737259519,0.3179499219733002,0.30708231807095876,0.28399105174776385,0.317127217742176,0.1413335447924058,0.10464056360457923,0.08733533348728029,0.13071492705779525,0.15259290925922436,0.15505885321397128,0.18028251594889283,0.08564196398683802,0.1281432732919227,0.12739337333630138,0.1277294576496001,0.1542121723761164,0.1407627122550609,0.13768096880450537,0.1478721314399399,0.14824387219111357,0.1515202749236177,0.15109470003947814,0.12111188152407727,0.1630004517381836,0.11012476441919206,0.1545330070041324,0.11607649533339064,0.16310825290731337,0.1495176170224275,0.13574089182022467,0.16920904385310873,0.12972887672018182,0.10733776430031147,0.1676685315248575,0.13380746470955865,0.15389743901306338,0.15872500760277736,0.1313037639651465,0.1748705614838043,0.1378941501756474,0.15395668736317733,0.13466707687731255,0.11980241533526265,0.1541328296269584
0.1914503244997432,0.1785095814850628,0.17183223316625942,0.16429033843911436,0.15807587300321796,0.15070147043064547,0.17850971529435575,0.18553093360743628,0.13234882881862234,0.17081981165964605,0.14539736729442174,0.17316119159043777,0.1732198534441979,0.19093498389773314,0.17590843844495538,0.16288892926330403,0.17196094488026278,0.15418533327925896,0.1726255868587216,0.1705681287091889,0.11346139471763013,0.1492087203437997,0.18090232232483489,0.17188422906118203,0.16713984760367787,0.14742297778348062,0.1158898787106941,0.11384952289637905,0.12524384381118872,0.1679294828698578,0.149989369468803,0.12463925808254657,0.13324738562993493,0.1323989900526122,0.13582230775802662,0.14588468903039567,0.14925002042895605,0.12143886135384904,0.17176030336008846,0.09149399369281838,0.26994418567559686,0.31461629603525576,0.30497532530001314,0.2998064328814967,0.2878995820388634,0.2961528759295978,0.28483357201307524,0.2971336174035338,0.27084649058620797,0.30272810730986643,0.9999999999999999,0.26767383367389197,0.32330313013165485,0.2962840663022703,0.290227019877789,0.28732138650809735,0.30459703928705484,0.2918388396303914,0.2650413629110899,0.30184496403553934,0.14788632211130837,0.11253072923473903,0.1026603785959801,0.13631973353070972,0.16298826964365964,0.16428854758486533,0.1836031333753284,0.09538414134923202,0.13812869068911598,0.13758898025540325,0.13722583734472635,0.15822135656814,0.14639605448830192,0.14583808138862875,0.1547426519297309,0.15466456617691612,0.15483720647149557,0.15733680123409005,0.12734447240126226,0.16634487678911936,0.09435396241406786,0.1356139188039193,0.0976086999692196,0.15180945094902118,0.1256312378571209,0.11679986047728223,0.15686763466877418,0.11631614339983931,0.09955124162474831,0.14739266973607246,0.11838214891726748,0.13658380731948,0.13856021142562042,0.11641102156797874,0.15455166630053602,0.11950709409155903,0.13488976125904162,0.11669255110266578,0.1009400777449298,0.14118588944660856
0.12646220487815685,0.11549002910192857,0.11040971420082399,0.10548686566058506,0.10183151986424713,0.08523237824838617,0.113856916549784,0.11576077145134803,0.07205271183066222,0.11175540867491059,0.08657232622195331,0.11067867106037003,0.11969832701403546,0.11958950311126838,0.1149742979334695,0.1111873305212469,0.10546601581111949,0.09795822193268364,0.10917679504443573,0.10575886668760591,0.08658031332226492,0.13099687112879785,0.1537926958915214,0.15524746384547317,0.14470431937369735,0.11654801262796619,0.08547574144061344,0.09158110377885163,0.09811093405810482,0.15161615105978982,0.10688575512764813,0.09994680623099472,0.10616897845674939,0.09936138634330081,0.11004788382648399,0.11634322517179375,0.1208339748318305,0.10015625094955306,0.13460743644465695,0.06703023749748611,0.26170782624965205,0.30457159107213305,0.27980461330685946,0.29279901862608315,0.27683178494709737,0.2782553277081708,0.2873938288217228,0.28851043827502726,0.2644025784803655,0.2929625010438968,0.267673833673892,0.9999999999999999,0.3145911375348941,0.28362623490578903,0.2879956948894252,0.27964386005172737,0.2825078497004778,0.27765307530781375,0.26380352535658835,0.283054152273882,0.10565230179024464,0.06849279508711094,0.04481922599514448,0.09857204659884385,0.11200061399289414,0.10808887421075448,0.14304685959779956,0.051438191365745276,0.09050398136583891,0.08500721700700545,0.08716711484689313,0.11524627646510678,0.1014323705269369,0.09943220857008901,0.105282105471398,0.10914934829814255,0.11480949665035929,0.10735350950671547,0.08872837783293502,0.12649064818464303,0.13270310892554277,0.1694655546385153,0.13874909943006689,0.17259286181119596,0.17081057257168297,0.15091179665044935,0.17609367475819232,0.1461179894202453,0.12234280877402456,0.17875190248346992,0.15359717578589888,0.16977013768922833,0.1775286840833879,0.14891700785936277,0.1879167302484136,0.15755790688652888,0.17327889763942272,0.15256769674314938,0.14359720584385707,0.16517618867261671
0.19467169376828075,0.18025173930233404,0.1780449779828834,0.16763039293680093,0.16401238097990695,0.14909624660934698,0.18100309951058377,0.18621347959046014,0.12462759649585888,0.1758050582236877,0.14740457553607622,0.1772451569394496,0.18027197295650063,0.19042281917882586,0.179972385475381,0.17169296305351697,0.17066423116082852,0.15807881579042682,0.1755758177740965,0.17052214493682996,0.13628751778991605,0.17920464852745768,0.2100193946991248,0.20622314535664796,0.1971307707752773,0.17147076875546768,0.13721092295141885,0.13783472435595792,0.15052496280499555,0.2037436319836002,0.1683006316212573,0.1506660586047725,0.15598107850566995,0.15473677540125483,0.16139967453552118,0.16952973041965605,0.17462500312015838,0.14895143530650132,0.19321390991582346,0.11366568896608038,0.3061150315223053,0.3571541681089333,0.33921514769442523,0.3450659476103308,0.3266800236241768,0.33277029876183384,0.3326023412946004,0.3366953214331086,0.30764335250680547,0.3422638466168042,0.32330313013165485,0.31459113753489415,1.0000000000000002,0.3366568752453855,0.33124231167102436,0.3302129236804921,0.33883975530511967,0.3289362029193912,0.30503973596292666,0.33692754271998554,0.14611782298539236,0.10211898175371574,0.08375013922104635,0.13591365877223116,0.16029224662805705,0.15549172883954016,0.18911824080435172,0.0840923033421887,0.13200158405802023,0.12642825413121217,0.12804384273798716,0.15560572969936387,0.14057515762104186,0.14181898965745757,0.146470820327452,0.15183966531469661,0.15319266875393087,0.1481514989650856,0.1238938749958583,0.167108161743873,0.13783954599538406,0.18071553706820426,0.1408170254291318,0.1956799080242615,0.17440601535121839,0.1572136915952022,0.198470258592739,0.1597735421803187,0.13813036718317323,0.18903180573858044,0.16474527243775183,0.1824346222865906,0.18813421003659916,0.1606340507793493,0.20184433427357307,0.16572116003111395,0.18534088926597675,0.16059523907024764,0.14666779705187918,0.18457969097945434
0.17881397582195527,0.1671803054477084,0.16227145296941073,0.15350893135803978,0.1500002330286388,0.13421632361395297,0.165848292386984,0.1720604150200062,0.1110456895566451,0.159757678184465,0.1332869641957869,0.1597857862579592,0.15930517965126115,0.17713745973264017,0.17022787446999416,0.1519446629454145,0.15949974145859658,0.1466102040896561,0.1640704774614994,0.15299955181061864,0.14968247772839557,0.18709547228747075,0.21079450643817468,0.20937453081369314,0.20232269094492314,0.1820326296893585,0.15024813242298632,0.14724975368860177,0.15925236035738732,0.20465366064510365,0.1763244591237973,0.15849526140282896,0.16266256038760735,0.16543379358863694,0.1719700578512552,0.1768624291113336,0.18469696696579951,0.1538117943952928,0.2026380723745985,0.1230483899412035,0.279775834327001,0.3285014612542787,0.31233278153201116,0.31685068730992627,0.2964601165082701,0.3063150181218786,0.3056475879175443,0.30548707560467087,0.28005814834327136,0.3119152739038422,0.29628406630227033,0.28362623490578903,0.3366568752453855,1.0000000000000002,0.30316781857117314,0.29834366948006974,0.31051446931689874,0.29733559618936134,0.2778714900425243,0.30668375514202106,0.1603726649238177,0.12504387477641773,0.10683956731058972,0.15348748401616025,0.17447545562502542,0.17123614659613823,0.2013839267218982,0.11178221647356669,0.15133829463030202,0.14609384992527125,0.14795455611211286,0.17136854794954237,0.1587643023269973,0.16052571136195137,0.16196657185570337,0.1704660816036623,0.1689494964574279,0.1632403541054894,0.1421722876191679,0.17998293362203008,0.13161264827352118,0.1728453928366115,0.13124483729004818,0.18324662724508703,0.16699920165764143,0.15241666226038977,0.1863540349387813,0.15395050933834237,0.1384918729420799,0.17515617386218865,0.15476989289996368,0.1707648317026334,0.17494864583771147,0.1552247838823187,0.19139420411533264,0.15846823575678295,0.1751631758508705,0.1536255113903735,0.1397136709050429,0.17795400249956178
0.13272073464389686,0.12327593826126365,0.11041273988297091,0.10578808003855228,0.10242748797778863,0.08389653338376876,0.11725706416368871,0.12162210235255107,0.07252616425039733,0.11316791872088809,0.08436473655705147,0.11178857263282042,0.1181421346105142,0.12845052803339113,0.12070239847184684,0.10541379103240184,0.11235335197985134,0.09981232961022991,0.11460397488300005,0.10782100096616146,0.09529701443899902,0.14011161168155076,0.16405737950387841,0.16164191102368486,0.16021397708365215,0.13039292282489148,0.09193712289680897,0.0974632736475067,0.10586307236424704,0.15881252477502944,0.12344257622752423,0.10483522745873824,0.11368711369286942,0.1107596463442764,0.12268300097008301,0.1300738037758674,0.134020280458221,0.10243724980920522,0.15389021070319897,0.06665107484792264,0.2815951016562298,0.32318860365054125,0.30379070340875797,0.3076322715625545,0.2924137112074866,0.30279146675504587,0.3003718335186233,0.30789370070534255,0.27998922249858854,0.31314594147540564,0.29022701987778904,0.28799569488942517,0.3312423116710243,0.3031678185711731,1.0,0.29289092726606736,0.30599429984128507,0.29514525667506253,0.27606134222093076,0.30666462235893827,0.13502201853755763,0.10239835511150516,0.08098284080971385,0.12705677665719445,0.1435770086460391,0.14933213979336848,0.17502560238043496,0.08589731248093795,0.12084766111855906,0.1211502835997183,0.12217362459854358,0.15089797811090766,0.137400859468281,0.13334823811251764,0.1407061439055673,0.14504559732438363,0.14752077230669647,0.14385544263945388,0.11646658191278275,0.15630182491943442,0.1068405379036802,0.1519731544942551,0.11213329519714736,0.15312245864870253,0.1501659112114243,0.13443331821996518,0.1590091843606454,0.12622981678238757,0.10245577959472091,0.16056531059811058,0.12818625197313982,0.14769193053226895,0.15454745093189726,0.1280277905033536,0.17133957159405525,0.1351898387963929,0.15194328288427295,0.13262109462827706,0.117434179203231,0.14843037986958907
0.17323395752616116,0.15994003037572396,0.1624200589864751,0.14883602121177472,0.14966132318062256,0.13431697260184616,0.16164619023261048,0.16545976060649217,0.10741970103343322,0.1588989114812449,0.13382223178330224,0.1615486799555479,0.16405317906125116,0.1680048885529334,0.15759943847224553,0.15697816255036826,0.14932954603611256,0.1413572799642679,0.15647768330401637,0.1531932008341646,0.1225103292772353,0.15812028117075552,0.18701105708904006,0.1819169985099696,0.17773921114179866,0.15270229298142274,0.12153355594837656,0.12431057808198832,0.13849635159083906,0.18560175335239218,0.15360375406775292,0.13715020872908382,0.13905053677299412,0.14024478245197688,0.14564900876742318,0.1532388800435787,0.15509738994561292,0.1376391408512357,0.16917638774532853,0.10514102294470934,0.272816170963773,0.31387798381374565,0.3018734672445269,0.3068064361507232,0.2910469104223108,0.2976455111668304,0.29554089199339023,0.29989690906427796,0.27178154959814227,0.30333057372595185,0.2873213865080973,0.27964386005172737,0.33021292368049204,0.29834366948006974,0.29289092726606736,0.9999999999999999,0.30078782869672666,0.29416075020837773,0.26964504796351313,0.3010294978857285,0.11018312307651726,0.06745268752194787,0.053451696112167595,0.1001165424874135,0.1235725211704728,0.11929733501227514,0.1485515667287968,0.05174576732495387,0.09428037788407045,0.08972086957918705,0.09126055890717076,0.11731835688960683,0.10284388801943058,0.10550493768711186,0.10712775460337023,0.11386638984205326,0.11369278928426282,0.10801007042358476,0.08780282775916874,0.12603085941157188,0.11151671134427699,0.14797602886471622,0.1136871383293197,0.16556859213829964,0.1407752128459853,0.12481138799539555,0.16565198501160835,0.13267559396657008,0.11105565108768127,0.153790853875426,0.13704405154379368,0.15115052776545324,0.1576622543360609,0.13158913823385826,0.16667930003094875,0.13494761867795343,0.1561409590409924,0.13108842380553856,0.11784384151946135,0.15281449145445763
0.19154170609507143,0.17854432316314234,0.17032425304680873,0.1631061703830838,0.15680137986690246,0.1476989086683566,0.1775858073025948,0.18459526831756548,0.12994764420572708,0.16995833502237628,0.14286443032081284,0.17184185053291287,0.17286641019709476,0.1905437776649971,0.1757457285047621,0.1615642602675845,0.1711453279092706,0.1530536418414742,0.17184416384021498,0.16914665544516885,0.11482311516038443,0.15363578016581766,0.18574862531653774,0.1771622274868201,0.17267676566106882,0.15062396311347698,0.11658930027211885,0.11553912504303547,0.12686592950145195,0.17297768456365833,0.1519472589242281,0.12621442764783414,0.13551261358442215,0.13413959196180272,0.1389595435239715,0.14920630059012682,0.15279743369173854,0.12292774351647243,0.1762003927456196,0.09078746153063891,0.28378202244961337,0.33006588229641887,0.3185549454099479,0.3141995350181067,0.30146565174601864,0.3103894701716954,0.29961503552628127,0.3121073200196916,0.28442869977603014,0.31794992197330013,0.3045970392870549,0.2825078497004779,0.33883975530511967,0.31051446931689874,0.30599429984128507,0.3007878286967267,1.0,0.3054515401409227,0.27851390442652113,0.31621590103957187,0.15332552827620743,0.11697447002642641,0.10504614858708358,0.14169044651900647,0.16812274198243887,0.17036151645093572,0.1911786429315574,0.09903322969163318,0.14258214832146254,0.14230466543770579,0.14206175571699137,0.16505795603177592,0.15251389672431118,0.15125130751973961,0.16064853903687465,0.1609223699137168,0.16153547521245903,0.16351564297520702,0.13219132840007147,0.17314030399509386,0.099762646664918,0.14361460451653207,0.1035909509874449,0.1582111222363369,0.13435634811363786,0.12429291268517574,0.16379869951543788,0.12229012972520717,0.10376195334106122,0.15576524038435727,0.12442791230257715,0.14380738238757979,0.14648807304496272,0.12268735950245721,0.16349564317213092,0.12657801799143195,0.14267777888568878,0.12371883219033857,0.10727834507209721,0.14800682620171426
0.18003982601655805,0.16636754822404892,0.16224750759668616,0.15380435361373113,0.14904846649684228,0.1402090554788887,0.16722240799257818,0.17229807669629196,0.12214269916242913,0.16175268819772057,0.13611854674316196,0.1644043339137137,0.1682275577087654,0.17659371277594493,0.16171608947837515,0.15777972542371102,0.15780420762790792,0.14330578528375512,0.15964880453781605,0.16115177179508453,0.09535664796260865,0.1342191337199203,0.16746616221923286,0.15890447866477336,0.1532560376065318,0.12889479080140753,0.09671940959102594,0.09901497289423829,0.10998209167772206,0.15768477917365062,0.13132162575302497,0.10999891896256053,0.11813696773105548,0.1142983482284542,0.11909123240589717,0.1300998465136936,0.13131893853723448,0.10965559226074151,0.15144430261118344,0.07724038451871995,0.27386683459933586,0.31673072107034445,0.3044612171151002,0.30331881922090465,0.29255125431745793,0.2975331059046726,0.28999889586055566,0.3027208807025241,0.2751482946097547,0.30708231807095876,0.2918388396303914,0.27765307530781375,0.3289362029193912,0.29733559618936134,0.2951452566750626,0.2941607502083778,0.30545154014092274,0.9999999999999999,0.27019259133851314,0.30503317440018585,0.12231737744575684,0.08248326766831324,0.07076477749468454,0.1098699746174102,0.1353109725006874,0.13519783189375087,0.1581802543529461,0.0632588902182983,0.1082325534172464,0.10698885594879877,0.1069340588332649,0.13129309010083628,0.11792281723311719,0.11691046107148714,0.12646367751291854,0.1256012071439569,0.1281951101026628,0.12905524281025904,0.10035478895959064,0.14080480366067474,0.0978778783099076,0.13765897693308515,0.10349565822140708,0.15396449087374398,0.12961441040389,0.11751059413254492,0.15802454988385597,0.11757409526855998,0.09589444925589383,0.1518249170575384,0.12283263148024062,0.1407976853801761,0.1449787227959848,0.11755326976017114,0.15729192383554413,0.12246218788627551,0.13976427507396277,0.11945358574316882,0.1051906208848518,0.1405231111254848
0.15350620640249482,0.1417855456209511,0.1363800466383096,0.13255854910310408,0.1254609932347537,0.11489180011352997,0.1418071126852076,0.1459342628897048,0.10093037197542823,0.13653860484322536,0.11304536502305955,0.13618217481989314,0.14095761300887402,0.15010193443916442,0.1433089049422883,0.13348966245433944,0.1354343626331897,0.12325254670909296,0.136875852799616,0.1330487982182701,0.10162983260986286,0.1416290145852803,0.16570070794106007,0.16530438443733642,0.15202575059900744,0.13133992700446762,0.10412142773362977,0.10415124506131462,0.11075271677197364,0.1574377333322801,0.12378919969264815,0.11313807555180042,0.12044201721148606,0.11495963353056561,0.12176740595696439,0.12831175649862786,0.1347940545484587,0.1108547882095182,0.1513786948063295,0.08207593414212673,0.25209132627652164,0.29857443158462954,0.2772184093375777,0.285175214161367,0.269671816808942,0.2710877464580898,0.27618344493612257,0.2782221087007924,0.25668869962480845,0.2839910517477638,0.26504136291108993,0.2638035253565884,0.3050397359629267,0.2778714900425243,0.27606134222093076,0.26964504796351313,0.27851390442652113,0.27019259133851314,1.0,0.27573609490475415,0.129721170366108,0.0953635160981313,0.07615325201400627,0.12224788049511917,0.13920107560477496,0.13386102823020632,0.16497426598611173,0.07914606340405068,0.11993822089409296,0.11405990704751928,0.11553994519007975,0.13805707470902973,0.12621817298026947,0.1252986460271711,0.13224238392299048,0.1340472389858438,0.13821187017205475,0.134271824604215,0.11404999921454911,0.15042289087055616,0.1310006540384546,0.1670423941488875,0.13518987551052383,0.1741852425094826,0.16505239342862854,0.14968672353430942,0.17869724459472935,0.14553544371759725,0.12814923590571003,0.17683423512167573,0.15161004398634637,0.16776131579290646,0.17192226021306628,0.14851985994735403,0.18481462345085914,0.15513138512712493,0.16766439510949965,0.14977642623157295,0.14053421957215761,0.16708700811915828
0.17152771789636775,0.15945823952853486,0.15106255642143432,0.14185742536625326,0.13931350192523176,0.12658819329290855,0.1568665129860607,0.162682615286953,0.10913458245126631,0.15150778315824323,0.12342366349296201,0.15373708438714176,0.15677250133366047,0.1686204143850887,0.15299540587424068,0.14368528799780275,0.14896793097749952,0.13360943695215935,0.15120370740222086,0.14996012492072344,0.09799477004563398,0.1371999931917717,0.16973957022205827,0.15953785548407023,0.16158615575867644,0.13406366067151154,0.09628112495213863,0.10017219679257462,0.11270974969022139,0.16107044626803937,0.13768924940627733,0.1103253935897912,0.11894134377950359,0.11817497267646827,0.12497967717805525,0.1360736305064923,0.1362115900894315,0.10913440571276906,0.15849390385079615,0.07411933755963791,0.2849833217402797,0.32452978110610564,0.31543459991119466,0.3101653309788383,0.299455680968119,0.3108386327392619,0.2971633197498507,0.31288647598043395,0.282258844935005,0.317127217742176,0.30184496403553934,0.283054152273882,0.3369275427199855,0.30668375514202106,0.30666462235893827,0.3010294978857285,0.31621590103957187,0.30503317440018585,0.27573609490475415,1.0,0.1304821547559699,0.09326402033817767,0.08183577679372409,0.11802049363755014,0.14386247032371252,0.150471615274397,0.16838374797812328,0.07498530984808266,0.11533277098946998,0.11792460770373395,0.11747565168095586,0.14377648609886243,0.1301108500825788,0.12784893526353258,0.13688396761804317,0.13797886124786457,0.1383707672594403,0.1399615764420366,0.10726885765284441,0.14849532507094568,0.07932616684981843,0.1238924867481469,0.08445697709162564,0.13759265944321056,0.11486365553079408,0.10404032647405365,0.1423474908475328,0.10269235725561199,0.0793722122605032,0.1360856904778826,0.10431276027852693,0.12371817147100661,0.1286354932748867,0.10170115765742521,0.14385786414491708,0.10586822950763279,0.12515345462526986,0.10466398093497299,0.08651078202524494,0.12617189366810053
0.16297782598429825,0.15959597202410453,0.13686492377361567,0.15224780776868532,0.12652159384079512,0.13531598608463064,0.1563341465653563,0.17051724763461487,0.13605114017596792,0.13609836918331056,0.1255904266100599,0.12961576943180536,0.1127806968231993,0.17999654188758737,0.18385327254789297,0.11298565799739102,0.1751978007429025,0.1443401360912362,0.1632164617146416,0.13654492956205988,0.17630299702050714,0.190766339315562,0.18906718416211124,0.19785319404761856,0.17092150133403292,0.19512889828463412,0.19247112949601639,0.15891329843249877,0.1551302211226914,0.15651177928818663,0.17436735848785273,0.1607760402040201,0.17260816871870782,0.17698992309964504,0.17362004161569236,0.16823440202692574,0.19591914384348663,0.13810114724705733,0.22049924362792453,0.14108307584169677,0.11848657874065874,0.17642318942189195,0.15860401044686326,0.15326070550139634,0.13089606109243318,0.13804782430118023,0.14065194429623334,0.1259627565916666,0.1315982336559954,0.1413335447924058,0.14788632211130837,0.10565230179024461,0.14611782298539236,0.1603726649238177,0.13502201853755763,0.11018312307651726,0.15332552827620743,0.12231737744575684,0.12972117036610797,0.1304821547559699,1.0000000000000002,0.28349798273687526,0.2704858325454821,0.27887712439214063,0.2872876201629407,0.2792956827469153,0.2932012472781382,0.285147924437383,0.30283970158190565,0.2936627208867184,0.29438683255217185,0.2832603722447044,0.2878660409438385,0.2886691282079319,0.2929182416298948,0.2947607242482265,0.28994276241915284,0.2944169755732898,0.2820496041036114,0.2947710215023699,0.14007730979502292,0.16779305028125727,0.12939035010333083,0.16012080427089648,0.16398353344552502,0.16975352060799398,0.1730876851186158,0.15167086483069558,0.17860502056934366,0.1624440484839563,0.14236725031210798,0.1546900368309225,0.14089728728751746,0.16148415083007522,0.1742268258036856,0.15980808728541993,0.14383961102976003,0.15180381832061066,0.14713662490290322,0.17970791285145857
0.12685392580801216,0.12765333257383318,0.09713443603247242,0.11744209770933338,0.09052354239005528,0.09871248756180886,0.1199084140482708,0.13484747451509727,0.1076676317174464,0.09873727751255748,0.08968703754694848,0.0899094819983491,0.07175426031414979,0.14641381531743378,0.15352262087764781,0.0707751773784163,0.14491511440689192,0.11243190823919483,0.13040627798173202,0.09901279063684158,0.16579049909528276,0.17712754895138919,0.1675543273634859,0.17835880831790343,0.1553431778879711,0.18279191180262191,0.18064844862988064,0.14572129195865272,0.1388214015461721,0.133633513194005,0.1584725659089529,0.1436992701779309,0.15730121525205684,0.16314674390459621,0.16156450386306542,0.153818760509359,0.18339637210645804,0.11804609116786938,0.2091376013898918,0.12481510301995472,0.08632384291061047,0.13928701846671293,0.12198995268817954,0.11374878296125938,0.09190562433455926,0.10324086711073972,0.10385025494034486,0.08841580169303076,0.09790236292896942,0.1046405636045792,0.11253072923473904,0.06849279508711095,0.10211898175371574,0.12504387477641768,0.10239835511150518,0.06745268752194787,0.11697447002642641,0.08248326766831322,0.0953635160981313,0.09326402033817767,0.28349798273687526,1.0,0.29260824101715593,0.29260201777666756,0.2953413093676318,0.29334070674147655,0.30022419352547447,0.3118676677631934,0.31811544877814024,0.3119932105964,0.3123896031401498,0.29774706795747047,0.30527797207345136,0.30368333168479394,0.3080062522231686,0.3103940450531821,0.30432346851290965,0.3100860420829018,0.29761452023974166,0.3048712966543187,0.12128513694001383,0.14901890293554496,0.10942972471146799,0.1317154401773029,0.1473371720264394,0.15660272110306475,0.14703327621138168,0.13167234576080988,0.1631270414172775,0.1405438670883743,0.11803868503965126,0.13042322164289324,0.11525816710969415,0.14254493559818254,0.15276012628992858,0.14053725885944876,0.1199487217105869,0.13383297474742323,0.12870381669749476,0.15861829932320912
0.1460143739733177,0.14558809289177851,0.11798536564465961,0.1356167008763782,0.1092406867314427,0.12361809883579178,0.1403346612691833,0.15622667435616944,0.1301994098808188,0.11827865121208665,0.11138787856960959,0.11237191895735624,0.09160023492345212,0.16704291047483713,0.16762938357339938,0.09023719060734081,0.16377246052576622,0.12912103753427717,0.14841084266554788,0.12259556079894346,0.1548210240812416,0.15930581448304373,0.15551638059194844,0.15950868352837505,0.14041716011402416,0.170938649062558,0.17094204408839006,0.1349953073782504,0.1304567705431187,0.11844734774012668,0.1559767336359794,0.13419127905253359,0.1480085870739157,0.15518720404191458,0.14907382049190018,0.14439484088351195,0.17011960105042678,0.1096969673699264,0.19741623550799173,0.11901770667313173,0.07060795345970088,0.11833423039534445,0.1108988301019611,0.09383795304772734,0.07766476245491694,0.08956223965071325,0.07983187299356921,0.07230964459122635,0.08111260595690015,0.08733533348728029,0.1026603785959801,0.04481922599514446,0.08375013922104635,0.1068395673105897,0.08098284080971387,0.05345169611216759,0.10504614858708357,0.07076477749468453,0.07615325201400626,0.08183577679372404,0.2704858325454821,0.29260824101715593,1.0,0.27612845402056846,0.2852881609122999,0.28529111637901966,0.2825325230127046,0.29729879865566217,0.30501796583127283,0.30185639145204457,0.3007084943803144,0.28244388670943527,0.2908073536141228,0.29005142644578963,0.2964383806740015,0.2949476919534999,0.2873621303521495,0.2985962168344645,0.2819803563968193,0.2880319279164376,0.08624993420114024,0.11142091318404775,0.07461056615190687,0.10330541325707827,0.10404454583913912,0.1188861812467913,0.11795854700712313,0.0985199319393999,0.13125978811255032,0.10643838604092076,0.08430861590615893,0.09602932969234496,0.07880875848638803,0.10703316061941642,0.11448076537539423,0.10243636247908328,0.08253505364053251,0.0974535345363619,0.09039410665085269,0.12516976165414165
0.14787306045994522,0.1461853485307453,0.12341508843815625,0.13892420124878976,0.11461687049649136,0.11948731633644052,0.14160930565848528,0.15553713732775756,0.11906736168629897,0.12204544763775844,0.11206309390416715,0.11407392702445768,0.09614617703461809,0.16505600179081373,0.17375518257730935,0.09806720870835003,0.1618473697275962,0.1334445620862231,0.15145411919863078,0.11922699671542959,0.19254446942749853,0.20559178869237324,0.1977212743741692,0.2106476501243576,0.183637287457441,0.20924537686384004,0.20759849521948168,0.17286546494842514,0.16888967355647933,0.16854905257149547,0.18409641329219625,0.17417540944749582,0.18363546321453225,0.19069957665785484,0.18873286065021178,0.18000961357675388,0.21024146785313855,0.15013177492900578,0.23221374607259196,0.15449363470799055,0.11000199319745392,0.1679079882497704,0.1479241643326916,0.1464991071062182,0.12020029256952819,0.12905890127168915,0.13630212152693535,0.11489076075694775,0.12235326627262483,0.13071492705779525,0.13631973353070972,0.09857204659884383,0.13591365877223116,0.15348748401616022,0.12705677665719448,0.10011654248741347,0.14169044651900647,0.1098699746174102,0.12224788049511918,0.11802049363755013,0.27887712439214063,0.2926020177766676,0.2761284540205685,1.0000000000000002,0.292259884108545,0.2829723870642811,0.3000910363129534,0.29760572784199657,0.310490074480001,0.2995239705829545,0.3012804503951878,0.2897693576584935,0.2949281337785097,0.2967795462709332,0.2967539358317376,0.3032094179670334,0.2968788812544381,0.29754537057090147,0.29044357067949406,0.30036395055289977,0.15187278226701328,0.17839674165689134,0.13869255637861333,0.1663539687830337,0.17680403465233888,0.1809495313527013,0.17849643372084711,0.16329334191840442,0.1926700164114805,0.1670391893693917,0.15220062491308625,0.1627802307109352,0.14957082007740188,0.17372201029116988,0.1835617397045463,0.17159101219908832,0.15511831926053243,0.16291287316278363,0.15929623422205097,0.19016051765610473
0.1914998526678786,0.1867240090327459,0.16669348352200566,0.1793242935090529,0.15391494775954975,0.16395032888346953,0.18517216403478065,0.20067479400991167,0.1588385004774792,0.16373259952514016,0.15298341601701618,0.15847440889641978,0.1383606684044073,0.2098322419387782,0.2117797220720048,0.13959001220750974,0.20303152532961416,0.17074086819096626,0.19194174987887985,0.16428345944050576,0.20013809046465753,0.21194019125804328,0.21271729690374536,0.21968037426614406,0.1927627632344793,0.219685514048197,0.21754789834158314,0.18082852113897527,0.17979908693224675,0.17891926587214446,0.20182854340875414,0.18479506737279247,0.19528011515804128,0.20268963042068397,0.19682747642331683,0.19162626894498921,0.21982974186411947,0.16127451357264166,0.24532651808384962,0.16483897279399007,0.12863536649417118,0.1894194696985709,0.17517697096254695,0.16724048779759604,0.14361647398068916,0.15225509022858252,0.15165381296496105,0.1368538549649245,0.1414692862776586,0.15259290925922434,0.1629882696436596,0.11200061399289413,0.16029224662805705,0.17447545562502542,0.1435770086460391,0.1235725211704728,0.16812274198243887,0.13531097250068738,0.13920107560477493,0.1438624703237125,0.2872876201629407,0.2953413093676318,0.2852881609122999,0.292259884108545,1.0,0.29535061160154397,0.30883277884679583,0.29745364054763107,0.3182794556118261,0.30831445297870225,0.30894466099424933,0.29639489468728175,0.30089086124573755,0.30386912269973704,0.30654078692675185,0.3095513782273877,0.30246989597676993,0.30753112382653214,0.29465397630767015,0.30824211602789575,0.14254547158835035,0.17090711241100817,0.12980913647531858,0.16907364433692207,0.1636892844839452,0.1708821246454915,0.18112112972633804,0.15735523035407473,0.18656972475157982,0.16404377332478326,0.14693543110846533,0.15881446107938116,0.14384990877125547,0.16623824534012546,0.17779628296314345,0.162501270221567,0.14783314452793972,0.15422490153316382,0.14819266322312336,0.1871577721628853
0.15665848084781253,0.15533143136171884,0.1259550555316955,0.13897162167247934,0.11718814433288159,0.1221738126199113,0.14705122921342378,0.16285260804188237,0.12370574716351726,0.1266777465368135,0.11243125887833845,0.1208923383671311,0.1022281678518515,0.17497881648199312,0.1738234739438054,0.09699259548260762,0.16763609872061525,0.13399209935240783,0.15564885177622143,0.1277745910182048,0.1705988075581533,0.1836416178773888,0.18439930699869764,0.18661914047143657,0.17521178865996165,0.19415037577771482,0.18182042960218764,0.15144104579309564,0.15132275499559025,0.15201801928050865,0.18017051551132535,0.15230382339102597,0.16572696460490194,0.17524954010016458,0.1736152463816244,0.17045318924440203,0.1938918655519238,0.12906693512364426,0.2234876841236402,0.12782419078644877,0.13429634914414804,0.18390309985683415,0.17594979265727495,0.1589981746787177,0.1400646234081534,0.15842361220731518,0.1449985975268066,0.14057177059191392,0.1399169641313856,0.15505885321397128,0.1642885475848653,0.10808887421075448,0.15549172883954016,0.1712361465961382,0.1493321397933685,0.11929733501227516,0.17036151645093572,0.13519783189375087,0.13386102823020632,0.15047161527439704,0.27929568274691535,0.29334070674147655,0.28529111637901966,0.2829723870642811,0.29535061160154397,1.0000000000000002,0.3010208750729215,0.2954343980762105,0.30641673954374227,0.30583446774304823,0.3049990993019902,0.2963218626785233,0.30050955911541477,0.29896897106013964,0.304261254465382,0.3068986953990746,0.2980935261156894,0.3068776326032946,0.2844029543932352,0.29878300556441717,0.08966855811830528,0.12527449954828676,0.07902443265089086,0.11724423354799555,0.11716610416110011,0.12762147417693304,0.13141875704317743,0.1084396775302807,0.13192263444288943,0.11939436798227072,0.09294820185022203,0.10807566687979213,0.09484288409806814,0.11545174468079532,0.13236982004557807,0.11172121997239642,0.09978213545080897,0.10784920569508313,0.09522982580684143,0.13742607763064393
0.17303105969552146,0.16948350543816174,0.1464855393669402,0.15917875040546187,0.13596007108790953,0.13774860601793568,0.16452886328069508,0.17910110724721084,0.1330955990605938,0.14479882587125453,0.1303213153304327,0.13751556540482118,0.12002988255542961,0.18927824777158528,0.19531084256649048,0.11992282222645137,0.18267107353900464,0.1529651114740022,0.1735800345316365,0.14124894474204466,0.2082802170851331,0.22673531120465712,0.2241703431969094,0.23500744130232448,0.2100730327774027,0.23037726920711038,0.22221226680708372,0.18898521456228154,0.18793447408276628,0.19520376351231616,0.20686551439224912,0.19222480119824453,0.20212307194403203,0.20999010507833837,0.20917294753687982,0.20221591184261725,0.2315876854184259,0.16858521671702753,0.2562977155927158,0.16692522730012793,0.1552044504188499,0.21762759217963654,0.19751831566583966,0.19511706386086,0.1672525725183586,0.17869188703976133,0.1829999159297648,0.1642921206379059,0.1660817014272846,0.18028251594889283,0.18360313337532838,0.14304685959779959,0.1891182408043517,0.2013839267218982,0.17502560238043496,0.1485515667287968,0.19117864293155737,0.1581802543529461,0.1649742659861117,0.16838374797812328,0.29320124727813823,0.30022419352547447,0.2825325230127046,0.3000910363129534,0.3088327788467959,0.3010208750729215,1.0,0.3025969397477969,0.32128251505104766,0.3110663977220682,0.31279463580424083,0.3060880020893338,0.3087336562173476,0.31061877179957004,0.31108862485977845,0.31857798327064535,0.3117511634366858,0.3121909636376921,0.3003070794156168,0.3165939643511478,0.1598678260144256,0.19310985877344478,0.1473026577194768,0.18414363643021672,0.18969018656539893,0.19189616663052814,0.19630111454175364,0.17562867915869662,0.200452541024355,0.18290612168033005,0.16453050961305843,0.17768969132862664,0.16582722073474576,0.1852844147420735,0.20136051531969656,0.18343654653044464,0.17129156746375593,0.1748985216940877,0.1679741702035565,0.205508930782302
0.11170143817148027,0.1147469243117995,0.08607179503938259,0.10362642278238578,0.08105696244753978,0.08378226690443176,0.10559314906744284,0.12052173111930858,0.08771006062303018,0.08568248611205383,0.07765261526527935,0.07606645493496535,0.05463142885092285,0.1318154332646761,0.14344554244779284,0.055918774473110555,0.13134566187099472,0.10267800919036743,0.12019500298806242,0.08168778193075141,0.19163718012588107,0.1972712919159633,0.18072244435893567,0.19445033298091233,0.17577641466771055,0.2053232001276585,0.2040218213416991,0.1676285513524882,0.16296535752187555,0.15254108307237685,0.17929726708804858,0.165742703062311,0.17467000998006182,0.18706258490730993,0.186077036682628,0.17433770043727176,0.2054722760726124,0.13873720738017375,0.22744632527255404,0.14761919608516738,0.07185898740064692,0.12110979746984166,0.1063694115233476,0.09984633843331447,0.07384613956114777,0.09011887639426133,0.0919241848938917,0.06962216838329939,0.08009691316012477,0.08564196398683803,0.09538414134923201,0.05143819136574527,0.08409230334218869,0.11178221647356669,0.08589731248093795,0.05174576732495385,0.09903322969163317,0.06325889021829831,0.07914606340405068,0.07498530984808266,0.285147924437383,0.3118676677631934,0.2972987986556622,0.29760572784199657,0.29745364054763107,0.2954343980762105,0.3025969397477969,1.0,0.3212948634916404,0.3143059704378564,0.3157192232880106,0.3000361407050919,0.30824735272561093,0.3091140945542116,0.3062713667123193,0.31582155515785937,0.3055892148817236,0.3071066583634985,0.30092200181212536,0.30362362115269337,0.11998179750793908,0.1455954018471239,0.10375930225606264,0.12626414704463546,0.1442006702765336,0.15308249454532438,0.13927729286903592,0.1325877835997057,0.16739588640066877,0.12773233791775127,0.11496035175487522,0.12411024352839475,0.10966776952371625,0.14262841362856005,0.14723288827238923,0.13817993624702218,0.11896554693772719,0.13163211828718263,0.12610821865890004,0.1573014126183532
0.17826028977678388,0.17485309519074854,0.15043269792615682,0.16969915168484265,0.1388116217876366,0.15270912335613604,0.1726545089154249,0.18856942797903983,0.1554738876057658,0.14923734882488474,0.14081409726798197,0.14184344608898655,0.12194349968797659,0.19853320011794023,0.20400387414815266,0.1241707494691829,0.19504703721228167,0.16019688292475964,0.1802569140243093,0.15093840608782513,0.19261710725067932,0.2049769981781703,0.20072085763546946,0.21174349762112465,0.17768552597072182,0.2102224228952874,0.21301817234034606,0.17269365070861067,0.16647297492896815,0.1623229316030403,0.18612881476445922,0.17411626408241923,0.18732640274343326,0.19129584577307188,0.18551093019050313,0.17854966456398536,0.21088977359351027,0.1480559144922884,0.2371600482297207,0.15625005421022592,0.10431416344576828,0.16880326738287743,0.1487146146943026,0.14319812205848914,0.11895269443032172,0.12393096741826061,0.12915367126010344,0.11060782239606244,0.1213383144892502,0.12814327329192268,0.13812869068911593,0.09050398136583888,0.1320015840580202,0.151338294630302,0.12084766111855903,0.09428037788407045,0.14258214832146252,0.1082325534172464,0.11993822089409292,0.11533277098946995,0.30283970158190565,0.3181154487781402,0.3050179658312728,0.31049007448000093,0.3182794556118261,0.3064167395437422,0.3212825150510476,0.3212948634916404,1.0000000000000002,0.32791454674931164,0.32869696663510334,0.3118871893574849,0.31891890748973517,0.32036318829365806,0.32527740778664993,0.3258157874347946,0.3209194329336656,0.3266653594464078,0.31597424521189116,0.32640734525952475,0.15794079313274453,0.1841523437431315,0.14531589296909278,0.1754443897811744,0.18036592696700365,0.18855076074960342,0.19007865001008076,0.16795369452520376,0.20252038542049586,0.17817032089511606,0.15814300628984232,0.1702662531414618,0.15303899943638213,0.17971081226634708,0.18952079449141795,0.1774309158565209,0.1559260311280668,0.1677908804321733,0.16526361943821535,0.19832285457975266
0.1607883419544752,0.15900685217565486,0.12928702816416163,0.14877364375659058,0.11962417561126769,0.13230595053119298,0.1533904683095346,0.1695293317526425,0.13957544144077938,0.13041615956402633,0.12027436268172036,0.12329608961197294,0.10443970562972305,0.18112543821406765,0.1830958285092879,0.10243978342422799,0.17701683172503452,0.14067125794127663,0.16108437117117153,0.1337335394800828,0.16771926813818616,0.18035741165907213,0.17788100891704647,0.1845626456634738,0.15989749861910355,0.18781186949540812,0.18490039796295613,0.14860785290618236,0.14290174106375328,0.13917781371244767,0.16783913246755316,0.14826193957639455,0.16388715436938414,0.1683051673928445,0.16425398262236754,0.1595728440946105,0.188071930388569,0.12288006289764322,0.21738082897681413,0.1284303823388318,0.10532860594684298,0.16234259946439702,0.14730325366389282,0.13479472260708875,0.11505971366901617,0.12511256938155768,0.12090519192813265,0.11086555405631117,0.11831113678964691,0.1273933733363014,0.13758898025540325,0.08500721700700546,0.12642825413121217,0.14609384992527125,0.12115028359971831,0.08972086957918708,0.1423046654377058,0.10698885594879876,0.11405990704751927,0.11792460770373396,0.2936627208867184,0.3119932105964,0.30185639145204457,0.2995239705829545,0.3083144529787023,0.30583446774304823,0.3110663977220681,0.3143059704378564,0.32791454674931164,1.0,0.3218673012750903,0.3068986956971167,0.3138221490121128,0.3123043966714503,0.32014738380847907,0.3187431029917041,0.31324061122376234,0.3226932415630127,0.30486414148187724,0.31599451397694767,0.11977169479571098,0.14988513327564476,0.1091381803900425,0.13913538383251048,0.14471224055916998,0.15581038359714824,0.15521138264705725,0.1319256960643827,0.16271933399035976,0.14643959306093937,0.11962762270941957,0.13393162135394773,0.11736028337663314,0.14227837524277556,0.1554523155577329,0.13996557654218222,0.11996799243991857,0.13326427647391295,0.1266622835961823,0.16182902957497344
0.158576088271366,0.1569913766867858,0.12843490396361953,0.1472124373871107,0.11898378994872688,0.12982209204090944,0.1514003613677474,0.16727426768208278,0.13531659079574315,0.1289341833014092,0.11881851427237254,0.12145925114304697,0.10232600648741415,0.1785682996934011,0.18236229927010053,0.10130281128201962,0.1747290594442659,0.13986398093562083,0.15996370601054552,0.1307024288197254,0.1767013470892018,0.18914089507013895,0.1848963272222855,0.19323919799516048,0.16803762072604886,0.1960410371593077,0.19349046377550438,0.1569339682067301,0.1516145667015583,0.1480961587388633,0.17453338840778151,0.15689668391245742,0.1711059659191818,0.17658135807219932,0.17296739460106703,0.16705662958469178,0.19642964545602246,0.1313522900105438,0.2242803724445879,0.1369511291919163,0.10604325877882012,0.1636698193283223,0.1475396880143125,0.13735128301130792,0.11569348660469689,0.1259502028604507,0.12424514366049114,0.1111437206079289,0.11884610208059991,0.1277294576496001,0.13722583734472638,0.08716711484689312,0.12804384273798716,0.14795455611211286,0.12217362459854358,0.09126055890717079,0.14206175571699137,0.1069340588332649,0.11553994519007976,0.11747565168095586,0.29438683255217185,0.3123896031401498,0.3007084943803144,0.3012804503951878,0.30894466099424933,0.3049990993019902,0.3127946358042409,0.3157192232880106,0.32869696663510334,0.3218673012750903,0.9999999999999998,0.30734623854207044,0.3140753734560575,0.31340302189123553,0.3191842675200554,0.31991352328291384,0.31388453847151526,0.3213064673522629,0.3060105987421426,0.3166191316996933,0.1279366996273967,0.1574656675245128,0.11631485455209384,0.14605242021206463,0.15305101284224393,0.16282210657166746,0.1613622975486632,0.14018172415248428,0.17137819120851142,0.15162268681415256,0.1276859757849407,0.14113945935916855,0.1250956936142941,0.15064969260445943,0.16282827952864898,0.14818123384390267,0.12868567402502157,0.1409855431915431,0.13494453859929306,0.16963907836017247
0.14341656478952475,0.14235770671886025,0.1127167071868274,0.12921696828606055,0.10497310177456759,0.10866290961505082,0.13421022394835427,0.1488510988275093,0.11319387039341755,0.11421411085081873,0.10049392938409653,0.10631150438882098,0.09015992204127372,0.1606245915831088,0.16498761156141406,0.08684307148014046,0.15573532062477122,0.1238775167636688,0.14344958776910333,0.11336419616775886,0.1723894758430029,0.18986546239997262,0.18607669009231353,0.19456755806356968,0.1750209990341952,0.19449097817374128,0.1849028109733362,0.1540195065504944,0.15034192806669025,0.15462295078604923,0.17243885538125084,0.15394064800272225,0.1674154549888681,0.17347953644917138,0.1738663544153132,0.1682971594100756,0.19545815636924357,0.13015548503350644,0.22266492258366177,0.12956158169393325,0.13207826474787904,0.1871248445821194,0.16967403878073564,0.16158216255525748,0.1389642951842102,0.15247096476625116,0.15068486498413894,0.13866258774488016,0.14139968123455363,0.1542121723761164,0.15822135656813996,0.11524627646510677,0.15560572969936387,0.17136854794954234,0.15089797811090766,0.11731835688960683,0.16505795603177592,0.13129309010083626,0.13805707470902973,0.1437764860988624,0.28326037224470446,0.29774706795747047,0.28244388670943527,0.28976935765849343,0.29639489468728175,0.2963218626785233,0.3060880020893338,0.3000361407050918,0.3118871893574849,0.3068986956971167,0.30734623854207044,1.0,0.30355859742729663,0.3017805670574513,0.30643792150575394,0.3100135992661128,0.3040255756055698,0.30880678401652856,0.2919508847371227,0.305901871004959,0.12518638096201162,0.1590595083482747,0.1148668583867181,0.14486827774618255,0.1561543064600513,0.16225055143546838,0.15950909344861042,0.13943711952402155,0.16372032834091269,0.15223319755134349,0.1266415222115965,0.14133230218271267,0.1287811937239829,0.1490829901262519,0.1660346709706372,0.1478777489435675,0.13310456378037538,0.1416493626023618,0.13331880169892352,0.16809074703120416
0.14205972872031625,0.14143718208398612,0.11076231864903584,0.12898872505492665,0.1030919721046375,0.10907575225820852,0.13339764811858115,0.1484774086906742,0.11562101844849242,0.11248232867228124,0.10007824471620996,0.10431073070326942,0.08731376847142405,0.16044044973633984,0.1650873299407108,0.08442793382348991,0.15644595277016168,0.12331783908028722,0.1428260993480953,0.1125638016698423,0.17028132796856296,0.1861089863518632,0.18110604689052606,0.18989763508749893,0.1688878373379304,0.19133821582882202,0.1840039889540868,0.1513044369617204,0.1463973813213355,0.14759564610273712,0.16875611641198965,0.15055089882685307,0.16476771819825575,0.17044699698856847,0.1699555033302757,0.16404020952961715,0.1921566841474817,0.12583568819655785,0.21983385985013892,0.12764976772046552,0.11928921890686363,0.17452095197919806,0.1571865681904173,0.1481490217622916,0.12606616420099945,0.13887718569121496,0.13704621495044547,0.12474608100315827,0.12966276172172853,0.1407627122550609,0.14639605448830187,0.10143237052693689,0.14057515762104186,0.15876430232699726,0.137400859468281,0.10284388801943058,0.15251389672431115,0.11792281723311719,0.1262181729802694,0.13011085008257878,0.2878660409438385,0.30527797207345136,0.2908073536141228,0.2949281337785097,0.30089086124573755,0.3005095591154147,0.3087336562173476,0.30824735272561093,0.31891890748973517,0.3138221490121128,0.3140753734560575,0.30355859742729663,1.0,0.30703315423058636,0.3123930090008549,0.31484551030558067,0.30894430524686034,0.3148398249790713,0.29829258790944135,0.3105209938664939,0.12368249239572349,0.1562520574195222,0.11303353866249792,0.1412365930799857,0.15338695077093517,0.1610636658629792,0.1565818194513468,0.1368563747337827,0.1637801141319638,0.14967753243519458,0.12373265519494245,0.13819282412607065,0.12436441229972656,0.1470276168633004,0.16238373858748317,0.14558850104291654,0.12849270049715827,0.1392251757030457,0.13166224683247732,0.16562334201028373
0.15522029975803578,0.1539348563984472,0.12906835227228097,0.1433612705347376,0.12005017667842283,0.12445565064747936,0.1479937346041005,0.16313462128097675,0.12303565538983423,0.1276508349076602,0.11637736220814547,0.1202090994314533,0.10031237397806494,0.17366936510265177,0.17996428827099173,0.10057262542102548,0.16904270204050953,0.13861870703395343,0.15851613414984042,0.12533913965013532,0.1983689437400166,0.20988138089328043,0.2034615836795109,0.21347839163125615,0.1917626293706405,0.21701677814405745,0.21233759768587093,0.17720540692985773,0.17513544179893134,0.17324661047780665,0.19503389831558204,0.17864568721503632,0.18858039346451586,0.19840245753650146,0.1961187139285889,0.18819987397852708,0.2174007167255039,0.15376807919673569,0.2418577698275757,0.1572352559650734,0.1173451354089045,0.17349899075130068,0.15817603595756394,0.15134337189729358,0.12592084899872838,0.13932203871443183,0.13956594412638584,0.12185632227894008,0.12714255764455085,0.13768096880450534,0.14583808138862875,0.09943220857008903,0.14181898965745754,0.16052571136195137,0.13334823811251764,0.10550493768711183,0.1512513075197396,0.11691046107148714,0.12529864602717108,0.12784893526353258,0.2886691282079319,0.30368333168479394,0.29005142644578963,0.2967795462709332,0.30386912269973704,0.29896897106013964,0.31061877179957,0.3091140945542116,0.32036318829365806,0.3123043966714503,0.31340302189123553,0.3017805670574513,0.30703315423058636,1.0000000000000002,0.3087281795036744,0.3155629310838801,0.3070565699619176,0.3098235603154453,0.29868771886974804,0.3092611980192422,0.13444192035918945,0.16408807407226372,0.12053430809372641,0.15345426301485232,0.15982347999199892,0.16654580997311863,0.16604097167558726,0.1493841741155599,0.17890034372280755,0.15214889419073396,0.13550962943295072,0.14708151540097777,0.1333440127478363,0.1586718858819271,0.16952628492086722,0.15509870207559495,0.13990780812511158,0.1478007547713535,0.14090697486913903,0.17740318125407048
0.16702484782922725,0.16381755181251956,0.13209240828011393,0.15380176925366948,0.12180083458660024,0.13668283619866906,0.15852897253017287,0.17435232270634757,0.14803227820119505,0.1350760337337269,0.12335381367014654,0.12802335363557135,0.1124722446029392,0.18633494486823685,0.18601879852755185,0.10852085074859585,0.18160792170082263,0.1431336955830816,0.16359625959537863,0.14063059673383596,0.14923731481556235,0.16794682970918204,0.16986093964331006,0.17545408338831353,0.14761479434813787,0.17232553465421907,0.1675210714606748,0.13325895904156956,0.1256845864256282,0.1280350186849075,0.15206031476985063,0.13259981597484055,0.15162942236936217,0.15094643550908912,0.14770253983871615,0.14559109200585,0.17323630984911847,0.10829250223531973,0.20504583228215792,0.1110304818999042,0.12207885426641335,0.18237770226872765,0.1636378394217955,0.1515359646781356,0.13391795806961806,0.14055925450980525,0.13711631552574644,0.13113714366082557,0.13730605292714665,0.1478721314399399,0.1547426519297309,0.105282105471398,0.146470820327452,0.16196657185570337,0.1407061439055673,0.10712775460337025,0.16064853903687465,0.12646367751291854,0.13224238392299048,0.13688396761804317,0.2929182416298948,0.3080062522231686,0.2964383806740016,0.2967539358317376,0.30654078692675185,0.304261254465382,0.31108862485977845,0.3062713667123193,0.32527740778665,0.32014738380847907,0.3191842675200554,0.30643792150575394,0.3123930090008549,0.3087281795036744,1.0,0.3156837320141298,0.31358717753589777,0.32502102295549595,0.3029132615424453,0.3181051889229615,0.12599045413486726,0.15866808918592304,0.11880326905981634,0.1475916319820817,0.15440598198478553,0.16441230509821175,0.16542891582732383,0.13640623744847433,0.16354551321432398,0.1616364547863773,0.12718942527863225,0.144202361982276,0.1278773513155097,0.1476618376871258,0.1661396541412012,0.14778326207763018,0.12724763228652766,0.14081503095334347,0.1345339096325924,0.16792357807371902
0.15016786216633005,0.1494999579768975,0.12223482379126416,0.1369064496451633,0.11401607062329713,0.11603094267752787,0.1418313331958643,0.15708884958202005,0.11560392270660062,0.12159912807398712,0.10871271208070644,0.11349647852837326,0.09410851798344118,0.16845306479579183,0.17530330551489154,0.09316982144147615,0.1636510124655211,0.13296989372769444,0.15321022820332372,0.11844217061105451,0.1999475806546718,0.2136198023014926,0.20652148370497822,0.21695855210328713,0.19713876840734745,0.22020414165362423,0.21264193372395274,0.17850402795791412,0.17647734899116618,0.1768979785852928,0.19700384629129683,0.17943069668398914,0.1899104240576952,0.20013365095346783,0.1995251515843162,0.19141489266714784,0.22081186917128515,0.15411953817406887,0.24619377442168286,0.15569544815696848,0.12748309563486887,0.18386078344587065,0.1675698791260115,0.1607362415881577,0.1344940773325708,0.14993062642269106,0.1496786189538491,0.1322032875296523,0.13617652749945128,0.14824387219111357,0.1546645661769161,0.10914934829814256,0.15183966531469661,0.1704660816036623,0.14504559732438366,0.11386638984205327,0.16092236991371678,0.1256012071439569,0.13404723898584384,0.13797886124786457,0.2947607242482265,0.3103940450531821,0.2949476919534999,0.3032094179670334,0.3095513782273877,0.30689869539907455,0.3185779832706454,0.31582155515785937,0.32581578743479467,0.31874310299170416,0.3199135232829139,0.3100135992661128,0.3148455103055807,0.31556293108388017,0.3156837320141298,0.9999999999999998,0.3147675317243474,0.3170652300977011,0.3045368693838348,0.31624065597594286,0.13466530071723454,0.1670723219599751,0.12091047293514356,0.15385784455915666,0.16348600806966748,0.16955261110051992,0.1670386208660694,0.1506061171881658,0.17880019358691898,0.15448985016271527,0.13577367769551205,0.14838950375933677,0.13533367062587195,0.16003562710668096,0.17305222551286423,0.1569078432135724,0.14237410371403791,0.14995397774874622,0.1418677181653679,0.1791736856414766
0.1503167762694582,0.14835322875993312,0.11892197947290539,0.13826231141551365,0.11029437745335888,0.11752953920765014,0.14183806922751782,0.15648308564194596,0.12442200297761102,0.12069726093096655,0.10817860184299291,0.11232043695036142,0.09689466604823564,0.16791109504294618,0.17323078681180912,0.09483511651483947,0.16401610707291567,0.13079817136431854,0.14994102299273548,0.12101538616476357,0.17048870843573802,0.18964637330551926,0.18583085679992808,0.19626040541592732,0.1695201210808031,0.19192503602507627,0.18597499915086274,0.1529283480581085,0.14670132111633954,0.15126327256387828,0.1670241188182389,0.15267850760598872,0.1675293989500077,0.17022560031734196,0.1697009522532011,0.16400626101005403,0.19333677988193373,0.1283472085598687,0.2207157140138101,0.12967319903084928,0.12743927000487287,0.18743730849427565,0.16555123310321324,0.16030534956111395,0.13724058171731063,0.14597822643008426,0.14920908301665362,0.1350149119239901,0.1406926291888531,0.1515202749236177,0.15483720647149551,0.11480949665035929,0.15319266875393087,0.1689494964574279,0.1475207723066965,0.11369278928426284,0.16153547521245903,0.1281951101026628,0.13821187017205475,0.1383707672594403,0.28994276241915284,0.30432346851290965,0.2873621303521495,0.2968788812544381,0.30246989597677,0.2980935261156894,0.3117511634366858,0.3055892148817235,0.32091943293366565,0.31324061122376234,0.31388453847151526,0.30402557560556975,0.30894430524686034,0.3070565699619176,0.31358717753589777,0.3147675317243474,1.0000000000000002,0.31602122305347036,0.3006677043598369,0.3146697705651492,0.14428951923287978,0.17642586081499298,0.13466005247988028,0.16162707583790736,0.17500857051352284,0.18048972691506035,0.17720888727574263,0.15541018865658138,0.1817672463308925,0.17195270728620785,0.14508151886229304,0.15995250567747724,0.1461984234825026,0.16672232827021805,0.18344711234388708,0.166738268025266,0.1487840521726161,0.15893184398584537,0.15345544113026863,0.18500405321245034
0.16589109347878994,0.1626719883316691,0.12873645740963016,0.15196853792627918,0.11861399075623899,0.13470695608804265,0.15681660295871278,0.17279039436766885,0.14900519928049788,0.13287183469058844,0.12064878429477222,0.12569862001220475,0.11110776685371378,0.18534384754775726,0.18387561712797265,0.1058753605562799,0.18061417028274404,0.14058228844905124,0.16118674981766773,0.13970776040204874,0.13897901294756598,0.15942192477178455,0.16257264311903025,0.167295103517651,0.13941241553834707,0.16329629332744275,0.15751021671615986,0.12387714095447729,0.1152810716045611,0.11882187601656603,0.14319762344088965,0.12253461997131822,0.14346706943375762,0.14103773526936833,0.1381624769506574,0.13711364549568986,0.16433125682043295,0.0982329536669943,0.19781163171058033,0.1003345138955596,0.12445334705792693,0.18495976044887508,0.16565749298319948,0.1522167758163502,0.13607670446916212,0.14232421977423548,0.13759509881375898,0.13420268816389053,0.1401323334725643,0.15109470003947814,0.15733680123409008,0.10735350950671547,0.14815149896508556,0.1632403541054894,0.14385544263945388,0.10801007042358476,0.16351564297520702,0.12905524281025904,0.134271824604215,0.1399615764420366,0.2944169755732898,0.3100860420829018,0.2985962168344645,0.29754537057090147,0.30753112382653214,0.3068776326032946,0.3121909636376921,0.3071066583634985,0.32666535944640773,0.3226932415630127,0.32130646735226287,0.30880678401652856,0.3148398249790713,0.3098235603154453,0.3250210229554959,0.3170652300977011,0.31602122305347036,1.0,0.30435802839648624,0.32053558727983145,0.1219729250582173,0.15600014902031759,0.1161223646923814,0.1439040148369209,0.15189663745838822,0.1625429637847005,0.16292909130045904,0.1318673107259771,0.15812659882451957,0.16155297812486846,0.1230534606877193,0.14138094451359695,0.12478427768136234,0.14344971765600753,0.16390278094616534,0.14433934351242061,0.12299795705522955,0.13770177301731434,0.13104420380952894,0.16404248312529898
0.1508483274651626,0.14867693482487337,0.12391239772573308,0.14319846337875977,0.1146097575839717,0.12490948725330595,0.14500523956428235,0.15925988054169316,0.1297811191005112,0.12385553213564186,0.11525324338532529,0.11576318548146666,0.09872121477813037,0.16901682071695867,0.17644396832335843,0.10033833220880621,0.16676457899155728,0.13534035474199807,0.15310512167963206,0.12410027838422248,0.1761197016175033,0.19009917552631495,0.18358002738089035,0.19607010780540352,0.1643893038148573,0.19272906191395114,0.19395805688510634,0.15779192339852186,0.15081196014467502,0.1493504125984019,0.1670620501633963,0.1580697967297241,0.17062896279655143,0.17363059642235565,0.17044752843411867,0.16299643713123266,0.19387216000944876,0.1336208792348721,0.21778510531612635,0.14014844537091664,0.09911035428791548,0.15915041851657225,0.13724093118738104,0.13476332110801278,0.11096243305510324,0.11592032689333041,0.12376331482186459,0.10460631584944134,0.11473908281245981,0.12111188152407727,0.1273444724012623,0.088728377832935,0.12389387499585827,0.1421722876191679,0.11646658191278278,0.08780282775916877,0.13219132840007147,0.10035478895959066,0.11404999921454909,0.1072688576528444,0.28204960410361146,0.2976145202397417,0.2819803563968193,0.29044357067949406,0.29465397630767015,0.28440295439323515,0.30030707941561685,0.3009220018121254,0.31597424521189116,0.3048641414818773,0.3060105987421426,0.2919508847371227,0.29829258790944135,0.2986877188697481,0.3029132615424453,0.30453686938383484,0.300667704359837,0.3043580283964863,0.9999999999999999,0.3050871198273079,0.15322729115115377,0.17861902355625034,0.14184509745858256,0.16597117054300506,0.17750648310317682,0.1833697557280988,0.1800564883377526,0.16159599859767013,0.19264704737613517,0.1720668524140963,0.15239493740423046,0.16406336055358353,0.14903330814162857,0.17329715007407123,0.1836369316612411,0.1723129070131202,0.1520087628349044,0.1631901710235924,0.16127500982931653,0.18940821982426018
0.17396856534678357,0.16956701753152212,0.14264213490945654,0.1626903265935121,0.13153624805830236,0.1430892981643381,0.1661269444991587,0.1809215199649992,0.14921089878124535,0.1438273902030647,0.13177614732987353,0.13618314366662665,0.12132503104299863,0.1915067386072976,0.19534496692320127,0.12038204955706193,0.18689830418675304,0.1520142858392026,0.17168039980158145,0.14597594394568225,0.17218014941934204,0.19340155126279962,0.1933939248837647,0.20366187864304186,0.1698828546681748,0.19417821197484658,0.19101197550697077,0.1561179397392153,0.14903151373825854,0.15542799022895676,0.1692735354920201,0.1571785655951307,0.1731138007176838,0.17252900272678473,0.17001147461880778,0.16560668121838537,0.1958450222692668,0.13323672413685003,0.22393267406909625,0.13504308077145205,0.13542360295985323,0.20143441534380926,0.17681492893308326,0.1732446382984969,0.15035079949880878,0.15393368235404115,0.16018287287159538,0.1459072122414161,0.15251881461213085,0.16300045173818356,0.16634487678911933,0.126490648184643,0.16710816174387297,0.17998293362203005,0.15630182491943442,0.1260308594115719,0.17314030399509384,0.14080480366067472,0.15042289087055613,0.14849532507094568,0.2947710215023699,0.30487129665431867,0.2880319279164376,0.30036395055289977,0.30824211602789575,0.2987830055644171,0.3165939643511477,0.30362362115269337,0.32640734525952475,0.31599451397694767,0.31661913169969325,0.305901871004959,0.3105209938664939,0.3092611980192421,0.31810518892296147,0.31624065597594286,0.31466977056514916,0.32053558727983145,0.30508711982730785,1.0000000000000002,0.16281560518431434,0.19394655724314677,0.1542583305051373,0.18305046383958046,0.19211286027462465,0.1968905947806374,0.1989166792812821,0.17223712832990082,0.19912711446466524,0.19337266148208165,0.1652422278714553,0.18061563378139256,0.1657999478735187,0.1844013684078019,0.20205818208779944,0.18526073246879246,0.16606637573564514,0.1759078144455213,0.17243793028060603,0.2035446528491478
0.12278243176509977,0.11239156615611284,0.12626726641272945,0.13616309634795537,0.1149358863240365,0.1180678349310161,0.1262267313580917,0.12711834804843736,0.10430834078077202,0.1189240786479912,0.11844989460429096,0.11195660529862343,0.11138145526655921,0.12302447063049118,0.14687174734640304,0.13015896635247667,0.12571826781947382,0.12439067323486683,0.12636548414285997,0.10868198600649877,0.16310920181427221,0.18640811648541042,0.17715308226322668,0.2092125191574725,0.14296606703583117,0.16261626504599358,0.18397968718966465,0.1592978517644097,0.14975298684194857,0.16919236474144686,0.12253060244442321,0.16710693896619513,0.16330216229014224,0.15182532467382093,0.14985343908896656,0.13703110357027212,0.16806181143474622,0.15782490178667613,0.16148952605373187,0.16281077119752035,0.08551142331451546,0.15342051712858518,0.10249968245624574,0.15006005052846358,0.11610813121004575,0.08569887062113639,0.15033987372082958,0.09875175281956294,0.11493803712840459,0.11012476441919204,0.09435396241406781,0.1327031089255428,0.13783954599538406,0.13161264827352115,0.1068405379036802,0.11151671134427699,0.09976264666491798,0.09787787830990759,0.1310006540384546,0.07932616684981843,0.14007730979502292,0.12128513694001385,0.08624993420114024,0.15187278226701328,0.14254547158835035,0.08966855811830525,0.15986782601442556,0.11998179750793907,0.15794079313274456,0.11977169479571097,0.1279366996273967,0.12518638096201162,0.12368249239572349,0.13444192035918945,0.12599045413486726,0.13466530071723454,0.14428951923287975,0.1219729250582173,0.15322729115115374,0.16281560518431432,1.0,0.2923479580724028,0.28840686500917695,0.28812783118901986,0.30762303480622694,0.28408044512922054,0.2880300374017536,0.2832251428889625,0.3010811077347532,0.28399382688098684,0.29963541740670624,0.29764677412330465,0.29411581985961915,0.2977770469851177,0.29781456173375687,0.3052789244313,0.2922003499758333,0.2851043439666409,0.30753595514056115,0.2968559646522214
0.12973886133540632,0.11970240164712545,0.12583531814175195,0.1370283922419238,0.11497105871209436,0.11465849029045598,0.1294525269870085,0.13176729594853057,0.10391308308703401,0.12085975289796037,0.1149173784295164,0.11296168740198768,0.11322529019717105,0.13049205818917245,0.152234801434037,0.1273680264187513,0.13105308094694226,0.12551292352107962,0.13033150144152567,0.11064206679877663,0.16690444014399472,0.19732483392281996,0.1907252667953022,0.2209423624658663,0.15952521840432685,0.1734766223206304,0.1857060762675393,0.1627284876715675,0.15373074996459765,0.18032551314775216,0.13277839152501164,0.16974769698903266,0.16958735480972478,0.15820722796130937,0.15949362556736563,0.14831244177398242,0.17929212979439635,0.1589799670690267,0.17861123475268262,0.157894111988508,0.12624118760638778,0.1973577966618812,0.14540759568566733,0.18902687843409732,0.15454492865387232,0.1296767904087133,0.18861083204398083,0.14214531389060822,0.15335396730186449,0.15453300700413233,0.13561391880391926,0.16946555463851531,0.18071553706820426,0.17284539283661146,0.15197315449425508,0.14797602886471622,0.14361460451653205,0.13765897693308513,0.16704239414888747,0.1238924867481469,0.16779305028125727,0.14901890293554496,0.11142091318404773,0.17839674165689134,0.17090711241100817,0.12527449954828673,0.19310985877344475,0.1455954018471239,0.18415234374313152,0.14988513327564473,0.1574656675245128,0.1590595083482747,0.1562520574195222,0.16408807407226372,0.15866808918592304,0.16707232195997507,0.17642586081499295,0.15600014902031756,0.17861902355625034,0.19394655724314677,0.2923479580724028,1.0000000000000002,0.2862113361036142,0.29088153736215244,0.31374778002477566,0.2902874020855331,0.29358180200994305,0.2837900626241074,0.2977819101869503,0.2924916120812382,0.2978607685574944,0.300610761402296,0.2977488641616377,0.29852495969497245,0.3071212170326906,0.30711850896039744,0.29572235323729196,0.2881755347216191,0.30581347765218353,0.3013046850163986
0.11854923247884046,0.10731940691322651,0.11799631315103737,0.13130241145791924,0.10680699219612116,0.11386680447692905,0.12114033281467464,0.12146399891252065,0.10737072682610599,0.11346362094764145,0.11241971328321988,0.10669443750453678,0.11016477501184482,0.11786894526646753,0.1384418845032991,0.12623500095205717,0.1206905442406098,0.11686607522634428,0.11808966573146584,0.10691951481035115,0.12736859267226558,0.15571187812267165,0.15096485332262663,0.1807825344399766,0.11256031567857296,0.1291085010482904,0.1492443130134303,0.1275996456233193,0.11510819335052776,0.1389747517609767,0.08995827958169984,0.13406178435125143,0.13478471733718075,0.11694596823387435,0.11561712944397544,0.10616716157332944,0.13506647652037693,0.12636351289245074,0.13130442626117025,0.12951390867450055,0.08902865617796273,0.1569497912346968,0.10359900370511438,0.14970674507401052,0.12052579766633945,0.08619871164857626,0.1497572544127868,0.10493290081247549,0.12062355518346159,0.11607649533339062,0.09760869996921964,0.13874909943006686,0.1408170254291318,0.13124483729004816,0.11213329519714739,0.11368713832931975,0.1035909509874449,0.10349565822140706,0.1351898755105238,0.08445697709162564,0.12939035010333086,0.10942972471146799,0.07461056615190687,0.13869255637861333,0.1298091364753186,0.07902443265089086,0.14730265771947676,0.10375930225606265,0.14531589296909278,0.1091381803900425,0.11631485455209384,0.11486685838671812,0.1130335386624979,0.12053430809372641,0.11880326905981634,0.12091047293514356,0.1346600524798803,0.11612236469238138,0.14184509745858256,0.1542583305051373,0.28840686500917695,0.2862113361036142,1.0,0.2809046824247798,0.30245979034253706,0.27931371821986467,0.28315494646675565,0.2726738609534225,0.2866459238880904,0.286258294227818,0.292326033733534,0.2931583440262811,0.2895438709016612,0.28801871796477857,0.29292684034040406,0.2982077257463106,0.2835111326955805,0.27851833406332227,0.3014070246577048,0.2869614157410409
0.1856292159709234,0.1710132381440835,0.18757497338898468,0.1922337458087171,0.17094550217670718,0.17733877011463536,0.18759771182575433,0.19081374376672183,0.15528153333990186,0.17809373469498635,0.1739919217635108,0.17449662072747255,0.17113331258335132,0.18686066539103052,0.20181368979824077,0.1879263007450589,0.18347433459931578,0.17710164075166146,0.18440689845709807,0.17077425324639325,0.1846207179136836,0.20902204981683975,0.21193649225747094,0.2360932074106969,0.1723070626078161,0.19046689379437148,0.20705339175766574,0.18079651080669548,0.1767089591541086,0.19934265080901048,0.15959856394377075,0.1927045512229125,0.18992958412658126,0.18036110356311796,0.1747993243505097,0.16660557647704305,0.19497301634924646,0.18392356187604492,0.1939548881471108,0.18454139008437753,0.13277866092077695,0.20606329140032648,0.1622526403841191,0.20145041254913282,0.16916861320690443,0.1412137462022797,0.19460318335820231,0.1517095791145566,0.16119550334152474,0.16310825290731334,0.15180945094902118,0.17259286181119596,0.1956799080242615,0.18324662724508703,0.1531224586487025,0.16556859213829966,0.15821112223633688,0.15396449087374398,0.1741852425094826,0.13759265944321059,0.16012080427089648,0.13171544017730297,0.1033054132570783,0.16635396878303377,0.1690736443369221,0.11724423354799561,0.18414363643021675,0.1262641470446355,0.17544438978117446,0.1391353838325105,0.14605242021206463,0.14486827774618258,0.1412365930799857,0.1534542630148523,0.14759163198208172,0.1538578445591566,0.16162707583790734,0.14390401483692092,0.1659711705430051,0.1830504638395805,0.28812783118901986,0.2908815373621525,0.28090468242477984,1.0,0.2985255028327689,0.2775298148362392,0.2993629696626273,0.2824887365477429,0.297880938398901,0.2871311879966438,0.2988144695307366,0.29964572378265286,0.2949454081660455,0.29466317091543537,0.29992461434210277,0.3001175594511507,0.29186890205373095,0.28066294884545717,0.29794979038622543,0.3011546793623071
0.10478471465715312,0.09604205413954743,0.09989828285746932,0.1141894164386399,0.09125853843576029,0.08846659959289273,0.10422843613255069,0.10531285241007922,0.08232669056844248,0.09660027176013104,0.09062212770918188,0.08674131576073993,0.08988335178928998,0.10430327358195139,0.13025775772480971,0.10416324885594179,0.10717310085098984,0.10346873463489388,0.10609239469824157,0.0848019722661389,0.1571325962596298,0.19131813542584983,0.18038895756229584,0.2149492557460524,0.15064148344140404,0.16285624857551137,0.1752594460869248,0.15396363881280484,0.14193773421935899,0.1717346253252019,0.11620212637541608,0.15920322168787235,0.15962455136004391,0.14559985212650575,0.1497967154640577,0.1369839289418568,0.169639063181295,0.1483737814363471,0.16733066325439575,0.1468747230382018,0.12144204662639255,0.19331314765708957,0.13480880131266304,0.1841528700791824,0.14803775376942205,0.12111981072478752,0.18723917160773426,0.1367704087825923,0.1498364306102472,0.1495176170224275,0.1256312378571209,0.17081057257168297,0.17440601535121839,0.16699920165764143,0.15016591121142434,0.1407752128459853,0.13435634811363786,0.12961441040388996,0.16505239342862849,0.11486365553079408,0.16398353344552502,0.1473371720264394,0.10404454583913911,0.1768040346523389,0.16368928448394524,0.11716610416110008,0.18969018656539893,0.14420067027653358,0.18036592696700365,0.14471224055916998,0.1530510128422439,0.1561543064600513,0.15338695077093517,0.15982347999199892,0.15440598198478553,0.16348600806966745,0.1750085705135228,0.1518966374583882,0.17750648310317682,0.19211286027462468,0.30762303480622694,0.31374778002477566,0.30245979034253706,0.29852550283276885,1.0,0.3066230632854593,0.3019749704579909,0.2956431909914107,0.3086453900587025,0.30671620595627364,0.3109526345796276,0.31381508581851586,0.3121786247250812,0.3121216949018275,0.3216049752763988,0.3229858483186503,0.3098151776520679,0.3032078404429899,0.323212723227173,0.3120223655071255
0.11364779903929965,0.10498298668236462,0.10643913002924904,0.12209332922012867,0.09703842261097871,0.09955736156960628,0.11327728599504876,0.11579383403728483,0.09620456438769487,0.10366582470141372,0.09886647016986536,0.09473969439135255,0.09592589830024492,0.11553065634614454,0.13754907710129158,0.10891937100979802,0.11801921476182975,0.11020510799833211,0.11419141243398882,0.09542368311246825,0.14669394784785886,0.1774329795363467,0.1689751446694138,0.1995438633408334,0.13715388612188809,0.15280673381773702,0.16632085173230066,0.14300856981170534,0.13066456815272184,0.15517813339814893,0.11041643386511996,0.14762962810643065,0.15046645236614828,0.1363885691898616,0.13814167352154133,0.12720815886080097,0.15876590039187513,0.13591049750751313,0.1597877494174389,0.13691620808059374,0.1083105385677004,0.17816801255854395,0.12479777167192968,0.16682308747126137,0.13466033530621851,0.10876613116023479,0.16733142526675723,0.12280336650011103,0.13673690541390282,0.13574089182022467,0.11679986047728223,0.15091179665044935,0.1572136915952022,0.15241666226038977,0.13443331821996518,0.12481138799539557,0.12429291268517573,0.1175105941325449,0.1496867235343094,0.10404032647405362,0.16975352060799398,0.15660272110306475,0.11888618124679133,0.18094953135270128,0.1708821246454915,0.12762147417693304,0.19189616663052814,0.15308249454532438,0.18855076074960345,0.15581038359714824,0.16282210657166746,0.16225055143546838,0.1610636658629792,0.16654580997311863,0.16441230509821175,0.16955261110051992,0.18048972691506038,0.1625429637847005,0.1833697557280988,0.19689059478063742,0.2840804451292206,0.2902874020855331,0.2793137182198646,0.2775298148362391,0.3066230632854593,1.0,0.28250131825480446,0.2728060235826116,0.28840212166115575,0.28644606291684455,0.28676436338610034,0.290546171947494,0.28642574285880834,0.28874775250247486,0.29752448457626984,0.29839897186831266,0.2830733875549792,0.27986575394663027,0.2983320366881685,0.290247936887407
0.18716397407737553,0.1725001748628012,0.1837053660312432,0.1928636880618052,0.16714305682204347,0.17709401311772116,0.18804888239857873,0.1920079771551307,0.16197039017176446,0.1766472267377624,0.17178907984426847,0.17234278552973942,0.17042061334499162,0.18945930947835007,0.20281715202549896,0.18505308888306046,0.1864741440747465,0.17576428217928103,0.18366944258019266,0.17212465637084964,0.16850709881164527,0.196765858785624,0.20138332455976704,0.22479367403466066,0.1584686745842537,0.1768529359794899,0.19261044402133537,0.16588792407530858,0.15879478256526905,0.18321845474952053,0.14470346317557697,0.17619871217463975,0.17789537067659858,0.16429622844692324,0.15918627759672,0.15265882069079842,0.18171730111635656,0.16642069012377367,0.1846953266475016,0.16679155338737067,0.13646522061557953,0.2127072328093381,0.16619078021862257,0.20321606449933644,0.1730850306996638,0.14355006227587136,0.1957686651600118,0.15675850155555757,0.16709516430017837,0.16920904385310873,0.15686763466877418,0.17609367475819232,0.19847025859273898,0.18635403493878128,0.1590091843606454,0.16565198501160838,0.16379869951543788,0.15802454988385592,0.17869724459472935,0.1423474908475328,0.1730876851186158,0.14703327621138168,0.11795854700712312,0.1784964337208471,0.18112112972633804,0.13141875704317743,0.19630111454175364,0.1392772928690359,0.19007865001008073,0.15521138264705725,0.16136229754866319,0.15950909344861042,0.1565818194513468,0.16604097167558726,0.16542891582732386,0.16703862086606938,0.17720888727574263,0.16292909130045902,0.18005648833775256,0.1989166792812821,0.2880300374017536,0.293581802009943,0.28315494646675565,0.29936296966262727,0.3019749704579909,0.28250131825480446,1.0,0.2807376865765966,0.296169120138102,0.29503860645672564,0.2979283428774051,0.3016404455705283,0.2955745370057503,0.2943452391264936,0.30340871247383644,0.3015134928305385,0.29001896849776576,0.2821322481956734,0.2993451088689394,0.30159753979385207
0.13417818754224353,0.12425131198882748,0.13878147156579332,0.14347139576815446,0.12710559106167257,0.12474223092990404,0.13641725163827703,0.13843548049202076,0.10350122868429933,0.1295555251553722,0.1264678421540998,0.1233092047643973,0.1192813145869176,0.1349653344961864,0.15784843103473958,0.1372972902304484,0.13505784846997118,0.13445516095844576,0.1389579782162663,0.11661786892287974,0.19233657632447224,0.21303921787723848,0.20405146857348466,0.23397773636058383,0.17631185890842876,0.19388258060048713,0.21001807289753263,0.18527891917397815,0.1808647547509261,0.19968311258886665,0.15718254102142618,0.1947341585189185,0.18800249210981704,0.18360891325268494,0.18201280032660982,0.16848021833146676,0.19855653150115835,0.18468356964779964,0.1925164716964176,0.1869575872154347,0.10618112306362464,0.17196519434593543,0.12726162785133785,0.17095060372200319,0.1345435527386475,0.11215139362546933,0.16995747384977083,0.11874824961937588,0.13036494205759833,0.12972887672018188,0.11631614339983931,0.14611798942024531,0.1597735421803187,0.15395050933834237,0.12622981678238757,0.1326755939665701,0.12229012972520717,0.11757409526856,0.14553544371759725,0.102692357255612,0.1516708648306956,0.13167234576080988,0.0985199319393999,0.16329334191840447,0.15735523035407475,0.1084396775302807,0.17562867915869665,0.1325877835997057,0.16795369452520378,0.13192569606438273,0.1401817241524843,0.1394371195240216,0.1368563747337827,0.14938417411555993,0.13640623744847435,0.15060611718816583,0.1554101886565814,0.13186731072597713,0.16159599859767015,0.17223712832990085,0.2832251428889625,0.28379006262410744,0.2726738609534225,0.2824887365477429,0.29564319099141073,0.27280602358261163,0.28073768657659665,0.9999999999999999,0.29449392600204904,0.2696344645478889,0.28918887641461016,0.28693638952391837,0.284376279785902,0.28959009037606176,0.2897993307265176,0.29428471314475035,0.2861752470372128,0.2754829021843686,0.29321943890925595,0.29166934837301317
0.1529744988526981,0.14301714589347456,0.15905889563635103,0.16540019331285116,0.14565095512235596,0.1477906048130933,0.1572868392910241,0.16105132352956947,0.12447161459030219,0.14766649753334407,0.1478360575009228,0.14100925947524867,0.1320216643805785,0.15724140007992318,0.1825295877037614,0.15381961274510147,0.15855624148059322,0.15563378534108074,0.16131464813660665,0.13484519025058386,0.22135570353244677,0.23626003872226042,0.22347469406605966,0.25595805022799645,0.1917636291572885,0.21969263530147626,0.24319856950495347,0.21039278108539214,0.2051342227775692,0.21524870447724534,0.18063083607437547,0.22038388664399325,0.21250280948124364,0.21039252724043248,0.2051562290686181,0.18888722365479985,0.2238377969373462,0.20690197296008017,0.2174694773444022,0.21600052185755608,0.08440565263238664,0.155626770535927,0.11092000727113253,0.15483675106883849,0.11532363267799757,0.09148296114581575,0.15212558227710457,0.0945013749656276,0.11176589066391567,0.10733776430031147,0.09955124162474832,0.12234280877402455,0.13813036718317323,0.13849187294207987,0.10245577959472091,0.11105565108768133,0.10376195334106124,0.09589444925589384,0.12814923590570998,0.07937221226050321,0.17860502056934366,0.1631270414172775,0.13125978811255032,0.19267001641148052,0.18656972475157985,0.13192263444288943,0.200452541024355,0.16739588640066877,0.20252038542049589,0.16271933399035976,0.17137819120851144,0.1637203283409127,0.16378011413196378,0.17890034372280755,0.163545513214324,0.17880019358691898,0.18176724633089253,0.15812659882451957,0.19264704737613517,0.19912711446466524,0.3010811077347532,0.2977819101869503,0.2866459238880904,0.297880938398901,0.3086453900587025,0.28840212166115575,0.296169120138102,0.2944939260020491,0.9999999999999998,0.2797654798715498,0.3050320214060701,0.3006201114786811,0.2945280564949499,0.3079990737535296,0.30186815989275967,0.31058053221552195,0.2978104176143065,0.2899462430149554,0.31011147903526465,0.3102348284274018
0.1501466616983994,0.1367329470792786,0.13787596444684105,0.15635035022297208,0.12458933485682384,0.13757253633274794,0.14900204673900147,0.15159792985199705,0.13978473202330527,0.13731493754098095,0.1313761933825526,0.1307644333132204,0.13666716573924106,0.1510466980039089,0.16400534635101113,0.1465708733971804,0.1509595512518164,0.13700597951066773,0.14213476681961518,0.13676006473453653,0.10666961854974523,0.14523761682633243,0.1505113992462433,0.17477409523343176,0.10492533451880272,0.11786843782139372,0.13106039912719758,0.10972683434259126,0.09490371175029447,0.12710707779664077,0.08079466738476408,0.11526850778776353,0.12504188434049443,0.10057511948794325,0.09976840204826158,0.09615426110652743,0.1242637892276303,0.106477734331744,0.13113321178698084,0.10437230098304054,0.13252094565476508,0.20843673071791743,0.1529321399812351,0.19118719643854912,0.16658409668808533,0.1317479290303266,0.1870614917279232,0.15478269923363353,0.1666272056067545,0.16766853152485747,0.14739266973607243,0.17875190248346992,0.18903180573858044,0.17515617386218862,0.16056531059811058,0.15379085387542601,0.15576524038435727,0.1518249170575384,0.1768342351216757,0.13608569047788263,0.1624440484839563,0.1405438670883743,0.10643838604092076,0.16703918936939166,0.16404377332478326,0.11939436798227074,0.18290612168033005,0.12773233791775124,0.17817032089511609,0.14643959306093934,0.15162268681415256,0.15223319755134349,0.14967753243519458,0.15214889419073396,0.1616364547863773,0.15448985016271527,0.17195270728620785,0.16155297812486846,0.1720668524140963,0.19337266148208165,0.2839938268809868,0.2924916120812382,0.28625829422781796,0.2871311879966438,0.30671620595627364,0.28644606291684455,0.29503860645672564,0.2696344645478889,0.27976547987154976,0.9999999999999999,0.29080366500755916,0.2993201838436572,0.29372646956758935,0.28624486669171534,0.3033323442953523,0.29919224355703666,0.28252028665629114,0.280349959843138,0.29944516218346434,0.29073349574418605
0.14555758945782812,0.1332258525358761,0.14969897251560016,0.15684187330959506,0.13633001765713987,0.13956197922515304,0.14859846732954685,0.1497854963340697,0.12138471148964176,0.14120784906835715,0.13923586845084554,0.13552681449605494,0.13465962913559731,0.1452334022893416,0.16649025331565506,0.15324281096953352,0.1456100610620636,0.14385710042323446,0.14730954403926122,0.131249432259293,0.1726691059115067,0.19723709371978623,0.19252287295624063,0.22245769411918234,0.15624774269453767,0.1742434604788977,0.1938620738946978,0.169397303636463,0.1621502889564964,0.18443472583586182,0.13696470858893228,0.1791915356983081,0.17490549082746495,0.163869936451993,0.16093505067830632,0.14958988476756319,0.1795529460731258,0.17078012663302902,0.1738037875165334,0.17339315290634155,0.10676465846223206,0.17712436661128164,0.12760786528919604,0.17428380556203854,0.14016832205313792,0.10973380984437045,0.17243524458965176,0.12267363898083591,0.13599520870418655,0.13380746470955862,0.11838214891726746,0.15359717578589888,0.1647452724377518,0.15476989289996365,0.1281862519731398,0.1370440515437937,0.12442791230257713,0.12283263148024057,0.15161004398634637,0.10431276027852693,0.14236725031210798,0.11803868503965127,0.08430861590615892,0.15220062491308622,0.14693543110846533,0.09294820185022203,0.1645305096130584,0.1149603517548752,0.1581430062898423,0.11962762270941957,0.12768597578494068,0.12664152221159652,0.12373265519494245,0.13550962943295072,0.12718942527863225,0.13577367769551205,0.14508151886229304,0.12305346068771927,0.15239493740423043,0.1652422278714553,0.29963541740670624,0.2978607685574944,0.292326033733534,0.2988144695307366,0.3109526345796276,0.28676436338610034,0.29792834287740516,0.2891888764146101,0.30503202140607005,0.29080366500755916,1.0000000000000002,0.3050967052095876,0.3019142991286018,0.30285988307363243,0.30491257164085295,0.30995447410685945,0.2995744473753957,0.28963716838078746,0.31080522966389906,0.30421475611878324
0.15172244453485523,0.1388669376417049,0.1500837248256303,0.16046938497496985,0.13648749423475084,0.1419905747458245,0.1529634448569357,0.15486606876564118,0.12947586978520045,0.14401869925405172,0.13988730407245126,0.1380010076004174,0.1390530461495199,0.15184428620500262,0.1703664020538229,0.1545885591499093,0.15152727260268345,0.14550776876416863,0.1501163517492142,0.13666392597564325,0.15756944816833746,0.18751267718452774,0.18639081719452427,0.21449052682127276,0.1474539557832446,0.16322538005199483,0.17958129222493502,0.15596482767570044,0.1468246479017943,0.17341544883246524,0.12582761659888994,0.164699687729066,0.16490329042237795,0.15010404808903471,0.14814795085166182,0.13926228090883183,0.16892277216645957,0.1558727976651772,0.16777636880627808,0.15603315818798888,0.12350524620036613,0.1968736003474071,0.1452403863925067,0.18914466043635902,0.15727312391048887,0.12629369330558413,0.1862838196342244,0.1419935167313823,0.15397839725570203,0.15389743901306335,0.13658380731948,0.16977013768922833,0.1824346222865906,0.17076483170263337,0.14769193053226895,0.15115052776545324,0.14380738238757976,0.14079768538017604,0.1677613157929064,0.12371817147100662,0.1546900368309225,0.13042322164289324,0.09602932969234493,0.1627802307109352,0.1588144610793812,0.10807566687979211,0.1776896913286266,0.12411024352839475,0.1702662531414618,0.1339316213539477,0.14113945935916855,0.14133230218271267,0.13819282412607065,0.1470815154009778,0.144202361982276,0.14838950375933674,0.15995250567747724,0.14138094451359692,0.16406336055358356,0.18061563378139256,0.2976467741233047,0.300610761402296,0.29315834402628116,0.29964572378265286,0.31381508581851586,0.290546171947494,0.3016404455705283,0.28693638952391837,0.3006201114786811,0.2993201838436573,0.3050967052095876,1.0,0.3035288571829859,0.30151372277711835,0.309367517242856,0.31042052253967484,0.29864420667330877,0.29052456387195996,0.310369408332586,0.30462312539056824
0.13505352580100752,0.12306855640676642,0.13509170360576395,0.14323302322213857,0.12307124479602195,0.12321412389459437,0.13572515228838325,0.1364671799636239,0.10888858865006495,0.12903464565992664,0.12367481689704599,0.12272670780984651,0.12515443210830557,0.13324912526824395,0.1533640694119804,0.1402532666227001,0.13289174898850767,0.1304924668348382,0.13401558336196787,0.11912846191859577,0.15684776601289702,0.18775395325384184,0.18502292280317817,0.21401051050213427,0.15120868826361158,0.16240541555266377,0.1756628760199727,0.15559206631949202,0.1478306321930729,0.17733977471743811,0.12453539629181329,0.16431436125900278,0.16253275275060572,0.1493337692067178,0.14974070054285854,0.14007589409752055,0.16833212260210942,0.15677708330938278,0.16494325719315941,0.15421196590348196,0.12980546176017485,0.19953729796788935,0.1478638024525549,0.19404645251052519,0.16108635122416262,0.13240170238888682,0.1933346171057366,0.14783605061916616,0.1575084753286642,0.15872500760277736,0.1385602114256204,0.17752868408338787,0.18813421003659916,0.17494864583771147,0.15454745093189728,0.15766225433606093,0.1464880730449627,0.14497872279598478,0.17192226021306628,0.12863549327488671,0.1408972872875175,0.11525816710969415,0.07880875848638803,0.1495708200774019,0.1438499087712555,0.09484288409806814,0.16582722073474576,0.10966776952371625,0.15303899943638216,0.11736028337663316,0.1250956936142941,0.12878119372398292,0.12436441229972657,0.13334401274783633,0.1278773513155097,0.13533367062587193,0.1461984234825026,0.12478427768136234,0.14903330814162857,0.1657999478735187,0.29411581985961915,0.2977488641616377,0.2895438709016612,0.2949454081660455,0.3121786247250812,0.2864257428588084,0.29557453700575037,0.284376279785902,0.29452805649494995,0.2937264695675894,0.3019142991286018,0.3035288571829859,1.0,0.29815166400871007,0.3066304891957938,0.3072827824813701,0.2986818882498025,0.2879937233430826,0.3070003080015806,0.3002039681741783
0.13524366450195116,0.12511174109046816,0.13776679866820027,0.14558518381916152,0.12599192971548334,0.1255610066620828,0.13741468700059317,0.1395768099999689,0.10776744159787173,0.129494904133792,0.12659510238781133,0.12235051193745924,0.11925205050199521,0.1364602721630586,0.16044161557076655,0.13744203326324714,0.13749012308027647,0.13524103932725395,0.13954311244001114,0.11730499869620999,0.18943681482639368,0.21275597458019166,0.20313191549145793,0.23489011997780299,0.17233806530849763,0.19134580367705217,0.20894756759362113,0.1828841614382649,0.17599733605821308,0.1960286444897405,0.15142951663880863,0.19159777300129002,0.18671906319998502,0.17950834099196725,0.17815826938136803,0.16444841205608166,0.19651689763649346,0.1806726397879357,0.19144850210798514,0.18372509359765266,0.10601456668488947,0.175867119853827,0.12686694573548368,0.17255938898201575,0.13560709017125155,0.11042867661914971,0.17188133036124678,0.11932055229716164,0.13293746713838828,0.13130376396514648,0.11641102156797874,0.14891700785936277,0.1606340507793493,0.1552247838823187,0.1280277905033536,0.1315891382338583,0.12268735950245721,0.11755326976017114,0.148519859947354,0.10170115765742521,0.16148415083007522,0.14254493559818254,0.10703316061941635,0.17372201029116988,0.16623824534012546,0.11545174468079532,0.18528441474207347,0.14262841362856002,0.17971081226634705,0.14227837524277556,0.15064969260445943,0.14908299012625192,0.1470276168633004,0.15867188588192707,0.14766183768712582,0.16003562710668093,0.16672232827021802,0.1434497176560075,0.17329715007407123,0.1844013684078019,0.2977770469851177,0.29852495969497245,0.2880187179647786,0.29466317091543537,0.31212169490182756,0.28874775250247486,0.29434523912649363,0.28959009037606176,0.3079990737535296,0.28624486669171534,0.30285988307363243,0.30151372277711835,0.29815166400871007,0.9999999999999999,0.3047636890117041,0.3095189459770981,0.2986525023306229,0.2896872978348358,0.30912688521074266,0.30508662541835574
0.14112210691040225,0.13000443907810078,0.13523639880136343,0.14671288305525185,0.12348286223706151,0.12365225603520782,0.1399014067476449,0.14247232433469686,0.1132862283676557,0.1307749056043443,0.12317788244243447,0.12307622980721024,0.12432422934671945,0.14156352426009403,0.1617149606601667,0.1373406525968937,0.140991023043379,0.13388446726048459,0.13962212293852774,0.12134790229049071,0.16611508542521308,0.199976187128853,0.19639258839652804,0.22566910316535382,0.1631545217588878,0.17522286815400567,0.18539589311944552,0.16294975530457848,0.1539584420822239,0.18432253771126103,0.13478322978745935,0.17040106352460643,0.1717325913908494,0.15874148906549537,0.16034551762078536,0.15052604863862443,0.18129494191209292,0.1598475136674742,0.18251223121231494,0.15651280333567263,0.1439006778908434,0.21801387953494125,0.16469008919107722,0.20796293150797207,0.1737305481752949,0.1482125866417045,0.20657863387203487,0.16218389172328523,0.17172246786364484,0.17487056148380428,0.154551666300536,0.1879167302484136,0.20184433427357307,0.19139420411533262,0.17133957159405522,0.16667930003094877,0.16349564317213092,0.1572919238355441,0.1848146234508591,0.14385786414491708,0.1742268258036856,0.15276012628992858,0.11448076537539421,0.18356173970454628,0.17779628296314348,0.13236982004557804,0.20136051531969656,0.14723288827238917,0.18952079449141795,0.1554523155577329,0.16282827952864898,0.1660346709706372,0.16238373858748315,0.16952628492086722,0.1661396541412012,0.1730522255128642,0.18344711234388708,0.16390278094616534,0.18363693166124107,0.20205818208779946,0.29781456173375687,0.30712121703269063,0.29292684034040406,0.29992461434210277,0.3216049752763988,0.29752448457626984,0.30340871247383644,0.2897993307265176,0.30186815989275967,0.30333234429535233,0.30491257164085295,0.309367517242856,0.3066304891957938,0.3047636890117041,1.0,0.3142088577349706,0.3033899231285724,0.2950994278013388,0.31203419289374223,0.3089888981206487
0.1287514546868346,0.11833603745836113,0.12837043664097236,0.13939491048465766,0.1171001624615245,0.11803808260864744,0.13025285320763708,0.13185866994594336,0.10555600098780733,0.12212188000781081,0.11860949391299569,0.11425241181281422,0.11424542384776447,0.12917597245707796,0.15310730681880275,0.13118922331654825,0.1309496696397824,0.12754209286052196,0.1309870248680755,0.1112712326386208,0.1710276789756102,0.19919169195620384,0.19061123369274932,0.22314443523643693,0.1572353634775762,0.17427918414710422,0.1913245798812044,0.16685506621616525,0.15718045952224866,0.18139284115756876,0.132025474303078,0.17440562262023257,0.17234774075732354,0.16055344070629232,0.16055043622161885,0.1479660831726486,0.18017452039975296,0.1639711936889977,0.17637337064419167,0.1657469876731878,0.11053308649383596,0.1824957312791839,0.12886679007741678,0.17638487863772703,0.14071010037915807,0.11232248249433466,0.1765973155076571,0.1255658861827841,0.13966139120617596,0.13789415017564738,0.11950709409155905,0.15755790688652888,0.16572116003111398,0.15846823575678298,0.1351898387963929,0.13494761867795346,0.12657801799143192,0.1224621878862755,0.15513138512712493,0.1058682295076328,0.15980808728541993,0.14053725885944876,0.10243636247908328,0.17159101219908832,0.16250127022156702,0.11172121997239644,0.18343654653044467,0.13817993624702218,0.1774309158565209,0.13996557654218228,0.14818123384390267,0.1478777489435675,0.1455885010429166,0.15509870207559495,0.14778326207763018,0.1569078432135724,0.166738268025266,0.1443393435124206,0.1723129070131202,0.18526073246879246,0.3052789244313,0.30711850896039744,0.2982077257463106,0.30011755945115065,0.32298584831865035,0.29839897186831266,0.3015134928305386,0.2942847131447504,0.31058053221552195,0.29919224355703666,0.3099544741068595,0.31042052253967484,0.3072827824813701,0.3095189459770981,0.3142088577349706,1.0000000000000002,0.305360906231167,0.29772601342158983,0.31842514247214915,0.3103752822831158
0.12519873402413734,0.11502313071952476,0.12893549617440248,0.13310074374308925,0.11818799857440501,0.1114856155634166,0.12599334977684168,0.1267861415602627,0.09069526270831717,0.12080730801976665,0.11505207208277887,0.11400418083756214,0.11341297440568009,0.123461320053948,0.14717271749775698,0.13000604916192665,0.12305776377903757,0.12447429060550379,0.1281942192863834,0.10629295382240644,0.18585326058270052,0.21249156082455062,0.2044076718938387,0.23543570932634927,0.17853901292519517,0.18966455039486135,0.20140771227636975,0.18087634600510052,0.17648627054198832,0.2031096838486795,0.15099917340365235,0.19029580679405075,0.18377318536533271,0.17760471159919625,0.1791197573198006,0.1660661236455381,0.19516275670021305,0.18178538184735732,0.18862535902196068,0.17925104419987972,0.12861535681019495,0.19502374737768186,0.14638986369902032,0.19378973477618608,0.1564455752737823,0.13387435076759754,0.1946302322751509,0.1434468465380654,0.15203822832640385,0.15395668736317733,0.13488976125904162,0.17327889763942272,0.18534088926597678,0.1751631758508705,0.15194328288427297,0.15614095904099243,0.14267777888568878,0.13976427507396277,0.16766439510949963,0.1251534546252699,0.14383961102976006,0.11994872171058692,0.0825350536405325,0.15511831926053246,0.14783314452793975,0.09978213545080897,0.17129156746375593,0.1189655469377272,0.1559260311280668,0.1199679924399186,0.12868567402502157,0.13310456378037538,0.12849270049715827,0.13990780812511158,0.12724763228652766,0.14237410371403791,0.14878405217261612,0.12299795705522955,0.1520087628349044,0.16606637573564514,0.2922003499758332,0.295722353237292,0.2835111326955806,0.29186890205373095,0.3098151776520679,0.2830733875549792,0.29001896849776576,0.2861752470372128,0.2978104176143065,0.28252028665629114,0.2995744473753957,0.29864420667330877,0.2986818882498025,0.2986525023306229,0.3033899231285724,0.305360906231167,1.0000000000000002,0.28649735663696235,0.30386854089681054,0.3003526039212898
0.11847643401915671,0.10898864950908681,0.11743322418540297,0.12765575222473063,0.10723146506501927,0.10681021769660563,0.11934386590959627,0.12088741422388312,0.09526284920080877,0.11186971540129272,0.10775493346174381,0.10427260586084608,0.10446411553231094,0.1187333145417377,0.1412849647920137,0.11973789596583785,0.12019600859606301,0.11701008329121426,0.12043369459354762,0.10124883403366207,0.16123906711904168,0.1885217904138903,0.18030760657238765,0.21081023465280632,0.15033659365629187,0.1650759365147553,0.17950370249125056,0.15719233648010714,0.14837302307665326,0.17217214245572923,0.12519875055400043,0.1641118545334432,0.16230247878989262,0.1516396793089094,0.15241728533169202,0.14058761846634926,0.1706714052185917,0.1542284670277305,0.16749012780531902,0.15485721093121166,0.10890529430535083,0.1761650118667942,0.12578536917966965,0.17015684242344747,0.13638990513170282,0.11096081360753159,0.1706474380898466,0.12310028628401844,0.13545774662763677,0.13466707687731255,0.11669255110266576,0.15256769674314935,0.16059523907024761,0.1536255113903735,0.13262109462827706,0.1310884238055386,0.12371883219033857,0.11945358574316879,0.14977642623157292,0.10466398093497298,0.15180381832061066,0.13383297474742326,0.09745353453636187,0.16291287316278363,0.15422490153316382,0.10784920569508312,0.17489852169408768,0.13163211828718263,0.1677908804321733,0.13326427647391298,0.1409855431915431,0.14164936260236183,0.13922517570304574,0.14780075477135352,0.14081503095334347,0.1499539777487462,0.15893184398584537,0.13770177301731432,0.1631901710235924,0.1759078144455213,0.2851043439666409,0.2881755347216191,0.27851833406332227,0.2806629488454571,0.3032078404429899,0.27986575394663027,0.2821322481956734,0.2754829021843686,0.2899462430149554,0.280349959843138,0.28963716838078746,0.29052456387195996,0.2879937233430826,0.2896872978348358,0.29509942780133874,0.29772601342158983,0.28649735663696235,1.0000000000000002,0.2976724992445776,0.2907543759948882
0.11870927920271213,0.10835819823585478,0.11943124034560237,0.1320476587629655,0.10860245418709405,0.11170870100543244,0.1213273978387767,0.12207704931274702,0.10172531003602849,0.11358714853279107,0.11210237928872513,0.10557155656231224,0.10689417677836344,0.11865657229032697,0.14348153906047142,0.1248209908855047,0.12195805713868825,0.11950894935216597,0.12120904117921089,0.10356904406496685,0.15693338869406823,0.18452492611424137,0.17495237291468127,0.2085973548005017,0.13951581105020802,0.157900789209662,0.1783031890090414,0.15411142130030359,0.14245168053021162,0.16546960797979943,0.11460313685647212,0.1609850109117812,0.15919920085424313,0.14491874629381557,0.14447168335298008,0.13178169708905654,0.1640036759827313,0.15129690700452583,0.15863020005011383,0.15510269012641284,0.09327851904740278,0.16427762620414818,0.10883457957309864,0.15846271523957703,0.12403400539188573,0.09202574090512146,0.1596579849187268,0.10771518731726622,0.12431423649727952,0.11980241533526263,0.10094007774492975,0.14359720584385707,0.14666779705187916,0.13971367090504289,0.11743417920323097,0.1178438415194614,0.1072783450720972,0.10519062088485179,0.1405342195721576,0.08651078202524495,0.1471366249029032,0.12870381669749476,0.09039410665085269,0.15929623422205094,0.14819266322312338,0.09522982580684142,0.16797417020355648,0.1261082186589,0.16526361943821535,0.1266622835961823,0.13494453859929306,0.13331880169892352,0.13166224683247726,0.140906974869139,0.1345339096325924,0.14186771816536786,0.15345544113026865,0.13104420380952894,0.16127500982931653,0.17243793028060603,0.30753595514056115,0.30581347765218353,0.3014070246577048,0.29794979038622543,0.323212723227173,0.2983320366881685,0.29934510886893934,0.29321943890925595,0.3101114790352646,0.29944516218346434,0.31080522966389906,0.310369408332586,0.30700030800158057,0.30912688521074266,0.3120341928937423,0.31842514247214915,0.3038685408968105,0.2976724992445776,0.9999999999999998,0.3078701140358657
0.16149383654234883,0.15000804303102483,0.16181532408528296,0.16878563327981483,0.14802838702730609,0.14920738386294854,0.16271061622213168,0.16634925294438715,0.12943725222189645,0.1531055083722393,0.14843997309903,0.14681190618665577,0.14210460133306535,0.16391270665933078,0.18467124523422357,0.15916832929817037,0.16269972516918732,0.15705852509568954,0.16402242470321104,0.1422289567672497,0.20114205911081554,0.22540657855229518,0.21993166825873028,0.24893751903788375,0.18691735752481886,0.20623069878503475,0.2216597110586043,0.19388488606242657,0.18857429654853206,0.2095435657765324,0.16891278589056302,0.20378025622578297,0.2001692627788341,0.1937436554682183,0.1911568972343572,0.17902400366924245,0.2110662919541715,0.19201542494764529,0.20938343061409556,0.19364138307672715,0.12613864068623798,0.19955554626709937,0.1527086215248917,0.19445097283697726,0.15767410704543264,0.13411054494471414,0.1908093331955881,0.1415265589159108,0.15297110887672977,0.1541328296269584,0.14118588944660854,0.16517618867261671,0.18457969097945437,0.17795400249956178,0.1484303798695891,0.15281449145445766,0.14800682620171426,0.1405231111254848,0.16708700811915825,0.12617189366810055,0.1797079128514586,0.15861829932320912,0.12516976165414165,0.19016051765610475,0.18715777216288534,0.13742607763064393,0.205508930782302,0.15730141261835326,0.19832285457975268,0.16182902957497344,0.1696390783601725,0.1680907470312042,0.16562334201028373,0.1774031812540705,0.16792357807371905,0.1791736856414766,0.18500405321245034,0.16404248312529898,0.18940821982426018,0.20354465284914783,0.29685596465222147,0.3013046850163986,0.2869614157410409,0.3011546793623071,0.31202236550712553,0.290247936887407,0.3015975397938521,0.29166934837301317,0.31023482842740174,0.2907334957441861,0.30421475611878335,0.30462312539056824,0.3002039681741783,0.30508662541835574,0.3089888981206488,0.31037528228311584,0.3003526039212898,0.2907543759948882,0.3078701140358658,1.0000000000000002
