MacroScore_1,MacroScore_2,MacroScore_3,MacroScore_4,realized_next_return
-1.0637877391082002,0.748326351254875,0.7282315088446005,0.6631840590212563,-0.0036894234439697527
-1.0324617557578806,-0.9548076748240513,0.8235357608115099,1.7737655097789176,0.0053399714857862764
0.1510413594530526,-0.7814458001276146,-0.5994112328602252,0.2748214662524192,-0.0014569293771807897
0.7629879211821896,0.34367223564127536,-1.2834384747189644,0.06130453147716781,0.003126133761918051
-0.020537959838754994,0.24072433355054268,0.09503812645586199,-0.32314979098927954,0.017342389779686298
-0.14355473293149443,-0.3926317701320793,0.815608916380926,-0.6174534392407385,0.015512258989038036
1.2719453789732358,-0.2824265936214414,-0.9973108797976148,0.6150446947023337,0.0018851919650158698
-1.2277934670221207,-0.656803493988516,-1.5967390201601224,0.5097963883974951,0.018399337039459167
-0.8409949146750425,-0.8075253926788294,-1.1689964167143865,-0.2603884722569093,0.014039313682119761
0.4738760394378362,-0.6636332482947521,-1.7071833411947723,-1.107791413429082,0.013034295983600112
-1.5315233431032331,-0.6918706734180973,0.7209561573790718,-0.3069516176171332,-0.0031360079994278236
0.3846824236211792,-0.7113706665420119,-0.1475295408072676,0.12778736222089973,0.0006143801843651799
1.2741657396765411,-1.7715304716292044,0.09076651171096643,0.07712317473543943,-0.006986219083441497
-1.1796726407278033,0.9641268107712311,1.0716962182567351,-0.10317284474022326,0.005909593546774211
-0.8738925873247679,0.21699313228203698,-1.3369680357749754,-0.3318321654932297,0.02328299769414202
-2.5971281093033483,-1.224819174534339,-1.16514731822687,-0.7563636051277837,0.02788420634728596
1.187665816808488,-0.9368782366106516,-2.135851651577593,-2.4872203057116016,0.0014295367405884943
1.1204048726981313,-1.283045731015874,-0.24638450401059392,1.1377515807449425,-0.019282380036141644
1.0951892768438762,-1.660816196825652,0.2878706802148996,1.828645959654958,0.0053504476873892735
-0.18143856404089598,-1.2659934921099742,-0.4384780535142935,-1.9697465297799637,0.038208197209919935
-0.6276858480022973,0.08884258129213568,-0.01656673125885886,0.49479057947091004,-0.011260093215101406
-0.3262467687533935,0.3652463791126899,-1.5801342034276142,-0.9482321156275064,0.01037176269394652
0.7658091059272498,-0.863183159670826,2.6148035456880203,0.670444724429645,-0.00932409785578489
0.1912205252859007,-0.23383986670955903,-0.5296568941464056,-0.9716389104001225,-0.020407561244982306
-0.7147795633331159,-2.0987513653979817,0.3334309112052024,-0.5276836703885789,0.004050703072956582
-0.43874470136173627,-1.3205340104625118,0.8862947371233134,-0.6640981417581053,0.005684055218971344
0.07882856534647908,0.8363780956307952,0.9794061507785653,-0.03226697569643635,-0.0032490570916794215
-1.1874412703388222,0.19328173656887196,-0.8659454417019797,0.13883654405656193,0.021167084572687525
0.5416120503856389,-0.6270532383172086,-0.1971093172577596,0.7410160772838432,0.0033824192415050757
-1.1337310544857693,-0.9555939199387992,-0.9221481599641213,-2.3972450490895665,0.01367591312714899
1.6244853011587668,-1.0510655088925323,0.01788882742724141,-1.2030800037146383,0.014309228778192074
-0.5432813893040459,-0.5959921782594876,-0.36100479496101207,-0.5013519186604448,0.002837884637744493
0.7934494405976776,0.5070838985236577,-1.0002744568405606,1.6614151279941853,-0.006040427972858349
1.3426809922212752,-0.23599754734824513,1.9611851501219197,-1.5580816378905011,-0.003123719591899419
-1.9480932380725828,-1.142427171476724,0.650524133034154,-1.2519533601083066,0.010956852093231726
-0.12417027733442336,0.2550176674406816,0.6361767176287894,-1.0638511594294149,0.007205586528196803
0.7486745670502714,1.2365193288904128,0.33236996914706224,-0.013314527086422312,0.013185899633277787
0.5799906116163459,0.7544339944677966,1.4262967436615275,-1.0545780441246142,-0.002278515070299186
0.07755517152349076,0.1327929824712844,-0.7166843044908908,-2.5947452089697354,0.007271651090564776
-0.8327608596698028,-2.0626379174768434,0.6203488701496926,-1.3876863412296527,-0.000725234551222957
0.30522144309723503,-0.012284344263855157,-0.9818016993471619,1.1024085677498385,0.010851916218985968
0.19004808671717674,-0.038437486388446726,1.7995049782824446,0.2990369494650623,-0.018248466916771858
-0.6594492945041324,0.6632140284694077,-0.17812430306924806,1.6005111292871084,-0.00673419972747582
-0.006416435370353094,-0.054886275915856035,-0.7639785516820956,0.3860738894330574,0.011629696265102903
-1.0407094010537699,-0.014652297144104516,0.6918279090650935,-1.6285788476160579,0.014454236239592216
0.9072705292967219,-0.3758252880414373,0.0932408279774154,-1.0665157665153293,0.0016054360476353763
1.0163528047192059,0.9916813119991931,-0.42098574362251195,-0.12112543135301812,0.0019259560825719726
-2.0214516412683268,0.3214364863688885,0.04178206290693062,-1.3020711717723723,0.007159599290827211
-0.39160493226725335,0.15391216405303204,-0.32289461748746034,0.5780391779094843,0.006734811625766949
0.28333545196284826,-0.04526242120388687,0.26044368247581023,-1.7305921706158927,-0.019394756642326372
0.9265645808937404,1.0684017577569247,-0.20131004988469225,1.2128067062003565,0.008127072845345215
-0.04149621577585403,-0.4932884138630816,1.252987451507022,1.6885196464468484,-2.5212136305825827e-05
2.441565328852438,-0.6065523159723495,0.1877575109406868,0.4482285491729597,0.0051577995828747366
1.687388805520605,-0.8106250074531199,-0.1793434204745629,-0.8245258062460558,-0.007249175361050773
-1.5258030996534644,0.5686268020532073,0.049691611748664606,0.5564643129403882,-0.005981419719500808
-1.175707061003664,0.6784151847704186,-0.492110398417604,-2.0688768063361422,0.0060047446177114525
0.19014986321158883,-0.3786011462041625,-0.8959717299584706,0.9076703544425582,0.005931549617533206
0.5336284937415672,0.2693833897950424,-0.09837587491264917,0.12371989497236122,-0.00018743253008537996
1.0306470574096045,-2.0299880081401738,-0.10406722129429612,1.1346671511560387,0.005748331489690637
0.480015351726423,0.5086728481587505,0.33587012908413527,-0.6781074306163639,-0.01830333978734446
-1.0140344229974771,-0.6439022366563736,0.8921589239605074,2.3042476399027265,-0.015561194063343341
1.192307975474657,-0.7660695537216917,-0.2722551979021484,0.2173866730541519,0.004565655843003263
0.17899934710093654,-1.4940380212535826,0.8718876679457531,-1.571810359358618,-0.005603604690416854
0.13786495370606067,1.4007175174468147,-0.14740166188296383,2.5214016806338915,0.017973713826375772
-0.6789128908284497,0.15287988001367467,-1.0080285307623036,-0.04082329590519638,0.005746911188813886
1.6492952466711277,-0.33841581434659646,-0.6213725111825994,0.7031312542013356,-0.0038038646813439367
0.02047712384452009,0.4659657130805146,0.16908837301820728,0.2218617760463494,0.018160488563761526
-1.4533074503501182,-1.6589025246782472,0.5964795083470963,0.14228425403596612,0.00885475062936341
-0.7108016418875447,0.8291581182146487,0.07091507971094842,-0.4933431614751167,-0.011743117984772912
-1.9586295025909495,1.478246114349551,0.7199406761055824,-0.25268220086509574,-0.004464499770105757
-1.6323326797236768,1.3182669328574175,0.5415968005894474,1.8536291137914978,-0.011191733005363046
-1.1799214430135903,1.5466666998815177,0.8704770559388096,-0.46227888884562834,0.0001508417749693479
0.0837149211714268,1.3069022210982568,0.9564282680246694,1.0233788691666796,-0.0006976647492866997
0.3731753992177782,-0.5188871329358101,1.9519005482600895,1.339648724555048,-0.018411410443814478
0.4308847070897617,1.5924618528083012,-0.8253969800451133,0.06665962699579475,-0.01983589516546388
0.8176449692758833,-0.5083790365495007,0.06419353349946715,0.4304421968607202,0.017492572973641464
0.08520256017688888,-2.2024396804846806,-0.44018885090721005,0.5242447526822545,0.0025193774769422706
-0.6560873101365958,0.12695509843552866,1.4031742764807842,1.8873105561108632,-0.018887353123714402
-1.776243730335306,-0.4064495652808421,-0.18367593894387174,0.8982498538436289,-0.01933900634377899
-0.007434240974450609,-0.6544570008641635,1.8549043250815018,0.9639177841119131,-0.002465633994995246
-0.46715478933354687,0.9286505493755673,-1.0078434166902064,-0.5530622059626661,0.0058570472242679885
-0.45278538438787,1.0042374311506899,-0.6813488044590121,0.5288632385694791,0.003974327350629294
1.414085488530706,0.06400388395109533,-0.6107980700057736,1.7240475835776246,-0.011199793168570886
0.7520978897546391,-0.2607838667270978,-0.46941499698046585,0.19708040044104314,-0.0017907458756570948
1.2564307930728211,-0.4297120464436873,1.5525786437745979,0.9584456059206408,-0.010345190925456414
0.7317442687071181,-2.6923748700080576,-0.2862165802252824,-0.13035489483341958,-0.0028405436420067083
-0.5585820589083664,-1.2031304455320495,0.4826044726949616,1.528081832447284,0.01650272296039881
0.5027252137698285,-0.41261572031905286,-1.6980279092830377,-0.42255118585595364,0.00887616345684152
-1.444696316921852,-0.9395522098022097,0.7665830527264885,-0.09128427795392893,0.025733083285003226
-0.4043862210639805,0.13425297656300925,-0.11632195917120945,-0.8426337717523726,0.004440634505644901
-0.5994452106408824,-1.0363190960286228,1.6582811878625245,-0.7248962969240055,0.012583408488272205
-0.3723482567411254,0.654579635175391,0.8336655435162487,-1.928886721400355,0.0046781798673692036
0.43930351590400407,1.418561645722342,0.28737860875557353,0.4233983412776277,-0.009223882386340788
-0.7222925285897405,-0.06559544142793268,-0.8049793363705315,0.15893980772954583,-0.004983834475876041
0.7694119690034792,-0.21092575537106875,-0.723482395798653,-0.6206861396133984,0.005035494417467158
0.27323888588416356,-0.3112901254784643,0.6513961666055723,-0.45153991438412744,-0.0033051153928229135
-1.9465749906980394,1.541660712886667,-1.1396329536635317,1.4078486181811145,-0.007570019863792288
1.1090903362241435,-1.468312851814973,1.040981231101548,-0.6034950314059683,0.0007820947211349908
0.561590385530407,-0.5343864188487045,-2.172340799330469,-1.115069456756785,0.01195697505213804
1.3012486200909639,-0.3317168602630678,0.3437974648490634,-0.06299201006173218,-0.0025248301992113983
0.6550521148940581,-0.39515626352576166,0.34176713978097517,-0.09620412287588448,-0.005359470965767319
-2.0783049588991105,-1.1725711353561368,0.7163858629152992,-0.24767923852887047,0.020217549768978976
-0.34763475540401595,0.1440233502455355,0.4107695599209592,2.3850958245046514,0.0018448660014728664
-0.3511945550939111,1.7671906867215696,-2.2163616363187777,-0.5494017785158455,0.003113319250160425
-0.5893970299587656,-2.4786487846636867,1.1767561058236806,-0.007476361219501095,0.003803079084928061
-0.5463018091071214,1.6118579053234487,0.32102490245207904,-0.47268612271365257,-0.01174204991893225
0.16712427700845386,0.8096050260554327,-0.6411296677964555,-0.08786487196112001,0.007067165961292944
0.6893615647906121,-0.835688574901528,-1.023921282604777,-1.3925745660705597,-0.006250281395891573
0.676582751556647,0.3454354995164273,-0.22553687572011785,0.13422165007247128,0.007440857399346947
0.09817442757073766,1.746253662285595,-0.8172153231231967,0.7972178798679402,-0.0038535382789054006
-0.8597374871027329,-1.244093167146052,0.7491479776360062,1.480246578536629,0.012591764837552597
-1.1612306802222307,0.5038226945665248,0.47045580556737093,0.8458148415238057,-0.011087191830115455
2.5425375883379364,1.1168184814812856,-0.16167583422492837,0.5468956193978928,0.005740844417358382
-1.0099551917496608,-1.1515834560001479,-0.9098160553387913,0.5215896951924165,0.014578137987367743
0.3564464274112199,3.414959162232268,0.23451368791135133,0.5500719608242413,0.002259878854996489
-1.399843116512293,0.8633541432283984,-0.17763110477922836,-0.35144918738980113,-0.006701789502445449
-0.1554823057379207,1.4088763428347404,-1.1344601027544226,-0.013158287481827074,-0.0045981174561473635
-0.5055535939333998,-0.4594875199430062,0.7312987164500476,-0.5097270906894031,-0.0019261061965195503
0.681979081409168,0.13181316862149448,-0.6238010254569999,-0.2206972918140413,0.0035155367280216934
-1.3739663794546857,-2.387627233687742,-1.1705761090623878,1.163815183571088,0.01638079446988463
-1.801031815115027,-0.6602674959978179,0.16353422407513116,0.5620868393553796,0.0010822220509987936
-1.0504712430186836,0.8302276851266339,-0.9294412556518606,1.5521680765041697,0.003942749102287754
-0.04989194548486294,1.4025377584062224,0.5087206977765915,-0.10907038518819767,0.011666991617722574
-1.3584867566473855,-1.7429470492021963,0.3927016040142537,0.20602482156576063,-0.002979280563592963
-1.6302211948325005,0.7719316150707773,0.5722798230504763,1.650623597672114,-0.009401922136922288
0.6535731135457366,-1.056684539552225,0.5708738571645796,0.3649439518562672,0.0035709968621217875
0.9446499684281234,-0.12768056504011466,-0.30515773805239776,0.8186390299387617,0.009170396780982956
0.34326676758699226,-0.7154530217909313,0.1453734383881088,0.216332239777912,0.003653415277801269
-0.7408801742405982,-1.2452991974146381,2.673703542834331,0.8359311634559754,-0.007721136108055663
0.2866525358978246,2.1362220722906073,0.46832595924896003,1.4000927552592628,-0.010659241547778035
-0.6461253608321674,0.13905043064703904,-0.3277817094405655,-1.4188869239289341,-0.01139232822164582
-0.2827070525474406,-0.4892567113647544,-1.9623116868687491,1.2988376696476363,0.0020243508395159696
0.5476153603967656,1.714485522093636,-0.8829379047478971,0.6034186993132741,-0.005102606583551125
0.09837454462853236,0.6653926848921828,-1.7213102246177119,-0.4319105545414428,0.015299588280283001
-2.583190700272461,-1.4806195956042405,-0.20162519540305407,-0.9950160100676427,0.022741179071789776
-1.3001233930149516,-0.5732330629810306,0.35890877479261196,-0.14424549768103287,0.0036739857019092576
-0.022173002293693598,1.0587505184866806,2.299434206920043,1.0128414705874944,0.010072081451365402
-1.2577558399489939,-0.06358379649546869,-0.8661033348856708,0.27475441642177223,0.006593394802158127
-0.7525077151113329,-0.9109893317734206,1.1825553190002571,-0.7372795399929427,-0.003214552187910826
-0.8386744126855482,-0.060423943940180566,-0.1422577080517747,1.3717368600398736,-0.0018555558888107915
2.03280699312837,0.00857698394900318,0.7972556446452275,0.5876068538886161,0.008823135443914835
2.0244022618666313,-0.5373094599543168,1.259297851863119,-0.3086392851711747,-0.004732771729008524
-0.04172908076297543,0.9987481941699642,0.8452102520168019,0.08016224083252459,0.014814925296005702
-1.2586783715473544,-1.2107239755654737,-0.3504310719085681,0.10138953341618721,0.025805518672163318
0.148120866246034,-0.003664152675171487,-0.0466846246503245,-0.9341674771699191,0.010246344544408132
-1.2450441055192536,1.137618246217724,0.07792326501564245,-1.13024988689068,0.0037119449692992416
0.06131970488168332,1.5966755415447456,-0.5275659500818871,0.6155051674421708,0.011845038381023461
0.4242846858339459,0.1412122148007172,0.8206125640467811,0.5544420959801071,-0.008438581773213561
-2.2948630690270955,0.24542296344554615,1.0528897751306685,-0.8584609493408288,0.008412749783760724
-1.3232325860565066,-0.16218961924345804,-1.0646160954767574,0.2943910223800817,-0.0017758950139852127
1.4769557743265551,-0.2750114207824918,0.6332408707326836,0.6767776501714153,-0.0003381615730695031
0.5672367588501663,-0.04114921671669163,0.10212543715439161,-2.0716121498982285,0.0014243621767385476
0.5649229067829932,0.6577930852847712,-0.8859065237035026,-1.3828250200125305,-0.004416291257101978
-0.4774513881859783,-0.7848806719012773,0.027781506552022273,-1.3986751248799194,0.011281668527796917
0.41990900225311845,0.5411254083032888,0.10437187969227743,-0.9105123345580908,-0.008599678473122334
0.5386067139037888,0.05612239189145045,-0.2784342076855135,0.008561055997421513,0.0031724639762431544
0.9070684241748315,0.23583889489311544,-0.17056835215964125,-0.11691539706615972,0.002297106286500022
-0.5285465828780556,2.4618300033376728,0.4219321755307188,-0.07485760445604782,-0.02344793477393185
0.9803213626749389,0.15239687254256312,-0.436239752649303,0.8539533375569321,-0.007569397736226617
-0.1544525226939544,0.058359684273774755,0.5449362618814524,0.5288164026297644,0.002136496582689619
0.43705797197659907,-2.0691161451588367,0.35442963299990676,-0.7755029696176146,-0.020354711577204174
1.9439801399151508,0.9014745699289577,0.5750066984903833,0.7220886041537088,0.013888754797114912
-1.244508760227742,0.5574493274280131,0.9287536628516682,0.3705361394661225,-0.01182973360442129
-2.5056260245193203,0.37773529532348515,-0.29482366769259144,-0.30245424261881465,-0.022164715800375066
-0.998530369503312,-0.7092745943007485,-1.7178193669151085,0.43806985238339635,0.013954520509420355
-0.7739002630073589,-0.11709784310271994,1.7704927709328664,1.0146194580108834,0.010889206961394282
1.166496248434924,-0.4443228770983288,-0.08473444698040594,-0.09352547410779019,-0.0047751407188289866
-0.46509839120590873,-0.573298422738632,1.7263053892183766,-0.9409999132042889,0.0032668070962729545
-0.4577559666037031,-1.273078563796307,0.669460508300222,-0.0035427070964904046,-0.0008050073718669898
0.8980710946620696,-1.0761459596433331,0.6166332195074659,-0.6333450773209172,-0.023976786371534307
0.17736224032389633,-0.07988482918102677,-0.5111460380985481,-0.07271005591622742,0.007226649459507419
0.889049030163401,-1.546491190792856,-0.8218628658754739,-0.7562124065481198,-0.013957856819575542
0.8481937580608047,0.8233595852610534,-0.5236631895096889,0.30817354286464693,-0.00432774920596949
-0.012541813860784377,0.37116920771997236,0.32479601899225763,0.6335230021169126,0.005122465904682198
0.055571906423821336,-0.023753425647366905,-0.922309938364203,0.36655395071892755,-0.012877135347383929
-0.23320278327390112,0.40356583752171726,-1.6312523430505748,-0.5926214718148937,0.00092167356218927
0.34087822722892575,-0.611885019032078,0.1170490038588952,1.8517386645240066,-0.008997399997524918
0.8896046350301076,-1.4725843592109802,0.7401072242077725,-0.647496295288048,-0.019611325389223555
1.9845937133218836,-0.5046941250810474,-0.25994021026831243,-0.2701133254070835,-0.009255242848073757
-0.9209980788072368,0.005543111726501975,-1.2024436521077122,2.0278610877930165,-0.0019861179734418652
0.414350706786757,0.0709972000707807,0.30078251924966176,0.9040865243211567,0.010222065674232533
-1.8869126557367493,0.36597071672242404,-2.0942641019706634,-0.6830667331481436,0.010206867276448347
1.6960594906103321,1.6361441531750502,-1.7572204249272616,0.04911742546029307,0.01857418085241253
-0.08389035375502589,0.5660776349683875,-0.26531236561904686,-0.30416899546187626,-0.005081971508795824
1.3446265613649313,-1.440901842142564,0.8950042718443594,-1.9380131765010011,-0.005463940810794217
0.3823658933542583,-0.9062415124883757,-0.3695944417472859,1.29300952031753,0.0032648156627631633
0.791017226648549,1.565760878347424,-0.3475660377823011,0.3937560227290762,-0.0038532198577365595
0.6726091225116992,1.471766518165773,0.07548781825811819,1.2005208050745564,0.005674123384803883
0.13232356537699103,0.06111612714526455,-0.9349210460774133,0.21239009007935805,0.0006053176548920399
-1.936016237140822,-0.5728286328503699,-0.7528483276214196,1.5513948718533823,-0.010440905543945585
-0.62260232593586,-0.9306687576063726,1.7103068120449405,0.7593160904419713,0.00231901586700427
-0.01562178784626029,-1.9275505915894422,1.1079332822616592,1.0421352294521204,-0.005006309101853794
1.4277491012622034,-1.1670071689857622,0.9219752561127699,1.0593998090802037,0.0053608798433632055
-2.552692055123334,-1.0652998500858142,-0.5198411125031007,-0.5634255807444478,0.011684400950794427
0.8849424487812502,-0.44855783385565606,-1.2980592042556907,-1.6884757545590021,-0.00488676026499357
-0.6866035657370335,0.2440909909175687,-2.2608033558623073,0.4366167824504656,-0.006085676526352048
0.3597570264083069,1.7143549821912618,-0.5801129712646647,0.10974062689884789,0.009985208803333019
-0.7771081876870756,-1.646445675909013,0.14674742604238605,0.44713625041641136,0.010951709335019691
0.26435351133776147,0.4125930806577805,1.8709022847566785,0.40053508549951,-0.01933607804790504
-1.4512506654329127,2.266557899910599,-1.5387197236018588,0.682158232003378,-0.016671327601690118
-1.0161466638813956,1.2300812531618244,0.7918688410684195,1.4519005463463297,-0.003824913417240362
0.3534216420141997,0.0750949845311104,0.05718257940390665,0.8008029224849545,-0.004567517495184262
0.19691869179526,-1.8284797840502973,0.785894279839475,0.7933604228028031,0.00024837017553555824
-0.06733856362915318,0.1411471423954056,1.2154750304442985,-0.7623290070978445,-0.011786539308026494
-0.0854702977486487,-0.5944406099998998,1.4950347619560187,0.5041740144676465,-0.012224435853969404
0.3627043620404906,-0.29369448754748445,0.5725820381070877,-0.8466927375747542,-0.007676016868451419
-1.5739105480586757,0.3940302497023701,1.473454352719382,0.4248910718023395,-0.01417237913730099
-0.26119007988956533,-1.8911321637885778,-0.5736644688871376,0.44537274076752525,0.0037715451084938327
-0.7533848225219605,-0.694843888213822,0.7507387933415096,0.3592716071799956,-0.02392708432265769
0.9656943014237811,0.3088410015448148,-0.8431109995236337,0.1450145080425006,0.014457629532763598
-2.364674980531978,-0.2106432664867093,-0.06836407783074447,0.8736289774474595,-0.0004056013724942648
-0.690122601359481,0.6279287141047141,-0.23743488742264857,0.9517258498735383,-0.0039159816787267794
0.7043839159504554,-0.23355256224370735,-2.0980947400663417,0.9685835761113711,0.0048585288661347455
0.5101363918344834,0.6994522562209708,0.26117448662778475,-0.06050567433448539,-0.010581886264426512
1.807681219965381,0.1484962920032215,1.5900109204148491,-1.8688193526840187,0.0007872271042730951
0.02951312988491907,-2.2137750006700037,-1.3648074460723605,0.28092175281744475,0.01766527292335928
2.0695137141397253,1.097196317811767,1.8209357325667883,0.2508832366421877,-0.006663752461018749
0.11712668996146644,0.3188523724336133,-0.3699268300134684,2.2972621323199824,0.010901223677809064
0.8939107304810263,1.574594542147908,0.5066283505455715,0.5609963742063162,-0.006542831029917742
0.8986769917192527,-1.7422870548593548,0.11258250124584557,1.5679183682739974,-0.008791885731717441
-1.0951246296110053,-0.6216290605660566,0.5058465569585198,0.04050226653776713,-0.00758700466600251
-0.5622587504964969,-1.4142233064448617,-2.679702598551883,-0.5668890111758911,0.023500635156121268
0.3454032924944129,0.01910297923235885,-0.9661800027167539,1.9977239523175836,0.017291691005464144
0.9022934973320315,1.732168117931128,-1.082937594671051,0.6715075627548158,0.012883213261880567
1.173064780943774,-0.18054043633742128,-0.322866744848312,0.0025014376275422894,0.022343163601227678
-1.3572252996171235,0.35462602517766323,-0.7641354574050511,-0.3593982266598594,-0.004108758498608401
0.016946960006424424,0.244308520216233,-0.37795998821792437,-0.6623750991772579,-0.0027963328056907553
0.7559118160524824,-0.8665611118517099,-0.7546376659422734,-0.6760114605752583,-0.004897764574833891
0.4948765939196102,-0.7906713183389545,0.054209804820291065,0.3852348992676745,0.0006410904318970494
0.21035042750412658,-1.6643179184429067,0.19716335564040458,0.17477617996485922,-0.006550834131147232
0.1835895311931889,-0.2653883220766731,0.16428053233946768,0.8776490873836615,-0.0027046755421539182
-0.27264492235888993,-1.2408845842937255,-0.9325575975335197,0.14904637566415524,0.007943177892423967
0.8155236082023599,0.4659829510542367,-0.2958541943550889,0.30105736647842557,0.02055141834807047
-0.6046750965518606,2.1845099074298107,-1.0697667219994507,0.4094567078149284,0.00015842981755329012
-0.16669497495617416,-0.4921723807031273,0.7780914774542977,1.588069225069481,-0.013400838452146244
0.8177116040096328,-0.16935437859391075,0.5168506998312612,0.40674888815785143,-0.015459862231943304
-0.3024358486881245,1.9926932956706593,0.8635221509310603,-0.07729450717060028,-0.004684717071960201
0.4637770242259367,0.3031184218553191,-0.35958397463389163,-2.3210071477524523,0.016107889982065644
1.3117167384168675,-1.456692031348543,0.4241785427525905,0.11268859617982888,-0.0176161764452051
1.639593225542455,-0.10443843827736383,0.8487793127388561,0.09690791525475581,0.0068082563771111335
0.1470640112947906,0.42072495015157174,0.7161177720953961,1.1336133399342843,0.002397919707016873
-0.6876236408303947,-2.2221351726738785,0.1721660126293215,-0.45230809287640866,0.01921041769514499
0.20866387719823795,-0.6654887594072596,-0.3025510510515444,0.8010983596039236,-0.00985488458419856
-0.7800444756908407,-1.6688749341893379,-1.2591265012208346,-0.9071768477731315,0.01567008853309258
-0.19787163823883314,0.27006042370465455,0.6558116832818875,-1.1239275896561514,-0.0013186648348156474
0.5262941365215087,-0.9204318289498719,-0.8753018090744094,-1.4443068944744506,0.002130001138595696
-0.6011488826209508,0.06786880468824456,1.5336220139040724,-0.07582654873612657,-0.0025374036318230216
1.7390777026839273,1.8929976457217954,-0.7130757207861141,0.7724287838314289,0.014006674116769327
-1.7136775691929635,0.455254145376058,-1.22728831634186,0.22982013687680827,-0.020945279996048057
0.2167722091204567,-1.317843094620595,-0.5819231291618044,-1.1118752802257517,0.013030168060211615
0.4691729199938863,-0.4981691251144396,2.13360083703723,1.15906103280219,-0.009879208657307327
0.24243151202622015,0.2525484745892252,0.19650943769742585,-0.641187290086557,-0.025002128968191952
-1.7896831975923517,0.14837164600813377,0.4110039060782838,0.3604208486075664,-0.00787728786736945
-0.7334023280605735,0.7907743018931807,2.0871646076764074,-0.9175892971834914,-0.012594235475722094
-1.1707061915123007,-0.13285270344075278,1.6709812970907858,0.9308640560543128,0.0029120189446550358
-0.37843701808532804,0.7161497692688553,-0.07565703876161607,0.733774788401739,0.0033059869864474362
-0.7042292976318979,-0.10878058813537732,1.5016132277429013,-0.7029574616884771,0.007949375133976953
-0.3630027099008714,-0.7442204860987659,0.6864706117232784,0.04364496323938027,0.0003989492972628098
-2.449923804066679,-0.8478183507677276,2.0771965800670933,-2.527167469172191,0.01662381470501497
-0.12930224501848378,-1.0666713828447567,1.036933093293298,-0.34899366703747686,-0.01925154972020035
-0.6800605038192089,-0.781699681143968,0.823879263225025,1.0527649657689433,-0.0017514627157880203
0.1642994594487855,0.48493593011850916,1.4571236669724277,-0.1611834223922339,-0.0013859160452149948
-0.7854273676009063,0.32767656200915496,-0.5534547994835585,-0.3527567336188813,-0.007962578317309612
-1.3443378206013958,-0.8936135504039805,0.9656489166764537,-1.6854543754902558,-0.0013936249420415667
-1.0087407880826373,1.959731404257525,-1.1186879433013865,-0.0069951860562512055,-0.006381407475090979
-0.327306876746271,-0.2031169699821601,-0.14269766304593492,-2.284117518791992,-0.0011544658436264533
-0.9304974487761739,0.4849227068466717,-1.6880972745418001,0.23235824506440989,0.010736803465591624
-1.3415833441329783,-0.8782379859189992,-0.43578130863115744,-1.0935713179407198,0.016697252407482894
-1.1369766720058954,0.3968474227723508,1.0129783094833065,1.169112264493866,-0.003533413659277813
0.24917371022509052,-0.7767159520638638,0.5356901700688664,1.0497908826815054,-0.005192970999334594
0.6939109075248878,1.668999210480437,-0.5376802958135373,0.12226770480028609,-0.003447132626985109
0.9954349246902775,1.5702994788896647,0.7506123020209751,-2.1136590247600533,-0.0072509684126725255
-0.9982755825332976,0.6832670727262555,-0.44211336967197096,-0.45544858647657593,0.0053711487792729475
-0.23657242391547811,0.046206323095191904,-0.7806091151680524,0.18408968381125565,-0.008055477098513108
-0.2754955704090515,-0.39151091089496703,-1.2105821813518651,-0.8597516437113056,0.0010034038868930008
-0.42333120578481553,0.46058467171426865,-0.9830744439644904,0.6541498630300949,-0.0031935410415496516
-0.028797592176252308,-0.8732638621032562,1.1936791816950545,0.5584790274868351,-0.006217781211453723
0.4720720258300073,-0.7358427199838611,-2.5781740375745357,-1.2723864972142855,0.0256841881135206
-0.7158208414019612,-2.016845325234438,0.17962008545888247,1.0272917467704523,-0.0005923315101686623
0.2773554201111585,1.08405780763261,-1.6250489424716785,-1.4210530440467923,0.0047554676486040795
0.6607483339160831,-0.9242839825800188,0.09142138484536307,1.3809219924937512,-0.0037144850361657874
0.6463907456027207,0.9705476755288597,-1.916858822647816,1.037354458940875,-0.011231939628721366
-2.5398354826771246,-0.4422768304608283,-0.06823740029549724,1.0033426739111897,0.02257825755821561
1.2381835517451103,-0.38442050522772186,1.2596127936173478,0.8215753680365346,0.009215780878267632
-0.9360579880069306,2.9447039244732522,-0.7743679069844617,-0.7478833581836958,0.002398737908899497
-1.1135764456477582,0.12615859943266794,0.44693903143947405,1.2171353371957567,-0.0023925796339408284
-0.31769094167200496,-0.19935760098702904,-0.6801684396484576,-0.3649674917354964,-0.004308017462537499
-0.7645400213071254,0.4153024136802755,-0.08450095703762321,0.5241125257950213,0.021952377085644847
1.1240831250126064,-0.14601421256635688,0.4593256152934987,-1.4761362795928374,-0.005002193711514934
-0.0931239415449191,0.2794538076437039,0.5950255691688107,-0.03939147657397738,-0.008564910080124239
2.4524863495190026,1.832701876846575,-0.7450862521843566,-1.215337090055687,0.016549487502676673
-1.2852830975344525,-0.367043318875175,-0.2325863333345199,-1.3051414117814506,0.0006694973346540211
-0.19137764125704343,1.409419721831718,1.4487730869282658,0.25948584752485127,-0.009096540525265522
0.9075541802788656,0.38372906016795266,0.434729077539993,-0.44939185397284376,-0.002096216302630501
0.5090598915340617,-1.488169136381117,1.9625260160720372,0.25020786730933153,-0.0008454347779184579
2.830884155936378,1.006885930244508,-0.5714014996502702,1.1002530378314932,0.0057846670640364604
0.031070544693771695,0.33637378116122196,-0.2873481960987026,-0.5418497986781375,-0.007572621480915696
0.6900060141843903,-2.199576875168204,-0.9594764330914772,0.05233389365251755,-0.0169683195644065
-0.19834724778135307,-0.8760313847069234,0.8140836400492628,0.7881986986481182,-0.003201857976963117
0.30808411498274174,0.046673598755619154,-0.7858078646567022,-2.513502429052635,0.0030948714051674464
-0.590448232746557,0.01938567533072139,-1.274937045720645,0.01846345441171642,-0.005514493453221988
-0.05334405662302293,1.4142357944041144,0.9097558619019274,0.056028210887750576,-0.01295838440542639
-0.22418976958521164,-1.245090976703906,0.9837717754161216,-0.257249481963438,0.010651511643258013
-0.18504546842757827,-0.1266423314608642,0.8328737956603333,-0.6583227907990458,-0.018713361259137976
-0.5560049265896767,-0.05299690376721157,-0.7998768952069765,0.9404340955843453,-0.009528919223781417
-0.6151935265122024,0.29955911911888905,0.9197927076338367,1.111986241183289,0.0015952959226417849
0.3378947898040212,0.4524124281511549,1.3087879891848313,-0.002525985256310825,-0.017114329602452027
0.5473495572312579,-2.0286331955836583,-0.3141417817161818,0.5438032517967476,-0.009945881063190934
0.46532958975084304,0.39352588088016166,0.5555255626293837,2.0458611202478205,0.01669639127448628
1.413018734173412,0.4667219472246615,-0.6896574240385013,-0.42076848420112306,0.01081296145714717
-0.2546676437653442,2.4526148613422185,-0.14360695692567796,0.32481373344097797,-0.010433044396786743
0.9446584161302555,0.07735992192996083,0.3197868576782337,-0.27586701281173864,-0.0032413169005081482
0.09941638160400434,-1.486020406235178,0.8793554951177301,-0.8765117773195821,0.003910930714591769
-1.2757735674207233,-1.5371889190012682,-0.4443658425381669,-0.17757454938812042,0.02310902865282495
-1.517098192082795,-1.3876902941290967,2.321014600542682,0.25075588082566064,0.005528976371985077
1.5462678345998928,-0.23170770463342705,-1.3474362870178882,1.0423566251331229,-0.0005491430392125436
-0.7109055818088312,-0.18270942894118739,-0.32833040533904595,-0.8950256444959402,-0.0008969714288407317
1.1263698274688962,-0.41902643021674824,-0.8487481312942957,-0.3414488205054575,-0.001600870755205234
1.7130648003501006,-2.2096620316681754,-1.3033278922238603,0.45974322720120187,-0.011468111989578329
-0.018125716198754735,0.9338445779559253,-0.6066164208821466,0.258285555270034,0.0006248785146095051
0.6831171952985134,1.9874070002979467,-1.8667640106961605,0.606528034298422,0.011421775440485591
0.9871491801426663,0.1821537419970014,0.8995887782974206,1.021611940722718,0.0011302792036684565
0.7278335204951896,-0.43706246248567554,-0.2202786185311233,-1.4011140312316872,-0.012163290814033147
0.45211181888173624,-0.7530860869597986,-1.2553725917784013,0.4280161186777447,0.0028572485931685305
1.1663114553003586,-0.026513296930026818,-1.1312326181085115,-1.5593763780710868,0.0036477444584526817
-0.19427912260155542,-1.0088651714556955,0.798432535442094,-0.319577449712089,0.011931529229285273
-0.7949241787698622,0.49321554558812736,0.03860742734952837,-1.4309220720816211,-0.009150281047010897
-0.047049496515247514,1.4077653126375147,-1.3758286574829852,0.32323369933206253,0.005279040689424799
0.6076425734803594,-0.8274977159089819,-0.006398869422698878,0.8719066703092526,0.005315215462520883
0.07292478946084772,0.06910320295600736,0.3396876559108596,-0.39737231869799444,-0.0057428387085878725
0.0694877216612084,0.22181929115252313,0.19443920024777567,-1.293276010166333,-0.009918764393908912
-0.7261209707739831,-0.833988853153957,0.24887495319627614,1.0720126665886744,-0.002614321494279339
-1.6423266849351008,0.5527558727931919,-0.342338344475417,0.46124423378778134,-0.020337957493804446
-0.27949241056604585,-0.013760541418028452,-0.20943276749894113,-0.9829689058515129,0.006295493417564856
-0.5728776984344971,-0.19354719185634178,-1.2378866726546105,0.33823803385793483,0.012220818884460409
1.6227100475821847,1.079956461873624,0.47859806000222443,-0.7289980631582311,-0.0027553120530064363
-2.2340294815075192,0.3468526892390325,0.9580708189064508,0.29535546507970434,-0.0042424284746379985
0.00760965676420511,-1.169428956034158,0.290829275677505,-0.41692051990600565,-0.001015631866525606
1.8177868022920216,0.9950162822322827,-0.2980683353398988,0.21959223504527436,0.010106846434412214
-1.3735834843060002,-0.5696880667086421,-1.1239829420477714,1.3182449283080833,0.014612587417639829
0.06608878636209906,-2.397212296439679,-0.09283220673263946,1.3659366279062388,-0.01054930235289937
0.5181757400741258,-0.5278373534526807,-0.9419554138344585,-0.5291691605981488,-0.02266256100914869
0.9292737026104319,-0.48323979660773275,-2.0532840201177747,0.6604567603943717,0.008334059553102928
-0.32654504534311907,-1.1665520727207972,-0.29304132467930527,-1.8278883015492857,-0.0035728848782333833
1.0437929992401702,1.3183146335747171,0.04514103587999293,0.5751624437298031,0.015265237983426643
-0.5030921988706099,-1.0592487415055265,1.4336162243454424,0.20254659290646293,-0.00141342762924162
0.5884812039814563,-1.5516695293909772,-1.5261784419327822,-1.231359489934748,0.005564737435688673
1.7157575058776333,0.4607310951673009,-0.10961862587205116,-0.11291619991402772,-0.005230764370838215
-0.7648579981744351,-1.1653361757828624,-0.9643701118791537,0.29937278604723383,0.009617776094691253
0.3086103742512473,0.32542719300700307,-0.546770859120473,-0.5980454616061399,0.013489572682520292
-1.4918284371488277,-0.8145639239038863,-1.7142002682312973,-0.26417432153090403,-0.0045703643624081
-0.8795509010156385,1.103791163953158,1.4264433180640226,-0.033389313245019515,-0.009401124068246274
-0.5105090803854324,0.9155706094298052,0.3595730982255447,0.39481091428683396,0.010726441467681284
1.216567806619544,0.763850534707573,-1.3875976493071973,2.698737948794835,-0.005489176843551645
-1.3040260795267544,0.7417228291850074,0.6501269396093347,-0.1930075938318972,-0.021158698641176893
-0.13997732678111124,-0.44166175218734205,0.18784147783091357,1.1036070577508765,-0.02291505028360416
-1.9197168730626675,0.397012805077761,-0.13027860285581902,-1.0044224663422883,-0.017993902670128282
-0.003799369145464189,1.808764527447259,-0.7619840668389866,-1.516189691670744,-0.0008026930872192428
-0.14152242273343435,0.8776933488025662,0.06689526462740933,0.5858801927434927,-0.012019624274128868
-0.4288765321978892,-1.1098809075098486,0.6913644414914785,0.3279244705790873,0.0031178689212634104
1.3176091282816502,-1.275178733427375,2.349231138208874,2.7854846635093855,-0.017817414191361215
-0.8875982650465363,0.6973206308966112,0.7567285102468653,-1.0949066079340535,0.005330794999197117
-1.1077042418118443,0.8958230290780431,-0.6084578572239353,-1.3518134006963052,-0.005813532850424482
-0.9132205510721217,-0.2762798677509884,-1.7556467858099079,1.8039517657892759,0.0021493424127568906
-0.4628849869213711,0.6260181496099262,0.659086908123775,-1.384115670416001,0.011043164283987073
0.897573621178837,1.0204465233149735,-0.9344359265911791,-0.621657174990784,0.019717681102656797
-0.24420403898456597,0.36639468435878453,-0.41452645835196694,-0.7235265306008082,-0.004617061065434817
0.5580330274105176,-0.5498715490880984,-0.9660942550650093,-0.017887740178829034,0.00706446521111993
-0.7553251534766705,0.278155186682983,-1.5927970795174573,-0.7138976320791846,-0.0013171126630740727
-0.09835201414598245,-1.1748866522098833,-0.2685778513300166,-1.1920822344695252,-0.015727290173041558
1.6880605110901281,-0.19199039085407055,0.00016858465021522752,2.384950407453909,-0.00197471109495391
1.1484191553812841,-0.31831659422529307,0.7580133839801761,-0.5608765088345111,-0.004251421005491404
-0.4133083477034279,0.3484519380738182,0.39634961945287045,1.3111711770324834,-0.007307000705874531
-1.5686191723772207,-0.28214772057858284,-1.0863964523329495,0.25671539289486167,0.02617379877540738
1.0870350880096067,-1.00019787995159,-0.9239671680415978,1.2335019741621482,-0.01118003281001133
-1.1725827314301616,0.5058293056908489,1.439790861714106,1.2278762217946875,-0.028788576904756846
0.20279294480421817,0.2221787495490416,-0.2188570576307261,0.5448769848657442,-0.0037808029638754584
-0.8738561951875314,-2.74826890848353,-0.004049288586492006,0.22202142028197977,-8.305004910014527e-05
0.6808486929469711,-0.004852500149787201,1.7479327882297766,-0.8662320944219356,-0.008095226487377361
-0.3161636023634129,-0.9358496893058073,-0.3419629281219834,1.0702142264244083,-0.0011350453707246761
-0.668683405413132,-0.7500552504012465,0.8713524466384285,-1.2486836708012825,0.010327904550023243
0.2649650052833184,-0.3756634715968889,1.0259410297199756,0.4071343853326791,-0.013725742449497529
1.6203472963392627,1.3163048172023004,-0.797328104515257,-0.44728485825067477,-0.0008307171051575978
0.21122265744493837,-0.037361968273866265,1.692956317582129,-0.642773180463855,0.007255308028055936
-0.20181956730206427,-0.5954608392617674,1.443257313246226,0.36787240303732466,-0.006021508785642493
-0.9160362190666935,-1.1360172069506334,-0.8919477603749036,1.2748579942906308,-0.00718823276922998
1.2453878747759286,0.9470717518131351,1.3737826429549418,-0.5818980541824359,5.6443402719551705e-05
0.8581489813174221,-0.19162078563050672,-0.757256795189416,2.107699341422857,0.011170663727559753
-0.22991961240992947,1.1232965307175644,-0.07330033011496943,0.5502903728762083,-0.001534708766521047
0.08945296445125359,0.2926830069872463,-0.8424086724562966,1.0518610935463182,-0.0148256933223266
-0.08431198697949017,-2.9065403753201067,-1.8767905189665854,0.145740973034372,-0.008802327353786617
0.49684356797712814,-1.4480694606497249,0.8972070325777326,-0.2504645164272021,0.015659136443711252
-0.18655077267486536,1.634582610999172,0.5874956325341799,1.2288680597042203,-0.0042627383020271544
-1.382813167019701,-0.35145917729200127,-0.14486406050974926,-0.419781671211609,-0.013618902655845993
-0.4438785215700279,-0.12930319259008116,-0.942170429435051,-1.0900716504095136,0.009313440266826564
1.497519508912555,1.2812263018291812,-0.2888252875270237,0.31516357669412687,0.007385046610708953
-1.4161365394426362,0.1707829701383858,2.3016022558019613,-1.0925247280474193,0.005177187383644034
-0.0687990024761525,-1.7504034171474565,2.050629049888446,0.7393670839114663,0.003614693535474649
-0.11118541462504918,0.8947059137201365,0.308457094481832,-0.3278634012445867,0.013986824499226181
1.180749185040614,-0.32733923459046954,0.7837754502115385,-0.462169706294818,-0.0016716134261732434
-0.607875865198434,2.4982289214871214,1.1392158994052612,-0.7195233912159013,-0.005732717631046649
1.3913723870498254,-1.0811451334029027,-0.8520012627303543,-0.34509254020260133,0.00560697114535919
-1.2984317812478587,-0.22681839996805273,0.4198395189623658,0.8907184017570942,-0.003678825497380407
-0.9306112316208489,-1.9329786340689543,-0.2658373272851663,-1.531949547129006,0.016581760994177065
-1.2358212163300695,-0.5044273795613153,-0.7932182545941333,-0.4646665178928005,0.0008347507585641958
0.04520252809769504,0.2075643137528742,0.709757132893148,-0.8013486708521418,-0.003299930733971633
1.2403168764001604,-0.5058021971327364,-0.4813894695745425,-0.9377333029190964,-0.012830311003808749
0.012954666908364786,0.24947146149733235,-1.682671554669879,0.45620510257164326,-0.003732691621369009
-1.0118810169758923,-0.7866084138371079,1.5958422552295985,-0.031090716371002074,0.0025136138103702974
0.3822579544620905,0.8962849983379886,1.0565819485010004,1.5888231681916585,-0.0174754642102952
0.48406250127845857,1.8603901952223856,-1.1961113253924645,1.2986482467678158,0.012546531382823136
-0.06343412049602053,-1.240046505944569,-0.39512689560899417,-0.19363158579338588,0.0170925521757905
0.12882124126721312,0.3311193033987707,-0.922966819821828,-0.7736560122410648,-0.010769346020382445
0.4440415765552487,-0.1946490743854168,0.1548690388405786,-1.6461483419590794,-0.01099235126104725
-0.6030799797272487,-0.5586158584573347,-1.7830126765117218,-0.44248227620428315,0.006953813619814238
-0.5635525179609335,-0.42698295287673155,-1.6362380879593381,1.5082254496478888,0.002094879571568388
-0.6405702451891555,0.18308626361476943,-1.0732217593958477,-0.2964302495143111,0.015557137558715751
-1.0105432995143595,0.9814802124766314,0.9499300273418103,-0.061236442966609,0.005497550507974165
0.376906718099505,0.7254965686281426,0.14218162385053085,0.44230784269583123,0.0021570661681556942
-0.25040052774056626,0.4570737045522037,-0.9451048568651662,-0.5695657742603359,-0.00017639786876423895
-0.576393522088513,1.1060440916739276,-0.5607807074960954,-1.480397895545065,0.02109931066294228
0.7044502673887293,-1.0917607525579176,0.12409708295950625,-0.685478350406264,-0.004307328662772149
0.5885243549728373,1.274097005216607,-0.9240130967326439,-1.2669654577612381,-0.014433173000648478
-0.6617217271669332,0.0300574540848197,-0.38309071801679734,-0.9478525615191866,-0.020254105151487213
-1.776142357586467,-0.7897026779435429,-1.4685150237942268,0.31481563031573323,0.002034762907414921
2.513267581902269,0.16125511609004997,-1.4588433418804616,1.059339313910714,0.010695310065991682
0.14560694848022757,-1.7740842815648095,0.33413140821728,0.36117923072410385,0.0013093663581806806
-0.9468934431615413,0.5791071665353569,2.709964532773808,-0.07376804509126862,-0.010280496136348547
-0.5234629751071946,0.9136683627417476,0.34164651410565333,2.103578055438684,0.001007693575866824
0.31512681153508904,0.6968368568960251,-0.782176684848298,1.62071064644432,-0.0073684159471165585
0.5847649645405496,1.6553521011303094,-0.43556514772150107,0.39324966774039966,0.01480097552489943
-0.7944588248075607,-1.3543109114383767,0.204077135965024,0.8681400969964506,0.017177555310175945
1.1954001426595116,-1.5629010216409083,0.15013958005618264,-0.08595316258876304,-0.0052598344154978285
0.08656573832047817,1.111762553978489,-0.8408477919035842,0.9352440821318074,-0.0045935088286212095
-0.38132034585663477,0.6350216861735598,1.6555552648368668,-0.3007856085670846,-0.005872638039306818
-0.08720036683355474,-1.6329390207881374,-0.8039092966767581,0.3716629785757313,0.0055931713819640395
0.0857543912326428,-0.000469909903385415,-1.1329501259139885,-0.9880861868194659,-0.010415169153129716
1.3561823657233762,2.231530351696823,-0.38090602433389403,2.218468599633578,0.0035100047074610088
-0.8271467965767206,-0.37984732709817787,0.4885399350416873,-0.21614270631277555,-0.0005726862023785557
1.9712066804236308,0.34006004671044415,-1.0815960492612102,-0.8749019469421332,-0.0053990307811887924
-0.550614224057154,-0.05454147310061034,-0.0877935437903125,0.1392338313415375,-0.009568812712459825
0.5875886299146834,-1.4972862644313576,-0.009611837239216013,0.5562981641296794,-0.004587228875397833
0.5426737394971498,0.9980992610421286,-0.34289616745819285,0.8907446586592133,0.013924090783017394
0.6657520790151658,-1.0593106455746493,-0.743131373665724,-2.1501064666159557,-0.016202122367244307
-0.33297086987769464,0.11389579058757207,0.37122412871906557,-0.8716363971701281,0.00425488689729309
0.5495602661561205,1.7308429841665607,-0.6172638453028628,0.3217113614044001,0.02277742136619182
0.9501281567649053,-0.8109316219849587,-0.3649361946590833,-0.27076782595248805,0.0009367679622547197
0.10975625821076884,-0.2789523314004839,-0.10834707935542265,-1.114216024813488,-0.00280152326991872
-0.8644333886153622,0.35106676689375915,-1.717765273371721,0.17938758339120278,0.01520201744531538
0.4172346687187157,0.3962331658644041,0.5115023430617534,0.657291904502104,0.00550239410064132
0.972910964788951,0.6276171059842156,0.02399745666349781,-0.350899043078819,0.002705332519456846
-1.7271433896313184,-0.19346600855649437,-0.5155390971516414,1.6039931837290466,0.007504566840265922
-1.646882963889957,0.36646479861223025,1.1224586134270917,0.9105782805119254,-0.004111124358832442
0.5004357612191535,-0.8598169835415946,-0.5009360106376411,-1.4030014911443704,0.007068214443728316
0.6812719920758815,1.164273678641249,0.37229953504618507,1.4056317760930899,0.005689374393418641
-1.0220212017087515,-0.19409620005559267,1.3461286997658573,0.531535662392837,0.0047334716466192655
1.6075817506267185,-0.9205361552382134,0.22334313344676493,0.3039051763284925,-0.000722387996032677
0.15396244179994328,-0.48949474249646735,-0.7103867958387925,0.07019540193522435,-0.0029516506944044256
1.3654700878029005,-0.7254308175705576,-0.5197416169899624,-1.042700568525872,-0.0018048206186821176
-0.7906565379606845,-2.2961342607181474,0.6302057847025064,0.3054136721754191,0.008340815002603821
0.3847218764428035,-1.5473192056022842,1.215709743267992,-0.7084077142594569,-0.015667770018106958
-0.022577633657452804,-0.44522252212270325,-1.5319813742832629,-0.9886431621884041,-0.00253024581980687
-1.2847540805078956,-1.2265019956702494,0.7969731288056254,-1.852563214358836,0.009284670229989488
-0.29751778779733284,-0.33073367945220333,-0.392118068537387,0.16897764217405567,0.004249315659055536
-0.44234789173623784,0.005434058251884421,-1.3315699193694697,1.7062485111790613,1.9385787763604584e-05
-0.5353074647469862,0.35219707862909927,-0.48058401912896626,-1.5218237709019349,-0.011637714462319017
0.5864732459800033,0.324378990352243,-0.6473821093713364,-1.1740088981793317,0.021039015163741907
1.5364452656986771,-0.2580027947054373,-0.86327460798205,1.6612342582542259,0.01126099425534639
-0.25575647793210965,0.6221018231693524,1.1355776482726068,1.4951357431521681,-0.001088228419442605
-0.23812299161751752,-0.1679471243121553,-1.4599763061901534,0.18538244736404513,-0.011155550068252515
-0.5212009578628133,-1.3981848171437443,0.3633966548785675,0.20896084534838336,0.0014304784065073425
-1.7028433834851613,-0.4565890608041397,0.16777951048228032,-1.7680401761946705,0.001948608070513763
0.4012673701937388,-2.831645913572766,-0.3805728938309943,-0.38815592297989415,0.0018964386442500984
0.4800808382507171,0.47580130994578024,1.549927525581762,-0.19937200608709618,-0.02032865336057304
0.17486012608012594,0.8238818200316285,-0.5238861258868112,-0.5101350276650428,0.0014763472740447628
-0.2908957187198797,0.40753694507854227,0.3975446810497316,-1.069191464966405,0.001426408794337386
-0.6725105750399692,-0.2193633830121799,0.6153352082517008,1.3096039291288062,0.011263820044838705
0.5997086309420941,-1.8926893884219451,1.4706201835575514,-0.4264464402587964,0.0004953516264339479
0.6083457404736476,0.8327689115254368,0.1839239384047358,-0.2917988134125654,0.002707926092074053
0.6411113876896328,-0.9972659974225611,0.7201214140497391,0.7489734444133008,0.0037355698763016578
-0.6227796807371762,-0.8680410051274597,-0.13135853541095008,-1.6839462248545336,-0.005512264007822089
0.7998486394418721,0.6491372852001648,0.27694310791908927,1.7828056366199323,0.012760185305763104
0.1239215307850979,-1.1662878260120637,-1.0614399169905955,-0.691996569201473,-0.008767511775220173
-2.4396407738358072,-0.8124935211283562,-0.5390125724193944,-0.5972849501629407,0.0014503249880990316
1.2378715427052915,1.8262979171750318,0.8160826729681423,-0.8339953122543267,-0.0052442908963690055
1.4070182740469606,-0.9385106285623624,0.8195755885706657,0.24830334660879974,-0.007027833579965288
-0.7380001065790212,-0.5500301281105899,1.4005616399338487,-2.8307909384194794,-0.01316962692102072
-0.053246914747354816,1.0291561205753392,0.9002805250046705,1.4892211548720695,-0.006871258810121252
0.26527538081740776,-0.4885685427263123,-0.010319083303532268,-1.263298298830633,0.010831063051913205
0.28993477857792377,0.03155410719632443,-1.8740056535635061,-0.7901612543817086,0.0008813466896864927
0.5019221148337482,2.3503530150579355,-0.9016077007119685,-0.5104840949911226,-0.009561133201810738
0.33653041157206465,0.1424668119873431,-0.8896430671489113,2.190893481102573,0.010433632193075072
-0.6109753990319335,-0.040686923208867645,0.00680662572324745,-0.3311670388875041,-0.010102487298661285
0.8540850093274491,0.9032562896237745,2.1807311512634433,-1.796328596829487,0.0003704468717024346
-1.7641321051968428,1.031320062090897,-0.5950491035873616,1.0378028508640673,-0.010054934005128816
1.4055178684261052,-0.3160677615370343,-1.6998576863498802,-0.4402208609939064,-0.0006033184886213155
1.4576890919604395,0.21293237184316396,0.5285373318894722,-0.26965997817760384,0.008350829831285092
-0.2154621621507427,1.4504778402611005,-0.3863309490511535,1.0025777999888608,-0.010772920608532955
0.10205646519362997,-1.36542849333204,0.4121302519012533,-1.4014014662996015,-0.010295457411761204
-0.2596403712883017,0.203509491643609,-2.1486088312242266,-0.31642296128134567,0.0016654329372197698
-0.6140437209151666,0.4404665218602374,-0.8991013679545374,-0.8685560639201739,-0.004128048880680956
-0.9534413037108845,-0.38347442635576917,-2.351868342915384,-0.5676887705254949,0.003931156960745847
1.113948203800861,0.10004573422814918,0.37165699872946795,0.18221085358742173,-0.014605771333889142
2.6734836562160513,-2.498091094469598,-0.522895028595256,0.29040364248637623,-0.02262072002469839
-1.4485661141722133,-0.11017865475188755,0.5577679626380564,2.169941173847619,-0.0009279638682974482
1.8164766967030366,-0.14370673908930534,2.0541416911884487,-1.379666074732497,-0.011221535071486696
-0.5779086555123885,-1.260748444553522,-1.0977493855303984,0.6368849442689931,0.005359739319838662
1.2178438083226226,0.672852960705179,-0.3657431912678241,-0.5109118359978341,-0.0006542048405583194
0.2827407544021782,-0.21695828652488577,-0.18598495105781132,-0.9860082972225386,-0.008007117645678533
-1.3351834137016751,-1.9074403166158946,1.2906813551689413,2.356834616150119,0.007941853570105632
-1.4210956295893145,0.7849977488012371,0.19218570124107986,-2.340498916617054,-0.004196283608507701
1.4339741034058715,-0.6467583490573224,0.5157615302171225,0.9827223164486347,-0.012597522312619094
0.8346859650609293,0.15589044233955446,0.4332500131849347,-1.6941562383352013,0.0006273967401615236
-0.2270990273169589,0.9810724832662715,0.11277541662015257,-0.0360434525564337,-0.0111529510210038
-0.3186113505301701,1.4556500279569886,1.297387687460459,0.9334668221956849,-0.009521279787007978
-2.6913765607310296,1.9566736169836785,-1.533798318603311,0.25340717924860223,-0.02275094233857354
1.2550823725103897,-0.47234567478271683,-0.39244223978787857,-0.5732956740652521,-0.0215067281393374
1.4242470362307778,-1.8107585956507717,0.2002560966689278,-1.1058499492910285,-0.018783546856580027
-1.0155554111634424,0.17409835061378556,0.1646289947755184,-2.250372731495617,0.008600051773242499
1.438517945341438,-0.3982697358205016,-1.5445174098310834,1.4667052516610586,0.0065232611187972704
-0.9317877809372722,-0.5553795927924645,1.0956249905552198,-0.3265688841720282,0.008897949532293715
-0.8045570666593664,1.181025519310972,0.049755542067209994,0.7824426367440857,-0.018784182447055854
1.6865347382727263,0.8799487519640239,0.476056792004371,0.6593964949629961,-0.002080253544158069
0.7646519942435673,1.1149780377251512,0.22191428771107458,0.4666238545034197,0.008753905902958532
3.3673855921371243,0.5531322453292453,0.5524793843410607,0.9814402149045721,0.021304185877800343
-1.0170855996905894,-1.0997292662331353,0.36985581107201543,0.4270507428776015,0.009687320014057579
-1.786987024458027,0.5685659052504446,-0.9749731203267414,-0.595452696598619,-0.016712743661151483
-0.7076780522826157,0.7660297830709667,0.11398702509044412,0.6702135323615267,0.00348248252414074
-0.5224498893141027,0.6758982068778322,1.2584413076374341,-0.19734974803622857,-0.004271573187231053
-1.1078037893382229,0.4446874865964618,0.7715897533739591,-0.8632494439765347,-0.0028666882623586422
-0.01381615926089326,1.502844093223402,0.23569627823047837,-0.5169054475607692,0.004258963014627247
0.06080897415592039,0.4710878796844533,1.6014117475748872,3.576854825574203,0.0038856154935690466
-2.0357573757409857,0.48783534511131676,-0.7887205468088215,-0.021295472686279657,-0.00422438672849502
-0.9753802544006712,0.0498835562246529,-0.29629262759516595,1.8575958885682842,0.001463753601553187
0.5797569324434361,2.5765665824745736,-1.5001699468960024,1.5296426433548669,0.025085551540394026
1.3251830269266385,0.4289710006859704,-0.388831030812436,0.41715226718092735,0.006648590738251123
-0.04373607135953157,-1.7457512398462869,-2.29494358335158,-0.1367358934030904,-0.001977658011510241
-0.934497817062048,-1.8386635690674653,0.06689987750916507,-0.14557168001946144,-0.004809919996598128
0.8358311115111647,0.5498995034183083,-0.47335885880399353,-2.675004265126071,3.0135356414917255e-07
-0.38315559874016875,0.5456765619076618,-0.4106303862387858,-0.06927941540828866,-0.018931430370932468
0.47208545668778823,2.0764170782715627,-1.543632515017188,-0.3969343783120549,0.015533015665492669
0.5413170444966746,0.8956001396331152,0.004910535242057178,0.8767959554576826,-0.0030351491311163626
-0.5854984287643712,-0.13116233557371798,-0.20785583619011405,0.3233094303143049,0.008237462351861123
0.2561670702815394,-1.1504386198724166,-0.20866810654786966,0.08199950569322065,-0.011363659839637358
-0.1445282752883334,-0.5783961420560342,-0.4763015212933331,0.6428645494226602,0.013812376790326526
0.4125678527740011,0.4462166788858815,-1.6203167848133038,0.8751452658916408,0.012185917775483886
1.677905721820275,0.2551796550170745,-0.867846193361886,1.0985489627994538,-0.0031961766106055048
-0.8191024253006003,1.2900678300949275,-1.9778363385125028,-1.0633599878832825,-0.0046162175688918465
0.7337803446596676,0.45684002123219486,0.4548240097562911,0.8241846272698498,0.00860249676655635
-0.877812633424622,1.1532627090638599,-1.65607495188397,0.7448833541377912,-0.028970867060846683
-0.9678510002596828,-1.2684430668542312,-0.41087128881357027,0.03583099380034119,0.010667177328859724
1.170077582332036,-0.7527722542826117,-1.206215377997116,-0.11250399951505381,-0.004788505402702382
-0.7681037319261876,0.5191348553431959,0.17291549948185156,2.3729284601535006,-0.006235552331984648
0.20717753645394105,-0.18104962969076505,0.5193584285244307,0.13896732715383092,0.004193091467442648
0.6462670252491334,0.7926064029999496,-0.8274878565035811,-0.40347075076395444,-0.0054766258948117895
-0.42703638579635517,-0.260971708684572,1.1208073476352138,0.5178804566017988,-0.014375096752776916
0.41900214363341115,1.508176588389906,-0.9213044901036445,-1.2950545961129436,0.00870864307852378
-0.10332127741566847,-1.1672779656739665,-0.164089982346287,1.2317088367856723,0.019691019822508093
0.3769122838620723,0.9667577822507455,-0.5782649296139428,-0.19425487569037717,0.0012236935763439067
-0.69301422547021,-0.7332530857150894,0.308269094359679,1.958196757525907,0.019918371847166744
0.1080237602618602,1.29138406212453,-1.3821488200190215,-0.4129670823145414,0.01332643517946477
0.7158013738049158,0.1549872687002181,-0.524867304714085,1.0784302318852725,0.0070527849223901585
-0.4186107949089763,-1.6564367584455153,0.5579224042437381,-0.0775099641550636,0.004392168949538453
-0.7995580419202003,-0.173942100390541,-2.1107741332934817,0.29555981050213526,0.0009985078321516462
-1.1108313685522448,1.0319921674021197,0.40606202746850534,0.5495183280409046,0.004466715156061207
0.5830683537473303,0.3786242640217314,1.3770121859059088,0.27309669772561646,0.013556713032878927
-0.2762248186821864,-1.2439128256423362,-1.4692234436316227,-0.0303609111648249,-0.016053753854326835
0.26162070355871725,0.5433093991156216,-0.9742171586646858,0.961700114677228,0.015023630983528524
-0.08586741944761275,-0.13328179336760215,-2.308259085635786,1.7326267109468798,0.0060382779343545225
-1.6339478954710527,1.5499466089606506,1.9630230605235492,2.1395207021880385,-0.012028992507247085
-0.4187624727885926,-1.744400784912666,-0.03570097713612603,-0.18552766065706297,-0.005167355346460019
-0.4489977034567031,0.883146169639403,-2.0000537176685262,-1.1118473574503034,0.008898383001130728
-0.34025108780806806,-1.1876481997199722,0.4757921258466064,0.0748775109952562,0.006677696144119884
-1.3837919010584676,1.2801951162306224,0.2801604716556159,1.4089918374283144,0.0012877268481476826
0.336201307672352,0.7088444810337419,-0.20431541119532715,-1.2766670268588083,0.00756198035727191
-0.7937476380890276,-1.0336244217876613,0.15103561197025886,0.04589300693522204,0.0031668766736757197
-1.8573798639376717,-0.4626615195245827,-0.6096677078235745,-0.5365769679230799,0.023661756814330272
-1.3012516395685982,0.5356942097073094,-1.2867160394429447,-0.31378800447895544,-0.008747762126202293
1.2920698412863862,0.076534493041047,-0.3613757353065098,-1.4363085754479863,-0.014148680258547097
1.1776628276402108,0.18666598072356272,-0.4672158012052307,-0.18579573346835754,0.016429168069578785
-1.1045279604045377,0.5660814435565089,1.5906165845058646,1.007277813574884,-0.003155871899124131
0.402616967141142,1.530324069451432,0.3917081249279755,-0.5081384185990141,-0.020020239101650305
0.026110659745494244,0.7236538351027703,-0.5738207533464913,-0.13909867622306646,0.00472627932476855
-1.1595258891822762,-1.3713115048507938,0.6355774298446294,1.7558244483220047,-0.004886286928051977
0.0774279599478552,-0.11337124666060619,-0.4313384054904626,0.22671165193615606,0.005657830481237708
0.9206363027308088,-0.014830286785324089,-0.6410477023241007,-1.7875763594680456,-0.006025767870100287
1.3467622699421349,-0.2688438755069508,-2.2519412168695867,-0.5518217797975287,-0.0020558938546723464
-1.7310821455753886,0.9613232526780814,0.14284951478724384,0.6136388848285729,-0.014069117780805915
1.2617110261233757,-0.06094681671858768,-0.5682522881188777,-1.708973070443457,-0.008530081504309
0.26364044402252357,0.851953308630347,0.4037479112742958,0.5093874658544276,0.012529245918403875
0.29961764677406666,-0.8491476431717102,1.2035682349866041,-0.5511123747561407,0.009632446729791987
-0.6361711636043202,-3.1839817300623685,0.4135291930737408,0.8239684660209791,0.017400298190225864
-1.1118745422269511,-0.07938091636840908,-0.16131346815587685,0.0702103721333249,0.012534478310647055
0.026149060200627145,-1.1569521221624763,0.5575054170034447,0.04060247027259441,-0.002995907483704041
0.8220241291900612,-1.4341193338125497,-0.7630410091580099,-0.5015698358566038,-0.007222033589103913
0.3692503536406269,0.7658894008014476,-0.5678131836906303,1.9927165098943633,-0.016961098712813406
0.33113988377378856,-1.9225846767485995,0.26941490705958954,0.6316119805371145,-0.004081411660298532
-1.8554014963185992,1.1737536999525533,0.9528945457737553,0.7589687559140855,-0.010354929214619071
-0.6625959486408628,-2.2517985172854367,1.4499246733697044,0.5567943596547267,0.0016607296165064528
0.35153145134823915,1.3948943149107988,0.081099460627724,0.6645807067937461,0.011580576050827258
-1.1138417623615593,1.4984538021761795,0.5855638368781373,-0.958702091854586,0.0004494554107391264
-0.38052106187787504,2.613353684497362,-0.1304903294601882,-1.6537130181986124,0.024242146048117558
1.8045334401168478,1.1846824368263216,0.6487891133792033,0.8018832603443393,0.020951755829248134
0.14937901182515156,0.6482448365973217,-0.31722364829291716,-1.8305144355680625,0.0007363756921569969
-1.4549285830482426,0.3814056134869516,0.025759346481667753,1.0179516445716195,0.011239872020976151
0.6243572548913178,-1.8247850033922555,0.7987210273102098,1.1615462837455517,-0.004440973656970902
-0.29931109861398947,0.15029634627345392,-0.518498142394291,0.7633119660754155,0.01447458097031683
1.1528910288820944,0.5034165596780671,0.5092298015466796,0.6380124897070689,0.009964080591362239
-1.5354310239152826,0.9624451051994221,0.11666393646387609,1.9645436317318137,-0.00956267322782646
-0.4540196323931652,0.3826299244497181,1.180033205791016,0.39205448071489657,-0.005105967242864237
-0.3356161245316846,0.20341106910149404,0.3076119654608851,1.9711806275025292,0.013808895638046248
-0.19727437065983927,0.22881521058487933,-0.8795222798136664,-0.24881347541994614,-0.0022453486204123997
0.6654570187637938,0.18269434934763656,0.8850994789190144,-0.6566764362868518,0.016848333383626613
0.5154716982190366,-0.07659272981795696,-0.7163527658037151,-1.255099662730053,-0.014106360280112631
1.8302358289292118,1.0450144496733518,-0.5056137181203374,0.13128466223286456,0.020072666544708267
-0.272177946332883,-0.8460846619769395,-0.31956060651873464,-0.3892875303953444,-0.01180808500037219
1.771305550012014,-1.048121216073319,0.13758659427681488,0.05036630989677221,0.005365793527484528
-1.376270069903107,0.11136132823580197,-0.6251677844489386,0.2517208560225144,0.011603374902220215
1.4340148668681456,-2.4550329550128045,-0.7909347729807493,0.5953224511636989,-0.037135946232650166
0.4815663332196066,-0.0525053904459281,0.04258618620151524,-0.19862808514015398,0.004325794814640521
1.5690455807725705,1.3545996663690418,0.20554939601610903,-0.4629088089144219,0.0035445319817656498
-0.47004843721142037,-0.22074524100046383,-0.43676862739300815,-0.08858708996552862,-0.0050855805642130115
0.8526843235391,0.6344723147886139,0.7676681900311566,0.4157384357026111,-0.004742319288260876
-0.015552729367881775,-1.117288501890107,0.6182793568721214,0.47269962233492413,0.00011539990742485723
-1.5072114190402004,-0.4511568706662028,-1.4276099788013696,-0.5018903631721652,-0.01845392643002449
0.480912948435257,2.0383170768797867,-0.4507570141507697,-0.4016300270247209,0.0023236842249956557
1.4338827048110934,-0.10655566423387715,-0.6135194123107924,0.8408807256032138,0.007233472289764608
0.7646852974563595,1.670892286789121,-0.8457494023966725,0.30531349180822537,0.006681493679237746
0.40534680366183806,0.979651057743825,-0.5206188577073786,0.4646351617874003,-0.010329095090650765
0.013233119455130317,0.47867839148714453,0.7582874359411066,-2.068000299645016,-0.006540750092325231
0.29761071431318564,1.004840049776345,-1.5593141671966337,-1.3753122348453077,-0.0021273169299266797
-0.13399740391529405,-1.2400802834157636,1.4152638663157293,0.30452215265980176,0.002080831142884253
-1.031028013262945,0.7678123650934436,-1.7282689496994812,0.38941634878881515,0.007625966419843156
-0.09660421860249055,0.6700921563505858,1.826161536041265,-2.5024020291162095,-0.015466545442710311
-0.8011929214548991,1.2994398318385507,-0.3180016447463856,-0.16238155141143412,-0.01405166262193996
0.41885648472845793,-0.9031603276962589,-1.9025398775764057,1.3171793694844203,-0.0023666161692698735
-0.09693186713595867,0.1429719990849285,0.6081319296764057,-0.9565971346269199,0.00865108897334847
0.034206661427167696,-1.1649520016289407,0.2983767743964962,-0.10908968807121337,0.0006535314095649587
1.8298582293205687,-0.5063326401993767,2.567666734511615,-0.22467212000915324,-0.02215720907650219
-1.981461896491325,-0.6429514980904447,-1.8436500503978865,-1.1055566367969185,0.016503909261311914
-1.5475450433792246,-0.9531219749801114,0.5725964695529658,1.420484338228581,0.0039219402117306205
-0.23341952109361874,-2.099732666048159,1.1154856290122734,-2.064775196931182,0.00307806027519134
0.41717001227988515,-2.047581839780942,-0.31414867780934985,0.13749921957582237,-0.00928405609143552
-1.3880030736868338,0.4571602428522602,-0.7524667118445577,-2.510670744445683,-0.0016792410017070093
0.5545736509817438,-0.3644292190363378,0.6768808725002992,-0.5233664793952209,0.000519480435209249
1.4693743829862016,1.3878255399618302,-0.9240656739349037,0.40540407360009145,0.017638919791259228
-0.6660324695990862,-0.16257443379186273,0.7695043356869911,0.3668343166806349,-0.0030429703782149783
0.51398109613601,-0.6451959479195996,1.0575463867914099,-0.3117651369115555,-0.0036984363824679374
0.5448624377517851,0.10197973072375127,-1.013659888452724,0.09747211951801632,0.01008900018582466
0.6360076179277347,-0.24351773758347217,0.26525951755539356,-0.21782376803631356,0.009516662679862505
1.5669753226976224,-0.09516402315879445,1.9130513625254082,-0.04083489208281845,-0.006477667141480163
0.5143379858738335,1.9463009987139526,-1.2000769413391636,0.7321769921032235,0.019911580207891903
0.15197392312806354,-1.05322165981965,-0.029545710651199958,-0.7575365974014242,-0.0071672915701170275
0.16646918011800943,0.48826444462852003,0.644731198471316,0.6701106046832819,0.005532559079307427
2.2345791210703436,0.3282906606151167,-0.5427214506720087,0.5516033215788799,-0.00991899460730598
1.173694442552222,0.20818918399990358,0.5936672851396191,-0.7759110260571815,-0.0029294647287525007
0.2961664079843102,0.75880454328362,-3.1710770938899535,-1.1032094134954802,0.015553651481949681
1.4938593547493417,-0.5781259758578154,-0.40654477938799644,-1.451476579521375,0.0012833840374757459
-0.6806839065246,0.7723203094156907,-1.191797125556835,-0.12417086251172782,-0.0075733475322372085
-1.5694415200219767,-0.8802851371493018,-0.6241870484290623,-0.41403986144227417,-0.0034331101430311968
-0.4708213394142708,0.8636449769792477,0.9094683521032995,1.2592023357333137,0.003642814402033687
-0.6461383304481442,0.46242945493786586,0.9470091966395423,-0.7451473598477939,-0.001525080795173613
0.8900795453531798,-1.6567597111331,-0.5539908944911548,1.8760173391812967,-0.0049669897488663906
-0.1745655417296234,0.3868462646970534,0.21163521615965714,-0.9940473772679596,0.0038150580385558942
0.7717181262048086,-0.24462983017630097,0.290798321164557,-0.5539847616265585,-0.008363451615887682
-0.5951149324649228,1.1395910214357403,0.4220411635905964,-0.08198619772439433,-0.011845883306556696
-1.103550564531563,0.4226986566325797,-0.17509776404941887,-0.4213929506455605,-0.0174373107642283
-0.2676826432924068,-1.4561015167653057,-0.03607960355727206,-1.132588903022681,0.0031814422403139927
-0.5760204641472376,0.9492673671516547,0.3243986370252599,-0.7091995979503377,0.015938257603510468
1.6525196933335085,0.7941047245216457,1.589315907755762,-0.6420466859424034,0.010675125558952267
-0.21175816139682463,0.6703726909708715,0.013327054487090179,-0.17983183723966006,0.0036825266402330664
0.4918159419651049,0.5170806589295689,-1.2949674824763562,0.7329555167369091,0.00728253104902543
0.3516401255093728,0.6093505845226198,0.6274158953555985,0.2243456580425107,-0.00988837186994212
1.6651038930374469,0.8347346350282642,-1.156908828375214,-1.5449034627844969,-0.003549363318003162
1.4911812382772356,1.356933715868975,0.2950900496232312,0.9199119372368686,-0.0009502906245314434
-1.9783521252786322,-0.39939066505255955,1.3420929152878622,0.03674744790016172,-0.004797936030085325
-0.7725984651506834,-0.6023794152628364,-0.7351721249674489,1.136695457222857,0.001838150144656523
-0.12484893169505533,0.7895343484272929,-1.1459120574580675,0.34107297504574197,0.008990033567721436
-0.6217470914327362,1.3496409634326956,-1.0847678388759852,-0.4710951760859283,-0.0043889604403336245
-0.3692380780262917,0.44918453022961435,-1.1003632406917803,-0.266208808907819,-0.008682665467701344
0.6005410097344949,1.3817720601620935,0.34943968456765007,-2.075481961123609,0.012489842724432881
-0.8852570519049071,-1.0898534577822132,-0.7144535792280816,0.02303999612136042,-0.008334557429360765
-0.24675599212901,-0.31305713415613473,0.8569921355173026,0.7491721523661787,0.007460309596331383
-1.1054499732834147,1.6596504524745679,0.32823826414761664,0.5008194004338149,-0.004969939728457665
-0.5363347609954849,-0.640707837694167,0.8584261930276571,1.0594658329736777,0.0019994395826957714
0.36447442283552967,0.5864609371610507,0.3776674679850963,0.32958861115862703,0.0026972470261416048
-0.47602955919002266,-1.3875016586814284,0.2675344472021159,-0.7561768258206247,0.01488698427239234
-2.6025551108636984,-0.8568973763851837,0.14463892059822847,1.375193132903168,-0.00047329977944457653
-0.18677621349385107,0.6240508274528194,-1.4704562087342967,-1.6688958985953115,0.0053376663032866385
0.08864458245610402,-1.1788710854448279,-0.824146469248499,1.2350885231601338,0.002769726387579624
0.6566362970391767,2.2886007316891117,0.8523124151253255,0.8457563993135574,0.002332720871580675
1.7902528398585922,0.28435956566156684,-0.20584179848614317,-1.2058943748513025,0.0058377964550783345
0.6329925155036102,0.17095888268615497,1.626612415049055,-0.8913491208557638,-0.01421841557490961
-1.9489233817848002,0.09936500397249041,1.2939966980784532,1.127762046034497,0.013178525241983504
-0.018285444554851475,-0.866555401471245,-0.265796016946085,-0.596609178310112,0.013065075160321411
0.46884527077850763,-1.452195848441061,-1.1005867380698735,0.6148697510110136,0.01102683776200361
0.18045378112734473,0.44233571497405144,-0.9686996304426154,-2.045693635088885,0.0020883466077972353
0.262309406046835,-0.8666828969521484,-0.8472607723661087,0.6779612977926928,0.010477625599146608
-0.736624104136621,0.21738201238323604,1.1696546745234992,0.4618432582639741,-0.005383784409998276
0.016538913335363132,-1.0242995375761377,0.08819985109497688,-0.7779243541634173,0.011843579537555866
1.0211275053886515,-0.876442456026357,0.13677365518473178,-0.5609522034103125,-0.015419706229653982
-0.3637531149498207,-0.3909905649910147,0.922064758314947,1.541412373126333,-0.021788849710153164
-0.02120999008278186,0.23743483753142475,-0.9633664087668774,0.6521155447722142,-0.0014595580754388706
0.8640381815461398,0.6893909941484377,0.39022256622458096,1.3666976104385948,-0.0014875490435600721
1.0215091704565196,-1.6077791756864181,0.4524281246355591,0.08342913908236707,-0.0060758749006449885
-0.3872849513877793,-1.2581693473783562,-0.3300181541900871,0.13439913472065063,0.005761443529264842
0.6319059765282227,1.4457614179070226,-0.03174740350829803,-0.9291079343268046,0.0009855237146224978
-0.6003010844841911,0.8220901907392618,1.0383487607213604,0.861025340812732,-0.003632490878508434
0.5113259549603193,0.027204846485196863,0.7997642687875411,0.03163682640180794,-0.00448727126354761
-0.07697892735509895,-0.07772270434056297,0.8524707358977155,1.1847446291304848,-0.0030864905308466955
-0.565485372726763,-1.7409600358593098,-0.009837828230785925,-0.9393616647602733,0.004251915247074533
0.10448431169203559,1.0888683180079357,0.34913050826412534,0.665152468889148,0.004440908274694396
-0.1303280052789906,-1.212758587997124,-1.1070725575225115,-0.5430017506826255,-0.0047680916310634935
1.8612326246787119,-0.19573567980739812,0.8387338010721611,0.15346222963156336,-0.02085385895968819
0.540209225584986,1.6181270226760767,0.33992971231439634,0.952752329382645,-0.002054389394557528
-2.6010449798440924,-0.14118680812324058,0.6226385013929879,0.15950594757905728,0.004983416135652975
-0.47533063494414274,0.9873400479806558,-0.8251996646341817,-0.8915264264128524,0.007411399699248853
2.453274222941141,-1.5963098813637366,-1.345358761525525,-0.16792612491633124,-0.013855954820173341
0.15016531566743258,-0.3555588548827879,1.8381597406379004,1.2785346662946364,0.004657494822881567
-1.060165550039348,-0.3743320820131028,0.7832976779834212,-0.504141163959859,0.013379342882615193
-0.23732216367464257,-0.34102728264532783,-0.9646053184690705,0.4195632028693889,-0.007225148881027462
-0.9613286578545174,0.07792046077260724,-1.5623424597142166,-1.3887580201088654,0.0029739507429696827
2.2166489703881433,1.0651079816050013,1.112380084293364,0.9296357185579517,-0.0008674073795653849
-2.531561346876182,1.380987824721014,1.9104738404481365,-0.784854339647848,-0.017472172721820337
0.9879622531617529,-1.397023066323121,0.46087414599125465,-1.2877989189587984,-0.012073912623946543
-0.5018913916061482,-0.8548661944586836,0.2644013530411089,1.3433858412212936,-0.0001896013115163398
-0.0005397759994119606,0.11612483363994791,-0.24709493692397078,-1.5568941576523834,-0.003460668038608712
-1.4282069239372979,1.4283068848516307,-0.2872639640883729,-0.6363782072836971,-0.020172860543306796
1.3418056531467357,-1.0608203591643748,-0.912467002944113,0.2718703603998139,0.013080188138381948
-0.6615388983236941,0.5744262782569112,-0.4138529763697865,0.48890368262834877,-0.0015134416147270712
-0.6202433852741165,-0.22419972758598553,0.9039805660581435,0.9681016009797732,0.015501131462506946
-1.4897358365917261,0.18527762965779807,1.7342484509867715,-1.3772835483581638,-0.003067064663206675
1.8521804601810934,-0.6419081023754373,1.9238106257052563,-1.4182455942205645,-0.0048921873212031675
0.33742877393800286,-1.253799853554013,1.0157111592429697,1.4156309948920598,-0.011027612165347263
0.8256655640277898,-1.041839997874318,-0.20552548460280928,-2.0311380643689887,-0.0018771062463201526
0.6039193826190135,-0.6399956966301499,1.2067837677115552,-0.36734956615374154,-0.0009816477481458855
0.16910182471866228,0.28943081322334285,-0.5131343109645589,0.9826334594312957,-0.005882533141822722
1.1236616924826361,-0.7962879339062853,0.23572629240131734,-1.1372733926446281,-0.007832982094692614
0.6459986572469542,0.2499531360483174,-0.9544649405620765,0.32295740896320285,0.0165382710022762
-0.29631155811221405,-0.29586937360227605,-1.053169676271635,-1.2816875096893767,-0.011904615470733189
-0.16842026939097202,-0.13866269391926916,-0.7453099065419808,1.6948069044150784,-0.007036388194173401
-0.46163710383343415,0.42653588714624147,-0.2944372526349543,1.5819790675154461,-0.014868695423777226
-0.09590390315730878,0.904283626840545,-1.035415546674798,1.0531997573773841,0.00018028839088463132
1.1857760417908472,0.722309546339649,0.6044402240334622,1.4943552051795914,-0.00592803124660602
0.7103004284091857,-0.7115753155350889,0.4456237315427629,-0.33051692052849374,-0.005152723798098601
0.05499536224780559,0.18162471862407203,0.39515071260525675,-0.7061925752617005,0.0015169835578977102
-0.4456880495297776,0.09694855168923826,1.0939780087636926,-0.023316159001631864,-0.007714991304947847
0.33471076473588895,-0.9463667127106851,0.07191107352321324,-0.6154317933077997,0.01835174143969989
-1.8006527135546446,-0.12623395752094838,-0.8046364487897237,-0.5648589003596035,0.0028798363564362895
0.2387958307574623,1.898564300064055,-0.5580319932591238,0.8256991992643772,-0.004235589337788552
-0.10391110145877071,-0.6987573454256768,-1.1642912508729184,0.9731479637398162,-0.01046191015268591
-2.6068813782202103,0.1100545359481241,-1.223732840934127,0.27837320846509434,0.011619929219166948
1.7829817773515875,3.7500051092982214,-2.5808613642025273,-0.06407392346698149,0.03498506836474941
1.443738687499668,-1.868709063102835,-0.36354372277809394,-0.6906211337779612,0.005481517652873833
1.8439332983024732,-0.8717105972899248,0.39091344220026414,1.0654328067790837,-0.016846880441856994
-0.025552113182842968,-0.6486995734920026,0.7262209467294709,1.8599860978143938,-0.010540181627434484
0.47697173066017,-2.1369881898208627,1.5502622454523713,0.8864025405073177,0.004071572968294874
-1.281192293557923,-0.12403264210695573,1.2921765592164451,0.457204813698991,-0.011527114447033849
-0.6183727328834459,-0.17549197979048867,-0.5895374473983664,0.1301597477722085,0.011428651791127255
-1.3058365943474235,0.15424660896746886,-0.048956008760359694,0.7931283330100775,-0.007025487187753167
0.12460299033053153,1.8742509770316256,1.3407413122464777,0.04037477529416208,-0.00619222628540619
-0.13065025786514853,-0.34625629859464113,-0.6922969786527071,-0.6874731665752059,-0.014539015402397451
0.7229162361031639,0.2566020610895084,0.04460649106185234,1.0209676292730159,-0.013918364622306962
0.8800170166042736,-0.14732590806831736,-0.4531620317601483,-1.501923519851339,-0.013197554168460473
0.46456816824954106,-0.4108335616462981,-0.0028679079125557613,-0.7241558045713905,0.009659679791210397
-0.95188738557129,-0.464405661385287,0.7868734883709625,0.04957444671117849,0.017423759867021764
1.4042409232730204,-1.3134438824640935,-0.8459512770753126,1.1568102014088277,-0.012995583920672482
-0.48107678452233615,-1.540839585799536,1.0400639012803994,2.0759704227251543,-0.006790533193025156
-0.4633643129006221,0.7243684866518018,0.3064040541102292,1.4433852692600944,1.5091619751214603e-05
-0.4592805069847934,-0.18065272770720978,-0.41366898423998777,-0.4733796797356501,0.01310817958970044
-0.1826644776890278,0.16208794239890384,0.6544206612553075,-0.5259967911109635,-0.006730526235581118
0.6955560089947437,-0.05827030892428172,-1.0640558777792477,-0.6780626406993814,0.011869728526065973
-1.240808515667709,-1.1920104085456025,2.0825705300484034,-2.0585051050199494,-0.01074205328365242
-0.42915341455399814,0.20630185988283017,-0.28901394410325093,0.15380715122691552,0.007620380189757348
0.4019423092862069,1.7931275561690636,1.5044809332918325,1.3709940250891919,0.011329393366441074
-0.02543317429472812,-1.6438448507149377,-0.1523352353946902,-0.63282529257483,-0.003121662906435469
0.08952959363047772,0.5568200594498994,-0.34172229596964415,0.5307099179044577,0.013079154302400326
-0.9143402620871449,1.5683904463245504,1.8952716833333572,-1.14452619499378,0.00500837980789739
-1.1841422654236315,-0.8171325320182378,-2.115099705613776,1.6078043930029704,0.007786635810400372
0.10369878438010974,-0.3381443577961702,0.007695758430148696,0.05376269322983665,-0.0024829503189863125
-0.02394617817005613,-0.21412868500688859,0.7654122085790983,-0.08486915051790471,0.006479749822087724
-2.1296964990590532,0.33583935663155917,-0.07885713362861492,-0.5913379983995374,-0.02137587619975293
-0.06352919650191415,-0.1046656938030487,-1.8765361341126097,-0.9521149082007878,-0.012297804399109201
-0.03411960314246148,0.12219356995844256,0.045732953097604154,0.7063195641542582,0.006992915756754209
0.07198019664167837,-0.7928415264130744,-2.2076464745163387,-0.2497201723775977,0.0008131518752746971
-1.1405988063770909,1.2371468071244778,0.6329042742317291,-2.1270964480549868,-0.0011867989182484237
-0.46992153512081153,0.3230207459427275,-2.3007877642119703,0.031063937634163027,0.007456037339573953
-0.06737568324253561,0.013369447539262991,1.2326684159680052,-0.8455947360622592,-0.017209945096541418
0.25100149993334203,-1.4253163217327782,1.138155238607482,0.7374684160257435,0.006533438996849574
-1.788957359379079,-1.7845277859004012,-0.6162275697299366,-0.8795076376663178,-0.013150169084726857
1.1868827410209173,-1.0480790239947515,1.8167409820993272,-0.5809456812171628,0.000637470543011661
0.8381389187259584,0.523112256513874,-1.0198272428183408,0.2135439499823245,0.0006759876374952357
-1.2577961335532553,-1.2708996580060237,0.44775312318550936,0.9511120609846434,-0.017531566845710625
-0.6018113202947866,-0.266600187518831,1.3214246142128852,-0.5286997751144926,0.0002506967199394608
-0.14251029245199656,1.2394001329964592,-0.29885610310997435,1.2646903623280665,0.008598171326562348
0.2547508701150451,-1.4276722900912022,-0.4894027922488038,-0.11645141380982811,-0.005958665825285565
-0.4635808971615938,-0.3998156213667002,-0.22265650560893627,-2.216814485785564,0.0005193432426645928
-0.20520539463474857,-0.2361076382004654,0.983346216991918,-1.019001939805034,-0.012413751191738227
-1.4252120756998186,0.7252327458381103,-0.8695197585027173,-0.9763430555992485,-0.0019731636020957773
0.3106994493290123,-1.639328599282301,1.0960505844254955,0.08341432016726144,-0.008452782285857982
-0.9558952190681994,0.9110687979335709,1.0910538424797398,-1.6114161310801205,0.004922195639029434
-0.04505109238184267,2.3506711807984755,0.044928155073489864,-0.599851669993279,0.010444431939316925
-1.8017263231538792,-0.42360077269873153,-1.2970705708394983,0.41412853018298207,0.007020356955763886
0.8149973041536003,1.942894814309524,-0.41290336809176903,-0.2119683880257559,0.01652914041538322
1.4409320386815205,1.4386199289829735,0.714244571574669,-1.4773941033353268,0.019475848842771322
0.14531950208314706,-0.6886949714775539,0.3548290005505642,0.7863335401627896,-0.0062083012849944745
1.0601347523092195,1.2383650076060955,-0.5950260117428346,0.48114348789939715,0.010784927343678231
-0.8843781853957442,-0.29180054614604045,0.21318243886340058,0.6831348807883022,-0.012595603340869743
-1.7046512688473927,-0.02893938818437851,-1.327865387662877,-0.7784235986729718,0.004506443945918878
-0.07519213413222009,-1.1421100520884317,-0.02553776616282676,1.5295704641667802,0.0018547457551753052
0.3689308218019842,-0.4477264088384757,0.5780045581125155,-1.620917667218708,-0.03294304283077586
-0.46682545327468095,0.06907342494497186,0.09332011723614739,-1.5496949793605104,-0.008180740286732036
1.18549406919314,1.3564342194035799,-1.015558308925701,-0.6992372094351544,0.0010204431318455599
0.598112570057835,0.7536521011555817,-0.8694771632087882,0.5452851938565306,-0.0013330336178603115
-0.5332321075945357,-0.27627693389289093,-0.8245784986754148,-0.8313269473150503,0.002455177303247321
-0.14972167737492886,-0.48967912782160944,-1.1164161984930914,-0.7170228860907712,-0.00829937302409983
-0.30004880442249193,-0.2506143648198322,0.02974726842319688,0.9257007475242992,-0.0016731136446121028
0.7893303292009851,-0.8588208859345349,-0.9814862744545509,-0.9909848048512695,0.010508412263028994
0.07067688606277485,-0.08069728511100917,1.3751155253289657,-1.0182473483625505,0.00983980007517995
-1.6040835848475572,1.685830323244575,0.00934778712632607,0.26017299634306085,-0.009447046109772914
-1.144546537403934,0.17794943512411399,-0.009662760782219011,0.24176251647523428,-0.0030388366919339854
0.9542843617406859,-0.018148102136692285,-1.2353676931198654,0.01666451693318678,0.013054068485971492
-0.16818327403930522,-0.42484651889495084,-0.5743848141243035,-1.3955169540819796,0.0041655442049404745
0.4765514002101098,1.0712190886055433,-1.3822255239903114,0.9921969612545726,-0.00257557065804237
-0.8902144072649074,0.36300562540892295,1.0836801423009268,-1.4877857861516866,-0.01253959977782515
-0.6278592800048982,0.43472418955592307,0.8134875072154961,0.39961116207915537,-0.000696037559765865
-0.12018763767881492,1.283905585187209,0.6894924815609501,-0.13231741463650198,0.007568598128766764
-1.3059040043349308,-1.1411888426043926,0.3090266564043881,0.6101915825289514,-0.002165764875527795
-1.3434266222115732,-1.3985807700597006,-0.5659776274361258,-0.31324480752986644,0.014973233316148003
-0.6371027870329106,-0.16581324103545375,-2.018395483493303,0.5740966789695576,0.002229293473130766
-2.0288248162144487,-0.7311888032850122,0.1272244602700431,0.05001596160064251,0.007250546840277008
1.4892777633512482,2.8814660603185533,0.7552534932309838,0.7824087743217389,0.01665974818282371
-0.533889197997289,-0.897369416227022,-1.4466868402078212,-0.09229804123242785,0.014056375437628308
-0.49283368065203753,-1.0461052285167318,-1.2166639856536252,0.14148880254960924,0.012535094217432378
-0.9937339848506348,0.44514898736539094,-0.3523635911613375,0.3057575469481379,-0.0040974946973817376
-0.7925003137452027,2.023415745709928,-0.4444927159250888,0.5670880361813213,-0.0012698064997820379
0.8757955856549645,0.26146795361370356,0.1794994557076022,0.7512968995061008,-0.0168638746848259
0.20081696611157984,-0.7907162548630874,-0.4710951346194641,-1.207187014620933,0.004114638216084108
-0.1694207724770078,0.8169282144693018,0.3751992396963139,-0.8730210604563096,-0.0039098023658557
-0.6246815101669116,0.2284234956195872,0.10160696897071227,0.31883200978489507,0.004428163003984671
-0.017921490000308186,0.07450019549415489,1.0589619253689275,-0.7564160385930019,-0.008846750678217665
1.310087233318235,-1.2748358348787854,-0.1805003343753779,-0.9849321492442147,0.004233983898391809
1.884476827497249,0.6101956948552241,0.46675810208822505,-0.1349813300648619,0.01855730596093536
0.3248652285270238,0.64755650757993,-1.0333680527606162,1.191031960069143,0.020546456800724724
0.045096163017116754,-0.37465824900397754,0.04010314113597461,-1.9445629358546768,-0.006963224453402684
-0.7367394061258146,0.8773696718929143,-0.0914969983883977,0.49863698846427734,-0.0007222561515212167
0.1816673424903821,-0.6272277241725299,0.0874173397813825,-1.4145271951863758,-0.00039802033617545175
0.4006704740847578,0.1237884395548444,0.5594965500821187,1.3253973902683498,0.0013805083599227014
0.2570457179883546,-0.7420761231127542,0.9479706241341724,1.6410610782398762,0.010169375332222596
1.3352887211750273,1.5013270546899775,-0.4226343359705345,-1.0200692747550382,-0.007965965477039651
0.2782234003486007,0.571990288174811,0.6550020254122627,0.9653022495925133,0.0008335654116622357
0.7336254435525593,0.21968592027459574,0.2577276120775572,1.1096016943342095,-0.0019400527688094677
0.8063547562653501,0.21827118319339467,-1.0007184444651547,0.6616600860872094,0.008411740372535772
-0.37214109540396334,-1.8862019125622516,0.16691061945775607,-1.3282613464364939,-0.016210679047209558
-0.892594629741162,-1.1432935427515316,-0.3391697332610247,-1.2401700364534507,0.008478815012790604
-1.049357238757275,-0.5214210389224964,-0.4690981952705542,1.6777868366273045,0.009928323213874908
0.14011394869369562,0.45617686913760747,-0.3763072293432515,-0.9609529039677717,-0.01156022695469926
2.9522133985366454,0.964841098931107,-0.5580130098056892,-0.2831430124826297,0.008764717555660401
0.11992145427340926,-0.320030922893411,1.454256852847256,-1.3033180559935498,0.013143703812139402
1.4177629887779368,0.3573714134765532,0.08679114845550129,-0.02950451053003067,0.003914618267917133
1.4309916415703046,0.04719946279880966,-0.47807931364903544,0.34643043067419366,0.005767349286016911
0.9500627483723217,-0.07855884861851814,1.1000142083408908,-0.2075142410326872,-0.0034393480361548916
-1.8471068657848297,1.015234001847186,0.6633653687767254,0.3649625055193429,0.011081637675657969
0.10003085083111861,-2.6338842261538273,-1.7721964682670344,0.6559372110838257,-0.00935284106831466
0.9361670029261852,-1.0586119919280228,-0.04072363240906546,0.5873515131454669,-0.0006841652907859349
-0.7620311081093663,-0.37107165531610725,-0.33805611014413794,-0.7199828321961745,-0.0034918093489571473
-0.318113564013098,0.08175661028434551,0.06786028949285887,-0.964955446181846,0.0035109122916017533
-0.29138584194803974,0.1447204332717706,0.6517753289798857,-0.684479357252455,-0.021568562072489975
-0.6598734501786822,1.2021583272133916,-0.0023374006635599035,-0.838475453034944,-0.0024323825133542062
0.44383911029403794,1.3628012438063182,0.1602193664030187,-1.5479282363199158,0.0002198293423124934
0.14893797986757085,-0.16589761607127793,-0.7052256625915021,-0.27993465011150115,-0.003983359139694942
-0.3963980126675758,0.5347456195630697,-1.386840314112127,1.1052774791354505,-0.01378776306458007
-0.7669435128453926,0.12065302310991205,0.07895788640379844,0.7039313729251546,-0.0011246869036613302
-0.3081745776963725,-1.7393436139559515,-0.6479524243211715,1.004615707074268,0.005700881316140469
-0.01659822855256705,0.5807163432262923,-1.0177221230381035,-1.2213916842875767,-0.009735775375598586
-0.40782362394507155,1.143875343796652,1.2951362313084271,0.23582536425788975,-0.0089175409931578
0.684326789071587,0.7570206612672447,-2.0407076251524945,0.8008917818130133,0.004444403686123973
-0.17475420385258106,1.128883345410955,1.1911966479547913,-1.6022274351465953,-0.010166073819852494
1.4948223108259144,0.08189696470960314,-1.1226402099686164,-0.10249683901779337,0.0054710357461330225
0.2969391803846877,-1.435825145735708,0.4393047241747238,0.41611365874302947,0.006307445462167072
-0.2457001963987068,-0.7027797490318416,-0.29013073029081005,-0.3322827615570761,0.00911392472418936
-0.83671422545404,-0.2720250266326765,-0.2948807199509496,0.042859184055071366,0.005470884006474036
0.722942292043133,-0.16843398198670786,1.348075048353611,0.17800068347748543,0.004858018668154222
1.9194917041024124,-0.49187106824849214,1.3647177077366208,2.5435556259433674,-0.012847950951416465
0.09053421822670167,-0.26245952877751144,-1.9160832343522163,-0.17823023499116084,0.0028719913930811566
0.218792767279359,-1.073125890301318,0.5539500990153555,0.3226499476009374,-0.011342936680976195
-1.214390003067656,0.1558902550568413,1.3373799415938084,-0.13926533775063082,-0.006697368507718644
-1.0896421584260494,0.9477176046464263,0.9797844606281068,0.7611511579131058,0.00666809109397329
0.8482486274103738,0.37099825133455155,-0.5055714243483169,-0.008519123607249442,-0.0018364150278162789
0.5294795569309644,0.008198619129767163,-0.6596111642922236,-1.901987346063894,-0.0069707992325535924
0.2605110004497659,-1.4929750612887307,0.32310200213190465,-0.4246383164787972,-0.0021685997263514046
0.16190214143359047,-1.5627169297717658,1.647497238405219,1.156783065890612,-0.00416047783981415
0.4754738932304237,-0.44312475585624267,-0.2648373230418857,0.03709614388817768,0.0037611894289684466
1.5707046221155354,-1.3255017792822985,0.02853187042198924,-1.4179164551417427,0.00925398040028856
-0.2083432150201062,0.17487744994505036,-0.1182917087155512,-0.4129933566716374,-0.026698989210763677
-0.4157958910506518,-0.31144087162949285,-1.089329966683109,-1.2802665294301403,-0.01777952144049506
-0.7907349380150781,0.24577076184211,0.6573092443259867,-0.1387250813630451,-0.005321744326391873
0.8938033613946257,-1.0311217314532963,0.050688349266282455,0.20840862658482937,-0.009561475098530725
-1.0092673009569795,1.5990294165272123,-1.7370896979461496,1.0263086460026227,-0.005147766421555609
-1.8495078579852566,0.30316307338089726,0.3663611195295427,0.6700157571046272,-0.005388705752524854
-2.189179519213532,0.8628540110422781,-1.693541941758684,-0.2953047841870425,-0.017962848576451494
-0.2084639320325385,-0.40179849711281257,0.13631230737574157,-0.4654053929355501,0.0038973289699576704
0.0926889506463277,-0.6832415729034195,-0.27621583339263883,-0.1823412527795021,-0.004035173543770055
1.3348417242273316,-1.8495698035368164,-0.6966879089425582,-0.5903265349554636,-0.0116449804939503
-0.8690194887836963,-0.9345873594745251,0.9382604760422715,-2.1094713924965265,0.0018566290012385286
1.5941532599244008,0.1510406261047022,-0.893812784985184,1.0530050864430194,-0.00023333299285850997
-0.9674199617279446,0.3295805641470974,-0.6913650961037011,0.003750433449737173,-0.0027824505325019294
-0.6008060649450665,-0.8245362551599351,0.42203915410407017,-0.09970989922472343,0.022843537322411813
-0.14427018531779626,0.44049712392746293,0.3079306702897534,-0.40234867268988883,-0.0045326964033695965
-0.9908302997793065,0.9509379645608924,-0.6989461935813785,-0.9724000213656586,0.0009911137559018022
-0.4091515815632273,-0.26959235973590207,0.3841152932953764,1.3178772489275539,0.012939587352219672
1.747204087649596,1.0129136860203818,-0.3389205162635982,-0.7120755806514825,0.01295241068336395
0.27165838375137186,-0.008080126779876778,-0.939958934893549,-0.03983007810167139,-0.00492566021031278
-0.10875236586359785,-0.7246697733873296,1.6342148683177866,0.30460857154142185,-0.01915683125696653
0.7985448308397944,-0.6879161353556824,-1.2864912860143995,0.2267072333727197,0.0036817660801680865
-1.2916133180873355,0.9203669933656058,0.18838030770294606,0.24268828788268787,-0.00392392692997943
0.788688509468807,-1.192477125153958,0.5830080027204796,0.2647180193779442,-0.005327119714847296
1.2249843233334594,-0.044785098001863165,0.47924145122010203,0.32724512384732457,-0.027465103200896363
0.6463098011981604,0.4691484567183158,-0.14316036834596724,-0.7262771589879313,-0.0021611214997383833
-1.6071132120914,0.3887684749664329,1.5695258047194998,-0.9243561908596021,-0.0030876139265265637
1.0688114956510482,0.8487516036372418,-0.8243158087690815,-1.0559049582974713,-0.010052762038040165
0.32985828720156235,-0.14070289900476401,0.8471715950069049,0.9273481279222539,0.009309557756606126
-0.12488841512292781,-0.6634058349001205,0.019110652369149515,-1.173884578137657,0.005221160886802663
0.03267752269624784,0.3330901432911121,-0.9365937928482558,0.07074080158643745,0.0036336153035241674
-0.6565116557800764,-1.4466435932533614,0.30872057753467474,0.09608550015300255,0.0020301392475292803
-0.23479004751487428,-1.344871679054842,1.8374436425319685,0.5708277271496076,-0.009685658284780031
-1.9637507157812237,-1.25722752690059,1.590110733632628,-2.372555228083349,-0.013648044824525593
-0.0956541094100963,-0.6155881716427194,-0.6782845390799765,0.8078597865596411,0.00520205994751165
0.346040747169471,0.34218006057016104,-1.758434405729485,0.69145071839717,0.007238136433002063
-0.2332421630943841,1.010566775888284,1.1481436787200379,0.3095981292866721,0.0038171676910072542
0.5941716884380128,1.9815923928527217,-0.4756785038731696,0.2472485744456462,0.02043173377391415
-0.04586437881297169,0.22335634199576665,2.154088273867497,-0.4614250868358998,-0.0024309921669278976
0.49103504558965594,-1.312860999416,-1.1745968081588283,0.16617381206662227,-0.0060286697801638965
0.1992155149462288,1.43035601411411,0.08830584453916104,-1.4552008245790309,0.010323869155034665
0.504210495309879,1.795492582427096,-0.3501235895540381,1.5162835680855302,0.015347104833600278
0.13958274263463022,-0.9380867018756692,1.0168557735011454,1.1013830383592729,0.0019521867985439782
-0.021219351268939934,0.6664422634082077,-0.2913438515550633,-2.3874420250548107,0.007018575510797612
-1.0419180777433705,-1.0123700001252895,-0.3612613088495068,0.34729283250006476,0.0031792206676385533
1.1091396053724183,0.4823558676828177,-0.33249712969524514,-0.006021890487926261,-0.0014429387765968475
-0.4425650633633496,0.5094646035846057,0.12421965718206403,0.10976613026355511,-0.0063660981631219506
-0.22340402331962608,-0.3000376239835417,0.4363350637960678,-0.849355163626833,-0.001090025085694966
0.5546348173413861,0.8375558478411133,-0.4988309809767945,0.07179523285218137,0.013594312910629253
-0.10713373682856968,0.6437577328263064,1.619954228952922,-0.8543884630437458,0.004143579600637862
-1.6647932731715864,-1.4967270720223345,0.5024459175673908,1.003186438625261,0.024772460585711968
-0.6052429169020708,2.136966691881956,2.268757736410685,2.5025865220806414,-0.00582854648355567
-1.0119203668467975,1.9678057180574429,1.0709542973854596,-0.325485819678231,-0.013271834067787062
-1.1385898296324874,-0.16313091186667816,-0.5929741426406121,-1.1591522509497565,0.010544017394085791
-1.665901149924253,-1.1731566619383311,0.7449308747767956,-0.04262111207311329,-0.001941615379856267
0.8099875261087827,-0.290633605338473,-0.04332930657112001,0.5592259407859569,-0.011086348912108768
-1.4779284495104725,-1.5065009941146819,-0.14500539884752786,-0.23304538086940432,0.013244221647585437
-0.24026376142388264,0.7513964643859757,-0.15989109803962978,0.5487628346636418,-0.013536464275122078
0.5333405386829653,-0.1064036865964926,1.6017914025196052,0.7347154929685118,-0.014909814905023909
0.3376236193088277,0.775475625860801,0.5908019563031167,-0.01213173232743497,0.008725824316653672
1.2324277156155874,-0.17588558841160165,0.7430926163982555,-0.41672477434467503,-0.003621678168170158
-0.7827051863248272,-1.7391939549469777,-0.1902604750314689,-1.2533318031152667,0.005891682179075059
-0.04173282448386225,0.6265011853314951,-1.1375222111974577,0.8252826638947592,0.0002671101044462456
-1.2886675431528445,0.1454567474446389,-0.35051068460802454,0.6207531015568218,-0.014201348644833914
0.13316157077838034,0.3311989824535188,-0.6115934713929874,1.6305567751145296,-0.0016778790040325765
2.4142276869913655,0.04438269732145909,1.314065185068434,-0.22883387591721802,0.0012893068075081919
-1.1295921833275213,1.950128210908187,0.7754393649435319,0.601815992761614,-0.007180018368490453
0.36182778676273397,0.27105586541834925,-0.995866535608801,-0.2826506087432439,0.005125161147123558
0.8567043420337846,1.0169628154901174,0.5938142187540346,1.5807461243705554,0.004068050609612481
1.1117529784518583,0.2695850801418585,-0.999480617988553,1.1492769720639637,0.009733697755977067
-1.0986214545273179,-0.5092412469235461,-0.25085427978530095,0.9241740073385444,0.003388885512295833
-0.4989926532338079,-0.41564514101411937,-0.8274902190536925,1.1040424798101032,0.014671458041027121
-0.568446810633271,-0.29857062286215486,-1.1315533523106658,-0.750354170384798,-0.0012822909169688543
-0.172692539631793,-0.851933571235885,0.9171629880604139,0.33937717802791517,-0.00013969312657988208
-1.1687289105141607,-0.850697585286671,-0.1505749119996485,-1.715490995244968,0.004142263038421932
1.6329684403651947,0.2776160514108639,1.5725647996714665,0.3251658106256302,-0.015236220129150376
0.39400706385898304,1.8669477774708594,-0.2049477470107421,1.146386004070539,-0.0024184618224473873
-0.5427968357834461,0.9417984236490661,-0.12184911178322441,1.5648444436970494,0.02474579560389371
-2.616181944142299,-0.6016140383883684,1.3051012692719088,0.08275694382284773,-0.00709458445442942
0.9802972815110078,0.20865165662773855,0.06186162671303262,-1.0833683913683045,0.007224491299877761
0.7450505073549809,0.4687561378334875,0.2291422931397592,0.4907500238686694,-0.012901375561003615
0.2897231487270145,0.6938734449678519,0.4043311848488035,-2.2489205788699205,-0.0033765652640646592
1.2364478313653426,-0.5673927153175522,1.5696901115731159,0.857414797441415,-0.001609250605889429
-2.641947273223916,1.1027136412201493,1.11419643360848,0.4223516258339528,-0.006275384685142573
-1.324870016111688,-0.9280580380703923,-0.3284280990684609,1.537904007803496,0.02328058106994426
0.3510635368066613,-0.23112306575024483,2.116672670267314,0.519096333411725,-0.007931766972017343
0.04925931736402778,0.2902623245886214,1.3311231223908913,0.17054820319241468,-0.016362620783823313
0.6296405277846164,0.5826456509933307,-1.1995312689919695,1.9995072097903703,-0.0007383791274949781
-0.0021828274297628616,1.0747312857573288,0.5745600433690619,0.026150932150805193,-0.001753228293373286
0.8659633393804241,0.4144449150879277,-0.4915350480153384,0.05801257692895801,0.0048173708225532855
-0.49479067094441437,0.6118277733851135,-0.6882857955736519,0.5435096323670231,-0.00776091157486466
1.3216674746992003,-0.7030124680838863,0.8685482615098995,0.5384901376831057,-0.0036899136539526424
-0.339509523301665,0.16749724530534874,-0.6021835901583893,1.6275552459318328,-0.004364315723036382
0.3433051576580803,1.8640497740702202,0.30774934241176544,-1.7550512636784539,-0.006451136891339663
0.7946436296440563,-1.2966892312259075,0.1244728046806576,0.09607615371279,-0.0076281073369015105
-0.31422117484468076,-0.2212618495768914,-1.4139466730813495,0.13682810233123238,-0.0067963006121392715
-1.703776300826112,2.095438996759449,-1.572235484312123,0.21588817938503516,-0.002529965498397138
-0.012694817644859009,1.1147177355417557,1.4850680337465207,-0.349335876644174,-0.0011662669013682862
-0.03899235712872385,0.6138995839032266,0.8537990197596859,0.08336542390290479,0.004152528840012792
1.6742372619880561,1.1080461922130285,-0.54214919527324,-1.6342667414118042,0.00566815260954266
-1.4235520897785274,1.3772659646332177,1.5558385988299444,-0.003339369448299965,-0.014697082094462455
-1.9292396716262892,1.4026411010011786,-0.5633135380590444,2.361090710820962,-0.0020381023933264556
0.7598464510419449,-0.4277933052430411,0.4801418157544188,0.1705866517912596,0.0033927627910509323
0.6047938429297656,1.410957111264661,-0.1069269474716859,0.7888968708558801,0.006870625908771667
1.595053026102755,1.0484798685924968,-0.40948710509527186,-0.2987587984114078,-0.014088342503769904
-0.5774190874737458,0.1731018638865442,0.8259473784130242,1.4193321136389185,-0.0030135532375618213
1.3730640637611689,0.41121942291344743,-0.5381133167055454,0.004506254596083937,0.005792551364884308
-0.08494345296091266,-0.22133274010443468,-0.9515618532890229,0.7255071565289093,0.010860749893441345
0.5345502587756585,-0.158854939551301,-0.986870040156629,0.8059482157664625,-0.006072001960026467
1.142473959789537,1.6332149689296065,0.07760210377904388,-0.6790569373931203,0.007506608454200977
-1.0908696131835174,-1.8694460012432352,0.07444400166891624,0.6308660223320165,0.011049173691198868
0.09703746953852435,-1.8148761562358295,1.4706691473952067,-0.7053969102101799,-0.014821118085188812
-0.8661383720427835,-1.0293225043709309,1.7426583240392013,0.203755541705441,-0.004318751282999715
2.556688605919465,1.82281896727735,-0.5467503906921302,0.857959524141474,0.026325868248555016
0.7248203275565114,-0.08812198389869567,0.8773389549373608,0.24483426014620346,-0.0006163911653192064
1.6799617055713896,0.7061672971780566,-0.48916316007619004,-1.025640644282234,-0.002040187822320216
-0.23978984782517715,1.0522094218350375,-0.6318926111754114,-0.5411112209526066,-0.002824663314092081
0.48169744049701385,2.0749388771465562,0.479137125307191,0.7657789802892658,-0.012900050198039617
-1.4202451264847866,0.42353612610042113,0.13760538548910992,-0.25595095024679604,-0.004068773962430622
-1.6799932882969129,-0.28740058330252855,-0.5749515169605925,0.646301232838576,-0.0007792763119819019
-0.7746115497513101,0.9207478943889205,-0.47523970486001615,0.12049384276071747,-0.005770795403684803
1.0995820118297155,-1.1022250351012628,0.6713957800199438,1.0362363139074855,0.00460403757109652
-0.7126028586535976,0.03481133486114758,0.8279559296765554,-0.43277145236365505,-0.00020306206255346648
0.03513949995943922,0.8753969651489129,-0.3226191666874598,1.215354160947514,-0.0024071687874300087
-0.6815262497711186,0.088807570571784,-1.4825070930918438,0.32380482514979686,0.0015589916122156094
-0.41728457214340425,1.9176414908378532,1.8785715886745487,-1.1098211367423958,0.003491061010490619
-0.24866011323524553,0.16413742291568728,0.1863320842368687,-0.7276665394353076,-0.001227241080646903
0.213519864098735,1.8957664892797281,-1.7926585207055272,0.40509485118217614,0.007599093379735182
-2.0284340926011626,1.04506341308618,-0.12870941769913416,0.653090858761159,0.009617361227644325
-1.2580329227930305,1.2962708138076895,0.13358031796495176,0.4989218734768464,-0.010815364173820268
-1.693142004616715,-0.96561815592166,0.995755871810769,-0.007252294525544,-0.008360065699126056
-0.5273443957730005,-0.9947163936226074,-0.9230054433450808,0.8767784631073268,-0.005785429169692628
-2.104700514652831,0.25098315360263623,0.6763768955093423,-0.07236057648987378,-0.012020610080257357
-0.7893740978213496,0.10030618348222949,-1.990415988248332,-0.4624989747355371,0.0031114353758941683
-0.096462896732486,0.13207247687941695,-0.3140739332809281,-0.42069463464135703,0.00445508660727664
0.17419113531612526,-0.4313397072253286,1.4578916364275647,0.03647057145236611,0.0012217791788369944
0.0637892996039875,0.9675213965121734,-1.7693144684558224,0.8524163455585154,-0.015045123216610874
-0.0204432268472062,0.7482533026862187,0.13908189806365426,-0.2332050138222414,-0.005492423261706204
-0.6051353148025423,0.29741557790971507,0.8661676888685921,1.6989747018146868,-0.00370699129004275
-0.3219368567138579,1.0580257666401187,0.06609926873722533,-0.555548853148438,-0.00023543164678534135
-0.9600820609727633,0.15876134233994754,1.6313907556779195,-0.9682034077384392,-0.005435724916178671
0.7983151121667619,-2.5581654378866077,-0.41065486038139404,-0.2652598313056822,-0.02012116159903265
1.2553409374486626,-0.29082207039660934,0.398701396440748,1.1553484371588476,0.0017974752613133663
-0.7975032280282147,0.7428020699162297,-1.1213879421752881,-1.1626033831896108,0.0025559916494568486
0.02920131645879765,-0.39426378313830146,-0.2103895102899066,0.7985617777341769,-0.001598083238500872
0.6265002911652221,0.2687396437950141,0.47472191291330446,1.912664620685205,0.007619261129880078
1.3732732563401375,-0.23848054986663883,0.13707923179058748,-0.17246308685643305,-0.012036285647600226
-0.3678480292372007,-1.509904555244794,-0.7607139821460844,0.5151161424165055,0.00564912209080493
0.11014925813069447,-1.4741687939514303,-0.2324910576570301,1.1474226029819599,0.0031056887885197795
1.315660143937607,-0.0010978019100049746,0.16433201349212526,1.1810603826061554,-0.0004159440787494448
1.8346882289177726,-0.6760701069996258,0.5775499474669992,-1.7930206729432911,0.0018281695301896293
0.13875582280102333,-0.32667394141250417,-1.32588820139761,-1.3202296423374524,0.018252715520862606
-0.8642502366318021,-0.944922522104496,-0.034960810101490124,1.473521303795428,0.017295610363932828
0.42293319929583106,1.6375322685572757,0.3913031085564038,-0.1363409883984412,-0.00219034134829913
-0.897455707691465,-0.36220977746676886,0.1580862142519588,0.8913033233649588,-0.0019073189091146636
-1.9446834605382248,1.4588853553527166,0.27927184215635104,0.9983332611303146,-0.011758644359411506
1.4005350357386048,-2.767336027666116,-1.5508228642713673,-0.915328531526214,-0.007132317417351217
-1.018834799028785,-0.8913580752623702,-0.4343249508488466,-0.42912816558012823,-0.01502437542001173
1.1491087268090996,0.03629110065699935,-1.140179817352591,0.9264585636004943,-0.003653887215595568
-0.9083371114634622,-0.807048287183513,0.5338332496958327,0.6380057281783489,-0.01318538880896303
-1.4239378291683689,0.8748186432287296,-2.2196152054406695,-0.847835933950697,-0.020092674257720464
0.39328165242543434,-1.2105127527001174,-1.068459398961034,-0.9241854446133801,-0.004943887908672605
0.8576878014408593,0.7698331517944041,2.7043877494896265,-1.1112338140248341,-0.0020915101504949394
1.480233875671161,-0.510244102514813,0.1604115606953207,-0.08108893716171059,0.0031958005907095754
0.7699349818385297,1.2295742015279167,0.2920415445890429,-1.5356911875586365,0.01067625934912345
-1.0145261827225858,-0.15807738662894782,-0.10583668768252545,1.268975329316164,-0.013210412979096961
-0.5079456851738156,-0.4763885481457413,2.0048306186804403,1.4971340809818272,0.01792535987720457
0.4707700983558056,-0.13650212283630256,-0.9444080376937607,-0.35448263787519835,-0.00403932965922677
1.6577532720358263,0.9381986710063506,1.9777504658826839,0.05613781066676816,0.016103221542532308
-0.5710619175977146,0.6351697591145999,-0.7225107191842807,1.601753419947244,0.0009094446348748449
-0.9713682075620592,-0.5307087039879631,-0.033168559720984696,-0.14633858553438897,-0.020163188366636536
-1.5200384859884424,-0.14413267958949424,1.8899079588426384,-0.8043536410424803,-0.005604896072252711
-1.120040420489694,-0.9879770836260167,0.8501810956818998,-0.26585350669763613,0.006636539512528434
-1.118354507621198,-0.4663228989487107,1.001768762485191,-0.7745609767435785,-0.004836407349407821
-0.6534613511896417,-0.8435432187941065,0.15801165457380367,0.6261067047416002,0.0008334613441310539
-1.212684776267313,-0.3353739208161682,-1.0467746095498012,1.0781518371147907,0.0017614248746916517
-1.2031535929442252,0.44593275584241987,1.3874606869578154,0.36864415668947753,-0.014771964826211955
0.08107749435365856,0.31524395748098977,-1.8433344989833584,0.2897867953598325,-0.0011889447083234849
-0.5412024072269984,-0.41614270520271257,1.2943039004079688,1.8595580136328096,-0.0063858967766804
-1.099889389009348,0.8849478386053965,1.2682773788569748,-1.1739256221774583,-0.006406347378423476
1.0149113291085057,-0.912563334463319,0.13339149493425734,-0.636048025446064,-0.005388664067443863
-2.064291530050965,-0.4132062165592566,-0.35768732644103096,0.16250188363008078,-0.0036669132053198245
-1.0951176969517826,0.6660860458527407,-0.7787305614148657,-0.06461989256536763,0.000948696871358386
-1.8560506276517441,2.009841877666453,-0.3323685467535187,-0.8929837789635784,-0.01742263422455729
-0.5792479458874878,-0.10785435398139585,0.5478483370553309,0.09578417411455233,-0.007723077561256642
-0.6692677117323574,-1.5997506833368025,1.1968603317160273,-0.07829480087865065,0.006066183782818264
-0.2936295569168287,-0.571914950123791,-0.18953715466000712,0.009742682093782566,0.008779286801062745
-1.6609214750386554,0.3636855503687916,-0.17310719355380236,2.177942423829486,-0.01187690873452247
0.07253010564532852,0.4886742926377485,-0.7887523403276399,1.0285649409475008,0.024315984511204265
0.049064978004441075,0.9373905218435263,1.3606861528019636,-1.6591343071994658,0.004619882805260547
1.6439647229654042,0.2805607138868164,-0.4104408504640823,0.8998500166426571,-0.0028701672796243244
-1.2138575610335072,0.2659362117260184,-1.7747379230450488,-1.5691937821670559,0.004328835860150174
-1.3068195925873507,-0.24682432335254484,-0.41926343812236033,-0.07336394714637064,-0.004920162066317527
0.7657450052439522,-0.33953553620228594,0.2526749214525333,0.8749432211501644,-0.0042342882623383924
-1.56378789135584,-0.9358056395054464,2.1624497364271846,0.7322289742534712,0.0114787021849064
-1.7811429416301015,1.7177953083196764,-1.3639229942308897,-0.9466967915089043,-0.004471891135107793
-0.2127247807692757,-0.10994451708738459,-0.9146144787314804,-0.5458890248158946,0.0005507450998909593
0.9594149215042911,-0.16592889489485013,0.2796349557981974,-1.1197894212392627,0.004678594027085882
1.3244243716977429,0.2937745050700281,0.40722107961581655,1.3746926301614593,-0.0015812940661593475
-0.440697811957427,-0.24163917576848387,0.29966169542684756,-1.1101150509169857,0.0018176017636407345
0.5909718914241049,1.2785471531706467,0.06525625404401611,-1.5364130650664345,0.0032241737314631343
0.7082444226409053,-2.1890495538741823,-1.018982824736617,0.8758760322390461,-0.0018465911506950663
-0.2634967927814817,1.6607560663580196,0.048570458116375184,-0.13135599971789957,0.005429557213559961
-0.5018211641536792,0.12351334967374902,1.6897836304792317,-2.0276059793841794,0.014198029209484883
-0.7799785736276245,0.17061966148782715,1.6910518903337386,1.0240587188152541,-0.019629346884262173
0.2377605163983997,0.4109341177419807,0.3571018763976491,0.5402876423181197,0.00034593730706392576
-1.2896220939330851,-0.5300122655668259,1.4097337143813167,-2.129907191777328,0.004697136512005443
1.0810073269894387,1.108556957125628,-1.1805987641393638,-0.3975977952308386,0.0034776166332357444
-0.24740095474756094,1.4639740078191703,-1.2559839876964265,-1.013737231060704,-0.0028621704248049406
-2.4293376092983183,-0.4488458931047355,0.050680520509826396,-0.9167762885872269,0.016516121263687112
-0.058453656715280494,0.5504571647136682,0.9062501774612904,1.241024019205782,0.005974011961553628
0.5675087914665612,-0.3568030422997272,-0.09669732822280261,0.8508177618791906,-0.012148925154121441
-1.1984780646845317,0.22761042030963158,0.04434720061482162,-0.14027799652163503,0.00373349785655988
1.201128956376294,-0.3519946351827208,-1.2249819036386012,1.915541487273873,0.0011684665984615158
1.030260833125706,1.135523796318022,-1.0328518914702969,0.6625989393806092,0.004106653888644013
-1.073106757495014,0.25947075497779515,-1.3460831295945852,0.21395052185613453,-0.007543045442368416
0.12752596483289938,-0.11922915050169328,1.1545017593330085,-0.288750143580282,-0.008244763228934452
0.13481311172464422,0.15335891545237945,-0.2965134223054072,0.18892658742984933,0.004993228753586065
-0.49105433999569836,-2.4923549762707577,0.6650751644320679,0.4377090673740424,0.012509897071813728
-1.3019839596057758,-1.3063701239066943,2.396469604124288,0.4818072896358403,-0.003040232413392431
1.0842482546558245,-1.0248576522468311,0.3263120012070333,-0.5797516914194645,0.0014851284090387261
-0.16111002929759408,0.599732451878926,-0.572287229997176,-0.7074652344212704,-0.013421903699651083
0.2353114218931878,0.2302915180164775,-0.4591213079835613,-1.069908665378815,-0.00625359157324222
-0.8469684754985474,1.008324154316731,0.7542604055891879,0.5295551077096914,-0.0015840090201560044
-1.4821409961083492,0.17485279504711818,1.3434374785174363,0.37832104550428797,0.012454622560280425
1.0926236167420336,-1.561139076728314,0.5733186373405424,1.5532246515049863,-0.001218455337237065
1.0094794320120426,-0.125746860366723,0.6437137754540159,0.3660663108169384,0.007823873742989668
-1.2459171196051777,-1.3744902460109298,-1.477651910596198,0.4103665799966036,0.012635168414799296
0.509234359306613,-0.09918426377888716,0.8552422667864161,-0.28500453622538385,-0.0032755045281914414
0.6043127605428754,-2.03366677664045,-0.5248711071412866,-1.1541256091891936,0.003983327638038282
2.149775105308748,0.35168989877011736,-0.11850986373288332,-0.3887348856907234,0.011789135909413983
0.6161327497004053,-0.7023727404262303,0.025971826954568202,-1.061502366433992,-0.0030448728415704168
1.0010534199573358,-1.6850903054982964,0.08285010379680985,1.4719276475964984,-0.016507806323358017
0.8547705890437364,0.4377859330768673,-1.0274656770121375,-0.5670232987669064,0.013654029349773878
0.5228322794698175,-1.259641605800716,0.11639083565901899,0.6306704381624382,-0.015127080504527626
0.1145929392390133,0.2935498378179676,-1.044947570265054,-0.4057703241452311,-0.0003156702268684547
1.2403019000204176,-0.097391607417301,0.7157898431246462,0.42622810312800646,0.005549582242289767
-0.5270440803428257,0.6406748622324789,-0.17200723888874597,0.6357179880752712,0.008523096617090399
-1.0983354236938259,-1.0560039301251734,1.8752463281955158,0.3902235882657263,0.014341711803779238
0.7886073877472648,-0.8081509237774805,-1.0170266056342967,-0.3483571197572001,-0.016547024343399473
0.0799423117116613,-0.7248617684504325,0.2833674155342553,0.4163904181825016,-0.008078250148021089
-1.9386917748890782,-0.4715435824205987,-0.31650384581200697,-0.5513240401859193,0.0042233492011240804
-0.12577967102592966,-1.8346427764970394,0.8245113857608253,-0.7684185502205022,0.03162862605688579
0.4139971919553658,-0.031112293864100294,0.36187666454338263,-0.230421484058047,-0.011834236700815223
-1.2284293913703601,-1.1654185167755675,-0.05202504979282586,0.04843283251762177,0.014352573355085541
-0.720528551754779,-0.6150321869167744,-1.4147908238115152,-0.8818139020988818,0.022722602152739066
0.6082061455873635,-0.6598594138565861,0.8643691522976773,-1.8115459040592272,-0.019234842020545057
1.20621698752144,1.8277896204315163,-0.24800374909371767,-1.4715548579961768,0.01961445031793066
0.4208163348039675,0.06405974618515807,-1.537272949548846,-0.32960596785076074,-0.0017946048487220024
0.09285821092284087,-0.9697956204349375,-0.7228173723406258,0.7235750208228823,-0.006536403531299222
1.546282588062551,-1.1780691620672774,1.2823661473927563,0.7528726089888348,-0.0024165675801384066
2.960311535378418,1.1759691407153443,0.0937122954036795,-0.20190194343431808,0.011468007522037589
-0.20640470032345715,-0.6695790871776918,-0.29144593924408646,0.6977965636609816,-0.018424865837327453
0.6393603398249772,1.1639677402597903,-0.013804133748526714,0.4318425884513705,0.011770714211371202
-0.5342151564761325,0.5502153870029665,-0.10177852151720664,-1.0195123177404026,-9.079438346673e-05
-0.30496353525740677,1.0809234014747922,0.0237974893444449,0.22664194517470154,0.009876290588233838
-0.38277501880726983,0.5571329400702711,0.18435760826916436,-1.1543038047984069,-0.005750416918991343
1.455398878124298,-0.1371072225096551,0.8563917798849793,-0.032589467972348754,-0.007758557692606808
-2.2240095016483186,0.3312049563845096,0.14612715743788476,-0.13060072512011206,-0.009406863621098615
-1.164258183381715,-0.12691969478302997,0.3558623061787962,-1.1066896856572257,-0.004034910516045816
0.584548551007634,-0.10277657419780603,-2.931575511364377,-0.4876621587050307,0.008682381403340225
0.42731324277495236,0.7621723273035723,0.6407090011363178,1.004051745043857,0.006987775598069817
1.394695112032421,-0.61318607005464,0.7468547849259252,0.07987492006163623,-1.288653817882457e-05
0.04905384869466613,-0.7722590293155605,0.6512970497226453,-1.0289709548259287,-0.02394422148902845
-1.0355506684560396,-0.5443206057561396,-0.05766457113292202,-0.16442201345218616,0.0031763788761551017
-0.8842419077744418,1.1643458986330526,-1.843093284586323,0.2423179429443771,0.0006677924016609768
-1.56961019173235,-0.010666540052861473,0.26921355366989286,0.18921043943116062,0.0007260323080483632
-0.46301733592119765,-1.1872744284790664,-0.1467129259789085,0.7899130541463122,-0.010806079460634523
1.324828477171636,1.0672584835491339,-1.3839933870261933,0.6219407301188812,0.012239272413415237
2.914765304185123,1.4077104431061451,-0.6620750740486144,-1.0500514576810842,0.010326105309866234
1.7900303555203756,-2.125071468309375,-0.4290829018014786,-1.2313926467348615,0.00015646365654100464
-0.04120921890784575,1.8423515168300653,-0.7116425891382865,0.004634001770550035,0.006554007047038792
0.5353260171396921,0.10428685408237587,1.1209627787642849,-0.014927769419098857,0.0007270185762271084
-1.6054219446564706,0.33325009682656864,0.6490125898449944,-0.1539444038875482,9.50667067942763e-05
-0.45477483881052216,-2.1176414559030485,0.43738419110642784,2.141222106853234,-0.0004785346539634182
-2.1025601652187476,-0.6821287373079727,-0.1405847537835127,-0.852936057949524,0.009238521359232749
-1.1453134726365632,0.08414256384651025,-0.15315610566493001,0.49866002109509827,-0.010388290471621814
0.240295711118231,0.08999666216178386,-0.025058747408212356,1.1289639605099677,-0.010613312594728266
1.6901107453948185,-1.9194082637363363,-0.13547194449096644,0.32734395498324903,-1.4248052678123707e-06
-0.6974032954291485,-0.9408568303456731,-0.0061269514838346315,0.8676257336887016,-0.0038520183893117938
-0.9978158484131986,-0.7305209286659992,-0.013354230402767462,0.9001382132326776,-0.000793359708266776
0.7524343527338794,-0.7457407624427242,0.1073855650250014,-1.768045408552777,-0.011080966855553251
0.03780022485141271,0.7329371343989977,0.49517164275883085,-1.1946486530625264,-0.0024171473354107293
-1.0356621387857008,-1.6851542404942021,-0.45586870615243424,-1.6844069706721772,-0.006751561844286019
-0.2423999776462275,0.684029565232618,0.28795289157370607,-1.2259468628738797,0.007968360368835093
1.0452523065060029,-0.6864322863033914,0.821285856129938,-0.7485931958199202,-0.015348265458908805
-0.5957517207259269,1.500990684749352,-0.014252473054083321,-0.6897878397929642,-0.015811875354403253
-0.46636302052248124,-1.1356254019741805,0.5643435608358716,-0.3737929333880083,-0.006981541652503384
-1.2283972822605176,1.0644475904687007,-0.30723822193304723,0.5229632795064552,-0.010766247412079731
-0.5289608254349051,-0.431279227195767,-0.08650867207582602,0.33079614133723617,0.01264378984332077
0.7895092979733638,0.44610856860627784,-0.7082116668877587,-1.337681353112839,-0.014679875615412698
-0.7786697154273448,-0.41443068269833533,-0.1981906997711308,-0.24524146413345652,0.0031124770569353304
-0.6039944857191568,-0.6216990031734855,-0.9877433472389084,-0.6792063893563174,0.005978167005452749
-0.9167809546443615,-0.1746283029188077,-0.41147974391354747,0.6841693740971329,-0.00823288572273155
2.0914638765942275,-0.30426624802797025,-0.7558196825131186,-0.1113215556103481,0.018699295676980792
-1.9844373281562941,0.11723857150452013,-0.9808365718440163,0.7538467889235262,0.013619425442461117
-0.03922899912415502,-0.22550235025059337,-1.0519303565720797,-1.2075394175759533,0.011085213767195356
-0.1018027377801948,-0.2466017544465809,0.5767044792944587,-0.44984582748025737,-0.010507809767011017
-0.7291986622522155,-1.5599473937981123,-0.8889404216025544,0.4873557079540806,0.0055384176570920755
0.2885976116157087,-0.15963521926331092,0.04736477720697249,1.3578209296697419,-0.0060517331404112895
1.3067257011942868,0.7559208562967569,1.3711139838441175,0.3655459598437112,-0.017027644757687428
1.1150481942900068,0.455931459375246,0.2790392432177937,0.13268443526030899,-0.00255319578387403
-1.0221022612284585,-0.5821490904078738,-0.47277167617577914,-0.8996107666023087,-0.01196543415568517
0.27024698223085103,-0.4243138290421079,-0.30678469223580845,-1.821181025329339,0.01794604361435141
-0.6089419293549744,-0.3500268015260659,-0.4950580904890782,-1.763075029221803,0.006792095751149567
0.7457327977870654,-0.18768666113192972,-0.6664462083644879,-2.291777092475828,-0.004477028228293983
0.28887256476048406,0.515993850309963,0.866049259883042,1.1909918944474698,-0.017873786756299803
-0.8799864427465725,0.7040480306097923,0.5070543623700962,-1.0316607440569001,-0.004651852697730944
0.14052187530125965,0.44046231953216536,0.5492229638363191,-0.6272841195597065,0.00776395798832942
-0.47592855688616265,-0.08965639534078755,0.5779900060058196,0.24353127252928047,0.000795718170712011
-1.5045864205665398,-2.708221619762494,1.7296817278273515,1.6632451788039626,0.0033200291752998046
0.26402870367986625,0.3253712381562974,0.23111067431753377,1.587513139554317,0.002827317606028236
0.6243337655777936,1.2071394997749458,-1.5492744905168079,-0.2392449910449508,0.020704533350158517
0.5746367709128697,-1.4181422917196946,-0.3421466426474974,-0.29520088305321784,-0.011655988046674719
0.08429072882248992,0.05123040025085835,-0.8195038273248905,-0.5702461629026794,-0.0172081034972758
2.132200060360557,0.46660716234300315,0.5273103725327961,-0.22104043985453747,-0.004616745168213069
-2.0377442622380193,2.2416185429312123,0.24088897956566124,0.2749811677152481,-0.0038953177414761692
1.554701624462489,-0.28734314349031925,-0.6097730676681778,0.7929025756843918,-0.011584940659493892
-1.790098004766206,-0.7664930615950553,0.48714282947087006,-0.2975146736253743,-0.0006163974669499772
-0.6038978806683197,-2.1827268845200574,0.45060637033667433,-0.7747719621931708,0.020678234788896376
0.468985058396612,0.6761907042899448,-1.785574395598763,0.417586398206554,0.004920020999739114
-0.1729870044318847,1.1394322919985835,-0.9238495984948838,-1.6524824417510162,-0.0038968059325918754
0.5777172350734704,-0.013253142199509982,-2.118215484510665,0.5707498948664398,0.007883786916744618
1.3310478873138463,-0.3546637208961791,-1.3014287354220613,-0.4483344194916445,-0.0030490360532961346
0.16965381346807923,1.5613344224032661,1.7223740427139995,2.0114331182464644,0.007333481763824087
-0.5636684417395416,-0.09068044208693171,-0.6009473067682023,0.4963318951336055,0.01069883781043855
2.127882909401213,0.5305344085360226,-1.364369115823486,1.2720708840700699,0.004578683903721072
-0.1426784449499817,-0.916956880466552,-0.6040449554796993,-0.36697646929415145,0.009110077845089794
-0.24026053367061642,-0.2730547405344605,-0.19691559482827772,-1.4572979125451542,-0.002787579230048635
-2.4373834521534334,-0.48415758055437325,-1.2468724996346154,1.78575174190567,-0.009697937619974697
0.5166424510315184,1.104047753345126,-0.5778385389880774,1.1119404242846582,0.0077221741737885305
-2.749347142209507,-1.4738662433485266,0.7195877068271083,-1.7292941120631413,0.004421362810022094
0.5139663312999554,-0.14109813461701282,-0.368422020288313,-0.21937636901541566,0.012873211548253036
0.43208339299435444,-0.17636036984707887,1.1654785064032616,-1.0433179294672592,-0.012166674611724231
-0.49867188582995203,-0.02554600997947405,-0.7002328578665719,-0.7112668391762844,0.0035581373189097943
0.7392335337813706,-1.5137260908152648,0.6670666770673314,0.16653194043043001,-0.0012436845315011514
1.1799036361454986,1.5893033833859236,-1.226522188739643,-1.5132981213913246,0.03070178902998549
-0.7319364442246334,0.8242808482448568,-1.1943831895880572,1.4710569897327173,0.0054001032927363905
-0.4622921591373824,-0.36961717966030644,-2.021655030934809,-0.047008433602081484,-0.005257937005063925
-1.2518882893748644,0.4692232229041234,-0.598178169646382,0.404372328383666,0.0024484782283527677
0.48258327859337774,0.0047206496659292045,-0.2832698214889469,-0.7439948110892372,0.003256008992181693
-0.02646304864181424,-0.18591552189356483,-0.6592027070422577,0.008748746880319729,-0.000636938767059449
0.04384338358346612,-0.742633479719276,2.131536587224761,-1.2203895683665034,0.006941365489020958
-0.3589749272584616,-0.6604783202919092,-0.8171467361192802,0.8739902040855713,-0.014127757825395023
-2.3679467556455425,0.37030651510006335,-0.6142250933347886,-0.3880557904523523,0.0009033328681784668
0.6524540549999347,1.1426310488510656,1.00243025962936,-0.43318390658877676,0.013601065859052188
0.012197402020894017,0.5498538559873133,-0.8121940785036257,-1.2396312878181828,-0.0002304314437389923
1.0858840439505768,0.3461347756718667,0.4151113452515682,0.6235409537572325,-0.010240085439402274
-0.06483503115142575,0.45157724477870287,-0.006446782821765412,0.0835963673276644,0.005562167635707762
-0.6669622538683426,0.24936606717985038,0.05576905939975969,0.039359102079241884,-0.006209400310262635
0.4658908869406596,-0.3211059798534688,-0.3611790237781877,-1.328946955977622,-0.005681455719805911
-1.58188904699675,-0.06501914620307027,1.0705598423379517,1.199815200543165,-0.007860737720843126
0.38267365239328394,0.921267632461753,0.8050361413411063,-0.9070871273171358,-0.01164871414650154
1.517782681929679,-0.36258814922324883,-2.149643009293359,-0.3904738790096287,0.020768103451854626
-1.4216656917752457,-0.35753278038392683,0.08151427995832757,0.3945178460923175,0.011327776929803416
0.5318380385046195,0.39026023895880707,-1.3157081289371388,0.34451595536480445,-0.005235406707201688
1.9084566456380168,-0.29314061895202986,-2.2351572153217742,-0.1531205587215318,0.02417685209199167
-2.4336050621626386,1.6415491969487728,1.6811793428579567,-1.0345284680246378,-0.025065914961450483
0.7950131192137256,1.3510335490630845,-1.4380782692324217,0.39096188361431045,0.015350129681800896
-1.015123874922603,1.2943141380274712,0.0046279543013802845,-0.617869627506043,0.007826813674076883
0.22714671342087653,-0.045994530475723897,0.7955321641353197,0.18989015054109382,-0.011641796149036626
-0.7281274551840006,-0.353302274202089,-0.11954523399031776,0.0045516274839156635,0.011161212429127834
1.0526009339974343,-1.8744834722686974,0.04807080407265206,-1.3273850801663998,-0.004457994760371941
0.7212980255924575,-0.3283373646717969,0.5966818307641419,0.006705075424170827,-0.0018120125623481836
-0.5416999267140363,0.845226729054372,1.9000068394308987,-1.4363295298065653,-0.027349955003407957
0.6626003258528586,1.2032555743072562,0.41038581440146116,0.27865665684187774,0.010066572690826028
-0.46182246307504965,0.3572936444119436,0.2545748917947552,1.8140984125853323,0.0041933605673080835
-1.9773780800556795,1.4429661400053087,0.4984295781862503,-0.15981227641113097,-0.021133608778897126
0.5054455731049912,-0.9334680989818496,-1.414736906872826,2.0436556405065893,0.013777802875010209
-2.071028979067783,-0.5891454877113529,-0.36044814082533044,-0.37786440888742273,-0.005425879373025539
0.8617903683697552,-0.11426826810583791,-0.945052419590637,-1.1962450844647747,0.016341234752399823
-0.6680658587529288,1.7850387220039448,-0.5627916413105998,0.34308232566704017,-0.006516065293857606
-0.39868652029404367,1.4490159807635448,-0.04974138236875153,0.06268451745524242,0.006025435288979879
-0.313665316511488,0.2024029126148415,1.4511735617512815,-0.9689371665529681,-0.013890950349542984
0.07186081427902015,0.6494625450370939,1.7056421608367125,0.028280571163182045,-6.308456947271132e-05
1.112134781719562,0.523024780221986,-0.6650556433256842,0.8771119651125053,0.0266181638832661
0.3767407509281369,1.718662398249475,-0.8041476914598574,0.566259209141073,0.004570072666820514
0.014137104987109236,0.4527581469391637,1.0018222500490204,0.8707283333533086,0.009866468130651236
0.24598072573987428,0.672409047919632,0.4622818825707475,-1.532683430338978,-0.002839835786806194
-1.8924726468458393,-0.775390652400166,-0.5102124318226297,1.0696064995146433,0.02001688681640444
-0.038178676023643734,1.4373242054560398,0.869249550270262,-0.5750796025321979,-0.013605901907508437
0.37639972597920174,0.8661547826550952,-0.8090921904425722,0.8065516938236592,0.014764429222314787
-0.40080779483749124,-0.6836280972522255,1.055348539071992,-0.2821695306037645,0.008671560213274511
0.8225967876049579,0.2358017274604374,-2.1874566428257136,-0.31854297692717803,0.0005442789882235729
-0.6862883541567223,0.9093242478379852,0.31632106980034513,0.8935932640542559,-0.00659710521411139
-0.3318964405810445,0.955397449890805,0.23936731094267938,0.01740320912249469,-0.007956973177876154
-0.6561660944438559,0.11332895300908495,0.5964477256101165,0.1276782770591421,0.0049917359975182665
0.3313989039880889,0.4269260376732929,-1.9225408917831743,-0.13257616053393428,0.015519287469330153
0.2511698149741138,-0.2619297267894667,-0.4120374896848595,0.26579693632441537,-0.0025263747525533214
-0.33400235086164104,1.5018984268351578,-0.7449720718028995,0.42480958898503346,0.00778387362810566
0.5133767750645422,1.4343087564719594,0.659044119963124,-1.9993014918098149,-0.00015712208096906218
0.9350052084884076,-0.3945678968402865,-1.2114727249731818,0.7404373010555569,-0.01329342960712289
0.5615214026435784,0.5407185239573722,1.022716810648912,-1.0112231354859749,-0.0003592302955940618
-0.7496838895794175,-0.3294776029020999,-2.136070828386844,0.6366394016531073,-0.01590815919600002
2.0508327220453153,1.2512067225756582,-0.4423717590139443,0.26460832784125665,0.021807232132179527
0.786330785355027,-1.0675140943039996,-0.9381597209546985,-0.29058487146040846,-0.0034390091446429476
-0.26346791001705894,0.3089287846255907,0.14270477661109257,-0.04644718509944705,-0.020813989554123162
0.5554258203426866,1.7528501097751679,-0.6139406410008893,1.0983790572669536,0.00021601865536687113
-0.14382807826830718,1.2700460686001998,-0.11568680901416266,1.8206460939644975,0.005509668764350486
0.18862896418994282,-0.1745710810466638,-1.0688713328359793,0.6157817064084953,0.0001528997002372117
0.5030539740548923,-0.4324592784003403,-0.4420613546048475,0.33158123306552,0.005506058354929313
0.982730289649119,-1.1426197970250616,-0.4874809432496124,-0.4706083034096358,-0.004764243729541815
1.113596244982604,0.10788906737380353,-1.1743550196226815,0.15688531915834303,0.012958525197443706
-0.24882000615880523,-1.160867064152121,0.16328116264412892,-0.31518869668240906,0.008708599635347775
0.3638466245213955,1.8586009083548944,-0.6377201593364118,-1.1488657613083948,0.017785721748309922
0.6987534060920728,0.4171706925833986,1.2650534260777289,0.8445038658505603,0.0006957928941881061
0.5673082217166603,-0.7984345913244426,-0.5606297695767012,1.3728726200052916,0.0034174290785544126
0.9565280294495876,-0.7180413090857692,1.05193378751184,1.3055825061742896,-0.005286395048154013
-0.6074654616002702,-2.2482130607692077,0.22499901030718122,1.2379518793084774,0.001174023764155669
0.23068607223905543,0.6219948416578241,0.3767925470672247,0.15558587586411923,0.009611636593358147
0.82070768592191,0.31909279021789283,1.4116782468680664,-0.2950925200177206,-0.005210920910555002
-1.369991511788219,-0.11542624660359745,-0.73918340772703,0.37049085806530374,0.009501406402524261
-0.05175309968700519,-0.28609558058719303,-0.11745742903612308,1.0238954370973636,-0.006884683344185837
0.260659029547802,1.3576873797872173,-1.5937211973923984,-1.1214619274419142,0.0061767545875982335
-1.9509079759081305,-1.4985078272499548,1.3156898211467125,0.7041752052372199,-0.008399781784355883
0.7983053865301167,0.9623024699284176,0.5199906739055395,0.7553430210165292,0.025839169631214392
0.9632864849156737,0.19129275476404006,-0.8183420121186936,-0.5418948591700466,0.007957379025343627
-0.5976497585175977,-2.127369617366807,0.8306374229574085,0.4971155644739298,-0.004243792459730744
1.62267432294275,0.9680611820781632,-0.9859781353654931,-0.44364403574605693,-0.013751442658385182
-0.37123635437135344,1.4493150793374163,1.190478493839915,-1.399485755722774,-0.004558662139095975
0.5086964801066041,1.2470060761158992,0.46678485461425373,0.44543986477769826,0.01757417204427372
-1.0160430279989519,-0.29869604986921106,0.46108243015719536,0.9741121056656699,-0.002638586506737311
-2.376141272541544,-1.2169619968634269,1.631013678620402,0.1385362289460676,-0.00036210159323923734
-1.5604853379653876,-0.38966786722769275,-1.5382876872820554,0.27374096721115904,-0.000745830584448071
-1.8013329753391996,-0.41087400094383303,-0.137813548791414,1.5304230879871612,-0.014614369284120396
1.252848589298846,0.4851649444796063,-0.03300078895938995,0.46937912767108675,0.014362800185186533
0.28391572728650144,-0.5769195790879887,1.644893408346005,0.8362657512914263,0.0074539565137917724
-0.9074825988265738,-0.15958282020650613,0.023199164955430892,-0.37490199403247865,0.01571803988702586
-0.562365337582634,0.22859454045053126,-0.3613075712489123,-0.5111324415588367,0.009954083590212316
1.089067818356233,-0.4590546772202926,0.12608355203536256,-1.080693768456517,-0.004153251014346948
0.35893476114940914,-0.20178728921622896,-0.1582031034839467,0.5777118211558225,0.01921434010861046
0.7992461336524215,0.20192317367170795,0.3211481906532712,-0.7291382566453104,-0.0014275634422431438
0.9682935854906894,0.33215760176252485,-0.3952332473124561,-0.11048124628623103,-0.003922372346296857
0.06547588743832816,-1.8423573801892388,0.36705941533584735,0.35363600935984196,-0.006212927270388432
-0.04081699723689512,0.26535532491878383,0.7140754287471759,-0.8430598430498382,-0.02335133067413933
0.8157993154729196,-0.2883936802846041,-0.957257234396846,-0.3596829443663101,-0.012345859217742262
-1.4166397302066278,-0.3611273848285656,1.6884145862922995,-0.35185867600945137,-0.0007453337750678547
-0.5153674796239807,0.2590115389800615,-2.0663065845485087,0.35970365951144545,0.005662010470140151
-1.2429270350293578,-0.7029247807028174,-0.8406063679079159,-0.37308424771617077,-0.016175916365043487
0.9410118517285828,-0.7365489535809997,1.570155822591134,0.5224842368913103,-0.0030942557093710387
1.1992570593702874,0.32369769225506523,-0.8045429071451279,1.4652493433952651,0.021848928023369362
0.3021989969220065,-0.6680298859503282,-1.0693200295201404,1.6174799652226248,0.011551590709804094
-0.728447803569467,1.4151736601160094,0.5121383765771691,0.7738895542463102,-0.00019202898844734948
-1.5055304814533135,0.9433873006136656,1.5083688584101154,0.3855693091474213,0.005278103520491833
0.2967563159759067,0.07614702650493628,1.687316390083902,0.4404125249626669,-0.0024702589207377073
-1.6384084632787443,-0.9201897926016979,1.1428625760591258,-1.2735036071999295,0.0030779230232865985
0.8898348730426469,-0.4027986180304637,0.35929855821471834,-0.227150388843168,0.014152337066511325
1.1474575168729544,0.054302773592463466,0.3300852141659594,-0.09966257812803504,-0.008405972650504866
-0.03177148408787481,-1.3219877469318002,0.43577473960618723,1.0111432487204,-0.0018165968184654321
-1.033209876336038,0.08770473015305914,0.30931323796977406,-0.8220782708850988,-0.01237047296805899
-1.3233817472532885,-0.4400656560364573,0.38188795693865885,1.5148692996325295,0.010544403783453634
-0.15383306746334452,1.4098256376257507,0.021493827953581093,-1.15085118180894,0.006509902920843284
0.714784268997786,0.7076136770582451,0.9072993899038426,-0.3663563512131225,-0.0021480629551570716
-0.7680737314189161,-1.555725901596341,1.3670004024362608,-1.281564015373867,0.018525522975963632
0.34370913283831306,-0.1265808316284515,-0.17522656148008656,1.0815624976358706,0.005340860054930771
0.865491302323515,-0.9642208453342684,-1.8847742520219268,0.3375655487260069,-0.010781755173974584
1.9338711348886692,-0.27434012826342813,1.6707465846992693,1.017193064470461,0.009541932576408523
1.4793436292550326,-0.4094761314225936,-2.1232456286930654,-0.6965341508087564,-0.003606124595930191
-2.30517996169248,-0.5773976986464253,1.944599568463064,0.3691472865952284,-0.00406473959923035
-0.43832314733909644,-0.07231253245180072,-0.5860804626849292,-0.3363213183427649,0.01964060340901125
-0.7813356411305554,-0.40005456504150644,-0.16708205792120048,-0.6471918381665704,-0.007778081694712896
0.5900450544168947,-0.25874918236472894,1.4848257043970003,-0.8774361724504265,-0.008040066356746568
-0.22247115632766737,1.4399952063280277,0.39800210308543393,0.6116482701065562,1.2599538488844517e-05
0.9151274010289385,0.43182722664973544,0.2218443448200031,1.5662776780760639,0.002949949189235403
-1.453104503316622,-1.5895485690259743,-0.3955434286185386,0.939689940241233,0.0222152086119346
-0.7080880227234609,1.3536375307717523,0.3608626243281189,-0.285967411430914,-0.020690850075397976
-1.0750020862639926,0.8457135838082128,0.808618131638785,0.06948621595586227,-0.0028316639131533107
1.1731298238306072,-0.5234540552182418,0.6356903226539303,-0.11719047421604918,0.007658598447896147
-2.4848963414926937,-0.5187485582823776,-0.15526387147779566,1.5194759660457304,0.017193105796525342
0.5219300933431176,1.4484027937079658,-0.0367102949803981,1.0831336009640693,-0.018035474081657475
-0.4795704946541878,-1.894021432250146,-1.3457772545984434,0.15987587902935535,0.0060314674088582446
-0.04779652207142689,-0.2705806419471002,0.7272014773950903,1.2651671104015905,0.015129954236396521
1.9781952765628303,-0.48311421154576883,-0.4828631034116131,1.4779420790385986,0.01792223962681376
0.8126094531579785,0.05847706409623466,-0.7675087898654934,0.3842018656342116,0.010988873689277166
-0.7793943857373966,1.2244011971484794,0.34948707688937847,0.7022157953796647,-0.00626191985268041
-0.18896006467189275,-0.694035012564196,0.7042873318682304,-0.632869374885504,-0.004050265759979389
-0.1169606087549038,2.0231449435028015,-1.4522924053245578,0.10050766314087017,-0.028670158506159168
0.297657539508637,-0.2565323861161183,0.2236802662167236,-0.15572782354941986,0.003119186431684357
-0.2653769668696209,-0.47819458861119696,-0.04079616794424986,-1.7622619923979228,-0.0023868302170309743
-0.17668742571561716,1.168540619156123,-0.750561616421513,3.2711352792035684,0.021364858116271018
0.6967831064538661,1.9374261595244604,-1.0465367650388555,0.4037230279652532,-0.0007885302879366805
-0.6093866579930746,1.4827147347615408,1.0403430104569624,0.2604072690300209,-0.01261568020928347
-0.3646761288171418,-0.5261002419226865,0.3275466974459073,-1.4661187201578512,0.0003270740126029597
0.37703385438711107,0.236953536508315,-1.473446448214521,0.6904320899703299,0.005712230338427423
0.8411879429072342,2.398978177901467,0.5522498725958626,-2.5547498186692708,-0.0003666609914077237
-1.0060416935687893,1.1859986613268818,-1.5540739513534618,0.834094912543703,0.007185342839647939
-0.8238928015683772,0.301442405136457,0.4232873664126101,-0.34507206986020955,-0.00687067993947321
0.635060676128892,0.0017304871990121277,0.48869850489641453,1.2321260937718204,-0.0012051854108691721
0.25001860056590264,-0.7971675165029287,-0.7527110301169897,1.6125039692412126,-0.005181737030229039
0.1890849909444734,1.7529975175659784,1.1009906955630182,-0.9716761444957943,-0.01756322444132628
-3.3908702908707355,1.006297023979116,1.4441714899764702,-0.710104030223216,-0.01900007253180458
-0.7547991736928921,0.13189033259250352,0.7094989923517968,1.651243032903697,-0.0010907329110608948
-0.35162269532831086,0.42300224195547476,0.05432114608366879,-0.32244555690796556,-0.017530705371834484
-0.4968444868231456,-0.39342139057167563,-0.2276214570575687,-0.1458070804557275,0.012266358303664182
0.8243512956831217,0.9250344757634242,1.4326295676402647,1.123704723488664,-0.0018001655053660607
0.6368577918906227,0.25039489751540545,0.8046388983050871,-0.3067172787671005,-0.011977318593693354
0.43889647127796205,0.6395209287242724,-0.012948888296266173,0.09678637455956944,-0.006152278754528385
0.8413122490520673,-1.535252505296555,-0.31302474291603427,-0.06382933465539337,-0.011065938645043271
0.5577475620160002,0.020853623444105348,-0.46617154061929184,0.2196063539727408,0.0020437807409344096
0.13074945080132605,0.8465407321085434,0.3424362926715756,0.03740285833335406,-0.004475897560688125
-0.9742456962761591,1.155963945028464,1.085780000707773,-2.0835702761702666,-0.006664128789380577
-0.4700846424155312,-1.6433203049362788,0.31740857873021394,0.3656895953481014,0.01791171655474355
-0.4901787737117316,-0.661053770559979,-0.08034708473114893,0.12682987381524502,-0.004281922752199761
0.3335865672231166,-0.500608208656594,0.05852037044032489,-0.6685029661917613,-0.004166555780910806
0.22528431838197874,-0.2228374317500807,0.9337779464613993,0.7102488123178011,-0.008558528212910243
-0.14260645736462724,0.34098237335688913,-0.3565597710606738,1.48221732157788,0.001999115296146265
-0.02945356360154046,0.8617744314061344,-0.5352828545564815,1.33288651271898,0.004354248254262814
-0.7251944091663728,0.6378993605639847,-0.7731913885790487,-1.434510869175621,0.003324454318632687
1.163577888796157,-1.343669791796471,0.48730769629040965,-0.9973269832902082,0.0006557287498153569
0.5247710869335978,-0.9972707806878196,-1.2809599318606797,-1.253324558997809,-0.01172294489274254
0.20735511752541408,-0.16972690362981546,-1.0189937903478905,0.91079545657815,-0.0031926476800288196
1.7977933904112255,0.030208773288394313,0.6755411788182593,0.19605238969574337,0.0005177627368241209
0.07629711829888199,-0.5631368798740936,0.4142509076805186,0.43102271190486646,0.01212594567428784
-1.3722159283431232,1.027939025242554,0.666583877285111,-1.3211612949886582,-0.017151029809722072
-0.17973918265262256,0.33783418398841164,-0.9664053286873154,2.11015496157593,0.0028107711431257626
1.2162299449497176,-0.5496093464683235,0.48272111043908317,0.4592918225383488,0.0025128340556714534
-0.20834524775447974,1.1487710752761784,-0.49873668251420167,-0.4258656028917449,0.007421079847887873
-1.0634009256583585,-0.41544893534242866,-0.7422111622799633,0.14293630285114853,0.005596515084865167
0.9336100580123942,0.1567139002299,0.13207340594107853,1.404307976223527,-0.0065735044729965724
1.0251372675881187,-0.14916248146369462,-0.7170677532973365,-0.0500670608905528,0.011701621045012996
0.4040181478963543,-1.2557561427166872,0.033828044464583706,-0.467736974236627,-0.01499212589710745
-1.3843897751573755,1.2515697661674776,-0.7651096508458703,-0.7614179612876554,-0.006573188331019662
0.7117879239126077,-0.35549946380059416,-2.156502892496103,-0.04302030097746715,0.0032595342368195966
0.8252254476523766,0.717688770260649,0.26127544688279364,0.18585061495220853,0.013013622087763693
-1.8325995354940845,-0.12738817091848822,0.5782241582237058,0.9935020486083207,-0.004933977404990523
1.5282632011822053,1.5077133218330288,-0.5526304490714226,0.43820853606699095,0.0062302869052151474
-1.4517051436395554,-0.869193083258365,1.6606449439153341,-1.23553863491664,-0.012085017598738312
1.6029410253449403,1.481510543042031,-0.3208392354422366,-1.230641491610486,0.007058402298559015
1.4248487899424078,1.144641814097955,-1.0015069084089747,0.14581967306982554,0.02413246692224013
0.7204452472431924,0.33121574134742604,0.563609404286979,0.8046439104268156,0.0012746377809690916
-0.6536834385323693,-0.8701397441033305,-0.8431752268254084,0.3797138091928523,-0.008026279584296242
1.6651616211699543,1.3779045809087453,-1.3841773767136747,-1.8785275622775213,-0.00015864798823135226
3.2945451892596496,1.070383227250548,0.5737284535672192,0.789006216130898,0.006009238843542658
-1.3295436779386507,-0.26794426032197177,-0.7284934095327783,-0.844033554759477,0.0010548840258423175
-0.20062068444541942,0.8201778616525341,-0.5418528314726414,-0.5856822216076167,0.008024671644965923
-0.6022488762837621,1.2676595250165874,0.29354694148954036,0.2759872650780872,0.00652323811998478
-0.9050729675032191,-1.1011748541413557,0.6633292566684242,0.5115474745027697,0.002379270720898026
0.47514779781183003,-0.6210148696780886,1.0502123934333785,1.0278034175589525,0.0036883253816594975
-0.127988346946036,0.54309977378222,-1.9008590114726311,-0.48723918775504405,0.016520482955677186
0.8397166226893366,-0.16855767318752543,-1.5005910484430802,-1.6452085760127468,-0.01700455223327023
1.429508065834626,0.8846105094078519,0.37460004711772976,-0.8002860946357695,0.0032141919704062557
0.35470446854130677,-0.13089412890849889,0.057059442629905796,0.28142270196478697,-0.007972920649906881
2.278187015695609,0.9114245358277401,-2.2481769839231607,2.289259460411657,0.006919389515004393
-1.5551120603482886,0.5417694519225728,0.6736738896991956,0.8688768501941407,0.0014940815928610593
-0.47077115577830925,0.9780176823431014,-1.0866203113528663,0.4890279321023446,0.015161962450207345
-0.07780943002174,1.0086075373766243,-0.8236672591427275,-0.7372788255597511,-0.013078065018752359
-0.8024972051252597,-0.07208693166410052,0.6563228538372854,0.17550683827694102,-0.013115756084275001
-1.7730120004871168,-0.45859011924242954,0.45195433704831145,-0.6954521011730982,0.012443061653773024
0.5720021504839042,-0.26055750205654726,1.1098100402191595,0.1362666192252328,0.014331520384475271
-0.9979390373420187,0.4656916496462035,0.34822247189027605,-0.5281136950901643,-0.007446237147841126
-0.6678787859114362,0.18241750219646974,1.2649401128266335,1.1528782805215114,-0.009969218850663654
-0.1548011935733037,0.4216203833050576,-1.9248265442864256,0.12315595875464173,0.00474507832203907
-1.004652872138415,1.271148273599344,0.32235146191247704,-1.3152114059327906,-0.001046919845111109
-1.253783769349861,-0.29747685249773503,-0.6774797288088182,1.3985425702468144,0.003185006987733795
-0.6190969678000966,-0.2519617686869128,0.19055810761197076,0.4183149299313324,0.004805946494070813
2.2509598522728713,0.8705678585252922,-0.20994308909575937,1.0168349242808636,0.011266732889619295
0.34742811002140955,-1.4883115431950649,-0.24232208931592736,-0.6188910315441549,0.006887727176253617
0.41220095490793884,-1.4184554341570283,0.6798524845464303,0.817692282412644,-0.01106789014330767
1.498519337295416,-1.8523958497888937,-0.25847961357111704,0.21529732086155678,-0.0039821944038745975
-0.7138749510382025,0.1259955285223879,0.4563892098686291,0.08774368052713644,0.0032749261423291316
0.3552529635614645,0.5842894246612663,0.7042026164516173,-0.021441467902651615,-0.0018364750586481278
0.2702673868948397,-0.6756998103126998,0.9080524260307979,1.7435137791154838,-0.009528691402278864
-1.8742697595258735,-1.3971404424516365,0.360393962977557,1.3350624535420699,0.027361089109738897
0.585224878619839,-0.29134305575885855,-0.17658627010970526,0.2697261688278805,-0.004112847579508854
1.0161637348682058,-0.5843553475960253,-1.3002723230750555,-0.16291097196076978,0.011633386719395419
0.5880597355415772,1.0136984535182536,0.0192105966092601,0.49451412870994166,0.021333912093192634
-1.4766278197273184,-1.4236961243415471,0.8788824747971425,1.1561172465466611,0.0031983571110148334
1.4084178458322607,0.6739123439888952,0.10320997811776228,-0.05377402570380853,0.010166218116784056
-0.26942362106976536,-0.7968636367063141,-0.09742676115066617,-0.6506284336136824,-0.014269208276426235
1.7021313035847356,-1.142682895896505,0.14486657435885242,0.7784022643377044,-0.019817049928637327
1.5047400376689355,0.5948532741573556,-0.4669011317553679,1.4422130082967435,0.024739794025106558
0.8429456382384936,0.4980142841192427,0.023299145560263378,-1.493854728118848,-0.013363471847774259
0.1552082200553965,0.5893723384324634,0.5022887009176448,0.31973537448687755,-0.016041018362174857
0.42021560433764926,1.4566130796330026,0.6559802205329935,0.7038822723810962,0.006797348680991241
-0.04837603544206164,0.4260267473470369,1.5906103306730348,1.5703074899958802,0.012825198558844397
-0.13097046437983292,-1.3060594631378024,1.226131698335202,-2.1082473164561772,-0.0058989637408885034
0.22421574557277424,-0.33593777482602166,-1.0199592123800847,0.563887350923085,-0.007155654702194496
-0.5808120570295191,-0.144434175758041,-0.4468170643680326,0.0140972437604972,0.007617897391369064
-0.12101032339027967,1.0604870719536517,-0.7195762311685194,-0.9601041045704125,-0.014690295712360184
-1.025652073966297,1.039573502093292,0.5241519955351376,0.5645587656824922,-0.004388217753531055
0.015715102242880676,0.13701175295028686,-0.22519803755828355,0.2540967097977438,-0.004189840298909236
0.8514161784359073,0.9521106276203752,0.7073290644561304,0.3444447517917007,0.024131700333789655
0.5873656010003033,-0.9206952098508123,0.7084952210353047,0.6456704058928656,-0.0018923550557667982
0.9802492958541598,0.26093177098440457,-1.2054424041214757,0.2829175148360514,0.013792787526823367
0.8426393368845835,1.7617561372739687,0.7911622533085174,-0.7013392546436086,0.010727046124221705
-0.5522566495690048,-0.9353554280683077,-1.4659587856330483,0.4003053331702605,0.013195622398747912
0.4343312858420737,-0.09035240778061131,-0.9802059518120965,-1.3949360498711783,-0.007372081731356639
-0.842767275765444,0.7601381459048802,0.4563623131387143,-0.5498471395946515,0.0033886854592794194
-1.3415770045889053,0.14821692628111036,-0.45553712400786756,-0.6191982979290906,-0.0034132861314742345
2.003094918536796,0.0005716635199480369,-0.8565446902017629,-1.1984987652186754,0.028853110040594352
-1.9743574324352131,0.021664030050790768,-1.0702746652073456,0.4994955241685022,0.01150295029697464
0.6050660125507519,-0.4597255313632371,0.6302227362264287,-0.7465232413445432,-0.0036645661694068767
1.1565032701398654,-0.8140028607352546,0.5577099145589437,-0.7777730503596979,0.002285746680781315
1.2679564399191396,-1.2231888127527106,-1.3698254230400324,-0.22664812493633002,-0.017916263530668095
1.076995433571089,0.007091650412902577,0.5700445218335478,0.7861413247701011,-0.0010991088259650202
-0.5985868135422403,0.5209865559767224,-0.5377953801910316,-1.825391747634395,0.004389624647903503
-0.31346610174451556,0.22479504530027217,0.3869401352703142,-0.6340076835642608,0.001837257543547829
0.12832048763164644,-0.9701363654069076,0.7849092893666044,0.34985009638940073,0.0010197469050182866
0.8366546077300987,-0.11811450400261449,0.4134141691906924,1.3982325767593953,-0.004545046444983462
-0.05577367654068343,0.8941728295440672,-0.48037347540610087,-1.9571857094105853,-0.005635401558642314
0.35583913469833894,0.17866313965881894,0.02004637784043729,-1.6348122376830716,0.01142698426017363
0.9520375074485681,-0.48244487031339095,0.11547697978646218,0.41194189162337763,-0.0008591657850405003
-0.4255687778728984,0.5356624109480466,-0.4296029638534181,0.3109150859242192,-0.004368189187453607
1.4338017660502451,-2.2192772860005703,-0.37430564098876945,-2.1071414836381086,-0.009987316876001486
-0.7373894215298116,-1.4715448591244635,0.09125455150834352,1.899521239380731,-0.0017583392133452844
0.20839496421753276,1.0015034920091237,-1.0460841882682357,-0.13560084176131865,-0.0015495171491380212
-0.6017726358253719,0.8922316415944015,-0.9562174232549452,1.8318196111267209,0.009840206367796691
0.6677511215968043,0.5935516176999269,0.3055472827085197,1.444632128866446,0.0011849643532169517
-0.20198338953337822,-0.4386996658003838,0.951884489282278,1.272977955908289,0.008747131842886433
2.3934251829448185,0.2537595166684134,0.12183454839136709,-0.6809606263991251,0.01510540126943129
-1.0565400587917828,-0.5059218329849094,-0.73276755134116,1.315987750065634,0.005578166563907298
-1.049935134240755,0.735398015628914,1.5559140163738643,-0.14232582424212573,0.00854162782083206
0.27621127712307847,1.879225048820111,-0.32462115958420334,-1.098212611395565,0.004272580024919077
0.6705794956265116,-0.23705933045259156,-0.8234673981373899,-0.5849409221962586,0.005852337469549464
1.4957497512090299,-1.089506638199297,0.7460114878610461,-1.2567653284847453,-0.014185570432485542
-1.0258190698248966,1.4674826614603758,1.3483002396720798,1.03229265030022,-0.003791659864055909
0.037269317240441906,-0.7617901487695455,-0.027619619930697472,-0.2990982803288845,-0.001219921856517455
-0.7880388326473209,-0.33738091337628967,1.1844215682608148,-0.3633239853695083,0.013155233657227679
-0.12593243571583299,1.6292449461766363,-0.20120853247430337,0.8663113869797106,-0.0008933021347662718
0.5361052782377933,-1.00984012101665,0.2521831747245171,0.11836187867007297,-0.0039370686477529625
1.4991212967964178,0.050259548672363596,-0.5340636987000059,-0.97701474437774,-0.006253347663939591
0.4258787544435067,-0.11151376129573276,0.3950633755831871,0.6117508766087453,-0.009408260830805457
0.4734778714997933,-0.19675688162014385,-1.0602387205189336,-1.0681674135580854,0.00862100784224085
-0.90951300086814,-1.0441343745125666,-0.790691239939285,-1.5320091305494548,0.004244983633267325
-0.667527158078157,-2.085592042171622,-0.8827430135281111,0.6003095745618233,0.011908334970221908
-0.2660752140508109,-1.0609544278309755,0.7550441781087993,-0.3813563787702033,-0.010564656171703695
-0.48789844947421007,0.01828878607262821,-1.441301232419619,0.3440734805594408,0.018673358057180966
-0.36809868502882565,-1.4212800472300364,-0.9572653254462178,-0.9429877213336586,-0.0035246550034386467
0.6258620067848116,-0.9032901921303312,0.8083762184743732,0.16422971088442004,-0.0021354079827407575
-0.12054509529707745,-2.220165032039729,0.9121132298481359,0.8985081542832163,-0.012983202355780148
0.9722347406843062,-0.777212454279087,-0.7003210566244062,0.5796073522748931,-0.01971808885763226
0.07618314110667503,-1.15359133192695,0.021023935003225157,-1.2560553124542337,-0.008147224107773198
0.8144451600403239,-1.203064834406754,0.8227281538410444,-1.4570889004110248,0.0047188681533161594
-0.054809331932371454,-0.9598283524324686,-0.13761592849586507,0.28467644803749476,-0.010353136332140123
-0.2588150885325085,-0.008391522541325542,-0.7378883323659731,0.6892799181872213,0.012112183461134969
-1.297153583905303,-0.7710066296877576,-0.2222434098874133,-1.3393128211505276,0.006658491562353206
-1.2896212180277211,-1.5783981435100738,-0.5963618425571697,-0.07049139294773185,0.007646669400858745
0.5976520843580272,0.5059902071709064,-0.0273476592602213,0.5488244004730963,-0.009118709964796462
-0.6419467356938644,0.7106216976380537,0.12086566446490712,-1.0575362299287627,-0.017747044442994086
-0.44726613922570796,1.0200002375599582,-0.6901657087599553,0.5589581431327713,0.021832117022639243
1.495685889805819,0.0880158491850827,1.6409193764121133,-0.16487669768039837,-0.009699351393281902
1.0108273406383324,-0.31636363276794266,-0.1616367485371574,0.2984513073474295,0.012869458902760153
-0.27058678639651373,-0.25476144801717554,-0.9943252622029667,-0.21988174823552478,0.014462460381040536
1.1260804468060126,0.4862185161416658,-0.28938494806441056,0.4347515943366421,0.0044833746567240545
-0.0855183827511643,-0.11650571892250157,-0.6934396157735945,0.22120920419720047,0.007739664062266194
-0.20068192143714733,-0.11623475630875134,-1.0312495108274375,1.1502615060045034,-0.008839932847139794
-0.6689534459161671,0.3314941326789573,0.6492358662961077,0.5715588217976647,0.003942862339142568
1.3329542076267145,0.9991594526585995,-0.8081670584742238,1.2007436574509678,0.018671729466313555
0.350145431062636,0.10575933046555787,-0.25152968829834743,1.0163717624036102,0.0021812428493294222
1.0871878720114299,-0.1849185840394954,-0.25891811865057823,-2.547789668142817,0.0016136041747017832
1.339545098158496,0.21615603277155984,0.5009515310691957,-0.19244008041497843,-0.0070837087175878045
-1.1338590801559245,-0.1354747021356751,-0.5379320507514271,1.1763865662880033,-0.003297697350940972
-0.9683742530609213,-0.20701344379600686,0.05027070110503613,0.04056610238410375,0.008154251055883627
0.2544960829444047,-1.1973865943096142,1.918749273618051,0.2214387760704591,-0.008753286149437824
-1.0206546695082186,-0.02508635860447396,1.9292337764128484,1.9596636255683488,0.00019242885445110635
1.5859126438832603,0.37784233507586445,0.9007613097008776,2.354714264267314,0.01430024517894929
-0.1555941008957777,0.04964384358593991,-0.2119129857703424,-0.46771517536747803,-0.007596403524450386
0.03648374681404007,0.07245247403307399,0.04203358134072746,-0.5548659659238979,-0.0011036300575343095
-1.191868804439415,0.7093324760907666,-0.9540978012173806,-0.11015665030210345,0.004721180900193016
-1.3761776049751784,0.7960469094730359,2.056196444477282,0.1635184425726356,-0.001914322825392589
0.1762884505070934,-0.028281015294773,-0.0512486297668827,0.6457566627346264,0.009445062078370134
-0.07334010105617676,1.0087158158116833,0.5512033979615945,1.4100234516647931,0.011581068932708825
-0.04701854507394817,-0.14289807262147491,-1.3092827398438442,-0.7007439577785528,-0.01083571454631087
-0.8208337223298298,-0.8100818419052513,1.0971131476938942,-0.32303377174051695,0.001830921474199469
0.44005485488696455,-0.5387348349901859,0.17607317102611292,-0.009718613765486038,-0.0031390518220778723
-0.32677248634371997,-1.0391267288021995,0.7014038278066141,0.26815779042583254,-0.000697203061362499
-1.4826433206917657,-0.025332245874175093,-1.1122939980407476,0.5040566055409477,0.0026500419033506774
0.08036075793664399,-1.35025849299542,-2.1860110588102954,0.2905959511368703,-2.6877567703340738e-05
-1.7085139135553222,-0.5717794871960054,-0.16453581486499866,1.3171063287255258,0.0038811588603593693
1.194757377721814,0.31644205497484074,-0.8015174290134471,0.04196739586955135,-0.015983255699781488
1.1164218417384761,-0.4547748840385419,-0.16197883211589406,-0.626041374238561,0.0006629126729786323
-0.11057870347067844,1.5298393081636492,-0.39477196490549465,1.2396636378489552,0.012770694941721998
2.163702651717253,-0.1201332344564614,-0.7287702575708863,0.5763001974986554,0.024721730535197398
0.9558235256250195,-0.34854339616083674,1.2556381640906529,-0.5381225069532025,0.008223202631259217
-0.8927051814193652,0.17610821808191018,-0.7399207130217196,-2.6481637858617333,0.015855351164409167
-0.44086395358503794,-0.5048700975213531,-0.4226181941874224,0.4039054465929408,0.018782536647262333
0.06523884404078277,-1.7125538181707685,-0.08961822822698962,0.7525974166742887,0.006901834707567285
-0.052890465506245356,0.6386386090473465,0.2757738885205333,-0.004900424477089675,0.01688591155896304
0.36930390668401714,-0.9940873517127632,-0.5047003441051447,1.0108142677900553,-0.009149538273726767
-0.5348939759776071,-0.9455571399198287,1.2268343705628684,2.6546409686283,-0.006509740457849578
0.668895117361712,0.4812909530411198,-0.28839987869232453,1.875329878852904,-0.0022660645909036645
-0.7055308868731301,-1.7525160119298684,0.22748495146117223,-0.4284272854507184,0.01259009205493685
-0.7810695653921073,0.22419064712676393,1.4525687033658266,1.506603054607316,0.003211112414363582
2.6073323834163196,0.18726513533724995,1.069806083233625,2.4695819524929696,-0.0018217132975912056
0.1604874548046784,0.35978115626777823,-0.05353062616967863,-0.3543946089358016,-0.014388508200604713
-3.143198233043334,-1.1426349591825198,0.13595492482811797,-0.11784258414576478,0.010831212283753049
0.25316449598835056,-0.5684624542899144,-0.14830487812621138,0.29492585525147497,-0.0038573721814250833
0.16638159425115429,2.1274829847693946,0.10552300783377737,0.8216743416644865,-0.013552196425469173
-0.3314560467051665,-1.6459239280156341,0.06928231865244759,1.1019461804653121,0.004515625372531865
1.3139661572766237,2.499304455823562,0.24596378199164962,0.3403627319568424,0.010681136874451037
-1.9470760601800596,1.6073193144810702,0.04284423370545511,0.8245011819670692,-0.006498786333719969
-1.2884030794407655,-0.6483883178124827,0.13541060608368993,0.937357360902017,0.0013214286653007103
-1.5138926789828524,-0.03754349873997227,0.17165379001892556,0.7507877001113824,-0.00938372493319095
-0.9472769256044389,-0.20978117826930484,-0.251257786567201,1.0084260268451113,0.0058260101470589964
0.951428728895721,-0.975066552482877,1.2131466780407967,-0.029033065713402872,0.0033150468434612196
0.2026532050633435,-0.03701329951157094,1.216544513563033,-0.10409102446472926,-0.0007624473322682419
0.1403942116763757,1.668809975815392,-1.2129668973157661,-0.1023817142702038,0.004708344365400534
-0.5749033403428268,0.5912910204238943,-1.106458641456321,-1.1024871592014327,0.009457462863873379
-0.8268934480961246,-0.12341468074065685,2.3815544725286593,0.11121499129429561,-0.016957440526124773
1.9163567170854665,0.9020062609069348,-1.0683779608064987,-0.2625967322463852,0.029740328049461376
0.9726561142671439,1.408924885553083,0.394108907475318,0.12465093858196787,0.0051566660224125465
0.5603667488173784,2.264931411051672,-1.5192541603549548,-0.5878702827213983,0.010876135885024662
-0.9684831311206565,1.7484008887658031,-0.10171550273964397,0.15223452569189783,0.00013790328412437505
0.8092018049486022,-2.264482431109511,1.199075834854825,0.027054867450110317,-0.020806181916932974
0.019040584953506683,-1.346637093809413,0.22018658467628213,-0.4097130766013021,0.008954706275583705
-0.16789026165505558,-1.5980570862911345,-1.0493314308084152,0.3047801343442038,0.015304081458832833
0.8997878654432396,-1.2518270377387553,-0.44520659481501845,-1.3756861990233473,0.0006438978121802519
0.7397524109638399,0.9725427399224434,1.447827456092902,1.7276230949646239,-0.0029063561748111323
-0.12028661051965046,0.7131177697366716,-0.03594104284630512,0.23984110209829343,-0.008378351326666233
1.328324636503415,-0.9039779206544548,1.8083689112989614,-0.6972172769001304,-0.022473332543756497
-0.15984847018587348,-0.5976704427600519,-0.4498118460388387,0.20370320934262878,0.01852330264663765
-2.3884898469893048,-1.1681658870750016,1.594933923588571,-0.0006824326548258039,0.015841385151525965
-1.3476724899497106,-0.7015246250625975,0.2517458588969043,1.4050534347322121,0.0028241898185104282
0.39520940280845823,-0.9187271832167814,1.094244729920872,-0.8098406083311633,0.0007698467061586171
1.0355880400540258,0.567496404299048,0.36891026183403774,1.0203694728382593,0.001221378938149549
2.3782279425365602,0.6407957350056448,-0.8167541257463133,-0.9781920870646114,0.0052483181106517795
1.7419700400530795,-1.3274299421608493,-0.527591171901686,-0.4363197172434914,-0.004788000081980281
-0.7336762853848525,-0.2602120407352615,-0.2823517680239415,-1.3757747693749691,0.01576613341380403
0.5691982703021499,1.19979632119785,-1.7375862644844826,-0.46734816698618403,0.020779970437555643
-0.09603397406681627,-2.773153973984822,-1.3047165734968706,1.6576137821887793,0.020249806665964955
-0.9600468019331958,0.7987195789265771,-0.17561183938913794,-0.9617495167372613,-0.00853076906533845
0.9660652344983831,0.03534178409104508,-1.5334766167299145,-1.4201778171229171,0.007966644435640782
-0.8410689899391878,1.207562816967088,-0.3199775375950037,0.8397910263186409,-0.004823216161722495
-1.1210753369583624,-1.6367449468600412,0.5031942157014281,-0.12285878885769322,0.018503776016413422
0.10897131385930052,-1.0516900386674142,0.8551250323457932,1.122328312310779,-0.024443697455072397
2.6310382002808863,1.160994391078162,-0.7998471403599579,0.519441465092248,0.015047601594673603
-1.1471772885693332,0.6156504495841412,0.33295855864540835,1.5693969568924808,0.00913666784449074
0.24178815406331763,-0.2103892120985159,0.3816847630794397,0.1363409990887681,-0.007035324292453259
0.24510334163131678,-2.397390297153982,-1.1255074969859158,-0.7102425489523465,-0.000936813426785314
1.345879943953566,-0.5864437061812314,0.5262773687113398,1.056549738347068,-0.0011744422457894573
-0.17769669945776048,0.15889613909162403,-0.7626717514836512,1.8402360860288256,-0.00970707542583688
-0.6964226763492639,0.46051835192260954,0.8981370394791738,-0.9417724392078864,0.005926781699940636
1.3371075237212846,0.37258712349577394,-0.2718398310383689,1.3370846533442207,0.013655739245217707
-0.796416640529812,-0.20989788322563585,-1.332874205395067,0.39927555932450276,-0.0013221846906419882
-0.4734417662917817,-0.4253026871702032,-0.5092195404396621,-0.6011826855141932,0.02145527565159562
1.3841748234552531,-1.4960627943806808,0.44175713448167075,-0.5036983626021266,-0.02826269310796513
0.22863198301786528,1.2924623409489804,0.8095600271148707,0.2960719772493327,-0.004009084124857279
-1.306214753917128,2.366358368990577,1.5214058120212617,-0.7692811145198165,-0.0035716711904236146
2.3701931036020727,-0.44279639848222363,-1.0633192194162568,0.9868816095462563,-0.004292571785696528
1.423834240891758,-1.511349899044948,2.2894800936217563,1.8247121656004568,-0.0023298171988568508
0.04193104681464812,0.8182253795653343,-1.6631729918178295,-0.8165829625381037,0.011579801791482512
1.4673507550504716,-0.023974114045435826,-1.7765921040722463,-0.22354709312614646,0.005582447715430957
-0.28793921889184626,-1.7697707255776218,0.6797653224679439,0.34516493333698983,-0.013416160738994485
-2.9955528455015807,-1.077290559092112,0.8189074365529836,-1.372916397947998,0.016494108802826847
0.5342456910204632,2.459702773193672,-1.1952812034786702,-0.7765986455490635,0.0016258364722289281
-1.943005439175306,-1.1301943634081044,2.359462884041671,-0.345059989751517,0.007545740179499827
0.48654880997194655,0.1691823759433592,0.6646994573602952,-0.6782106350970754,0.001693723876741942
2.02139538741993,1.1342361327277437,0.020673689162461647,0.46304075886825946,0.011744249845267358
-1.2391836016852933,0.623244175783523,-1.0578741437878827,-1.5381371453286607,-0.0017720098800584924
0.7170717808503866,-0.04495362516226415,0.3997138878997771,0.28433720177226773,-0.01048040969508411
2.1803416267407796,-0.4158749482633384,-1.452979420313272,0.5895247488940314,-0.002830511053988794
-0.5866459397411384,0.11251416964563547,-1.617862914011848,0.6913699113427959,0.008192119586903898
0.17026499886286414,0.6777317669830556,0.42446932780197794,1.2268454345190156,0.01188171886151958
-0.15490782716058293,0.7871822700828014,-2.129743598213931,0.3463648226985534,-0.0027902669636067435
-0.32279085326826135,-0.08137132409578526,0.43506975780969126,-1.4086012134397794,-0.004537029319256344
0.4076761770669655,-0.6321622503836118,0.9493139947111403,0.6121018105833885,-0.01086004219568827
0.15506448984906857,0.6493030379538187,-0.5531458738058499,-0.8109341708294918,-0.01387719702660796
-0.41238776000452476,-0.09128914940224994,-0.7735513581035656,0.013403512891367066,-0.008419751972452665
-1.7292232518186645,0.1903537042603985,-0.9895088120519391,-0.39897066549468824,0.003387915154986357
0.17979705180373773,0.7008428169388958,-0.5482860923192536,0.7604740845008919,-0.006418914924574193
0.8670623035435844,-0.32069253947673265,-1.9101139571342136,0.11297478186560025,-0.017070277822364227
1.3428902750231855,0.6139332298768473,-1.9862898608247237,-0.22639014907220273,-0.00020680955785086063
-0.8322114049759041,0.7452287991967336,-1.1049433905278552,-0.5078272840891697,-0.008709346351421753
0.5295175278984104,-0.005789649050988127,-0.3315302808511629,0.6833357817592416,0.0072965226152017695
-0.6732389086168458,-2.1670664056974975,-0.3338035883786563,-0.9848651522923655,-0.0144980533156931
-0.4445115582757788,-2.0427877043786706,0.30433600400094046,-0.9471825242209655,-0.01678117296147408
0.34620632566463205,1.3536858884130318,-1.5622801901663288,2.401349847341264,0.023854107846054524
0.042020084488235,0.4261966956100437,0.33074102665391336,0.1953358220042125,-0.012785827104684828
2.2064131198134556,0.13359054658413197,-0.04700552251260638,-1.7680868085836736,-0.004284327683485212
1.230850213475105,-0.3050442790265451,1.24867264963982,0.6645701792874507,-0.0032422437132432562
0.6799868149643701,2.0609140500752976,-0.4251250172565269,0.4877283442025098,0.006820416476433948
-2.4655936622325068,-0.28639974751631897,-0.19138632133902292,1.3257908836080388,0.0018038171554569213
-2.192099862895015,-0.9843488721614139,0.30811724508381505,-0.017429945652787247,0.0023424610019821207
-0.634288152672718,-0.7327370885715069,-0.6607715009514962,-0.04470335257167532,-0.001595300855096495
1.479872799219752,0.7833773462130539,1.01942327876635,0.042878369572361436,-0.010328855256905255
-0.157376822191207,0.9306127223722297,1.337920476343137,-0.33875884540615325,-0.0015641060223746833
-1.9591717506688984,-1.4530984013764328,0.3675559650540985,0.5832946007049002,0.0069672945309904736
-0.1670722831314738,0.7781052641126981,-0.6936626119074857,0.5483941899492034,-0.0014936276455670312
-1.384699510417829,-0.516538674612261,0.6612592277163482,-1.3900457520363745,0.005980498041146386
-0.6320065172174778,0.2194025893286417,-0.38855226251672415,0.8179148284556699,1.4710277585472864e-05
-0.17843660473218312,1.3258014302179253,-1.660620117879423,-0.4183640832992956,-0.0032710902876331833
1.2333287039433907,-0.5466541089982139,1.3317381081599966,1.2471956264728545,-0.0029795124344128617
-1.6733525825734796,2.1748108231186953,0.11527365032919666,-0.20829210644721063,0.00015691444956911042
-0.702731094710034,-0.9514675050292282,-0.888396910016826,-0.8236147275512671,0.013480345455970525
-0.31896239626339407,0.7395709282269566,0.9432817780992833,0.799940040090761,0.0064701473384039965
0.2525604356536122,0.13775440179372953,-0.7776724474269993,-0.08941211871483103,-0.005106772229687057
-0.026716475811264625,0.7989276311841983,0.29515470434949986,0.24228887839700225,0.005003628077733095
-0.5481329836208568,0.4090691060124604,0.17410982300589128,-1.524685790577065,0.011743412639895002
0.1966693143059387,0.46023411101926814,-0.9804974049586949,-0.20211353682562988,-0.004957519142950303
-1.3821868882464463,-1.5071748019461637,-1.0065845925470227,0.3768316403933231,0.02220073160910519
0.09459317830115364,0.8908633963534055,0.15137108394204915,0.8895867286033512,0.012099915735871963
-0.007610700252942869,0.31852152761400415,-0.9823772182248919,0.6882730389076986,0.014138408760844311
0.8261037538707932,-0.10062241359958339,-3.2024361739427567,-0.1765345195420937,0.016025523531086553
0.5837956364890345,1.4710577831926048,-0.1717271388860853,0.12818168069510025,0.004864748363840913
-0.011131435909740283,0.7336593867571946,0.17036414125543242,-1.4085135792611525,0.0014865797580919965
-0.6716833191129482,-0.8307609337663769,-0.11810004360279223,-0.21643028843141512,0.006572015962128127
0.637576320564429,0.5907905922437832,-2.008340448957596,0.08476421700254866,0.01751727359656668
-0.3063922567548017,1.062309419511513,-1.4308986110691846,0.02162374076498347,-0.004004955101195153
-1.3209876985587772,0.30784730581567793,2.574852992088155,-0.42006242846599606,-0.016750660871074553
0.15925275625254653,-0.4576343595071503,0.41226364600372584,-0.20655329588542426,0.007800190162874714
0.7741561683468244,-0.8321782587713715,0.22506064767327433,-0.9610375769220829,-0.006673787427251441
-1.4382104225366519,-0.3836423792715638,0.4769613512319865,-0.935813171414089,-0.00425276543749936
-0.470858544706436,0.6496061124654546,-0.12548101249539687,-1.105006328747785,0.009952482317619775
2.7096634469561276,0.1459159205848051,-1.3834028424431173,-0.11033152355358239,-0.006845998317691732
-1.032802266283193,1.5247876772210356,0.5820841283868777,-0.15487774564302365,-0.013778958621171714
1.0311517454949717,0.2911928252885713,1.2026791298976833,-0.1812122584872867,0.002450089972528549
-0.46161366953671606,-0.21367023836382598,-0.3279938836683051,0.30509103707858093,0.007775033698470054
