date,STOCK_01,STOCK_02,STOCK_03,STOCK_04,STOCK_05,STOCK_06,STOCK_07,STOCK_08,STOCK_09,STOCK_10,STOCK_11,STOCK_12,STOCK_13,STOCK_14,STOCK_15,STOCK_16,STOCK_17,STOCK_18,STOCK_19,STOCK_20
2019-01-02,-0.011812665457415163,-0.011937187556976208,-0.022167333240046983,-0.021177895337868114,-0.026589007179806334,0.021212595074025835,0.005789448396365909,0.006791757810547589,0.022425163289767205,0.017499986534117353,0.00018957882942585128,-0.002865004961581467,-0.0026712687400310547,-0.0018668211134775141,0.000458033480568284,-0.021252118394401238,-0.0009765012968696255,-0.02435315800081624,-0.0044397121490025735,-0.015426887155477126
2019-01-03,0.010708163435868698,0.010689238989316029,0.008831164357677277,0.009065726518253244,0.01179507995957157,0.0080392657418114,-0.0192759555861132,-0.01512586633227361,0.0012726599911733717,-0.014496464113912779,0.003239927225390602,0.006126615310450251,0.008620150736832302,0.009240117090768716,0.008581995783713164,0.0009563430865328379,-0.001743889031962893,0.00613714235970958,0.01063927559166589,0.011017367366379774
2019-01-04,0.017186293427178555,0.016832509487517227,0.022828130689270865,0.012388101916442806,0.014392725105810557,0.011994779407318851,0.03926761779240304,0.01780981143307196,0.024378287505224524,0.023688774141461224,0.013830938927845544,0.014374713581063625,0.012702652206264715,0.01613578725519406,0.014846750308069536,-0.023747515649551094,-0.017907838778471415,-0.01467673832494482,-0.019668639471299217,-0.02628392620580979
2019-01-07,0.01215093730741896,0.0122584369156041,0.014964440372865139,0.0097345807488249,0.0094300424862914,-0.004060136272551185,-0.006852523489785548,-0.01800382044091878,-0.007299636032926261,-0.007958739867699717,0.0034498988645686288,0.0014887484212208583,0.009297680193725294,0.005774076028503854,-0.0010113247285058304,-0.0009776259846077755,-0.015635117520957583,-0.01631425339370514,0.0022986511925004874,-0.005425472085527489
2019-01-08,0.005179219470859714,0.005014796441960733,0.008866614255052647,0.004061587256760693,0.013244840408384726,-0.011544265494077062,-0.016680190852355142,-0.022874728064858876,-0.012839481092121872,-0.020862825761804444,0.009721336068235309,-0.0017182978264842566,0.007695275250957646,0.003470412577020855,-0.001802568085190651,0.01163982493883869,0.005984994979414128,0.0010158511096232143,0.012989915425010847,0.009190336066242286
2019-01-09,0.006415326401255807,0.007044475897109144,0.0007802336371926145,-0.006826164687458743,-0.009156411495277138,-0.0037613263624666354,-0.01085876325588583,-0.019405222171073523,-0.012877061478596779,-0.01804042921433274,-0.024235877104665,-0.0255635712781564,-0.01929259186860686,-0.01809923551203567,-0.026176628674453684,-0.01790375665224064,-0.028990291633676446,-0.03079361295245469,-0.01581916716862991,-0.024378818611255095
2019-01-10,0.00630870263900659,0.0062536981749036725,0.012962545737751506,0.008165595259531224,0.004673881403437652,0.004948136376996175,0.0018957009558041844,0.001404153470846273,0.00304018833786078,0.0007465686121129295,0.00711106402232694,0.0006396437347857939,0.009940681840561879,0.005897667161972711,0.0008760140198521566,0.006374347050878879,0.025748537752000738,0.016283028627816123,0.0211006888248143,0.014934779928486163
2019-01-11,0.008768836393824737,0.008828599603273094,0.008903814685698033,0.010075779414841245,0.015233589118446675,0.028870417599085336,0.005247855332825296,0.0011873608031295866,0.009458354730303088,0.025138072073317284,-0.004281054161269644,-0.0019551478217755083,-0.008736729435664862,-0.009928654866178523,-0.004972228737681486,-0.005277213857226857,-0.014880900438231998,0.002813251370297727,-0.004169053470507262,-0.0058505801365229355
2019-01-14,0.003018884554693535,0.003244449551540958,0.0013862637225891383,0.0063652252106468936,0.01708814922679873,-0.021399565543225443,0.0012692744961611063,-0.008498332482528868,0.009837747842767424,-0.00618233147924108,-0.004427570597468624,0.0008690492352233055,0.001320626907832576,-0.006291892255698179,-0.002212362272287969,-0.002426467312191406,-0.016941188504110822,-0.014479930302162968,0.00149760527230179,-0.0030907326686054866
2019-01-15,-0.020117032544083636,-0.019973460643129,-0.02002160124106109,-0.020126050955878824,-0.015716428874576666,-0.009438046999031374,-0.026143725206439296,-0.02848102083338759,-0.03101123810865051,-0.01752178790583834,-0.00913000408150084,-0.01468827021574312,-0.011676306981654434,-0.00739682993029947,-0.006375588785425228,-0.0020465705593780232,-0.006808200814242306,-0.0039029738853045568,-0.007969561673833208,0.004329106230116824
2019-01-16,-0.01650584717965733,-0.016314017833178256,-0.01907389711547195,-0.004279732365167675,-0.011306936394977691,0.014730169203676915,0.01620809081910103,0.014885558913705736,0.01456949086468913,0.016685794449128447,0.01693370561870429,0.014112401757614338,0.018936919274482954,0.01094785935481634,0.01413372793258261,0.020350438804059748,0.02336654914321354,0.02016571110377326,0.020836136687160542,0.020916537570950224
2019-01-17,0.004790817442074393,0.004898379302590609,0.005634446692098854,0.0031974413457757844,0.0019416855666622435,0.011390914342779591,0.012958756330600752,-0.003688306636953435,-0.0005059767085616217,0.002679764551678893,0.02314483517628596,0.021105983799357637,0.02122491742088789,0.022694636380731173,0.023670703032410784,0.018688277940009598,-0.0006425064188698524,0.0054783446034279365,0.005319591566701593,0.022420154638130976
2019-01-18,0.02459161879438664,0.024436294574021918,0.020455818174883227,0.017122779886168806,0.024336943744974193,0.01978680972825911,0.0038874882954726634,0.010044533472622075,-0.007292755116407447,0.005542351177565797,-0.0034596109922715446,0.0033811125807667306,0.0019613244848546026,-0.0017559875748660368,-0.005349163373278193,-0.027428899670064514,-0.01960009093996626,-0.020588849249509353,-0.021939569021087773,-0.025722610591937138
2019-01-21,-0.010357032109776159,-0.01065211731862162,-0.00429991233832059,0.0022840745496446094,-0.0073620186902732115,0.03571934171103437,0.03171365901727938,0.023574954280637987,0.013844812325347775,0.03228842984999453,-0.007939630138722955,-0.0034720747914305902,-0.004769618865015466,-0.010069334031661943,-0.011945956311989967,0.0078119101118001855,-0.0046699203921855255,0.009786426171486675,0.005090204955343334,0.0020922873611460583
2019-01-22,-0.01145883620497387,-0.011342332146229693,-0.01000709388773432,-0.0057162862514839015,-0.0008066154199514342,0.026010133816766284,0.015311379648654455,0.01502010594651267,0.01666648545419796,0.015617606500385864,0.0029995857719829276,0.004244850214410926,0.00046030869772168147,0.0009544685357999361,0.001212828769511923,0.019708384411977076,0.005493316337637401,0.0160471633922673,0.012923858467776706,0.007934419215293198
2019-01-23,0.001202391278229119,0.001355628356341828,-0.0026404808245621466,-0.0014693633845367124,-0.009990967477050448,0.04088777632205522,0.027516157733231596,6.11112902353063e-05,0.004252143454020412,0.02317482941074793,-0.011144252133388923,-0.0006680775318840665,-0.004235183972401482,-0.0024396682555023054,-0.0033840001694662534,-0.007598885570447833,-0.006005307058694459,-0.02633820133757118,-0.022444723723419133,-0.01732912512386588
2019-01-24,-0.006443593087202325,-0.006549177087333561,-0.006688263534279421,-0.008497336041396955,-0.0031763665210584194,0.007692400991399713,0.015832128300778188,0.010298181309643273,0.01269459064260463,0.013456028380892448,0.011817524845468478,0.008014420791151384,0.00839878582138692,0.004915592057022078,0.0038636824845587805,-0.008132096478750744,0.011723476384578742,-0.014655100608972578,-0.017574552708737944,-0.005503883812705938
2019-01-25,0.0051950431297603916,0.005181010270767164,0.007396488200733516,0.013809664331644688,0.0034567580427616465,0.016690049859879954,0.01770368012109197,0.004030511568712589,-0.002065268974347411,0.01149797464780662,0.010176862839211258,0.01492607978120818,0.021077405038027217,0.013043672344313301,0.014022029112342568,0.03641278855843879,0.027558027600705717,0.03880811531362803,0.02955840833485476,0.03634789398066749
2019-01-28,-0.0056377178867320875,-0.005998845401893714,0.0015044409222555555,-0.002714522076435564,-0.008770881082180737,0.01764703850607477,0.0013197191721842356,0.007934332281420566,-0.0011404233770150017,0.003384397149003999,0.001946990875028923,0.00024976448932972407,0.008956457018362203,0.0034969553685323595,0.004379631794336028,0.0015503586895507173,-0.009182814140776298,-0.013277426291427209,0.0017244353969007513,-0.015322690944727626
2019-01-29,0.0002685097771684789,0.00030147137674635654,-0.005204804779170577,-0.0061261998422815185,-0.0005839337454378076,0.03267728749447593,0.03521194196632167,0.03561854623431341,0.015959426491126704,0.027624971611475944,-0.012005806007136143,-0.0022151200850370244,-0.011822895407115298,-0.00643106842170003,-0.01933140470374016,-1.1596790536399365e-05,-0.005493898812174887,0.0013198495584912037,-0.006793223165935291,-0.014753485398360659
2019-01-30,-0.006938519903917134,-0.0068834073548019025,-0.010820999281241864,-0.012981304315815323,-0.0031999059784508974,0.008976630844008026,-0.0042691759303433805,-0.009727933037650642,-0.008694226572670808,-0.009982012901757615,0.01519578294877235,0.013351113455363993,0.012439116504992255,0.008916623404206877,0.012488255867659129,0.03973099977438071,0.02681986410181423,0.03387516301541309,0.02985371539659926,0.015397584051728636
2019-01-31,-0.002382885117652925,-0.0024936554145437136,-0.005765623295217395,-0.005175643028929938,0.0016634672695946184,-0.007819713554608074,-0.013050715533389115,-0.015524494893016256,-0.013465123883305402,-0.023596962897936728,-0.007694224134639304,-0.004212645654468314,-0.006118694048861764,-0.0028922939145496892,-0.005808660091505247,0.014804552282860827,0.015462419483722631,0.012601849991942188,0.019409737538097677,0.011709556471928667
2019-02-01,0.011874552499918036,0.011862195358972184,0.010779504587643872,0.017908530976276156,0.0052120970125217984,0.011800722634800845,0.019941930483705836,0.014785254883157347,0.018584223538751197,0.017398200712133625,0.019606353552747067,0.004853688913573994,0.004192451568995823,0.010322926671041304,0.008788161251186059,0.027233333967793944,0.021887744545950053,0.0513056984459812,0.03304185275341095,0.04418213154124252
2019-02-04,-0.004936108496365251,-0.005363900464662962,0.011038617475724646,0.009568450467958954,0.0029995780475222957,0.02917456764776868,0.02545634110663523,0.03180594788691669,0.03287171713587128,0.024496884449718426,-8.994560431488022e-05,-0.0026747770738001463,0.0037422196170541493,0.006467687360015772,-0.0009785302131979266,-0.00015379071696474333,0.007342785615135612,0.0004925125227281885,-0.0009112354639782131,0.0012291172163238489
2019-02-05,0.007431921670143127,0.007596924753688481,0.00051238987039347,0.00508290902486658,0.008833615482666568,-0.015386234112892602,-0.01740637370451563,-0.010748452271427728,-0.008095273893756822,-0.0174389815143377,-0.0005100470085165646,-0.002055245937929139,0.0041996001147726935,0.002028207699935933,0.0016467101268664744,0.0016291498890578613,-0.013756609767100303,-0.019496236198403363,-0.005601966323865751,-0.009415643041936712
2019-02-06,0.005007161765261893,0.005216672280037969,0.0008425253628155094,-0.005789599963405797,-0.0016334514131784977,0.0008344401712068387,0.022964360490106497,0.018016181441127908,0.028683897921349708,0.009039307991728677,0.0032022119091217097,0.00022966472157886068,0.005381649361169854,0.0008863589506802243,0.005591854749769449,-0.00987085920512102,0.000975040675291271,-0.007262035866621656,-0.0002501713424424129,0.00583907852881225
2019-02-07,-0.019935574048760025,-0.02037783584132262,-0.02143179019587023,-0.012341225424645066,-0.012489221379548533,-0.01698238816107754,-0.0323118849729697,-0.01296641387321897,-0.0125892298187237,-0.0241173748539689,-0.00029209105975354187,-0.004032423151661827,-0.009836887489478158,-0.004083975975530714,-0.01568214981353866,-0.006930065723495232,-0.010634277593733511,-0.01223333143963724,-0.005131488512798497,-0.005992549831331427
2019-02-08,-0.006507979732245298,-0.0065414156223658005,-0.0007028801724264966,-0.008528519659095318,0.0002498044619226702,0.04005717981688917,0.029808841042773183,0.03608180418729501,0.0157944651887285,0.03761644426599219,-0.01577241949762096,-0.013286503532681408,-0.010982501185728176,-0.011037123417309834,-0.009693535422735293,0.002272797624837385,-0.0001243914735181527,0.013832017227708817,0.015068906834349874,0.004792566192562741
2019-02-11,-0.012298779433798058,-0.01245314930059246,-0.01437775776210511,-0.005008289105938025,-0.0045052771682341855,0.03167143535712636,0.031017482437824137,0.05208234806720805,0.030956929728183927,0.039714405326530595,0.011381993929372666,0.010511398905029232,0.0028303651787548478,0.005235979127626229,0.004255658002183808,-0.018621585384789766,-0.015353126632763883,0.007711984684485761,-0.002366751210751933,-0.005315653738821488
2019-02-12,-0.02298546052049507,-0.02309334488197068,-0.01133872411364515,-0.015444991468279464,-0.019525716253461174,-0.01172010287860971,-0.009893836315886625,-0.005781012971463363,-0.015864381947772132,-0.00695270051437026,0.007854404274037018,-0.00962557055252291,0.0005703544142000017,0.0001534279602365601,-0.0005765429594314264,0.003728048189752409,0.0059346926968459526,0.016205717334000714,0.006197842084804062,0.020449910502968533
2019-02-13,-0.0011345319400570418,-0.001114531429658822,-0.005910755142706666,-0.011523581266623326,-0.007395430661200071,-0.0036798588767111215,-0.012807016985675712,-0.006282195851372964,0.009004124443720975,-0.0017751386007385976,-0.014058610716386595,-0.009572681258511503,-0.007146435674226029,-0.007331072081163458,-0.008878286948168434,-0.008320127295138266,-0.01152298654792197,-0.013314334015678981,-0.020318161513678167,-0.004453753304827465
2019-02-14,-0.0031003643070557346,-0.0031078437151852243,-0.017102985935721696,-0.0059738303120611775,-0.007106092808524021,0.0011851279672616779,0.00041758814658831233,-0.0009253701371172488,0.013983208392090983,0.009619655063104474,0.007547589472880114,0.008326149349274484,0.009156740637950717,0.00452128306649985,0.006336924979808226,-0.02263635756836192,-0.018065469894593882,-0.00583443130932325,-0.007892349089735028,-0.012779863758683294
2019-02-15,-0.01133204901590233,-0.011580722476361577,-0.008553737141204318,-0.00367568647331215,-0.001196969469850829,-0.015373385000139362,-0.02396762788144222,-0.024817973147594187,-0.01514462310956762,-0.007163857460182096,-0.00188889335793663,-0.003702050927912412,-0.004355714315625693,-0.01161616894298364,-0.011004484099967992,-0.023232368968922102,0.003392631389688542,-0.006129728363363265,-0.012076142220985775,-0.007025591049258949
2019-02-18,-0.008186055243078971,-0.008085274300644273,-0.005741345689392783,0.005392116530605222,-0.0061301680026758275,0.005485061135875631,-0.005935662709352882,0.011808788166171242,-0.005652731784145248,0.011791320738857877,0.0007556742905042999,-0.008415004347137541,-0.000536063016571162,-0.0008024885211953122,-0.011824131559045409,0.009243552071123576,-0.0029064052046864947,-0.014030241833165343,0.0009855911968470507,0.011357353415915653
2019-02-19,0.008619339719471526,0.008788999088775125,0.0003768238772528051,-0.0004745624025567719,0.008881126908481524,0.02390368155054487,0.005030793471916771,0.0362756386829677,0.02346602943134651,0.02773298413925619,0.0004352673719812448,-0.0034169652485372035,0.0021925841710676553,-0.0011688740314202122,0.006856810254552882,-0.02624860626520032,-0.016460257690094415,-0.03247053244045986,-0.02073344002446603,-0.04118417087101083
2019-02-20,-0.020171523561627557,-0.0201811135164967,-0.022869159229900682,-0.01592032317376431,-0.03360025336783025,-0.0026796021032650785,0.016300918062390618,-0.0008989881302816545,-0.0020826010087924385,-0.006615212731407927,0.022383263481876442,0.02575016387304899,0.0205454127945237,0.022242989503397988,0.019311830925256117,-0.020074004077809494,-0.02145708560725921,-0.0321418014690268,-0.0200571393711084,-0.02446963190054478
2019-02-21,0.012964596798820572,0.012707548499248695,-0.0041948714799048105,0.005830974870537694,0.007078759680672195,-0.020566263344513225,-0.013692167102680869,0.006158985739750765,0.0032721621545093033,-0.013884702903629231,-0.011217882409137453,-0.004168394309933402,-0.007004371717405025,-0.015118409190215657,-0.012295236790037502,-0.014157405360893582,-0.02314661705828058,-0.012190938459629298,-0.010024867459442423,-0.027703348333045295
2019-02-22,-0.008587548989323148,-0.008806679792291053,-0.008446613021459468,-0.004587957270783554,0.0020395576038554466,-0.003242921168964233,-0.013089390396709475,-0.0021240584539755207,-0.017419939655287004,-0.008087541115766572,-0.00793748310431686,-0.003236729189748295,-0.00020753738485308765,-0.0006044191828396084,-0.011064755351604507,0.018158403878638273,0.011614276404291652,0.000779757483862814,0.0056495506992847,0.01806491165909672
2019-02-25,-0.007973461513529801,-0.008034823393553414,-0.006562453300265429,0.006190994454113191,-0.0007195220603765293,0.0010614375981088224,-0.015096466917662971,-0.009218626673720044,0.011154521537600881,-0.0046129652093317005,-0.005013545495815362,-0.0070811979894041975,-0.010782336505009016,-0.012551073706239231,-0.0037568280861214704,-0.02512477634792317,-0.022104702338698573,-0.025908398984510864,-0.03719099661418498,-0.03081311942324584
2019-02-26,0.00714728542464119,0.007444430829026927,0.0117306496013515,0.008947277375438791,0.013492737371314512,0.013865333880765966,-0.008494472255554693,-0.008925606531050222,0.00981465347334775,0.01616458807604986,0.00339302941307459,0.009285579117735704,0.012293028506759316,0.015987186156823405,0.011026064005401447,0.029895152600561747,0.029056506884809145,0.008579439217216022,0.017754387454349655,0.03406723069208596
2019-02-27,0.01406410421761606,0.014188697018830234,0.0039418831835202825,0.011460650072775724,0.015400365321531032,-0.008817914962083189,-0.009865606830802138,0.008295767769738645,-0.0086669191531782,-0.009948775988643145,0.01900785733570553,0.017376583917490415,0.006785823771708988,0.016035446820211897,0.009866060032985038,-0.0012104225848655597,0.004762938911756958,0.0037840065998176694,0.001761772227530695,-0.0054128148510231315
2019-02-28,0.02085784387346797,0.020257971252878666,0.017924254121420898,0.015283809644131742,0.0077638965585591375,0.006924844067408097,0.008174223872664555,0.013597664172113276,0.0070990106487314976,0.010613077486752222,-0.016225127202808564,-0.014666383407126872,-0.006055453864720582,-0.008829976628645266,-0.0059008239689281984,-0.00994326505279904,-0.023410492971692815,-0.014683532879801403,-0.012775898017766534,-0.02679731268929188
2019-03-01,0.010118988029049312,0.01026219432208393,0.00821210536108789,0.0030361394573908203,0.01428016879218508,0.025197095635088172,0.03205422126271215,0.02855951340384351,0.018003118437967015,0.01400628917077861,0.017925716344098005,0.016557865632546322,0.02053253120662371,0.02143115040929291,0.020258503072218572,0.021841681853921158,0.02014923704819724,0.015210546752771784,0.014133146928725103,0.03129651138597425
2019-03-04,-0.006177788508343235,-0.0061120487500246,-0.013152762548968817,-0.01993129416255865,0.004681449855423885,-0.01599928141786923,-0.02481301966368267,-0.02046787906307994,-0.014513406692715948,-0.02337057147017051,0.000555467899903493,0.00045243786013678957,0.00577350457656245,-0.006473467826375575,0.006667156582625574,0.0026599234946011246,-0.02034352062946637,-0.01260385615762768,-0.015598816926546617,-0.012884758910183912
2019-03-05,0.0024973978659688385,0.002548761616901487,0.002112166713516413,0.003927570010171994,0.00338693267996819,0.024680157091782538,0.01120266864465997,0.019622084768540295,0.004830890517207131,0.014581536122284031,-0.0038899646293568567,-0.00976175224089954,-0.0024174743384442086,-0.001915168553412682,0.0010910078381778264,0.006795875120448491,0.0038288577280000615,0.0002745236494935483,0.008686284243234636,0.011936377034654751
2019-03-06,0.006458892151223561,0.006658579330471508,0.0045082397956976985,-0.009252078547715903,-0.005399458209851414,0.02538756422209417,0.01259475613363905,0.008125363131462742,-0.005798625648220245,0.0020305568645852495,0.010337487228863376,0.011483571972624939,0.0075482740070422225,0.008522591044446831,0.0061511391942999415,0.00820636272976478,0.009040980066922,0.012665578583129998,0.007683449039099477,0.012457375894842453
2019-03-07,-0.012667327420137969,-0.0125499434540744,-0.014115809918897314,-0.005303679201943563,-0.017250457887183844,-0.006408865846612372,0.005404507841763076,-0.005650741805866189,0.001325979455971224,0.009809437840730064,0.01885284215502724,0.009342694724944355,0.014226141758252698,0.010923847608502993,0.019587481788603915,0.003516841488912185,0.008727873706511997,0.011699711216630689,0.0059710136280254995,0.0012798041775295551
2019-03-08,-0.022484332944553927,-0.022337111581314583,-0.022023722576541796,-0.014017245457884357,-0.018879148822983152,0.014305370188258377,-0.0015671174810885596,-0.005142277410356367,-0.003718268071599264,-0.007858637937791943,-0.0007247458575388515,-0.005528393504848074,-0.007307338908867339,-0.006464290488588384,-7.407106146293114e-05,-0.026378770645824164,-0.018350166719987474,-0.035060867631027975,-0.028063760627361684,-0.02818327247779415
2019-03-11,-0.025682417318797366,-0.025337846217756393,-0.038859560160395594,-0.03241062974831402,-0.0331628494016544,-0.014219803325835181,-0.033696496025249045,-0.021262298810310182,-0.03673174846042692,-0.024954306827001282,-0.006572985776007815,-0.006344672061602802,-0.00603838910601082,-0.010639731927129728,-0.009286267878055032,0.0014883073777953717,-0.00012215212399567293,-0.0015499896996093029,0.005787154410298187,-0.0018760901634670094
2019-03-12,-0.0017938498151971699,-0.0019426336918140397,0.0037195775533330473,-0.0029340683629803755,-0.0012743675626062814,-0.01699462856070158,-0.030713429421900425,-0.019714735216062953,-0.018279546625680817,-0.02425111968615779,0.01018227360468282,0.010879627634143496,0.010042959814354815,0.008001882456099613,0.015425690122770506,0.008767155394235988,0.00867858257991967,0.01173805092954432,0.003975503847792045,0.007165340899697676
2019-03-13,-0.0178813467777428,-0.01813407904521624,-3.3188704152234156e-05,-0.01089933227442308,-0.00655313398639482,-0.001097079278012719,-0.0006156634132443166,0.0022972889895381296,-0.014167529620725235,0.006583433590399198,-0.009567813336203379,0.0027780498473617557,-0.006542042906270364,-0.0017653820608916704,0.00011321102393630506,0.0004189155241152857,0.004025780364993432,-0.005565169107251616,-0.002657700670964771,-0.011615227999210661
2019-03-14,-0.009887732427915245,-0.00977407483537153,-0.015173977806926642,-0.006441198968464935,-0.010482360017121157,0.0073347725743572265,0.0030672572435389007,0.004766434119070106,-0.005481928960131471,0.005130756356554315,-0.0011439006451912327,-0.0011493304356444004,-0.0014759338578456552,-0.005234570701332334,-0.002625240027399315,-0.00698789412185975,0.00541114610110757,-0.016217787568783608,-0.008730265371078497,0.004027796392296025
2019-03-15,-0.02042674783148642,-0.02048746491748378,-0.030290139882935736,-0.030433244986798298,-0.025732908167530297,-0.01829389756474063,-0.023944854432806445,-0.015045242394541655,-0.028386952463829794,-0.018051169175322793,-0.008658976490076402,-0.007095167917788924,-0.009624964893561305,-0.013257856813564315,-0.006268994998663573,-0.01709710904366631,-0.004319846418145628,-0.015033044311863102,-0.024960498970527392,-0.013762301399119117
2019-03-18,0.003032555626144877,0.00321543432422531,0.008740809435809896,0.008635588183636524,0.006727335202084577,0.016430462263683856,0.028243088496053708,0.022405527480208378,0.02702188944922635,0.01039240127921615,0.008313355693238753,0.01943804457239926,0.006390545073742902,0.015949858877375038,0.004655736455398533,0.014982002570316396,0.025536246634486025,0.01905424620067682,0.011306640078639187,0.008989588595450501
2019-03-19,0.020276761453674814,0.02028006414938102,0.017281561510921386,0.02312989419894743,0.018466488105259585,0.020081596820153962,0.01757546596581275,-0.002118421503112303,0.01439335002154625,0.02333571552099793,-0.002560780922850536,-0.003391991795804804,-0.0028110643408095016,-0.007402576276261331,0.0033421178723121742,0.0053555583772358995,-0.011115112489545702,-0.004178358804700332,-0.0010197047753918893,-0.005585022497629566
2019-03-20,-0.012684744399105734,-0.012619050002020736,-0.013297326669874127,-0.005997742520893582,-0.0008814084176173237,-0.002307470449874,0.01549502766818526,0.004218542834309923,0.02154643555477496,0.0028153913091811832,-0.021354286460591728,-0.002614012285215694,-0.00877370593240133,-0.004650895059184081,-0.006920872883318768,-0.0036013424871265565,0.005283262739649438,-0.0015793040038768334,0.0026932720856153694,-0.010347487494010184
2019-03-21,-0.013100663046985534,-0.013080403289064275,-0.0033388629167331813,-0.01172712037127227,-0.006864437862026868,0.026560025747385464,0.035219710034279865,0.022723225959092833,0.044909848666928646,0.030319198047248083,0.006312907179055818,0.003823782548320268,0.00527899811080241,0.0012576788066247077,0.0067281058240944965,0.03693623834366376,0.04007548940989474,0.033826528649595865,0.0410486208634967,0.03123521053274396
2019-03-22,0.004096143412405276,0.00407306811678153,0.0018090419937108013,-0.0036507831261187703,-0.0006256401009625328,-0.006498164183138229,-0.008088850195713494,-0.014164218382813672,0.0005892768385714956,-0.016759015208500292,-0.010636767307376746,-0.009067241908820904,-0.0030027348524643985,-0.015287439068645195,-0.009551282767592376,0.016022683640951937,0.011856315517185242,-0.004064464375150099,-0.006208067796537814,-0.010650487875583706
2019-03-25,0.009946967837437976,0.009972124033388046,0.004095751084592243,0.008616375576060112,0.007190871409182725,-0.0014548738335664639,0.0003059772061044197,-0.005820247221550092,0.010283668814389647,-0.011585795983368096,-0.004578438731814324,0.002543296153456025,-0.0013317389259881885,-0.0020291802252663167,0.00566214642582741,0.018921585991506992,0.01967947518122327,0.03576303933393843,0.028705259132627503,0.024109490306820393
2019-03-26,0.009053084947273636,0.00885160879489745,0.010113654451691321,0.005209876260560804,0.005334883095701931,0.010185132718306648,0.009355848425183088,0.007761621675243247,0.010826215227734332,0.009600659960811766,0.006389243023586854,0.0036048765102382795,0.001840514503222358,0.0006560209761976239,-0.004515448166619982,-0.0026702987308015944,-0.007574051463469863,0.001058692856601801,-0.00962388492874528,-0.011784684988447203
2019-03-27,0.004570956619624642,0.004548902556436722,0.00022794879982491692,0.0020314025478928195,-0.0009936495822500066,0.011444817222449428,0.006531926381324919,0.00554150575280459,0.003746748572773015,-0.001962045412978148,-0.01050221012195004,-0.008976150449092453,-0.006733537251922484,-0.011439845384381543,-0.013014318379540403,-0.0004407210445797815,0.005254965908377171,-0.00973774519751773,0.002858417610473647,0.0015479269680055616
2019-03-28,-0.02001729320184225,-0.02023141781738456,-0.026615929012195668,-0.028004147392547984,-0.0239887915616047,-0.0009235579550821041,0.016939160292937277,-0.0058440530478458845,-0.0038638067807794524,0.003071610248733834,-0.011229331571715073,-0.007946847337323613,-0.009345243564508826,-0.006238113078619684,-0.010124500724788644,-0.0008974371033329009,-0.004111660512594024,-0.0042283397855413215,0.006836708804206673,0.00554343900776873
2019-03-29,0.018971353472973938,0.018766275538121713,0.018634634613384344,0.0036801575396572723,0.017392973292232473,0.017233584934192758,0.008533096516563032,0.007440792529573954,0.01470816908332137,0.027169985359389515,-0.0002923705854885375,-0.0030314701032700658,-0.002336206637978299,-0.0035302639906436206,-0.002066287752042155,-0.023714021257349695,-0.01996831085092089,-0.004651242726792197,-0.008286812188941747,-0.019446850984698037
2019-04-01,-0.0038778924805939613,-0.0038978160892496273,0.007401639143669369,0.009774965009522076,0.006410007761849218,-0.028754918051094504,-0.012275521044157656,-0.007641889830765443,-0.02054302482699526,0.004741836582263776,0.00910599491952072,-0.000640175225526801,0.002092119149604638,0.003152919238039317,0.0017884266620341988,0.003845870407918131,0.013594753109997618,0.003438561180080068,0.008676969287629604,0.019993705087414004
2019-04-02,0.022208659623194356,0.02216114112316412,0.021046972244780825,0.025567486585528855,0.029998589895153766,-0.02572847640565328,-0.029479569524170385,-0.034270872727835716,-0.03126420860586764,-0.025561749892797955,0.0067699980313488325,0.010907423002041792,-0.0013291183023112216,0.004341483665571013,0.006280237825459857,0.0024816483518790306,-0.00051063038619114,-0.021188975175502844,-0.009137926451073497,0.010681729429329196
2019-04-03,0.006016032316281474,0.005974127128673062,0.011306540587395655,-0.0035273295971744757,0.008989708644638756,-0.01391002007462579,-0.003689383918280057,0.002666005848776024,-0.013123153412729998,-0.011313912357363568,-0.0008358092429297654,-0.0011346302324847742,-0.0035981469146448043,-0.002189286086754636,-0.002317837563123373,-0.011305215818521376,-0.013965410090187026,0.002170078285773655,0.007239873533407935,-0.010510943654981404
2019-04-04,-0.013478445245203186,-0.013276795423572095,-0.015045293188059245,-0.019299660339120495,-0.011962163571531912,-0.03448407446031175,-0.02404431694909739,0.0009746210921455531,-0.02502705561615316,-0.03475436008809603,-0.004364065636427471,-0.006967401717297135,-0.0068358645090240144,-0.007849983004605824,-0.00854240256493901,-0.01728479884743886,-0.02539785896627372,-0.03293871319682689,-0.022460112233398465,-0.02343231333993164
2019-04-05,0.00731403709725929,0.00728867304297778,0.007589696319438569,0.005727453981704892,0.012983217946349613,-0.011567685617137365,0.00027805623825648767,-0.010930609869289606,-0.0002750988520902181,0.01890975558723284,9.433740407712894e-05,0.0028406460677476556,0.008626149203811157,0.003988001737096257,0.009790771005622739,-0.0004300358098877276,-0.01201794541281704,0.0010557343806042608,-0.0022408204517067863,0.0015574899389809481
2019-04-08,0.007076027374252947,0.007391034270336969,-0.004667166630224387,0.007701556167785168,-0.005707524995956618,-0.057673314248398944,-0.06635506678821432,-0.06539109672519587,-0.049049093602299,-0.05377269502270658,0.0028410072810934888,0.005446014083159442,-0.004368782426884791,-0.005598083747370834,0.005197311412360697,-0.01894610495362031,-0.02771736664551312,-0.022990637616843394,-0.011464309269292991,-0.021182750856209416
2019-04-09,-0.007798630727764823,-0.007742455762114,-0.01049711373247395,-0.012246837896614248,-0.005645742927975665,0.017653509563921848,-0.022611742147477683,-0.011505260821897657,-0.002810276621484397,-0.014722879011238307,0.0006451130962053322,0.006527228617240546,0.0019040584764028652,0.0004731292261705256,-0.0017587477124210759,0.011538237280671968,0.02732817699123577,0.012678707376405172,0.02507915038451701,0.009636895037905041
2019-04-10,-0.011268394136298055,-0.011514494129771633,-0.01047664099540205,-0.005239257252740456,-0.007074275125281129,0.0019235189842901,-0.005563964073590741,0.02486225231112998,0.00015905887468897105,0.015881527466184327,0.0006094864639075912,-0.008104738004460498,-0.01515771209760063,-0.00968786798335101,-0.009164332609322248,0.01007550783008814,0.007476018498266714,0.011352412431167634,0.011156672966915734,0.028718757966441185
2019-04-11,0.012590477019723557,0.012699027313876753,0.016318022831736608,0.007151874680755282,0.0038495664904116774,0.008621186077160701,0.011675945951020927,0.006991100853346064,0.0074461827372965875,0.008630458566385488,0.013021203066512776,0.014544535496281897,0.016636741262365896,0.013577548245829709,0.014777030718651616,0.015422880185528374,0.040492845914512604,0.024533498710840138,0.02998495305345951,0.025459247876486173
2019-04-12,-0.001954106495740484,-0.0020041223984701207,0.0058914685514313715,-0.0035692457186402866,0.006989613797618743,0.023870613317106937,-0.0005321436725435672,0.010311168432648633,0.009979399164565955,-0.00842099661866915,0.01873059192437209,0.008717552387511929,0.007051213811714425,0.008930270996618493,0.015582313245279969,-0.010642498282877387,-0.006496146439109322,-0.005292285906511059,-0.011632563614190987,-0.009624894049799987
2019-04-15,0.01140460083611917,0.011524630421352943,0.005914131939849127,0.023627810418718056,0.018120386885782536,0.026418292037338663,0.005972016771608485,0.012915883103904888,0.014460158584894318,0.020865793268235552,-0.009848387664889666,-0.010385967092920228,-0.0024470771477924274,-0.0007147687359347218,-0.00830597466102149,-0.0006742265177359305,-0.00421661978818583,-0.006114783164929419,-0.005794536367156996,-0.014244817786881733
2019-04-16,0.022951814337661566,0.02289044200193309,0.03302935292072875,0.028229618087694724,0.024525026530193457,0.03773586230748439,0.019637480035797916,0.04214871874796595,0.016369805564959657,0.03729770577259703,0.0163877040816905,0.015314909481928374,0.012355543459781782,0.0047821164245908715,0.007822751804374464,0.01391849927576192,0.03475075201615583,0.030025788540880557,0.03440246523642053,0.026827219371756684
2019-04-17,0.009424121258058162,0.009474668285614374,-0.00042858795510900043,-0.000506738727071247,-0.005954133608875178,0.008218884457589967,0.013387949927865664,0.0018617251486841462,0.011348911176725282,-0.006316338069960746,-0.007041808501252651,-0.014019018881294929,-0.008775859286699142,-0.007095725207316321,-0.00344120506750919,-0.003073299356929664,-0.02679181835214048,-0.004479307069878357,-0.013335990316270153,-0.012987652387756447
2019-04-18,0.0030635946852420257,0.0030104849062662386,0.016680788297248776,0.010904918567572829,-6.886497103892562e-05,0.01686039427606211,0.008802639111840769,0.00969468490145528,0.006461535327549914,0.013678227744866826,-0.0006084059509097863,0.0018092365002109275,0.006502151730778577,0.0017369949127733725,0.0006297728142524479,0.027139740007683627,0.01303177306287219,0.02665543126514061,0.0032053815445812015,0.026023113284558815
2019-04-19,0.007160576380980796,0.007504256318000454,-0.006916252700274484,0.0009133860911819819,0.0005211486893427825,0.0024697879090538615,0.015058753663677302,0.009512787135888785,0.00602127706933918,0.0056564560583012855,-0.007751194444770928,-0.012445181196614996,-0.007725865316117015,-0.011080503927235405,-0.012823899628626265,0.006569457812746099,-0.0036147210944893846,-0.01548306375375968,0.0161383287241416,0.000591886817370339
2019-04-22,-0.00973930479372441,-0.009651782404726347,-0.005631276365414222,-0.027700860229917246,-0.013938374385478647,-0.00928119021151936,-0.016553776434930386,0.0009097238640088144,0.002810790761112015,-0.005139481805049817,-0.002435032148645589,-0.0016487899852363713,-0.0034801472063514965,0.0011366837392138927,0.004018874538208395,0.001543102270894664,0.0067376921511772955,-0.006749429009149307,0.0056327521676152025,-0.00692960566613657
2019-04-23,-0.007875015899483298,-0.008109731511513974,-0.005308435917408449,-0.00903190629621306,0.0036983362621094665,-0.025845953181640118,-0.011133924115296769,-0.027704469594512164,-0.014469223795848958,-0.0354840375415264,0.004586593183385021,-0.007683310716865446,-0.00614493409946826,-0.004426325288778722,0.0025007350701899108,0.00086066118257552,0.004435911743730775,0.0034805782360278546,-0.004673729964104448,-0.003629128805037465
2019-04-24,0.017899435782288836,0.01785054182960609,0.01504818427960639,0.010521106128787384,0.012844919072012467,0.0011656437578994726,-0.00893907171391711,-0.014807570464350737,-0.010085141813763505,0.0030951491498443767,0.006513537996201474,-0.003733463028989986,0.008781339101163445,-0.0031605494213537157,0.01235063065736959,-0.007125474994421431,-0.00839508934035116,-0.010234398009993768,-0.010465369642094238,-0.017793487600104036
2019-04-25,0.009310184351510514,0.009540329938285238,0.00038355654932020576,0.0010238394775669757,-0.0008981409454992748,-0.016612529504634155,-0.026292275069722898,-0.037849086357831636,-0.013048787145146047,-0.032611476915910126,0.0003259382983119142,0.004357605087773474,0.00027724389956714103,0.0018687178784036905,0.00426653916066991,0.0001067356760191355,0.007069832668326582,-0.006460360096762139,-0.0013925000631867799,-0.010422870489906737
2019-04-26,-0.004135726750703658,-0.003969978138204892,-0.0021409016964801476,-0.008321697158521234,0.0019245833673492195,0.01858631583940632,0.013634062068356996,0.015269696878106979,0.0005669095393961688,0.007446029587478595,0.007555041108634177,0.007678524306789783,0.0002933227900044007,0.008442438507733295,0.006693159416095635,0.0030498045605910273,0.012223139508612377,-0.006784896145856862,0.00730856140072469,0.00018479415220827293
2019-04-29,-0.016169512474645965,-0.016230913219613275,0.0011524078204664552,-0.0009109445645043141,-0.021112551284661843,0.02047200161894105,0.005841319191635066,0.019136372995324464,0.032349046209723654,0.020657373511190975,-0.009746995949441,-0.0055462973999116216,-0.005042848457450043,-0.006443735203651846,-0.004456334270796003,0.012707315963724266,0.015193216069211979,0.0022800143500100677,0.019252353747603437,0.01751152254992913
2019-04-30,-0.01380719168370846,-0.013863787942515277,-0.009073668969051743,-0.007243358778639203,-0.008417972063623144,-0.03034250264741291,-0.02955281785999713,-0.03887752297116134,-0.024939798444449105,-0.021395184166524937,-0.0004923794336170006,0.0010164839639368217,0.0006956670352445205,-0.007541075526402813,-0.001340691244938054,-0.027305762871904254,-0.018523555840723075,-0.027931987727707646,-0.012065248809963222,-0.02759061855865771
2019-05-01,-0.015315167910944819,-0.015280351645424017,-0.010558452007243263,-0.004929072026618519,-0.0011266940844284602,0.013829746066005146,0.011697977550778027,0.02067964548492053,0.016694167388056052,0.02417550552741112,-0.013600548623047434,-0.010277513786923521,-0.016370608502289816,-0.0083978448914219,-0.014963132790956655,-0.00454411969790754,-0.00562513580477083,0.002472959809609111,-0.004985998606549938,-0.008227818967297407
2019-05-02,0.0076446496688796035,0.007723928169587237,0.006818714898632951,-0.00966362026471861,0.013394350272867084,-0.005188889282040852,-0.01213641519634457,-0.008230909633081833,-0.02311320989344862,-0.003468868112357336,-0.004127912178976516,-0.0003859496433784862,6.0631231469998885e-05,-0.0009441997569254075,-0.002054442684462398,0.015387014617239413,0.027952225358659797,0.007819208122645279,0.01117351805747445,0.015856049378845688
2019-05-03,0.007480433951457816,0.007474939524953732,0.011847722588873129,0.00577473365270378,-0.0028524430407138954,0.020302585512613658,0.010791074056940613,0.010352549940818459,0.028778161360103072,0.014908837574887748,0.004928883204270098,-0.001957413445956935,0.0017461794021117981,-0.006525171922620521,-0.0008664100480022937,0.004739170194694439,0.011762355578325886,0.012586351164270664,0.021773045900493823,0.010198474169752298
2019-05-06,0.0018571824955192489,0.0015480913320246085,-0.0046950622537369835,-0.006104142895941515,0.0014560091570386259,-0.0007349371586421259,0.0024663127594158098,-0.003106276531472059,0.00048258625261139764,-0.023215173833169702,4.9945807440239206e-05,0.006842223926140357,-0.0027879476227131903,-0.007193849740315034,-0.002949523779930567,0.02396003706798554,0.01424213493519948,0.02188314283690347,0.01988503716353729,0.02565735959635885
2019-05-07,-0.008960011196717108,-0.009094174241214005,-0.016568435316736817,-0.019759164240229752,-0.003402939409429923,0.006955868731219178,-0.01947065762382173,-0.0154910692310941,-0.010277884255845181,-0.009777914216190904,0.006553634327344291,-0.003421368386082269,0.002414043366709467,-0.0022928842691788127,-0.0035892510429624347,0.005752298715418345,0.014021665331340447,0.01241443022563799,0.011040325275167222,0.010760920490216545
2019-05-08,-0.018155587278940552,-0.018239287925909908,-0.015146859842128017,-0.01210503641543497,-0.01376169517879553,-0.02125048496544552,-0.026547402374877863,-0.011982366451385626,-0.0013213273307672094,-0.02180603004542966,-0.000749261715412724,0.0035249988570186927,-0.0010547929575341947,-0.0009425927335483337,0.005630123375601664,-0.014127685304807115,-0.0020832842250556967,-0.01234528500169935,-0.005488637358175283,-0.01324417057897687
2019-05-09,-0.001284418549212332,-0.0014767151700737263,0.0009851966930350799,-0.005605907581452745,-0.004263000456250808,-0.004472152756838286,0.007430031193322223,-0.009109952393528629,-0.004449591027977118,-0.016579261771864407,-0.006943985776978512,-0.006955768606991313,-0.008614589438900155,-0.0018469730447018746,0.002108116923354254,0.008089906786054531,-0.007518182986272989,0.018005398110284124,0.014207451003117447,0.01435064843238813
2019-05-10,-0.011574157606926403,-0.011766388479671784,-0.010471400707471955,-0.006049388829664741,-0.007814041600699534,0.007105190887866392,0.004452149428582878,-0.011463753511348254,0.01301397837117607,0.0010744009549750273,0.001169094312226559,-0.0036156549732142057,0.0025021066297260977,-0.007617752904796807,-0.0043279431398530206,-0.004742131538273808,-0.0010991929442005887,0.00121544702220459,-0.0011121611138401506,0.004289178614071926
2019-05-13,-1.1346332048684036e-05,-0.00029061839978108554,-0.00018306842624762985,-0.0030442098225559083,-0.0016544739257622052,0.0026171204680874305,0.021794993021553983,0.011151845263398026,0.003516644143384359,0.017014649374489394,-0.007004036709707794,-0.009938367652791899,-0.0010026119523198762,-0.012783252069511293,-0.005765543334603955,-0.022731625983141886,-0.028420233227232215,-0.024201591091743375,-0.033677764622358594,-0.035690264895966925
2019-05-14,0.017654052745036605,0.017535954492191662,0.02032279502255495,0.030780499921172946,0.02006361739954972,0.019362128646741323,0.010697220247030207,0.0038193156246149216,0.01934035215099006,0.021826257749481156,0.009712941056224968,0.007780051977468143,0.005958347826993271,0.013445387320045547,0.006610514981722744,-0.006636550316849081,-0.010802563753328172,-0.004261128781109073,-0.01974677019111957,-0.007079005975261153
2019-05-15,0.005870761651866155,0.005955677747045591,0.017236497324889456,-0.001370224666894583,0.013365379744141547,-0.006397309883610641,0.00022136616043266435,-0.015353902057541438,-0.003129828268553584,-0.004839736045391068,0.007801398487649131,0.012484948648080448,-0.0031644424954721862,0.005529600008392508,0.003549268588069227,-0.008560906297631682,0.005264845823412144,-0.012040563521472184,-0.006560345578708353,-0.011778016918447775
2019-05-16,-0.002692047210219907,-0.0030259642046374853,0.007888183866638863,0.00834399566653927,-0.006547721511018216,0.022578162364698503,0.002274807787353164,0.012922204332280057,0.008183040586241482,0.007662844041937055,0.00868696932301144,0.00048168610575931824,-0.00020137040077296335,-0.0001806507764055588,-0.0035582752228391114,-0.033619873616346774,-0.018507488774723344,-0.011019346626213736,-0.025100382904549034,-0.028415254028534242
2019-05-17,0.006136619838705675,0.0061855572612759995,0.003731897199678478,-0.00582380322958799,-0.006723950111808731,-0.020015083106611944,-0.017978529983581144,-0.025521600198143184,-0.03820369932346709,-0.02980092908996471,-0.00970476515527499,-0.013484082635434644,-0.010528669028787074,-0.0018050474526377334,-0.005731656801500361,0.0163008628699722,0.004724883593209166,0.012407705165955376,0.0067685260958711595,0.004469092085568093
2019-05-20,-0.003078353923631118,-0.0031352706448839226,-0.00332802482865364,0.004348626620735122,3.778057688687167e-05,-0.016005205260544796,-0.009108320438327116,-0.0245397324690803,-0.011023996987599533,-0.009198932646936104,0.005059365608032607,-0.00037644520316672947,0.0004997218869091189,0.0029082131199637865,0.006069928746654334,-0.0293996459034497,-0.027224866224882047,-0.017085853257696175,-0.021494664643339365,-0.018718661566922125
2019-05-21,0.01603470719102223,0.016053302938129316,0.007450068098954448,0.015586090856416391,0.01441202318638612,-0.008727204539905732,0.0034604865858934666,-0.006270573610936093,0.006008546009977704,0.002674397780680835,0.006731824196579889,0.004052954644386414,0.003663922761635538,0.008582241137686315,0.005429278555972416,-0.004650173867926124,0.0024580712937634914,0.0051465752404435215,-0.00973080702681079,0.01097393790030156
2019-05-22,0.009703802576015679,0.009538729675970947,0.012204427262120754,0.01232257377841538,0.010817974221203975,0.021275273748123,0.030278690034622167,0.026713467961521385,0.0277387238222133,0.0369810214987651,0.02081687971064208,0.009921139572235333,0.01482788311982096,0.011122680893762844,0.018972643578030506,-0.008744326824136762,-0.00388683132487987,0.007722301380490543,-0.0041683705185456355,0.018714788260765905
2019-05-23,-0.013697923253044765,-0.01372360992082149,-0.013922465116601824,-0.008003548065186238,-0.023827936612744214,-0.02569781770979999,-0.033443908907759064,-0.0362030169660726,-0.022253842329837466,-0.0315344311691138,0.016156257528980138,0.003869995272474635,0.006449880478441797,0.0017924426727648584,0.00888888069649314,0.023943167113326422,0.012027637708614189,0.011982752937080345,0.010936492744732051,0.01847271741754472
2019-05-24,-0.005479687260275988,-0.005239816187608273,-0.006273495323689103,0.004432970179830979,-0.0033022222477226493,-0.010685553164075942,-0.023073782882095873,-0.02454184667287186,-0.004913349809316947,-0.012502768324642461,0.0073265815076538066,0.0030992809901221724,0.004390513499041226,0.006050765150185472,0.00039977782316789857,-0.006118708261336156,0.0016134835521356035,-0.008210124854756942,-0.012700594835632439,0.007909992377826414
2019-05-27,0.007127876817506268,0.007055741747467186,0.00010947924842083094,0.00018261927921233548,-0.010116934067706352,-0.015891094822282043,0.01392069620783062,-0.005310273223867999,-0.01106154936478135,0.021900965571535605,-0.0004798566776536071,-0.0029544685280227254,-0.007944079157652375,-0.00606262786388031,-0.0037756343597639156,0.01565701699271595,0.010542765271418758,0.01260282848822496,0.01621075585998933,0.012829703072047807
2019-05-28,-0.016571935858797095,-0.01634711713755391,0.0011481303198120822,-0.007862235941632132,-0.0049899032797729986,-0.004781581542334943,-7.92868500753477e-05,-0.0005193019013187694,-0.0016364613380550105,-0.00400070858546476,-0.007440403142033549,-0.01403524777178586,-0.009407756811103254,-0.013556992011458987,-0.010570685643345326,-0.013360108227794753,-0.017028042897390506,-0.015168375574129572,-0.01683726038796323,-0.0023681334343170954
2019-05-29,-0.0061289832915320435,-0.006203816452336624,-0.005010336338232748,-0.01031732145598931,-0.009061882703473648,-0.009214425901504553,-0.017615387557882275,-0.012939105015399383,-0.0009760888461469695,-0.0136707581032262,-0.0028577531372320497,-0.003037249836365965,-0.004703852527828273,2.1332060138491726e-05,-0.0015215683647333738,0.01983191791841221,0.01771190435426751,0.019588945329214364,0.02501046966810119,0.036786618570007486
2019-05-30,0.008041340264027157,0.007850861234022727,-0.0028409495439302465,0.008447688747170683,0.010610935084462335,0.017568875219455767,0.014363125439404661,0.0018422363558290794,0.010950156752249186,0.0050480165805610565,-0.008508514726360633,-0.006824456279922679,-0.009665938188128756,-0.011554603340889378,-0.005580359034316465,0.011725599748810041,0.001962320496822098,0.0009039777346117131,0.00683251993887316,-0.0006002980862921383
2019-05-31,-0.008545031104953282,-0.008834610327449872,-0.0028856086069643854,-0.0017249829648522661,-0.0033348290758239505,0.007301335617243411,0.008223103709052855,0.008398503337512096,-0.007994444838700501,0.011709619575211957,0.003067047451237135,0.005747487185342394,-0.0014036454496281965,0.007082588143351388,0.0031546101981242735,-0.0005752690997165193,0.014092834718840846,-0.00470429039460944,-0.0127062155064783,0.00149638194122025
2019-06-03,0.016778496314505145,0.01666528343223068,0.011653564907695497,0.004386097450076008,0.021408973111371264,-0.025045357992955222,-0.02032138361865703,-0.027483699067486222,-0.025168149376822758,-0.024269723858503248,0.0041559734924138435,0.005870127269913419,0.01554616089262441,0.008105096304130501,0.008446340643052446,-0.002633895999235821,0.00015001059968521604,-0.0010090175468624718,0.01129661259283758,-0.010009563961860216
2019-06-04,-0.01680245044943584,-0.01692296973751365,-0.026381337397842874,-0.012735182835417339,-0.019393522455511295,-0.023934889116175175,-0.00343890842260385,-0.02551135515429152,-0.003383220044936545,-0.020359673611122904,-0.006476094103420252,-0.005798480117702823,-0.0036347187092236654,-0.004528182376495206,-0.0032527305209326942,-0.027794140768900622,-0.025255266252169492,-0.0045360075908348575,-0.020763413979365417,-0.026946049403134834
2019-06-05,0.006024589694879141,0.006023894450804366,0.009103172286552306,0.0037218733987602654,0.0015628099422409154,0.04124301354026274,0.02208724206665939,0.010410975244832197,0.025857588229993272,0.03621581356739126,0.02696409092494335,0.01629534802690988,0.013635869619902092,0.017942586219210518,0.010799310505660187,-0.020807731793316204,0.0001037089929492893,-0.020508985857576743,-0.019324473502979427,-0.007814057176318298
2019-06-06,0.008075147491655407,0.0077859906891687355,0.0085495276869548,0.008007978076753146,0.007674904407701701,0.013675709235062474,0.008750951790976458,0.0037874108887750333,0.025881933776994652,0.010960630236133433,-0.00034060744880061146,-0.001747997869236392,-0.0006596115174711242,0.007969757339220755,-0.002547529062665603,0.015305677146883682,0.0234272849673523,0.020005140069753874,0.014903006797172373,0.020607703338234355
2019-06-07,-0.01055212350944412,-0.010643510192113969,-0.0024753175487563553,0.007705503916198814,-0.0007994860969676363,-0.0006939186434298497,-0.009093622948642487,0.0044393165442934476,-0.01297219853621196,0.0005742274353301732,-0.003354927250307034,-0.018702873755704594,-0.01618687817057632,-0.0107286913564788,-0.012795881703423499,-0.01242326965790144,-0.021334309543760425,-0.022443841526655083,-0.01633004385321294,-0.02244736237558047
2019-06-10,-0.0020913981462906887,-0.0019095775600301544,0.008460890515265294,0.007043738461548732,0.006320812787699512,-0.004009409168643815,-0.00018296277083705494,0.015049085392167021,-0.00628801982698489,-0.0005328513662248575,0.010204651108562899,0.01004402114844879,0.0048329884522067676,0.011551561038999387,0.011595532884418103,0.011791860514526376,0.007262728737714183,0.010459307378818042,0.007354701597895448,0.009255392315864046
2019-06-11,-0.004984967349870398,-0.004881438964396573,0.006734665800467958,0.0025873308184215576,-0.005490090380271983,-0.005937399576633086,-0.005341405195514291,-0.0040804671312910604,0.010621553065715677,-0.0022407555466416643,0.007924750772802738,0.00729636453230443,0.0007908333610543328,0.010854916468134926,0.0010073366235266077,0.020945898060522952,0.008450424335678807,0.011655431663921105,0.002735930163452209,0.0016635147584441754
2019-06-12,-0.0030667823660621863,-0.0032743267824272477,-0.0033120609926505103,-0.0120218123287514,-0.00044542906655394026,-0.024648911458432527,-0.009582175927347648,-0.008216872394753107,-0.024455536864917714,-0.01072288469813408,0.0034792163894944664,0.004968125764830796,0.007618267885332142,0.004790323743696889,0.0017738459036242733,-0.01845573876129705,-0.022883310702585893,-0.013262838732233382,-0.019165819721065274,-0.015283477908503554
2019-06-13,0.004523211827424096,0.0043029581937393474,-0.01001063625884586,-0.00022979648928067006,-0.010042754180011418,0.028862582101761347,0.022622090573434724,0.032305584168177325,0.021177841027643966,0.0239857824237763,0.011712417238985202,0.00488605851198882,0.012028498387517616,0.006412566035597372,0.0046057791761726155,0.0025903150062739568,0.016370478291396495,0.0023654228727769872,0.007453494255271492,-0.006162809347531114
2019-06-14,0.00842611451557771,0.008382753913151124,-0.004627402036680348,0.00339929170771649,0.005154987439995479,0.0008832972137500106,0.0063272646136869806,-0.01025900272385495,-0.007901913290830797,-0.010192408033562899,0.005668572069729937,0.0030977720172832915,0.004339241781907013,0.0036684745262489135,0.007291206201324535,-0.0026725581358144263,0.010428835892720218,0.0013948702776676446,-0.0017253268734154122,-0.005934447155064314
2019-06-17,0.021475281000761796,0.021616729583354564,0.025472853254476777,0.02052400703029784,0.02913450744066336,0.0021731424226526476,0.021559025384106385,0.021139674515490516,0.021320587926372155,0.02607872761232477,-0.01537495621121182,-0.00965682518017521,-0.01318885917033323,-0.007699456255383284,-0.017032940639777443,0.011093143151489378,0.03457790600254045,0.016538932177105697,0.017420372434951734,0.022352212908215995
2019-06-18,0.011159437323127668,0.01115813476688415,0.016158667869893943,0.014534882091339688,0.007839957486910564,0.011496194267419216,0.014923568431340056,0.02169795352662492,0.014418052140117613,0.02047777880372906,-0.007195971556991603,-0.006589145818625138,-0.006458147805208267,-0.011271141794999655,-0.009459404170356562,0.00021171032135772043,0.008354879701620953,0.005809072923615978,0.001110097211484634,0.004299242606515558
2019-06-19,-0.0018505112307950567,-0.001819334346733076,-0.004653799018715045,-0.004490914309633459,-0.0005682373242592556,0.015911362950587826,0.007208191854776417,0.01778059223867951,-0.00019900765737917834,0.01894854389588455,0.008164134804747196,0.016956840846448638,0.005944459123806973,0.01154223342342922,0.009885628884542867,0.015062202997123603,-0.0018717317591276667,0.01826052167380392,0.0017734511781843205,-0.0013703738909217858
2019-06-20,-0.016975109404113804,-0.017294660963753004,-0.011878530608483415,-0.014059086517885112,-0.009020686824111895,-0.014892519542151398,-0.03193953957456446,-0.03421768805933581,-0.025955588938084924,-0.03594850081133791,0.0055445498792586825,0.01035877179899609,-0.00044740090591826367,0.011527863974316672,0.003561405923837341,0.01977430758795685,0.012211819232537021,0.013850749651291273,0.0054610554526703554,0.01768886425821629
2019-06-21,-0.020521192324101198,-0.020340206175768,-0.010716167482775228,-0.012138225026005117,-0.01030611910456539,-0.01705045596590174,-0.017325236334222147,-0.010246200036733717,-0.004048887652766738,-0.021217832456419422,0.0008521613857115941,0.004250256001521886,0.001458274768208545,-0.003190484192641568,-0.0001447093030396985,0.019840739348457096,0.02808389857914833,0.013283196852554097,0.017004202971274397,0.008985488293218394
2019-06-24,-0.0017871085630870162,-0.0017392083896019715,0.003432820691900657,-0.00025868347137473737,0.013885821813391843,-0.013468968694081209,-0.001936684418110574,-0.013203756398870075,-0.014238092754505592,-0.0019002659744284207,-0.010020906357612653,-0.01343984208692323,-0.004607383609403617,-0.002053661049920512,-0.01625072129804002,0.01083371090677447,0.0014225097440304204,0.009699633548111253,-0.001991130566852344,0.01195296833841876
2019-06-25,0.012815184401204742,0.012892882018478054,0.01548729031899429,0.0026650171980685954,0.009106072846752395,0.012740413999026918,0.0015834806247517707,-0.010385159485164476,-0.005659613314992324,0.013262532984182947,-0.005957091637750359,0.005578571931712601,0.005271774946365146,0.004575038276883328,-0.000915619659937393,0.011365598301667959,0.004237611196855372,0.013590893748560486,0.022029236801143888,0.021699496834958806
2019-06-26,-0.018232962828568053,-0.01823109069325075,-0.009535378511574173,-0.008807006475246898,-0.011964513232931111,0.010491635387931861,-0.0040860546743691425,0.012973454968143528,0.0014570416561208923,0.015748529663272268,0.010391584332756545,0.003976501525397036,0.0034296944910928,0.004382876107073824,0.010365553697609216,0.017616313287909486,0.00915628449918034,0.013823716710080498,0.011870680675834655,0.017623469284630214
2019-06-27,0.006021365534984926,0.005904832344675395,0.016161380069207906,-0.0008308545416115952,0.009594688570690743,-0.0017094239852913007,-0.012725898436817396,-0.018504391128319867,0.0004814038949144762,0.003388786994806353,-0.009248438693963816,-0.013402473786814136,-0.010896835360804378,-0.009942186787515022,-0.002176977796107044,-0.007902241118845387,0.0028957643020807522,-0.012239609460109229,0.009496185716925518,0.006362705639568122
2019-06-28,0.0014834606954496384,0.001665465630441662,0.004195540192586421,0.0012935348968295798,0.009169222873281152,0.02545207542452395,0.030913168636884217,0.03290642475741485,0.02730326753128023,0.030569250102581554,0.018671037870617555,0.020877420158742863,0.021253173396678225,0.015214110857948524,0.014664439133917333,0.008002057084820649,0.005031470690485949,0.025449020706932363,0.0074958126896045,0.015406471708224685
2019-07-01,0.009381113748296265,0.009397160839746257,0.02233892393328295,0.021442529723595692,0.02190768379653259,0.01983483785695551,0.0335325847578926,0.020919079725787288,0.010895259081642102,0.015175406751159443,0.002176335327381339,-0.004169657823631181,-0.002212404917019499,0.0029997953295984605,0.0008324772259882211,0.006216245011691297,0.017454868212491537,0.004782633484006207,0.013399584132900957,0.017622223617461984
2019-07-02,0.015555530110281879,0.015167210628647584,0.018728812597075945,0.019719592178891923,0.01263575324530742,-0.019366287054074078,0.013147403461053628,0.0008291158013606489,0.0049124708570573135,-0.0005935383494949358,0.004961388352152833,0.013802444198739806,0.010159015741391742,0.009742672521996093,0.006979779134043672,0.018700667618431453,0.021471033299362046,0.005691116783544658,0.01005726884346886,0.014032673538702491
2019-07-03,6.458657394305071e-05,-4.31433038143988e-05,0.003727599243047916,-0.00604387303178455,0.0044255224992802746,0.02126050938008402,0.022249776439647696,0.017206094042280583,0.020627349584358853,0.019101666921396362,-0.01649213088774426,-0.007800369408568061,-0.01596909975123248,-0.01592246705369482,-0.011365466512322031,-0.021032739073277254,-0.03782008064271499,-0.03093721366466244,-0.036622292059527065,-0.029676326649892885
2019-07-04,-0.0029495283888814894,-0.00310573434736442,-0.01208860484001438,-0.00713776909018192,-0.010160623974836155,-0.012039472928120734,-0.0077326178392535996,-0.011124564760487177,-0.011190889645887903,-0.018909044459252983,0.008039419743964818,-0.0033962507591188654,0.002822343063872781,0.0003934456869795014,-0.0003737781771079198,-0.0024857229316028445,0.0070763210103125486,0.0007669832095724687,0.01305232629648784,-0.002032839814121823
2019-07-05,-0.005252337363896989,-0.005171396174778182,-0.011012136083213206,-0.018751035432781733,-0.015589491137367276,0.0069345546066724596,-0.007942932880994513,0.0002312088963537336,0.0100328584591562,-0.01956897381753862,-0.009986070276958168,-0.015280209184160046,-0.014701545338335243,-0.017369313514523137,-0.016848882320715006,0.00035728335034905805,0.014837004779602089,-0.0016876641593713574,-0.006844950306266518,0.007970069864494111
2019-07-08,-0.006779100325905793,-0.006865201898065134,0.01096674513546856,0.0032506847682110813,0.008027004505769278,0.0004680054595059328,0.014856349608935688,0.006765014498063394,0.01704783695082531,0.012584952144020741,0.0057677386838795456,0.0012660173888279125,0.006349197236127288,0.006994251971875031,-0.0022831928326801703,-0.014521012820051955,-0.0007506378680059854,-0.012146848031679215,-0.005099971268831127,-0.0032612875245969634
2019-07-09,0.005635041997892919,0.005450935664725607,0.010062745771228345,0.0033703608644234492,0.004059617456082931,0.0054773749057985145,0.016814923577182686,0.023336205258563857,0.010906276110345907,0.0064940320134642395,-0.0030722366586014797,-0.011877999571029288,-0.003001438031943563,-0.00015351769143603748,-0.004452091821363958,0.013098987896110697,0.015151798198329826,0.008095746765064367,0.022447693918505162,0.007762879853232853
2019-07-10,-0.00208803338084634,-0.0020031994869269387,-0.0044685005948691585,-0.002872607538133657,-0.012135848863955781,-0.001471881395887211,-0.007763306132110582,-0.008470162989151767,0.00014293252209122902,0.013730149374059395,0.0060447215883294905,0.007971128358036057,0.010342697595398615,0.01223252136601534,0.006033511405384946,0.009268257280443153,-0.004061018874462731,0.0014764365867055696,0.0035646606915711934,0.01375068041852073
2019-07-11,0.011829765950412529,0.01195360117918455,0.008082615823975792,0.013245464759195826,0.017303079328768588,0.013544301759553174,0.01817318256291798,0.019501385308447253,0.0233467554867781,0.03210815039640408,0.019927116777281553,0.012925121124770168,0.014831009247420077,0.014455002135610115,0.011444036815671372,-0.001532095110670073,-0.0011392557788713045,0.01774976393869012,-0.016665139703742494,0.008358784573421029
2019-07-12,0.008389504405106149,0.008646524422846948,0.009391692705223232,0.014183516287783889,0.0046572427320184275,-0.002662944920697848,-0.005173395742974863,0.0071803460233557,0.019501129239536015,0.004662567249982728,0.009067255961980988,0.007544075770065835,0.007285930989227183,0.005422153442301208,0.01433018689160435,-0.009987637560151225,-0.015478106315571805,-0.012978944921237398,-0.01086428573148951,-0.0034950783081618784
2019-07-15,-0.002138555877826686,-0.00251071539165366,-0.008375116859418873,-0.013129394164661043,-0.013309767559467708,-0.013148253053552791,-0.01336550716143137,-0.019945814697958267,-0.00387804622391755,-0.014516788973401149,0.0008898288382579722,0.0034610716590614972,-0.0038565873267378857,0.00558718093515143,-0.0012075129421230506,0.010065037163450277,0.005586544292049147,0.018588278332686902,0.0008442132274167149,0.007683407736361866
2019-07-16,-0.014189605635989118,-0.013769678045534566,0.000966492205734771,0.006680608595080755,0.00522536705290958,-0.019491427139606825,-0.012376302932446147,-0.014694752092233525,-0.004147404660247607,-0.028309072586583026,0.004814279527266603,-0.0007062522294215728,-0.0037619416691018932,0.0025923033958915463,-0.007548354290706485,-0.0010698384398809993,-0.00015259421115479188,0.0020820451724740613,0.0011966009993446482,0.005409707915302367
2019-07-17,-0.018297266947013544,-0.01835902674175825,-0.011714813846590035,-0.00561810539932936,-0.01387126795459298,-0.035757518440872584,-0.03662419028208418,-0.028989596071474662,-0.033623734125394156,-0.02805123564469508,-0.014018183371899353,-0.01101819796583894,-0.01685437161883318,-0.005449454003524376,-0.007026342905573824,0.02029358881388283,0.021848691210833514,0.007833678439779076,0.016805906747143298,-0.00331511038351723
2019-07-18,-0.009820044791672707,-0.010018139562844532,-0.012261302976548632,-0.004456173830295831,-0.00648206013431641,-0.013769819790105838,-0.03546383790452639,-0.019469423255430416,-0.02081045590659523,-0.007531839297045144,0.00588468060818605,0.0058282453942211775,0.009095804949472139,-0.001894294116903293,0.0017577212108700235,-0.03726140448711665,-0.03673720462622088,-0.036743360122699575,-0.015780851890911357,-0.02344114999965446
2019-07-19,-0.010188122337931526,-0.010147866105812657,-0.0029189060422231904,-0.00711795685294222,-0.0029452070592928615,-0.025810018285902757,-0.015218967805894957,-0.023346476931644256,-0.013409255169880896,-0.018979384421488322,0.004749333347495901,0.006432134556355333,0.002334977234563765,0.00523908897487183,-0.0037031942462605032,0.038403566804589125,0.0211126091816428,0.024343083800813303,0.016564387170131013,0.014979041923554974
2019-07-22,-0.011929432330268828,-0.012244034428587054,-0.00036138096873986064,0.006651402307782085,0.0006292412308940146,0.011424766450291267,0.0070105848055355335,0.011680211843906229,-0.009178884664328884,-0.0006389274723024346,0.009683428653362372,0.005496143151230818,0.0032688677915996196,0.007957997381722766,0.0043145772346124996,0.019769390062490722,0.01043861450943557,0.008793329578347475,0.007281221735959861,0.02429589456895543
2019-07-23,0.0034057548219603405,0.0032510045098822007,0.0014203267844087614,0.014670775692831565,0.008376673570732967,-0.0011411436937483722,-0.0030431098727229477,-0.0005431553408695563,-0.008201996122468984,-0.005810770319823152,0.017572071994341847,0.013695673590598931,0.01614036096509904,0.0173272150177807,0.011812058287121119,0.006180759459094008,-0.01656539715619096,0.002029392728314959,0.006134068221417269,-0.002059415984662191
2019-07-24,0.012555397467651766,0.012804027262717491,-0.007809235823662258,0.0030089662958190347,-0.007394095159311253,0.012453032561079037,0.005715067302833764,0.008115035901847202,-0.0012695174262279,0.02138175496244333,0.0027347581670768947,-0.003786937201088486,-0.007379206103800201,-0.0001403297676139556,-0.0036095789130671093,-0.0019409264496880107,0.005886663181434363,0.0035741611397484985,0.01467826622386333,0.008497399046780886
2019-07-25,0.01168606750451909,0.011270634396494478,0.007256532125024465,0.01358423808535963,0.006363967985320091,-0.017929685861431555,-0.017972146855233653,-0.012274030519421861,-0.01596466171465131,-0.024807422718272652,0.002977955495964681,-0.0056246978758985895,0.0067183834659723446,-0.004924221144090532,-0.0016797165971257776,0.009658117633993395,0.01666945928320926,0.005708393889129362,0.0182944588398075,0.007649797793514684
2019-07-26,0.014232737421385382,0.014293458339309409,-0.0004140803752962359,0.01521884749976818,0.012587334458415677,0.02875349048180333,0.043743929933207054,0.03206402717010686,0.03837170629952722,0.0377128664677139,-0.0021043001503587553,0.005136771607574573,0.0022643640932899947,-0.00035351006219398485,0.0007808642088648893,0.023744811597159465,-0.0023616892487771535,0.016113657879088555,0.004949546659399031,0.015070428926303307
2019-07-29,-0.021477156552725515,-0.02171789251365416,-0.013616731760146149,-0.007177317645236184,-0.009677012375096498,0.0253541417408904,0.036645014821960795,0.032393424909930406,0.02820150641016568,0.023876681153108956,0.0023698549520673436,-0.0015694160153287078,-0.010206567246597036,-0.00188555607746521,-0.0036374881449715265,-0.007623117947949148,-0.01629203813536202,-0.009705475126551979,-0.01286691478255622,-0.014708128350087817
2019-07-30,0.019996570219450383,0.020031181433071796,0.007243140727964837,0.007565022962537744,0.015846850929655508,0.0031128616984649987,0.003415881672901766,0.024602672848119348,0.010699044407003724,0.004182162062547609,-0.0030272799481992365,0.00020280314879012783,0.0009970358663902476,0.0035871188305451242,0.0032068225106731377,-0.03152266811920264,-0.03001104122668516,-0.010702577891874829,-0.016642432293834945,-0.007809858462830431
2019-07-31,0.01852626323542741,0.018349418170937364,0.013036310280137055,0.015081103761057564,0.017149573582000883,-0.0005099333527422366,-0.004753803946403229,-0.012468920584948959,0.0004007669617655112,-0.009389200910091716,-0.008265662967525986,-0.007330454122413334,-0.011616463501961546,-0.0006116069964945286,-0.00669186240684716,-0.010814448282275839,-0.009055264625444563,0.0047525177980405914,0.0081158391677865,0.005541966411442094
2019-08-01,0.0037129414574719154,0.003971380663168187,0.002972145661598618,0.002195027077229692,0.011770646322259697,-0.0057899340388400415,-0.001928658513569978,0.013552686559268935,0.003948070638237078,0.004264478305529606,0.0066473916533063,0.009935657613608498,0.006064008414188168,0.014648206068210256,0.011891769412693395,-0.017249002343244526,-0.0029967481615079975,-0.009701786902183162,0.0010074304555929274,-1.1910712224456454e-05
2019-08-02,0.013310765134971897,0.013550172215727877,0.008119389608951876,-0.006912035548701034,0.0035392660354361376,0.03402896405966492,0.02924640412676993,0.04806260859841238,0.01831170182601558,0.021495826188707268,0.0067718347884336855,0.006863690667371206,0.0019536274409687276,0.011170798226822456,0.001455092878977367,0.006770150156378013,0.011688793914209213,0.00680777056687541,0.011216158365875039,0.012760255790059934
2019-08-05,-0.011559820108329759,-0.011624431819168064,-0.01601848927816571,-0.017282905708431738,-0.02089685358182711,0.007186510248416307,-0.007235195338101907,-0.01124683674727562,-0.0051836560759207125,0.005214923907467826,-0.0018722663155592372,-0.004619954782956099,-0.002341631905434237,-0.004216869272149232,-0.005012526256659765,0.017440041876799605,0.010239172342529225,0.01766408552438915,-0.0028455839258841324,0.010969319826311644
2019-08-06,-0.001181478973830983,-0.000535030798102953,0.0025478193281570764,-0.0009947015164909444,0.004001157164034806,-0.016559238606660146,-0.019582832719914584,-0.018928269387781995,-0.028248169646817135,-0.026560754691865703,-0.02130153528630896,-0.0148157315098411,-0.021054797670388776,-0.0046604100182326596,-0.020493023740014535,-0.0037716850569554953,-0.008684187533438907,-0.014867118257960752,0.007852333773933746,-0.009126442915890967
2019-08-07,0.006206278207169444,0.00613579118106661,-0.002844473927581085,0.008292860067825897,0.0010720507904899647,0.006597625271937431,-0.0045036298425211625,-0.00853583464641852,-0.010806561970942947,0.0008596689259865193,-0.011171392780423006,-0.01276782670610567,-0.010193486793723183,-0.008994513454481153,-0.008555438504942621,0.005571468378314767,-0.007608355240906372,0.0008026084753774978,-0.0018313084907697588,0.005393027534513469
2019-08-08,0.012005501543941303,0.0119233425797426,0.0131782550008172,0.00034427920694453433,0.016297154569448132,-0.0024537503421859326,0.0030802813033514093,0.004236115264317366,-0.014273466975977327,0.011578316809642905,0.0033550513725421633,0.009349792294980072,0.017432783757235278,0.011423583646537363,0.009590921885501848,0.03660096729032568,0.010077990914008735,0.04098132704748862,0.017791142024488234,0.02835964606243767
2019-08-09,0.005844090279111923,0.005937084880565839,0.0009952898353871407,0.001492708108600483,0.0072426085506656634,-0.002401517025972598,-0.008160493097991172,-0.035665309475836335,-0.018913720371135017,-0.021171702218400482,-0.007210952222910323,-0.008919257913193177,-0.0028611329533848517,-0.002658794065978701,-0.0014781503058857609,0.009279189735817109,0.008170488921178103,0.019210357733461546,0.00257862345501707,0.00942276417720585
2019-08-12,-0.0115504023337326,-0.011845561070265787,0.0007484017120140751,-0.003866793936484066,-0.0041991461633897895,0.0015363047102140857,-0.007805595338956544,-0.001242044512383707,-0.010114488379668189,-0.004281842146999425,0.0037848629633775066,0.0037943758920257293,-0.0016977968534947416,-0.00794979411095576,0.003340592195208177,0.009067611047322857,0.017508732266240796,0.020134885783428706,0.0034629271065322867,0.0260417691263745
2019-08-13,-0.002856629106215302,-0.002885765561160096,-0.010276448031309813,-0.0033390037431012213,-0.0018180200589986146,-0.02104269771515468,-0.04328987106305453,-0.01451247948839958,-0.04038639558174844,-0.030049774155852468,-0.00010806691720916537,-0.009594671357145382,0.0028153902961837968,0.0016328905661261968,0.0006882884268116881,-0.013604523476295973,-0.029812751831226076,-0.019049022773893025,-0.014674455961252712,-0.025837312088272894
2019-08-14,-0.004646277240961349,-0.0042798713138865055,-0.013078152040115028,-0.007845622665369385,-0.007802972247591954,-0.007605359906653179,-0.001890088045008776,0.004869906204516518,-0.002402250125450525,0.004380608044020086,-0.0032968999459258713,-0.003346100275155088,-0.0029484698744883806,-0.0017016295076269783,-0.0025509433473050024,0.0070342322267732136,-0.0005631350265123405,0.006545786955465844,0.008234791990783943,0.014353113041618569
2019-08-15,0.014364069707292586,0.014287959193029944,0.011253364751039606,0.015233865378300675,0.011591495782353528,0.010578589328865035,0.0034761953434825606,0.003075458961655303,0.012205732427772101,0.0012160713555198978,0.0055974913940746735,0.007778469106996291,0.006819786788215326,0.0052518407126974365,0.003121947319929639,0.007766871208319949,0.010760043870177012,0.014173069401170645,0.013837843478064969,0.013905485482426497
2019-08-16,0.01210982204341528,0.01245693858066251,0.019744725745575155,0.007038980968339418,0.02043303186526438,0.043611441827673826,0.03944185731929116,0.04128286279097203,0.033702666112772436,0.04093944541179043,0.016280930695406322,0.013304657199090953,0.012438459409900834,0.006522783574393636,0.01493330833671461,0.04472730388692981,0.024384514243697787,0.03642053707532221,0.022106531582040543,0.023486650405443593
2019-08-19,0.02789419613389913,0.028220662388718534,0.019864316797589272,0.029141382692283547,0.01600866771474405,-0.01281692582075068,-0.005098378734964782,-0.013872938505339327,-0.010875020406289489,-0.012502556403988833,0.00821618868399358,0.007150911938716141,0.007843068849390072,0.0010644894301814279,0.007904849836246836,0.01832342327470934,0.022804647413587138,0.025806030317282343,0.02155014892510501,0.022714230752185222
2019-08-20,0.021593112529275187,0.021659478355697738,0.013084087665125027,0.01849194147596003,0.010986346017726972,0.0031244188917825717,0.004742199927095149,0.0162817564874807,0.005059676857908231,0.018435616063366043,-0.002204168662718571,-0.002011850766353697,-0.002245096101291062,-0.008074989996460015,-0.008251618944660739,0.02126110683797451,0.014488309074240608,0.015064511831472891,0.006644775323752604,0.00999101068869868
2019-08-21,-0.001560908676621509,-0.0018028098681577818,-0.0023622979926697847,-0.006149577620633356,-0.0007085667647364297,-0.010264926004474637,-0.011359097190033259,-0.022522700963293143,-0.01298137147065579,-0.0038947759227526925,0.0002699851884931338,-0.004957487518328607,0.0013734561938473571,0.0026144503322865628,0.0031911463001080397,0.02000798763315755,0.020541615282319715,0.023573152376343214,0.010809193044470736,0.022720267261752088
2019-08-22,0.001499159023252759,0.0016110324299325478,0.0065585354133879305,0.012738597138756882,0.012583646172158154,-0.019738487407188813,-0.020967898567417615,-0.01273321505868516,-0.021634104226045454,-0.025271960216738817,-0.0028377281793423104,0.001087086254877126,-0.005377883343688746,-0.0019259168119286113,-0.00375893577508051,-0.01923538094083422,-0.030404660062384438,-0.0245389132780214,-0.025116076502167274,-0.008793545326525718
2019-08-23,0.013212645613391347,0.013615247322599595,0.0026849957259219323,-0.0014584698438832233,7.292428048253955e-05,-0.004674573822922711,0.006278756616876268,0.012757144754043824,0.008264827916909814,0.0016810109484432347,-0.007267846447064694,-0.004545744548526779,0.0043815094319086725,-0.0038381620080012654,-0.010174952299473329,-0.0020919936143823383,-0.0025683738891656787,-0.00854417144603767,-0.010695153655216541,0.008850632685532205
2019-08-26,-0.0016222073295276635,-0.0015575734433971077,-0.00745689393004242,-0.005105494285229098,-0.0033024554119013717,-0.017679660486303733,-0.002731767102332074,0.00035156856669915605,-0.004015513222100604,-0.009868326722687336,0.00859886305098044,0.008402997790533903,0.007494237715231793,0.0014598084675785709,0.014542894191709925,0.009785560425544943,-0.001668310788675179,0.014890815306561373,0.000898304417487162,0.012651174403010168
2019-08-27,-0.0069016696843011505,-0.006900186686792317,-0.0014567200800565526,0.0019459062532711882,-0.0012481514984800505,-0.02852512265972829,-0.026994338146036304,-0.013152638636498357,-0.01834003409010631,0.0004338474841517598,0.004083850754003401,-0.0036035686599971287,-0.005205338838996167,0.001598178818086358,0.010478579313640553,-0.01022891642118,0.0034739665652332237,-0.013656803348175305,-0.017355588152189037,-0.0139917475854829
2019-08-28,-0.00033215976970206673,-0.00021412644998099363,-0.0023460423406006362,0.006808545836657245,0.002671538840356299,-0.00928047778838457,-0.017036344255485253,-0.011279808715307938,0.006346392179735334,-0.005591288505051464,0.006030892371859253,0.008185529361748586,0.0009159481735073523,0.0031773547135085494,0.005521855389275833,0.027049023515676063,0.014074810956383568,0.02346925323127681,0.023542273447870934,0.015682000368864114
2019-08-29,0.0037365403167001123,0.003648431721621506,-0.01085106717555829,-0.00265094488922663,-0.011312363310978842,-0.0032245819233978445,-0.00691876920677629,0.0023115765566676934,-0.002228880964754025,-0.007987711867857345,-0.009862656717535466,-0.014471758030358028,-0.00760647219608738,-0.012142912490541495,-0.01527672015742444,-0.004191533282158894,-0.022264014606375823,-0.03726195012610572,-0.028944306561797997,-0.030410159886005945
2019-08-30,-0.0016780012145360752,-0.0014671636744745214,-0.002610551765759892,-0.0026377277167540674,0.0018056800962400743,-0.024209118527424255,-0.019133443945173276,-0.034126569923751,-0.0036189998939445585,-0.029494272520610362,-0.012410306920214647,-0.008324119178507413,-0.015381553454130689,-0.014323180327598797,-0.01401161906485751,-0.006908888048764363,-0.0070924026686095855,-0.003027383718072638,-0.009046846826335274,-0.0010457933231682892
2019-09-02,0.0032366742505760904,0.0031531876337637216,0.005404786452927296,-0.003205197116771249,0.003182220181069396,0.01421175187482015,0.009070597504902432,-0.004410971423703355,0.021710469972890972,0.008298825497542519,-0.01050462695323313,-0.0004345832813668244,-0.0017047699459445931,-0.015798637095775142,-0.006357642261660635,0.004900781846084348,0.012485190030058355,0.0147934057549913,0.015026895822425343,0.02336294330166059
2019-09-03,0.0030774003223828237,0.0032400830385474113,0.010037436610889657,0.01301938282873513,0.018487580654816104,-0.010267414601379702,-0.014024131736245999,0.002112101340464796,-0.00821619122060106,-0.006210797576875944,-0.007661535268503338,-0.008614360371025906,-0.017155058128624317,-0.01406956635570738,-0.01339484721044153,0.0154719328975509,0.0071397975352411715,0.018254656911159073,0.015992766480266575,0.01913269078544239
2019-09-04,-0.0006395105769712499,-0.0003385730976522214,-0.0015703632202753778,0.0017085504034885309,-0.0026840361288676894,0.023080424236772035,0.015968336603454845,0.02820267634841396,0.03717306658380234,0.03714544155658273,-0.0070501514669715,-0.007966690270654142,-0.002042193360960822,-0.00043135048103162555,-0.004299224428644988,-0.01961535113807094,-0.038006460939761906,-0.011807617285156554,-0.0031208652908987283,-0.01467070090009161
2019-09-05,0.0025793427885466413,0.002950016096691161,0.005226110589585595,0.006456738654758007,0.013675758339593792,0.03042112207230727,0.02105388950859316,0.025447219297338376,0.0315015250799822,0.01195843795877408,-0.01245430691423824,-0.008376704420066031,-0.0026119655458658837,-0.006353577634975463,-0.011898668526862803,0.004456418576700642,0.0014826821581595004,-0.009024485277407544,-0.015325804260422344,0.0010147799529111642
2019-09-06,0.00015432067890372206,1.2933188838268529e-05,-0.0036986827867445983,0.008580687995074608,-0.002208021824537989,-0.009530586775664797,0.002208609124350031,-0.01724282847288612,-0.02111130097140914,-0.017159178396046006,-0.002054069772311686,-0.002903864129698301,-0.0029850885476597803,0.0008037754139307667,-0.007650674639046708,0.006398610843670556,0.008232229380657116,-0.00463679492973301,0.005826448372314331,0.006523856317046647
2019-09-09,-0.0004897878025003147,-0.000340271921343085,0.0011817610941952895,-0.0016502677357521204,0.0030722784365459555,0.03238720354546086,0.02579748267890324,0.0162440982155669,0.010878734173279045,0.03006757558612058,-0.004070587662767634,0.0015996937157145427,0.0014220119821820249,0.007484663947766132,0.0028830426992151634,0.008097787439096149,0.01009171146457489,0.0067558325023591515,-6.296677187147355e-05,0.0019806972588128223
2019-09-10,0.021208969127246426,0.02085517618130675,0.01466057794100202,0.021085463844243583,0.004922422497088749,0.016867924714302707,0.01973387562437639,0.035862756277439053,0.023619979871827044,0.016808414097749493,0.006857171318955088,0.0030210364704067972,0.004875699724960307,0.012001529609077537,0.007312444649966485,-0.0015372626301207158,-0.0058206269852566,-0.012706638847769984,-0.002496388000398336,0.00046092827435879186
2019-09-11,0.007304891201454327,0.007319462260272424,0.004350076125119395,0.009432078213069052,0.009845323178131742,0.0032669508017595193,-0.004435850093109177,0.0018446480089227542,0.014427613310156575,-0.010751767041639005,-0.007381852575530501,-0.01276468668839462,-0.007051354809374377,-0.006177535411040006,-0.015812300206569513,-0.0008935975879046996,0.001136583476202863,0.007221367545798516,-0.002127107089033518,0.007578877006211847
2019-09-12,-0.008630474507985745,-0.008912411461303489,-0.012774415868419486,0.0013984063992882423,-0.015405134394489524,-0.008264410823865122,-0.008222635430360916,-0.0015232371652793317,-0.0186086244807925,-0.011400657507776113,-0.002969369177797134,-0.009954825911938399,-0.0040688917760843425,-0.0023799407436116255,-0.010839383183011976,0.024513543964741983,0.010340762451636072,0.021026586880837583,0.013906551202204897,0.0057958657528980875
2019-09-13,0.0035717629188204473,0.0037325037732236434,0.0046749950153382154,-0.0002190971400821956,0.002678269909754151,0.016415847126401175,0.007180055666416553,0.0037947508598921483,0.022565157705610593,0.005720804658514971,-0.007952231524002465,-0.007244555184635661,-0.0026869754704358937,-0.009800335723437118,-0.004437258239202503,0.007893141499506547,-0.010652982640509777,0.0008198752041135046,0.0014408155235632282,0.001711063725833701
2019-09-16,0.01683808054456364,0.016709424301017056,0.007302746337422225,-0.0002434029319986067,0.0012122411797978912,-0.022203134571107893,-0.014971612391293404,-0.01810797162164015,-0.023712541122652284,-0.014071519097365337,-0.001736110624756031,-0.0019897208927765167,-0.0036840813936304057,-0.00456254851954984,-0.0039297426491044654,0.011289449637441776,-0.002321870580005717,0.0010204728911721972,0.008411906529688006,0.011738209900403862
2019-09-17,0.009413878276161395,0.009344169966549062,-0.0005605754917345934,0.006598603719749834,-0.0012057448221674098,-0.021478582057071084,-0.012042340776103288,-0.03093305319769407,-0.01646347208461305,-0.030074281798609805,-0.022596657723206823,-0.01673955378914638,-0.016461365659101362,-0.016312638189992856,-0.01769967517844501,0.013399479276958306,0.014156751711274012,0.018196114840191523,0.01703871256170172,0.008829720749350602
2019-09-18,-0.00546958786840756,-0.005566378744494918,0.005462638133990526,-0.0026131011908704224,0.0014963449647608434,-0.010050418312898827,-0.005184326064614356,-0.014713699302486838,-0.02168124646039079,-0.007533874598979768,-0.0008999593515637352,0.0009014901662052386,-0.0049851505876500925,0.0029129684448596332,-0.002071343372255407,0.0185781845149303,0.020068497308217408,0.016930606964160246,0.014620789875332855,0.026408012761677147
2019-09-19,0.010117072267607396,0.01013836874193372,0.005293405824974384,0.009028424362954108,0.004752299312981846,-0.0019450140589559075,0.003457417228809575,-0.011285038934501295,0.002370344409228027,0.00464845228088555,0.002524130016866121,-8.067955421059176e-05,-0.003330814033237747,-0.004676695853487943,0.003177197463321395,0.00022709983641795278,-0.009279746417795895,-0.009595917730994268,-0.007128980316323087,-0.0041028904588654375
2019-09-20,0.014099532112874414,0.014333757622799162,0.009767014608869059,0.012682033564516963,0.0033720298862879904,0.018198721440372677,0.02168879782244112,0.011450458988547105,0.018463193740486723,0.013629199282954687,0.003290998440660288,-0.005636078409420595,0.001881691271151144,0.0039537497953089085,-0.004156833281825185,0.016330119939954188,0.020672072256752848,0.005009071959990983,0.028891755188372774,0.022057353726515027
2019-09-23,-0.0018402624958522517,-0.0014212777931760416,-0.005919223476297521,-0.012284010276054191,-0.006925532008496334,-0.046900163400417985,-0.013671280390209642,-0.03830380237397893,-0.03624814326814605,-0.025272393171179942,0.007376687404758357,0.002779183020679596,0.0109594682965244,0.005693981806395834,-0.00016729359702019348,0.010028986729001186,-0.004781965363258148,-0.0009055543084033441,0.013579519159938047,0.0005677585577934653
2019-09-24,-0.007157227538470544,-0.00735851072347273,-0.006695979861338152,-0.013278997857034389,0.003053588809037953,-0.011908672644478166,-0.008804937342587032,-0.016534995932969157,-0.022157432650421898,-0.01411770064007664,-0.0003761033967183968,0.006986704408608863,0.00840268096353642,0.007803372294712043,0.006108928135966573,0.0007525599658278338,0.0013402794854634724,0.005794040935944938,0.0027348300304885684,0.005138867638553421
2019-09-25,-0.009667449130891527,-0.009506297563063747,-0.010879640974283213,-0.015428660997775874,-0.014268989869766546,-0.02368958448269831,-0.01743681056169698,-0.016119135173547492,-0.0064003989220444,-0.017503905584014694,0.0032473681723091496,0.011258833628925151,0.004709525198177546,0.00577712579224754,0.009656092796207426,0.019588531638716516,0.01263960597115889,0.020323340391708692,0.012810928165784578,0.0046940039378285375
2019-09-26,8.742101957065476e-05,0.00022903865822212986,0.007070302719951093,-0.005422686477762867,0.0002632895072444216,0.00877796966838624,-0.003810314558243543,0.00014095404212093214,-0.023327475575038347,-0.0031239474533975345,-0.015044241479616785,-0.005857273615622334,-0.00537136836219394,-0.005375277444242243,0.0005250145607382344,0.0227005318012574,0.017681371855047593,0.021270174540989187,0.018564391240285943,0.02112244128007577
2019-09-27,-0.014047946373127515,-0.014208811899803272,-0.008782412496206617,-0.018377339982444004,-0.01161584055336785,-0.041643196667000525,-0.014324424950846059,-0.029446951396912734,-0.03537024543186255,-0.024651750095953277,-0.01118145660001124,-0.01103357318299549,-0.00934481312320288,-0.006493566851505241,-0.006597094294373251,0.005673077366404132,-0.005898636878158447,-0.004084212477898155,-0.013256102901942613,-0.008624533529190402
2019-09-30,-0.018966166643553172,-0.019025669201052507,-0.021481083404598672,-0.007410238540645222,-0.008629024261828908,0.002357161066803342,-0.014488918002687841,-0.00021182142610106795,-0.006551408337341396,-0.0020270437193462636,0.00021160142677565102,0.006898476685703632,0.004558074644984774,0.0018772332756553719,0.011444894265058217,0.0013966915431773744,0.006085732700437089,-0.0018736845572350828,0.00010237350994382692,-0.0018712019931395865
2019-10-01,-0.023505782680286327,-0.02400774555652149,-0.03323220190308428,-0.02025563827808316,-0.021768486475628308,-0.008941989865801801,0.007525430748509937,-0.012966632201254082,-0.0008764430127512308,0.0013564587338464275,-0.0034081420937799823,-0.003376219729758986,0.0002474575459347525,-0.006326579088923627,0.0007515403926626493,0.013285891070303119,0.011290387271119896,0.018184685538104102,0.0022263313759933122,0.007211826352732674
2019-10-02,-0.001702172985126879,-0.0016933343355579255,0.00374062920433443,-0.0011713876490464347,0.001356316178889287,-0.002358120871831994,-0.01484592827462729,0.0012850577426140011,-0.010222975617797423,0.003691408519208424,0.00654471420612589,0.0029577165884054645,0.007724392099493443,0.008320130423412236,0.0017282994177050108,0.026012864841391405,0.02732722293649544,0.005449741014684148,0.02477585758308242,0.02329930117356279
2019-10-03,-0.01034497125428813,-0.010321852003997782,-0.005516792327519789,-0.008174120941676227,-0.010616103550661334,-0.020412318920296126,-0.005371964387693179,-0.013246876228953921,-0.0030797480681246134,-0.02642355851176987,-0.008834844646483585,-0.012791368012282285,-0.009809832575151242,-0.00838505174976571,-0.0056388332530853255,0.00179737565165631,0.014393147525984267,0.000309642013911888,0.00580296694589212,0.0022048744694016975
2019-10-04,-0.0013754765832036382,-0.0014613819690934956,-0.0019452096698171942,-0.002120781966912044,-0.0009648041457922941,0.02861076807323107,0.019355945133402427,0.016528228961933473,0.015272393427597255,0.01693321206473188,-0.012768863507266335,-0.002451701051345913,-0.004273614936214134,-0.009461284024320366,-0.005443125712063876,-0.0019313090038181307,0.0064273116962565,-0.010125886890854493,0.006919690845214482,-0.0014772996919797355
2019-10-07,0.0006187650219335735,0.0007858973999243799,0.005770571871889655,-0.010748237816958155,-0.0009288199439975995,0.014527631934774379,0.02439130041804359,0.0019574977046459335,0.024253296521181966,0.017584969633754693,-0.0030900790449859493,-0.006400464055493715,-0.00019274234337717113,0.0012332915383964237,-0.0008893651826985961,0.003118437308459747,-0.0016941344798526163,0.016519303961039167,0.0004038825734712549,0.018987638383747268
2019-10-08,0.0022304707763349226,0.002154523643229602,-0.01567526093991804,-0.0034868230928762913,-0.00165041094821765,-0.005363965597510816,-0.004409900393446744,-0.010320739380385318,-0.011935977859906077,-0.004765721577016402,-0.0029904613921949187,-0.00868792978314036,-0.0012395142651466652,-0.0032129490137903205,-0.004440717327748209,-0.019329969857234425,-0.003601516209806346,-0.015141059136757389,0.0016464038771188472,-0.017766923899812194
2019-10-09,-0.006410597361471053,-0.006559509434008679,-0.01472160490677312,-0.010417828509701743,-0.017963688024660744,0.013707470655433674,0.025463504944494664,0.029977915038091413,0.02079979475197431,0.01710185881118568,0.0032271822635051967,0.004350800275076099,0.008401864721653707,0.008775928383470355,0.008436112160770986,0.009352180586525859,0.008955861036273946,0.010549711791430806,0.00629884548810398,0.011924684369174609
2019-10-10,-0.002619267721022703,-0.0027254808702581144,0.004360234197816069,0.009643592106275379,0.004286544656720083,0.03258622903535519,0.030554495675309257,0.03240476239997182,0.03772460789856719,0.015199270629729198,-0.008877199802290259,-0.010040601672693834,-0.004682230091675224,-0.0028606301358617245,-0.00590566927788015,-0.010043368212218615,-0.00446061481040692,-1.826908310578176e-05,-0.007898895975536443,-0.009109192585563261
2019-10-11,0.01384037524175747,0.014139569782051614,0.012225616576979736,0.014060545962315697,-0.0018016487943016569,-0.011206741302031316,-0.021114055882995808,-0.027941505354210132,-0.032505430275987,-0.03326758442623315,-0.006534060583342065,-0.0031465504187938686,-0.00726460972669264,-0.014165770146906632,-0.007800287893681193,-0.013323495315818001,-0.016941127220058944,-0.018118280066069966,-0.008658256615346402,-0.015259715251731474
2019-10-14,-0.008644808929442752,-0.008757811080173167,-0.007023744205334904,-0.00911054296025601,-0.008586793138797738,-0.003553989270023845,-0.009376595505673359,0.004557753323511476,-0.0021185452772212758,-0.023893306149255614,-0.004085182579216857,-0.019117982071402004,-0.015622497207332197,-0.005502379254767672,-0.012874650223969001,-0.020900816287283734,-0.0023043464436599244,-0.015543376424314683,-0.007433580142881682,-0.006402087043319878
2019-10-15,0.012673996561630183,0.01244619032266197,0.016702395548568682,0.01189106838994035,0.011756988541190666,0.002457847924620284,-0.006660182623414438,0.008649130525247945,-0.0031631099603643947,0.0009034811624518708,0.009050691265483808,0.010879363785781814,0.014300822781545392,0.0011667447611555424,0.010785475152275929,0.03808168790893387,0.03242320725363675,0.029984917751901537,0.01748311981902557,0.023874502505193882
2019-10-16,-0.00113900072943571,-0.001523208707129994,-0.003751573750698245,-0.008111038349529358,-0.0068493308704300855,-0.012870841253708156,-0.00830817122463917,-0.017720178193315124,-0.024948718539751273,-0.00018914540279121942,0.004419113546787267,0.006576223687594367,0.010942208974285392,0.00627291343039331,-0.0013204370141543726,0.002250440384424263,-0.0009790368222904054,0.001632442823853398,-0.0022082710166242254,-0.00366927567796076
2019-10-17,0.003644710926246806,0.004307930304722215,0.010026751300019364,-0.0012173828851438646,0.004305171832759031,0.014690492029317671,0.027309725932625137,0.02079196470609906,0.026704368049747622,0.016742085248739345,0.00017436496680054407,-0.008356490240814021,-0.008991712924146597,-0.003376308284381563,-0.011632873337680696,0.02288919772633002,0.0016065005079028217,-0.006148343579868473,0.0018710557344172943,0.009239810888926458
2019-10-18,0.02212745585931297,0.022221393810428328,0.02530020048506299,0.02719656264390438,0.02789120101409093,0.009151604183893576,0.016917111642665968,0.014652621330047919,0.00796015329737117,0.029734281238071703,0.012714074284196459,0.01604935732795666,0.01527635386588978,0.013526355973532663,0.01734257154007152,0.031892297372114194,0.029539832353661585,0.03910896001018738,0.03259525339005191,0.045943193058212775
2019-10-21,0.0076179693847351106,0.007398687281725121,0.005598252517892253,0.005322035606319541,0.0027382855757179165,-0.017843202461862138,-0.01921296123193159,-0.01653248131360925,-0.01121092264625789,-0.011719812784525042,-0.0009577006988086899,-0.013951542542543945,-0.002481044718989199,-0.008769770831233583,-0.008307231964124894,-0.020523527242977412,-0.012495359393140235,-0.00825555124403006,-0.01692013525785333,-0.013032846325809241
2019-10-22,-0.012333859409670273,-0.012337321374698758,0.002212394909569512,-0.012249877526343664,-0.007695442166311855,0.005568491143751494,-0.008397102559831287,-0.007524048766986738,-0.014094137755570023,0.0007010242531256278,0.0029544057673210667,0.003504956588533137,-0.0063558923907684,0.0014519424084596343,-0.0014977987513484729,-0.006182940026792557,-0.00036242599249032716,-0.000385166756774327,-0.0030960628865353136,-0.011132900201763855
2019-10-23,-0.009038775658311128,-0.0091913110010171,-0.004949464954019421,-0.0024957016651590558,-0.013981438118476946,-0.0072001956344311165,-0.0046101941518381035,0.002637811884045572,0.004784455614733792,0.007292901402606852,0.0030291201397400457,7.59728635815388e-05,-0.0015817115134374607,0.0024415074207463357,0.0011218274508504864,-0.02117590458543605,-0.014316177171052123,-0.020609468202326158,-0.013557608736979665,-0.011168952216292815
2019-10-24,-0.0013849866240534007,-0.0014272032067527858,-0.004717986913740544,-0.006513783780355604,-0.005775293899264109,-0.0013776572801835842,-0.0031918960806213608,-0.001070723182424549,-0.006419689827541839,0.006704106170958108,0.012342763042552387,0.02134434232773216,0.018596759588966956,0.02138467698893289,0.019889278496664404,0.018519495678888418,0.02479927698757301,0.03338047358719165,0.026513053007709158,0.022727447039426713
2019-10-25,0.013010509996406081,0.012834277286328378,0.0060723966826555,0.0088063531929418,0.004213172228009394,-0.016467032812152324,-0.02073874194543975,-0.009240235863782927,-0.016132104994387463,-0.003187433409595283,0.003924846920538097,0.0013736567441135358,-0.009626526672013386,-0.0009518099419484594,-0.011888671622675949,-0.007606518915036671,-0.010251652244027456,-0.02483125904723327,-0.004109319450577626,-0.009495357954152095
2019-10-28,-0.012338461656123548,-0.012667652463040517,-0.004701406136899284,0.0007144166114937428,-0.016979404599539782,-0.007002884477369996,-0.023667891303520917,-0.010177105447281393,-0.008873585219079773,-0.014040264304837779,-0.02567950206718024,-0.015815765699343294,-0.009848533012978788,-0.014109475117628494,-0.02052692095631993,-0.03621012323187192,-0.045075623369916516,-0.025573981626370108,-0.04281944183940591,-0.03903974117330327
2019-10-29,-0.004243558636815366,-0.004338980346188278,-0.0023265989205219855,-0.014883177368577426,0.008534141857376483,0.03792845775719903,0.03372364178795137,0.031150712715823394,0.03300369154755123,0.02420330930950484,0.001983634955515901,0.009308055466065368,0.012048430130642477,0.00662604980245439,0.00763031203702724,0.010713645897527234,0.010556393612769978,0.015924613560820956,0.003556792223863901,0.006066434687841027
2019-10-30,-0.00797230604293359,-0.008040699544985276,-0.0073375967488676485,0.0033442167483589197,0.0034884625578005643,0.007906284834765574,-0.01130666184389671,-0.0015626162454019032,0.0039038766768185688,-0.007946911711696099,0.0014099619533839939,-0.009198746564103138,-0.013136714527647466,-0.005154111447149466,-0.005271144651610823,0.021915621109435818,0.0214334960741254,0.03104031711687118,0.02487779082696684,0.029640724263820677
2019-10-31,-0.0034935910606611956,-0.0034563024642229384,-0.0186524576645232,-0.01027061104779468,-0.019321992736233685,-0.020138445280857,-0.013355444016833588,-0.01958022035751153,-0.013340602048920427,-0.010525563898018678,-0.011854945258002996,-0.0019390349085563149,0.002902722831453078,-0.001876118925797002,-0.0014937871048374695,-0.004144714408083986,-0.012485354297156684,-0.020854901231883542,-0.022075362614644607,-0.01706142296124196
2019-11-01,-0.006124448033247606,-0.0061166802860765715,-0.0027172442431287495,0.0020913095061642563,0.008471139854866753,-0.010057717688930917,-0.003320679695059452,-0.004431508970104324,0.010689777488959471,-0.023296907254450966,3.9213201776678935e-05,-0.000522487383952301,-0.004291512102186947,-0.0015842188853946756,0.006841618369075957,0.028951891856559258,0.027677967922803,0.003339427872091655,0.016809854496301065,0.0016690208914057446
2019-11-04,-0.0040175255937213395,-0.0038482214498011163,0.001006943188850562,-0.005785142381539857,-0.00943691455200821,-0.01205463765437715,-0.016046504787753522,-0.01782478037499039,-0.0016573936591319487,-0.017195627006880435,0.000720795166004878,-0.005078202331921329,0.0026243092994886327,0.0007423755777797192,0.002283845810005091,-0.01046712446544857,0.018278522179661867,0.0027635811297562207,0.006665462381357134,-0.002313227673654562
2019-11-05,0.013630261733073731,0.013407008596281033,0.015377305087190664,0.0106692584534105,0.016449105793189447,-0.004477823832788005,-0.004882714617058916,-0.0080279990450135,0.0015702255823959366,0.021355947925380883,0.02325554996475934,0.021399250920461615,0.013694245085764334,0.012175376024132432,0.015699928607313927,-0.0013561134698841556,0.011721607767259794,-0.013954112786005838,-0.01043298833504832,0.0029355891123052915
2019-11-06,-0.010593265550718697,-0.01056684456825086,-0.01166396486473936,-0.005503444477021654,0.0017451655862861586,-0.004190845172696584,-0.006476708701200283,0.006568808028390533,-0.012268418313283833,0.00504799200751699,-0.016386210297321274,-0.006911284978007546,-0.011669082717132313,-0.007183360183482027,-0.007101249363334253,0.014647981971226055,0.0022110669290514194,0.0158767329936472,0.0060632293239024125,0.005633348655848468
2019-11-07,-0.014544294941754165,-0.014690384529552977,0.001367902450641268,-0.002230462663308113,-0.002442068704193757,-0.017311856076809972,0.008099353216954359,0.005846664360542299,0.008529205784991384,0.004296627124243101,0.009034577929809393,0.013438163844292477,0.011387649093656419,0.00841735977736595,0.01749577613639492,0.03501256686368698,0.026490868781439008,0.018017353585025955,0.024330309376367477,0.031561724055102026
2019-11-08,0.01162482340594985,0.011394085656809109,-5.456863605486059e-05,0.0036793096542414505,0.0007401345964868878,0.025647728124309325,0.010326659979914105,0.008956822078226843,0.021954144257939175,-0.011924294877094484,-0.010045005941549204,-0.009878897631665577,-0.008906904960463903,-0.009625489952499426,-0.008373811104517086,0.018008019405021815,0.012423242677811934,0.024278483866376134,0.0010986147242027517,-0.0009938788330471988
2019-11-11,0.003512977611801376,0.003329982102940413,0.01581099900569205,0.0191051108110693,0.010494671086231106,-0.005279549607909918,0.015011637354170604,0.007832265644543356,-0.008696976320739108,0.0054473958969412355,0.006104352754341128,0.0036800478545006496,0.01008965331808349,0.016559580380771044,0.0020432016324636853,-0.002896239990082086,-0.012084611560301987,0.0032540372369687072,-0.015542470371160985,-0.0061966337610458826
2019-11-12,-0.021830774993150972,-0.021737235018977875,-0.011631017150379936,-0.016475474407116122,-0.005431473350143922,-0.013525595449007373,-0.012083038234520081,-0.01446202642760259,-0.01917345144815451,-0.00792412254675013,-0.0018462331762268457,-0.009844415841062493,-0.007109365232832048,-0.00764633881148819,-0.0004957009700158085,-0.010077945627706513,-0.0060051305694575835,-0.004156348108198091,-0.005992630977993668,-0.0029888080958752738
2019-11-13,0.006527449947293898,0.0067916894462591105,-0.0009562435687222076,0.001566360767171617,0.0005176493071062756,0.004031310713318224,0.009063451199889085,0.018440738046031014,0.013815777763104222,0.004733119579392947,0.0019791445119158118,-0.0009413682292563946,0.0025756244038723187,-0.005991042062525482,0.006981114529879453,0.004370685074529183,-0.0024241378438754793,0.0035095956425306427,0.0012118351981052794,-0.013798122312869995
2019-11-14,-0.02426721332430316,-0.024464273510551516,-0.02821527434316528,-0.029138125724806042,-0.0228667919904877,-0.006232404725288334,-0.011038040306255041,-0.021526244064619813,-0.001002189276863598,-0.012719787538969072,-0.0007599148315662594,0.008144555089217588,-7.257540156632952e-05,0.002886472895301871,0.0017363437792117388,-0.008482428104611578,-0.011273109588608714,-0.016108335667312824,-0.018782865254451612,4.5476563032479495e-06
2019-11-15,-0.0018764341617977507,-0.0016880126112069458,0.005009085709363509,0.008728498431271716,-0.0012772154973365523,-0.0011707339496376662,0.002581791744535687,0.013151916821706869,-0.010958172400858782,0.014502965615024876,-0.01288986404282741,-0.0023714863217745236,0.001193129883001444,-0.0023972567937349696,-0.009106187231707582,-0.02135399040779002,-0.02074777479235263,-0.028185506350709103,-0.017032949546641873,-0.026573001489210026
2019-11-18,-0.019999567268944283,-0.019887086418559574,-0.007121223443580748,-0.013451395786353086,-0.014070523738868086,-0.00045570593448131653,-0.0025408517476137576,-0.012249609197556372,-0.008502285460231308,-0.00429807710398149,-0.004621509931388973,-0.012144250657303995,-0.015177323654709246,-0.008544229413381366,-0.008608874415744244,-0.003281216306135332,0.0001646694028882393,-0.01351435002145777,-0.009309917316631272,0.005850811351919908
2019-11-19,0.010137685648442656,0.010572967865877015,0.011073384591438445,0.011428149092650913,0.018706580015126716,-0.002621660756103985,0.000396290917072772,-0.005427534279870009,-0.02373228368396525,0.00745675623804109,0.005882675511032522,0.018364043017227997,0.00612626802113854,0.012558475712192688,0.012293271716458715,0.007391893952688631,0.009765417076004517,0.003047436285487719,0.017253018899050784,0.008274294620981703
2019-11-20,0.010147955848139502,0.00997692500565079,0.010421272060789737,0.009691362552269822,-0.0005235803690120007,-0.02143016989490944,-0.02449472514482793,-0.027773543069932374,-0.01849061350046422,-0.01883174158758456,0.0013384435218669602,0.011009779605839135,0.002305449031818984,0.0015626827444929323,0.003920966110794031,-0.00571167058942185,0.002541269561505665,-0.010136119782712538,0.0058722265961949375,0.018296697792115197
2019-11-21,0.0025450100564911498,0.0023440276646577328,0.002915076135762171,0.010231689278019112,0.0073665124736236225,-0.019026404027496134,-0.0033494408374088436,-0.02390942984033851,-0.007000285689426199,-0.008328425325321439,-0.016443002990971747,-0.0015028864318758404,-0.01964816211494011,-0.01777394027201475,-0.01779251632611769,-0.02364093405600922,-0.014555696094279483,-0.011008171327558472,-0.0118805237642447,-0.019066879759537716
2019-11-22,0.0010230366375225215,0.0005034599709801649,-0.012543236566810093,-0.0006962026538606316,-0.004621499442148168,-0.010893894815816409,-0.002089610560509298,-0.008953161061191494,-0.014366054832900049,0.004953580953704276,0.017700226693149742,0.019607968882309465,0.020196946406029034,0.011764434471607663,0.010903535466460388,0.033290659839412935,0.013832163126854263,0.03232754965927725,0.029847186899405367,0.023601661277134593
2019-11-25,-0.00656015730693485,-0.006454134003881477,0.0026334475159886703,-0.00789060714626593,-0.005782182671453432,-0.022104233370649515,-0.01957012992824805,-0.020790152898107532,-0.010215659225383698,-0.012481925423767377,0.004077114432503149,0.007706867842157519,0.008433339066536085,0.009412916311268461,-0.0009408997583353147,0.035761044518944775,0.0128606212458043,0.004945517098162108,0.009209359391500815,0.01847182288455995
2019-11-26,-0.013195834883255615,-0.013305775025667326,-0.01790092186260605,-0.01038322756892925,-0.011440412290644788,-0.027429675008088343,-0.019756053699635512,-0.007594985076075133,-0.02205722706254038,-0.01306417108750815,-0.0008218234906606967,0.0002935206296697793,0.003224721983429262,-0.0037615609406845664,0.0006072296604831022,-0.01792261353821903,-0.012180225723588938,-0.01411430084194931,-0.009904849707703911,-0.024887593190946033
2019-11-27,0.0021195832806262293,0.00207336266394608,-0.0022302945590584452,-0.009043919556573823,-0.008171153482871004,0.006320757189257609,0.01910245523718934,0.030968884072223698,0.015475539415694925,0.03525329587647513,0.015746978734449062,0.002406027055881542,0.01555780961549457,0.006789025390409363,0.008061719391143881,0.022877858243476303,0.027057463920222038,0.026678025991391748,0.013364640988725711,0.03142338049509525
2019-11-28,-0.007632642296520879,-0.007625709247816041,0.008199551862209725,0.012766102446843711,0.01313170261256142,0.016366316344249968,0.0043231124627284125,0.01864639343354762,0.0073058966489151,0.021196184376907012,0.003816927265303512,0.0068450434924251765,0.007143958868875361,0.002415913066687571,0.00518872737409599,0.015767944178456672,0.006237690252583503,0.0032872748782575255,0.004799442788384767,0.0050265003173019475
2019-11-29,0.0045335476205685555,0.004230331790729149,0.00020861162324155194,-0.00018366199983796102,0.017270279545048405,0.01328009698469445,-0.0012925219726664895,0.0039458793712729805,0.009814511041230071,0.0068999180822799655,-0.00455154557947805,-0.00346894798970657,-0.007388989317917366,-0.004333574867499744,-0.012324830211166149,-0.004822706029203623,-0.015510967530430986,0.0006634930502387745,0.0039753040628590355,-0.014452732081294538
2019-12-02,-0.00570967889256696,-0.005980090935506217,-0.001346797202583331,-0.012446077497545758,-0.007609416984293297,0.012608129022604954,0.009977547872639363,0.014278043574294736,0.027067550715089213,0.006232199640455076,-0.016833033482198462,-0.009402628081748127,-0.005645259253451634,-0.009172015041458731,-0.009246224972619614,0.020057362775931543,0.0076215520218999196,0.026580400994574687,0.014254336368313376,0.023179673663631772
2019-12-03,-0.01438244251925442,-0.014236991454111473,-0.00987759953067892,-0.029985467068264774,-0.014181652264448022,0.005538834004891411,-0.004491233869589069,-0.004589160338402346,0.005374950606673258,0.0024310193383337143,0.005070806954175219,-0.010070273060884323,-0.007141131846386604,-0.006048600008616794,0.0001265936086333207,-0.00415305865664297,-0.011717202673862361,0.00635382045321886,0.0018702044773970976,0.009745256777697423
2019-12-04,-0.008687865398840429,-0.008503143751891476,-0.005156088242420754,-0.006630014298693058,-0.007743191268218409,0.010892563893882944,0.0007161748031768748,0.001930181195742495,0.013472555238259146,0.017644312576843863,0.007000871759818125,0.005314267213893502,-0.002734015975939172,0.0014960634149850539,-0.0009011723758741469,0.00539913140227161,0.0006414447698663634,0.0008085412599220117,0.007618570944832206,0.007125322620160657
2019-12-05,0.004976652504260031,0.005037076959058094,0.004201277766059664,0.006724007857451472,0.01291017004034522,-0.00661532177596801,-0.00229581107340898,-0.0014460033294385773,-0.021311826058278322,-0.00917009578610185,0.009381985998208258,0.011528534567748324,0.011577336554383394,0.01673298073090712,0.010905539905492931,-0.03425321800593741,-0.02188606938686764,-0.02006941689270874,-0.0147811216764607,-0.014652345845247383
2019-12-06,0.004569017903463438,0.00469212382809967,0.007469156590825842,0.007704622360283319,0.003560383459652264,0.023236011533272337,0.016064127190387006,0.0037873199079214792,0.013528276280745254,0.01068299869722548,-0.005105141912677937,0.0034802927934034686,0.004987851354796736,0.012888766831257125,-0.0021708563852630217,-0.0006702866512293885,0.016304536808216055,0.014987248147041086,-0.0010257638726541341,0.003933217544179646
2019-12-09,0.002407423127147702,0.0026468586232143466,-0.00488405350629944,-0.0005961041100613455,0.0017482167026108557,-0.007460277487004653,0.003943387560597294,0.004279394391389245,0.018623681125616673,0.007314959532940767,-0.016203189707214783,-0.01927493714433615,-0.015964271725309943,-0.011192453336168294,-0.015172707679631416,-0.01479252804278971,-0.02310306700232898,-0.00980492203495055,-0.010650704499649078,-0.01442141951347226
2019-12-10,0.0024563812584732017,0.0022282842481995174,-1.093588502666128e-05,0.00047026546613025005,0.0003984386215947841,-0.008935240644066658,-0.014886002318962026,-0.0053326229749139165,-0.024189982132809373,-0.021558593595194853,0.0051110684342603515,0.0065599306220777516,0.007654787440960744,0.010526570197385276,0.0022137254795105755,0.01797029764681781,0.041130853194859734,0.04158329699078931,0.03727857176497094,0.03407107462666046
2019-12-11,-0.014057760527478725,-0.014390410106962351,-0.02379551891404513,-0.010081950783755548,-0.011701239894884839,0.011518918262138621,0.009939692893513378,0.004897719079814121,-0.001991272667168182,-0.004682596566965055,0.002287366858559213,0.005834330642783121,0.009363556611796562,0.0023037524370854113,0.003171012213805021,0.03156563648698439,0.014177809320755424,0.01697609252985244,0.017176001695514614,0.02885028439261932
2019-12-12,-0.005717504327856517,-0.0057694014928295284,5.481434505604795e-05,0.003897140695143987,0.0071403371253571995,-0.0008921882354649105,0.005913109294770552,-0.004693822016843336,0.004585849186872899,-5.16834511389584e-05,-0.007473024399619108,-0.0034105121766964527,-0.013764739090434143,-0.011001191652106366,-0.013773648499337219,0.003931465144867033,-0.0008373905469990647,0.0057402874861088365,0.01741179885577976,0.0033578620892476705
2019-12-13,-0.02590674959034008,-0.025973021192952937,-0.018770486331712747,-0.027207342951388,-0.009852924174289731,0.028291742025780216,0.008061931850196767,0.02546555370605277,0.034289039304298746,0.025698981301931545,-0.014344981000095782,-0.0025714105670893855,-0.012629188119837995,-0.00960027433823736,-0.0012625367982461767,-0.019700197498080357,-0.016087830716639107,-0.002038576638873665,-0.005374228494057814,-0.015868019297526292
2019-12-16,0.0072925082009447995,0.0070786237408410335,0.005583547226908046,0.007579214776856227,0.005173382096415664,-0.011761664018132254,0.007645559755835569,-0.012732172502529993,-0.014129642271993467,-0.015779274723912363,0.00030358352298113275,-0.00744042613206357,0.0037384142880571686,0.0022427818499359225,0.003482971136293585,0.0033678466535580487,4.918082268156503e-05,-0.012572677552345408,0.0046542181756312525,-0.006620117632214744
2019-12-17,-0.016948480662361685,-0.016857032716905227,-0.019287870817552084,-0.01784632719246241,-0.012410604348599199,-0.032384635607537404,-0.027581839531435254,-0.010339534175641596,-0.021283643177390853,-0.026079991091857633,0.0015522314353545513,0.002029673058993564,-0.0005837037402399731,-0.0010805559246358253,0.007576949770526635,0.009600559352460233,0.002973006012322732,0.014858762510450036,0.014632388214308354,0.028072104940302146
2019-12-18,-0.009512152802927151,-0.009440117334700987,-0.01095767130691333,-0.01947253403925347,-0.012317922212352726,-0.013189134353881452,-0.00983591379164187,-0.025118034300426858,-0.039680151651403796,-0.02488552266887534,-0.004725770536141938,-0.008272667086679395,-0.0033307525543979297,-0.0135495407266773,-0.01120753450898966,-0.0041902899313141055,0.005337478827440768,0.007410600250399562,-0.0030613961651746956,-0.010600355248506048
2019-12-19,-0.0002708731260321287,-0.0003397200223349108,0.005721830122992612,-0.0033834185219319426,-0.00521097912071352,-0.01205371904943602,-0.01134146479990718,-0.01811636848133136,-0.01698867824345918,-0.022229198601464405,0.021064619000622467,0.02507987228132431,0.016909094688258443,0.019118627933419896,0.006213656221026207,0.0001550581809979558,0.0020710033633364417,0.00029227929064792825,0.0017516039059509016,0.016974688003395272
2019-12-20,0.02258283565719583,0.022167472694206887,0.010893396142137374,0.009104528966812226,0.010421490945485357,0.03119472793854369,0.018812489161879654,0.008070326998832597,0.012685704776729645,0.0031606408669286623,0.0094106865880794,0.005159714228889379,0.012397169013530445,0.008920442300141286,0.010387737292892184,-0.004094245762915775,-0.014065985878816994,-0.01320070858558513,-0.008497039972137558,0.003993305345777075
2019-12-23,-0.009282183596878506,-0.009149591232544574,-0.006388446562913411,0.004072160315754191,0.004467186211493621,0.008091139803759475,0.008050566572517353,-0.002196352098778904,0.01118299284980795,0.012989213227849896,0.003353096075663274,0.000997379231461788,0.010627236066563864,-0.0016100189101991562,0.0035270126093966576,-0.0076173800761539096,-0.007749563911933304,-0.009055034887393036,-0.0077493997507327925,-0.007142422021405356
2019-12-24,-0.007875228113690978,-0.007456387356998448,-0.012080247216059955,-0.011608782012148886,0.0034002011222330395,0.0032481950499823257,0.023783847582551913,0.0049117826115713855,0.011165510003551982,0.0024743479472316633,6.551683897104354e-05,-0.002787286049068345,-0.013721931323971058,0.002959825360264266,-0.003568985231646235,0.004389589247230592,-0.009816122725048048,0.0037567388288698854,-0.004817357658536023,0.0018041493572123085
2019-12-25,0.020572200999640848,0.02032273237004817,0.023283523664612574,0.01754665828713163,0.017039781979189296,-0.002424683472739941,-0.0034801861065855925,0.010065889329928591,0.011873015875128243,0.0006588059782934667,-0.013483797150347598,-0.006993468623265115,-0.0007646047701943301,-0.001901115694819234,-0.0007735048022044335,0.03640913236246782,0.041826485042442504,0.01707012909959735,0.025861250329279533,0.029675430123471246
2019-12-26,0.0026585959493671822,0.002751575997023546,0.01158254516735671,0.014346049534043722,0.00941717101639821,-0.012810644709902829,0.008314704307720397,0.005301017509573624,-0.012345310044428164,-0.0027477968497409563,-0.005030881365254017,-0.010680335039317774,-0.007300193525384788,-0.0023297623860409162,0.003922677282648889,-0.006109018733212976,-0.01300346622276719,0.0036632505941422773,-0.016292355796437744,-0.011706109455658973
2019-12-27,0.015976082817992666,0.015820499460517598,0.007587112635581812,0.01200269511684287,0.011849175497503578,0.0012782615050451612,-0.018967941844908288,0.0020854587368929656,0.008196378695881327,-0.013705617865626478,-0.009239977020599461,-0.0134990163205552,-0.012760675696992343,-0.011437187224308034,-0.01407807192736314,0.018532084721068355,-0.011569469029171784,0.007214141704591236,0.01062979522447269,0.01875479082876763
2019-12-30,-0.006009379360440019,-0.005714280075000509,0.001135540014911307,-0.006219239235932829,0.01599636212217206,0.030966405704955402,0.02286231797636,0.01461259705519474,0.02969089696472192,0.02453837864107003,0.005123580126921972,-0.0013876202387830836,0.012486445364602201,0.002075807319216522,0.009102259025656685,0.023101157533980787,0.0341881563850501,0.014827010988765033,0.0121167718482308,0.015010238341751268
2019-12-31,-0.020105445617672583,-0.020017857310740187,-0.0029096725454278087,-6.917051847623044e-05,-0.010219222031558867,-0.026981309952794734,-0.020234709804717622,-0.01940829568743381,-0.02803009287874412,-0.03413831201635716,-0.008272125840160169,-0.010258174191240536,-0.015276840384532706,-0.01398477277347027,-0.005741955691199799,0.006272634142419815,-0.007693432455223732,0.014445053211970866,-0.0030049357391316815,-0.015538425835730963
2020-01-01,0.004566889567488434,0.005039421909813739,-0.015827526071388084,-0.006270814055631191,-0.011969179001048177,0.0034166662182890536,0.00016844169738619103,-0.004840938584459288,-0.003639274317172721,-0.007074328471525847,-0.003018838485262624,0.006870400504477832,0.0026993897777526357,0.0018192003890089195,0.007110571477486185,-0.010215149144863756,0.008787875770735627,0.020167089977994667,-0.0031318406877571983,0.019183396128203654
2020-01-02,0.01619130583634296,0.016298822258655626,0.003983627148393287,0.003573041788004642,0.01525059977764836,0.011073351161422839,0.018522456963436126,0.010224192932724956,0.005016950008942323,0.026377285176891106,0.004119079317470072,0.005272631424170644,0.0051260582335382835,0.00905176186083089,0.010199743313654773,-0.02669441688466287,-0.02341693521643714,-0.02906249612316358,-0.03403783432994167,-0.02534967246118036
2020-01-03,-0.0026499116264421998,-0.002748571553997355,0.00041489905306649454,0.004690074657340854,-0.0016350736471695856,-0.0012515312219543683,0.011887642046746357,0.00975763825193001,0.01580164062005116,0.024243763256306287,-0.00915770498480116,-0.00034597041487046846,0.0029688316483942267,-0.001293330601391634,0.0016697983216669933,0.010663921418276046,0.006216612030326169,-0.005838205373096989,0.017899784515807742,0.01095478931198323
2020-01-06,-0.012783503175004643,-0.013068772023650373,-0.016024665464977793,-0.01432323119162045,-0.010731956065076285,0.018646010939025213,0.026858294332646845,0.009126510047005636,0.039248531091642336,0.013103863982608254,0.0034440088758258595,0.006602088444051147,0.009690038690199531,0.006915879798197672,0.0007054565377059689,-0.044154819031479255,-0.051878668701901276,-0.02798217533693693,-0.040575639439763576,-0.031654557822813324
2020-01-07,0.010618517548800204,0.010919339053685724,0.008756906960807706,0.0009456357727692451,0.01692651811003043,0.02270169604545583,0.03135205443767365,0.03745434643692164,0.013513105447788783,0.018101004691107914,-0.015541965924367998,-0.010345758629544689,-0.00037743747843100797,-0.004989681543632623,-0.005862484863235786,0.027212083102711386,0.021043360580234413,0.0109972779529966,0.016183066912697587,0.012992081297263964
2020-01-08,-0.00916092461235262,-0.009271345397308284,0.0039196556648939335,-0.0005109396034015542,0.004188622884785233,0.019367273969354615,0.004917279321206018,0.018060689916962577,0.019945070842285886,0.0032770652338881975,0.016553535864121106,0.016430923653972685,0.01768172457857946,0.016566123095686423,0.012227883222012908,0.0028240288590660753,0.008985279765176532,0.0045091040353388385,0.009080688332979444,0.009088021028249156
2020-01-09,0.009858633117627894,0.010200817894506328,0.01873979222650805,0.02396039598312549,0.019227728558331176,-0.0009817648603501852,0.00040303879263621457,-0.00015285203367858263,0.0009241768411074557,-0.012705664308906022,0.010833930663944101,0.011743984536936456,0.006600141894057935,0.011281404831718946,0.011196122471002332,-0.009922530636591053,-0.010690376821995452,-0.0028178837921685284,-0.011680041330591402,0.005214001465618964
2020-01-10,0.0005215588155618655,0.00033938494075552337,0.0006768803311840942,-0.002413645140270305,-0.003474231387883565,0.011341839780295371,0.014621930925930515,0.013457076287304146,0.007527439160335539,0.00560764001297971,-0.003851659418771922,-0.0028796956511846343,-0.007056441176416706,-0.0018612208828211654,-0.010163232987959065,0.03769961452959934,0.04883410104318796,0.05481499335609449,0.05943213852071942,0.04073593972682372
2020-01-13,0.008358673474271387,0.008234696726300417,0.007418084545818343,0.004251079629592413,0.009999378469351563,-0.015139172193133026,-0.013324165504646731,-0.002393960202984743,-0.0014419862317676226,0.0008422835196603784,0.004766722051528416,0.011782862964847205,0.00750625185323557,0.011153586998038447,0.017541853308853612,0.020163485501909748,0.012509884576091422,0.0028567513346319526,0.014664848471991279,0.01251848951514117
2020-01-14,0.0026003614315641653,0.0028521511914872105,0.0174853560084275,0.005138456599481358,0.011596158049692941,-0.00982857806006668,-0.020960782087377287,-0.024249584889295663,-0.01919448010204508,-0.01896451827756184,0.0025177896186290467,0.0023343222181781134,-0.0014379295469879095,-0.007795730237348208,0.001981550274258314,-0.006432201307068942,-0.031123071663354825,-0.008221430751655838,-0.020159021417909397,-0.005371270773883927
2020-01-15,0.007007300412470746,0.006937163984255127,0.002799367446328243,0.010371183106797077,-0.008800468752301921,-0.027235271771590953,-0.02328635025021029,-0.03212349900315272,-0.026540135844129436,-0.023853094078544298,-0.011721782313514839,-0.004426376471398017,-0.01923896292988353,-0.01128903703859263,-0.007902801175066757,-0.04070995373890547,-0.04031175448994864,-0.029830726807290722,-0.04303576180009676,-0.025693133653765153
2020-01-16,0.0021995286282796623,0.002484792537058034,-0.0037272510830508015,-0.008898740058649407,-0.013589715163132161,-0.005524653253382783,-0.010293733369486111,-0.005326622807463041,-0.018440166631581406,0.0068855807194284045,0.016374462172251386,0.015579086442033261,0.008400315039266327,0.007052686458507421,0.010123400199379587,0.01614591379588438,0.012475441628164457,0.012208110645074217,0.026413936700976186,0.016250946143125014
2020-01-17,-0.004098322462690983,-0.004286739041298462,0.0040161681012567865,0.003370365529244289,0.0014464516279500859,-0.005351826261498389,-0.013061175208141058,-0.016088064226478974,-0.004338694570332236,-0.007064726911303749,0.0004105352904281852,-0.0007900294546639779,0.0048911052172206865,-0.0010580966816881466,-0.002278621279919795,-0.015955815339603694,-0.004166930829683718,-0.004613233971442709,-0.0007904127915448038,-0.00870812430975786
2020-01-20,0.0036594233179693013,0.003741866445117129,-0.003452090262637456,0.004621008574322994,0.001502881651460709,-0.008199043369397656,-0.012470271542855337,-0.03333979692324899,-0.00751577843853939,-0.018406885441237378,0.005068745317532906,0.006874294030513067,0.0003683634984907955,0.003055530647508435,-0.0023296439456599047,0.010522056738501925,0.019406322411231018,0.00905561554345488,0.016103542147373282,0.01599764022076268
2020-01-21,0.033792769549803106,0.03394037827889452,0.032311166079323446,0.030913068966905287,0.011685920425172986,-0.00890073140128508,-0.01040598414060875,0.0028189791155752105,0.00039129561513006424,0.013594918592562854,0.01475157733498355,0.013513726114474947,0.013581505591013992,0.01042427000924597,0.010397585381282182,0.036413168905217196,0.02612427554888103,0.04858914888373606,0.030076266312812325,0.035020184894802006
2020-01-22,-0.005632002793784719,-0.005493422940155857,-0.005439710412739411,-0.010665184581582481,0.003010508290572852,-0.016662262639350976,0.00036483922887122026,-0.0038595311627045584,-0.005815868766604825,-0.008288686830270248,0.011155072427695164,0.011838412416661045,0.014423616832516703,0.011450853658868256,0.016401520093614848,-0.004714442211804639,-0.005143521488579448,-0.004455790327102867,0.011585319397662096,0.00535269235524902
2020-01-23,0.007474709034352147,0.007860931859856396,0.010455328336682758,0.015134610001559329,0.00900388762127057,0.015150962729727236,0.027136101156400357,0.0068371718267856395,0.0019899859156243377,0.015571438961636718,-0.0023140408689451687,0.001020007648910914,-0.0077256670352458985,-0.00031552727172527603,0.0022777690118579758,0.018029674118523655,0.022418622544973947,0.023027738419326756,0.0028777445499487187,0.00771222891499943
2020-01-24,0.000546848250686098,0.0005973735840505878,0.012250828695129902,-0.0006735785632880152,0.015864534472254957,0.01016818390601422,0.029525867800656816,0.034646330923651075,0.027946615566292243,0.020499941361493187,0.0013354722750818972,0.005398884106690296,0.0074877888900354685,0.00998591505450731,0.0011715260679889708,0.00965735059563142,-0.015834186048169833,-0.004241625655876562,-0.01921136653206062,-0.01865770366300455
2020-01-27,-0.02183064957991024,-0.021627163629368933,-0.015431054567882007,-0.017777495346048524,-0.017629737499786698,0.012876345383762458,0.017731854413253777,-0.009053495505782367,-0.004370942608767042,-0.0029664867272347025,-0.022127772805867314,-0.01626471291614685,-0.018041333585535918,-0.009128242268327737,-0.01515642819728484,-0.032332122310761935,-0.03762196854040138,-0.02762132324698206,-0.024836704026009186,-0.019989140459010252
2020-01-28,0.006336115500711454,0.006420777727963721,0.008044182893112857,0.015045612869372279,0.005607682147186455,0.007797793883067152,0.005448103520214554,0.008374166270236547,0.01671694913006219,0.018360773571740426,0.010548744819266253,0.010701991501019869,0.01592142031599351,0.013596465593481075,0.012998485440485421,0.023632249330941848,0.012532045323369614,0.011022964756518526,0.02471151869757484,0.017624600436715643
2020-01-29,0.003586176990685166,0.003640174600711116,-0.006305817100208735,-0.008098210714421973,-0.00518338668256798,-0.03549906612054836,-0.029592251055737876,-0.03216188457254501,-0.030927867833238407,-0.020935017899811784,0.007202665733022563,0.010585333550170472,-0.002520388051935968,0.0034428957891913027,-0.003340285016542173,0.007019522785305251,-0.0004368902832101507,0.009071053951308233,-0.0014190223229987983,0.02674245425583596
2020-01-30,-0.0004141770720529411,-0.0002972599011203617,-0.005378656127671101,-0.00016073790528434325,0.0030956213006160314,0.001721251387432571,0.027325074326434887,0.013197856938467539,0.015378601429769208,0.015047797929161987,-0.019506025803161374,-0.013360801574611792,-0.012061705668035227,-0.005190187716203759,-0.008426528903282706,-0.009690059290991468,-0.004674626391876688,-0.012701267362795818,-0.009450942261199885,0.0015176219388168617
2020-01-31,0.01400474848232823,0.013812502903190737,0.0034835991914941196,-0.004985135229884429,-0.0020741667288000283,0.009806519946503691,0.012429592007318533,-0.004479040162097099,0.012914165544622618,0.01981469404872791,-0.007964678030762829,-0.001067237492999439,-0.0032217309635174988,-0.007179582441987809,-0.007905757816588423,0.01762947555518651,0.008445437218865813,0.01621234375225752,0.017574847718583888,0.019741928379045027
2020-02-03,-0.0012613895295067452,-0.0012779597650689487,-0.011262596410680894,-0.0037318004946732897,-0.00363376268400175,-0.0034141622965318443,-0.006455751731812785,-0.0171311921532441,0.010910914342190969,-0.011717550686737917,0.003377863791242241,0.0011467808417697186,0.007293837595797683,0.004946159121029499,0.0026673082893600487,-0.010470343807925438,0.0070056359457149955,-0.0045751234479131896,0.000461851667529862,-0.012213860256011167
2020-02-04,0.009911771305961858,0.009967026717858672,-0.012288272616354637,0.005074359756527582,-0.00246244509971492,0.0031931220056130617,0.02316404208621146,0.016011478403213483,0.011432535805267388,0.0262911000904729,0.016967848060719933,0.012485809980606572,0.006150797590496506,0.009185628422366834,0.012301503536646276,-0.0061840434335485445,0.015533142132184017,-0.0038594498293234997,0.005317806607082882,0.006045013622601036
2020-02-05,0.004092743953111092,0.0043489141259990495,0.00549264565961487,0.010008874165485978,-0.0026641365911370183,0.007333447317084514,0.010945073144033597,-0.00251921949410268,0.027988138240800525,0.02235648662264609,0.010252270615704374,0.007528065846117374,0.006643879070255658,0.0073566379210199245,0.008255494313530424,-0.02862184122605228,-0.02448706809020605,-0.023388258202685197,-0.02283408809362855,-0.03384330128968557
2020-02-06,-0.0010506102822953345,-0.0008263806576032988,-0.0012088903017931465,0.005379939382865463,0.0013319617148849954,-0.016292146965395504,-0.016396991881623586,-0.01924800158868841,-0.009438274973865823,-0.02033190507335027,-0.007980018357114406,-0.010843047306019444,-0.012902373961191217,-0.01018605968468931,-0.012061537636711287,-0.002589450584160523,-0.005815613159429676,-0.005107170441854064,0.010235372234223198,0.009902209196826965
2020-02-07,0.0017365744239066453,0.0018044337484388316,0.0015114016779791094,0.00031878960556098074,0.0009355923554634396,-0.013260488869823325,-0.007047420102195047,0.006818758630436183,-0.011195460876778885,0.0028763546273504557,0.011539854397886112,0.003524044428109366,0.005749592234415742,0.00936159265763799,0.004886725920772271,0.010957234067486681,0.007345291846141511,4.238395158466551e-05,0.0008556164138011069,0.00481902719934364
2020-02-10,-0.008659958543969398,-0.008840097439052695,-0.017671954960416788,-0.008723931958753433,-0.007407790678190218,0.017669173115596546,0.023306464598185635,0.030074881839146875,0.007663699913805058,0.023606916362170587,-0.0010973934703926622,0.0011464141776850983,0.004217183049967281,0.00017309593942473243,-0.00017073445126455325,0.007243519572301368,0.006027386941735127,0.014411761994326158,0.01985624456347841,0.019083773872328468
2020-02-11,-0.008589431027660443,-0.008642237684316392,-0.006615564778372889,-0.012099966945033363,-0.0038270131090130527,-0.005141967372138425,0.00597933117879813,0.008686013458210002,0.005926947600377087,0.009065655856468562,0.006622024445462369,0.0015320547261728837,0.003053087963413671,0.0024546307826678938,0.009417439817303813,5.280051024996759e-06,0.008882048277905303,0.0025577163897023665,0.00705979577921574,0.003923880739745175
2020-02-12,-0.0035495585720374746,-0.0032978083261545194,-0.0051889957516573345,-0.002797337098816164,-0.004550852507694831,0.0036924604535954176,-0.003758912714415352,-0.007718473794267213,-0.026688150218797127,0.007022327330379746,0.0006795150155538439,0.0025979399637203484,-0.00732654227016043,-0.010565534136392609,-0.004262503110874172,0.003935274639251884,0.005020158749442282,0.00566946997691573,-0.0022347574370770113,-0.005383785259042356
2020-02-13,-0.0026390483450908176,-0.0026703669331496634,0.0031415793039740636,0.0045892422606575054,0.02176934828745947,0.040162287178439705,0.03263519223804165,0.031902022335731806,0.03439809190866645,0.03174327048577326,-0.0135611382690572,-0.02454370165150761,-0.02293494948469473,-0.01702231155222635,-0.014552775974791125,-0.022788779433395762,-0.0011836688193418423,-0.01015319488374393,-0.00105008406541637,-0.018611541891765886
2020-02-14,-5.4723175541241385e-05,-0.00015758816162918433,0.0067488651244724295,9.097910014939663e-06,0.003715224065905544,0.03678687418737496,0.009976974419364572,0.011675169154109622,0.027715800098645903,0.025054364557933435,-0.0008695120302601488,-0.0052210605260679084,-0.004851719979594,-0.0019099613281060497,-0.004216771345169873,0.018840733031686836,0.025182641427915698,0.018994954080412955,0.006255072948810985,0.020564643606238674
2020-02-17,0.00584058456406731,0.006031449139025019,0.018171496427593473,0.017465740833702868,0.018515674702661473,-0.021286104874708497,-0.013253997650181466,-0.018903828558916265,-0.013297616635573911,-0.015350243418478836,0.004234837061789888,0.010832301776290125,0.008511234776742246,0.012172799675771744,0.006913847456317258,0.007928319503284827,0.021741255738687872,0.01414291965181001,0.0207654454496907,0.014273843517537516
2020-02-18,-0.024659298739864492,-0.024894494614797473,-0.01912411650119571,-0.017121650419851652,-0.021001634773032078,-0.0068944147470109945,-0.003610055408060312,-0.005631498591416551,-0.0007198543229616043,-0.003826345285727147,0.0028265080517705186,0.003251575147120586,0.004102590633852475,0.006605108864259627,0.0017966499231853643,0.0056083326095967235,0.00043838798930059147,0.006681248726997695,-0.001012176491943263,-0.00911496460008433
2020-02-19,0.011733687722478544,0.011755999675208097,0.014368927741394363,0.0006724276279164282,0.0008287764086706265,0.007785112583201774,0.02921270746950725,0.017446028704126513,-0.0018185948807134598,0.0006508768546756115,0.004306649564739772,-0.004144609067298587,0.004249466127134436,-0.002392911944929791,0.0023514681001716386,0.011161241701461693,0.007310994059184055,0.005436660409363503,-0.0023137215852418783,-0.0004945015477515466
2020-02-20,0.011269493302409388,0.011207150757444446,0.004872350287660259,0.006473394413505695,0.0035475004133018826,-0.005291456682330564,-0.0107917667172592,-0.019499795843422908,-0.018524126808785568,-0.023477609163372968,0.01026257396237761,0.010019782384276348,-0.0012697451457924051,0.005635775216719186,0.006574327583596374,-0.0068060078338431146,-0.011500246379050266,0.0005957007017213713,-0.0006673389409575588,-0.005067159881068398
2020-02-21,-0.0011921275978044954,-0.0009918959876682983,-0.0070914400238123775,-0.003199787825782758,-0.012092615281908681,0.008033535645569972,0.0008623361014473423,0.0053522253102802255,0.003688288830078742,0.010527039019705404,-0.020355762850507747,-0.01675903777355901,-0.005831455645190288,-0.00764585573337972,-0.016252411113948678,0.0011101716590038513,0.0028794753701747973,-0.0041858084434999564,-0.008860900537923077,-0.007812299580211237
2020-02-24,0.033013233836793686,0.033188837771058737,0.03183062424107227,0.014930686524126983,0.025708462027521087,-0.013202862898237432,2.619167027694653e-05,-0.022133587672490074,-0.014481987412184493,-0.011122210091433781,-0.015839142526394047,-0.023571107989902838,-0.028873762272013923,-0.02515180583660273,-0.02010548799495569,-0.003988689181650121,-0.010774328722521046,-0.0017967272839531684,-0.012126667286328918,-0.012715671365815735
2020-02-25,0.0009882094723341005,0.0010164428091190272,0.003435574191025573,0.002869360819943782,0.017666648349571625,0.01872759545979566,0.000769597755204949,0.008308722717550107,0.0049025834334481995,0.015654852574985955,0.0035563503439957037,-0.005399521700131144,-0.005461646637362849,-0.005414985110269925,-0.007911768952972112,-0.006398205835078193,-0.0002795121405425797,-0.014853807357587626,0.0052854381506465585,-0.0077871005734429545
2020-02-26,0.0010823722376817107,0.0009523064051488932,0.013152832233441974,0.007089386464184833,-0.002592838449313444,0.0012557448335625858,-0.004919582166240811,0.005484681410236808,-8.125346165952418e-05,0.008235909861118017,0.005516984325105839,-0.0001818687211904516,0.004556360169981563,0.0035297581617220047,-0.0023055075681414094,0.006186757140579937,0.0017497054735327454,0.005705386633344797,0.005057551573243776,0.01151587821551121
2020-02-27,0.018873387337215993,0.018795685244141595,0.014845224599565686,0.013825486158726523,0.014973257841174087,0.031622294030126556,0.018680818993531238,0.018107546507896536,0.020477347196779017,0.03518845098992188,0.00828890334201345,0.014998474052110007,0.005429697646129144,0.007585450555347173,0.008450153888305709,0.009393534179329728,-6.599531588179236e-05,0.006734861597340554,0.00882294055572428,-0.008351160930064503
2020-02-28,0.010238920338199241,0.010105187641067444,0.012769464907861539,0.011587940526339765,0.011414718210068169,0.019745737681627695,0.01851624531880501,0.021905733264722945,0.03751153098454931,0.027095211010885533,-0.009985502751536014,-0.015994591697232368,-0.007896295906000994,-0.004613129573247467,-0.006652962148651932,-0.02454071369382175,-0.020218538882317505,-0.0073798999766442165,-0.0016828951825325644,-0.01385666450396725
2020-03-02,-0.028640868543743814,-0.028781916821987205,-0.011506211814167852,-0.014286925031636675,-0.02680671305913456,0.032855883298173905,0.01060705417978275,0.011367093939738629,0.005936915813544807,0.002569583353908578,0.010380291944755454,0.004386057955355726,0.0036975618870999137,0.004367610546246143,-0.0013046112864208283,-0.021256097949755658,0.002226780385361175,-0.010797046432559996,-0.01691422939621605,-0.01585748148102397
2020-03-03,-0.003251553398132487,-0.003072708819488896,0.0024940430381503744,-0.006743489331887411,0.005638718593382509,0.0002889901300415221,-0.0024260073445927276,0.019856047739604685,0.004071493984997911,-0.008758346714888593,-0.017096968772496043,-0.015748552904761695,-0.01630535060506298,-0.008146636319511333,-0.014647735940779175,0.028697548239181678,0.031601700764060714,0.029569616608145863,0.024940678901371967,0.01563391943816857
2020-03-04,-0.018653708669008076,-0.018693320187654867,-0.013395379082408827,-0.014105198384307299,-0.0062513795857766135,-0.014814350140394207,-0.019078926805429674,-0.00088417608339203,-0.0025427548916354607,-0.009020282116164517,0.004940018488598054,0.002833784051374827,0.005259990435454438,0.00702609889598889,0.005071662714415514,0.00810998541066692,0.008405875240792341,0.017528057217891586,0.02347360185645815,0.022784249634241478
2020-03-05,-0.013278463354558673,-0.01319704070331586,-0.01740257542488797,-0.01954932981105074,-0.014665762344136846,-0.019785552671735106,-0.018982197513794482,-0.03410109729840735,-0.014488065020780165,-0.018116951134512088,-0.030013162876215096,-0.023458285287484625,-0.009537768883509505,-0.024199259518050117,-0.02624897805165956,0.0024541454595281985,-0.0001581269297220221,-0.0023129729303972926,0.008960052454555428,0.002086869411307254
2020-03-06,0.0014737029659163182,0.00131141675190097,-0.005769381018351592,0.003355452766900007,-0.003047202960321303,0.015101439162054522,-0.0057510183255249855,0.001783238940583696,0.0036191068185503906,-0.0011782838931417023,0.004544249577724966,0.008703526963002431,0.006354553325108549,0.0010038294669098716,0.005421842944313551,0.01127166400210876,0.015600695909927456,0.033385619451466224,0.018247821782558245,0.013838935418818175
2020-03-09,-0.0046863552064265795,-0.004465987633578599,-0.005191484420511308,-0.00013914196194871005,0.0022694563284901756,0.0012458677129304208,-0.0031975243547465036,0.004247119721008699,0.002484765316653008,0.020220153895588677,0.012661602520621037,0.0054593209679105244,0.005058975354771088,0.01186799545593296,0.006057333691137831,-0.025119192204444207,-0.02584159364138514,-0.019810800151131687,-0.02538230963082522,-0.0349004376501344
2020-03-10,-0.009442260298547818,-0.009575917430372876,-0.00949132130992697,0.00591124935112549,-0.000533407507043856,0.0019592094014427228,-0.008262770729281126,0.007824502868372267,-0.002435607013923099,-0.004091304848231397,-0.009157072424463054,-0.011452894729463944,-0.00970459419617666,-0.014652800946372724,-0.015443218463336223,-0.005459474480145324,-0.0007807662777458563,-0.0047458190462103,0.0006665047854741635,0.004397063734010558
2020-03-11,-0.005055958787548436,-0.00509396165529961,0.0024395625259161628,-0.004374684614125016,0.0020382966939419614,0.006902154841117285,0.011446005061015087,0.010006326512318654,0.002245779107471908,0.009041331657177324,-0.002310052048013341,0.0012076287096814448,-0.004907725536113693,-0.0012766608196342298,-0.00561715996852766,0.02118726692934817,0.02693914778539458,0.016202751545210167,0.027334896582472325,0.021270482452476654
2020-03-12,0.01340076824174218,0.0137725060258377,0.010128718061903949,0.015896049975195226,0.011700598261780569,-0.008635381564969328,0.007057938304709565,0.011948380482883193,0.021551698332969698,0.011563342397986856,0.01063972763466784,0.01480052433572594,0.018099113081910992,0.011221493749376643,0.014230162359221222,0.03974433823856514,0.042105062610488284,0.04600917460324601,0.046620218563129416,0.03716150965862844
2020-03-13,-0.007329048506281854,-0.007067708832306778,0.006909870635908146,0.006685044868941863,0.013318588726581575,0.0011054296075760073,0.011215610702933278,0.0073564604218574366,-0.0005430003228550841,0.002811899710902899,0.005097165952756082,0.0023929211649173845,-0.0009575811207833424,0.004215676660361943,0.004836886825514374,-0.007580892920545403,0.004037178718866398,-0.009297777571389653,-0.017310578068267413,-0.019557362455522892
2020-03-16,-0.02439441133547353,-0.024186232096781307,-0.01580875539883122,-0.017607536190859172,-0.019037822545134614,0.02500369857045714,0.012224122823439636,0.0005573103449215103,0.012218973587837844,0.011014022508654308,-0.0031286448112076313,-0.0043364488410052105,0.005855338537054336,-0.0037259984885954327,-0.00474773263431887,-0.01662340876605789,-0.028545845668699436,-0.03666853188842482,-0.01829914241968895,-0.017163357774486836
2020-03-17,-0.002573555398666808,-0.002486488941631697,0.008499134072968964,0.0015167374087946659,0.012129809281730379,-0.017621300821742708,-0.008578614846116953,-0.018353436256631547,-0.015228036707637557,-0.0220816985731268,-0.010331492064277694,-0.003970767502072324,-0.0017436388368835929,-0.007586739070811876,-0.002882163624886259,-0.01825713091850277,-0.014386643813157976,-0.004993931539086139,-0.008603770203482207,-0.0072441878710458535
2020-03-18,0.014711038233519914,0.01498502633906537,0.008231633816492483,0.010147529437750234,0.011399101223567567,-0.003710916102640901,0.002538326743622269,-0.0014988296659699048,0.004337875573410294,-0.010270251326136943,0.0024007395619846,-0.004008893866060585,0.00029298501178187956,0.0024592625575606377,0.005334765736541937,0.010490923003382646,0.018185784554353907,0.019369963504411267,0.01609601131429354,0.015174631037752503
2020-03-19,0.018855343088340207,0.018559700866451964,0.02103242709940986,0.02066410610443524,0.012571668203880964,0.005369149358702891,0.007382615338053409,-0.002306930099482942,0.007403348475644229,-0.005558786669888554,0.010121190576567513,0.014718494183451692,0.011270945936326101,0.010206978823905501,0.015410309780400172,-0.014117476232738143,-0.0003271376667701408,-0.002443764929089345,-0.0028122777075182304,-0.013576517557909971
2020-03-20,-0.01893180622202278,-0.018984278256400065,-0.006844629378389326,-0.01346768254500325,-0.006708872235302228,-0.035642648463654156,-0.028255059699111115,-0.03918356857702701,-0.049219849380956124,-0.028277849320196696,0.005342409737990592,0.009147532403797544,0.007172176033024575,0.011289831139464523,0.006416234206434458,-0.021812764521388483,-0.0230464990391861,-0.005929090924014029,-0.015932217957192355,-0.021004477843639516
2020-03-23,0.011780630364099957,0.01170566178394793,0.017810936655028226,0.01799143423175629,0.01891632027736821,0.024948621054347496,0.02732889367775666,0.024895318253467722,0.00906674095634611,0.01799659987883754,0.006439207493285035,0.008471124743342166,0.010673055134850876,0.0031801744664284276,0.013471973540391837,0.011223505124296648,0.010539927746747247,0.010016467385172015,-0.0020501448073551127,0.003875409380190644
2020-03-24,0.014227720844871795,0.014250134607827553,0.003348547788903723,0.010696889335785408,0.013775571541852967,0.04566372053569111,0.03493300204507545,0.03739128442353304,0.054999548320854234,0.05150703019509663,0.018658241360000636,0.016983283551481584,0.018413960718589136,0.012583239821405067,0.013950059775816348,0.013402292764870129,0.042821020832981435,0.032791578323503864,0.024467490183395956,0.027277714275784862
2020-03-25,-0.0036744942893731413,-0.003629171809954557,-0.008185139711904559,-0.014821411025924673,-0.007627222871499804,-0.009550330869549761,-0.011517438024251734,-0.00038421356937693596,0.009669157817032469,0.006600478423353929,0.018438050059644048,0.012211170413420118,0.017077930673697565,0.009594061130207165,0.01135050826171429,0.011906756420623048,0.024580848016511718,0.02197257195247857,0.007696763942816491,0.01765230769993674
2020-03-26,0.010884386134444918,0.011516463506040178,0.016776762666802118,0.0008720585891544702,0.015465292861931561,0.009920124642275067,0.010479168205768124,0.011694949293309987,0.007892062835546092,-0.004485116875884777,0.009381703654353007,0.0027795690807978406,0.011356393327210793,0.00937906112163981,0.009685323698176644,0.016775918597101706,0.02467950847580642,0.029448722157393265,0.02776842765836379,0.021649613125643622
2020-03-27,0.006886161443137381,0.006759582089672512,0.009521524782108597,0.016045711814922866,0.002639147758732971,0.0019957214863646497,0.010181158899371604,-0.005231197652992836,-0.0013108866165030056,0.007536422690329563,-0.009940770476287752,-0.008271607869782796,-0.0037520152174218132,-0.015672103835578773,-0.007673989022330673,0.019040954308962462,0.029251795325884462,0.016511125628290275,0.02371032400537129,0.027211703604550597
2020-03-30,-0.028492067973167872,-0.02866823094489591,-0.020142852885702986,-0.021598034034433944,-0.030781095609723634,-0.0013748157126606212,-0.006977677052110131,0.02179723291134467,0.005622301668576731,0.006940266272496952,0.014020640407388214,0.005318498885259368,0.009015678823617895,0.010424449319158322,0.0026318243073644824,0.008975832230067812,0.01859116688342331,0.011861445774047439,0.010677692563122374,0.001405773472909732
2020-03-31,-0.0050439796095526285,-0.005352587824218521,0.009377077321865332,0.0011495855355322176,0.008981720728532204,-0.03278344337574235,-0.019257510714187968,-0.0010261057295505244,-0.025630671031194437,-0.018252629287314418,0.007567372428919152,0.005110938328742092,0.0011217737992176382,0.001239928519289807,0.004167599652010719,0.0065255848800030635,0.00273335039513206,0.01261178771101083,0.0025178853400590864,0.0036643036297880184
2020-04-01,0.020863030870726773,0.020562698024866936,0.016656630970347384,0.025563319857029657,0.01712775147928199,0.012967028870785926,0.008100183337336456,0.013301399498611269,0.0030863693540946753,0.009563615219812664,0.01133834173563309,0.0001818856245994937,0.003591717473255161,0.004987826632723994,0.011733178153831859,-0.008574296230145178,-0.009021309701140645,-0.008532743838046534,-0.008614892726756973,-0.014218841756067283
2020-04-02,-0.003370923598047558,-0.003032549736073498,-0.005004343062558792,-0.0011714039462997104,-0.005002864611672689,-0.03494647636168956,-0.04174524121895638,-0.01293898915351189,-0.022518263066823377,-0.03467093738151432,-0.00014753893846941384,0.010144880376152078,0.0043920026538509715,0.000524737617850295,0.011480619470912338,-0.010474678595551123,-0.011224334671663701,-0.00669673867073167,-0.015053911182501777,-0.01879432585177255
2020-04-03,-0.000335563038692482,-0.00037048704248222636,0.0005530189313045547,0.013030606177652655,0.006281341015065675,0.01604496640058226,-0.006159855130718235,0.004145022061999228,0.009345287169160978,0.006489499363597325,-0.0007214889304916201,-0.009249285855585826,-0.009763409551512057,-0.003441099200672093,-0.0017878553054864786,-0.006261649865350552,-0.01595623375620259,-0.0027481387497866293,-0.011476165742136252,-0.018774759197768023
2020-04-06,0.01057150809831759,0.010714668441823236,0.007882029360514261,-0.0007157298791697778,0.008930716149147,0.02133332655359521,0.013854307150670047,0.00030487619247979186,0.001341850590890427,0.01015415349424504,0.005251022039473088,0.002783808320512668,-0.0025852551251924253,0.0003160908027154721,-0.0038101985175892717,0.0035851559213179967,-0.01583778970604509,-0.008860692975565623,-0.018989747184760007,-0.015955502510009132
2020-04-07,-0.0005687969094726351,-0.0004989184980311557,0.00547721470085883,0.005492425266050073,0.004215371366835339,0.0048074230197789536,0.005746976789974386,-0.003061599174280897,0.020048032856072196,-0.0039379178539625075,-0.005597361890321592,0.002241439124752185,-0.010000907110257182,0.009164491312673995,0.003075516352669163,0.01257426321314777,0.005070339962783408,0.019264080506913934,0.009099224618955551,0.02136942273121125
2020-04-08,-0.009828851106478603,-0.009729022043585823,-0.005454962753133713,0.002149557180223164,-0.010574361836637824,-0.004172465682419266,-0.005487757852484025,-0.0031343584742784705,-0.007928804817251861,0.003857497071216433,-0.012970268716698777,-0.00863701287156035,-0.010323719875967374,-0.014477083887542054,-0.009900755776210104,-0.025965693294890554,-0.019829155055605115,-0.015097155486088023,-0.031036074332062222,-0.03578079696242136
2020-04-09,0.014067925715389026,0.013845561663809916,0.01782871617649401,0.02341743327883734,0.01724937742714895,0.023052591689436474,0.03517128350862708,0.029880798480870264,0.02628312405252778,0.030651375375892916,0.007298156038941394,7.644919115847934e-05,0.0009830047534653051,-0.004091885212069969,-0.005273752289418579,0.005949040408476357,0.002396367649810231,0.015880808736677576,-0.0026673942979971743,0.012703026613156922
2020-04-10,-2.7031663581244863e-05,9.476296771374048e-05,-0.0009778874690656524,-0.007072410732477675,0.0006171862730714827,-0.014201136706038595,-0.015631132491587374,-0.009902999983219758,0.007152816565242287,-0.0259015083233185,-0.0014727636086169463,0.0014889892029397956,-0.008138935848821778,-0.0032025209436789314,-0.0004895635166001378,0.027264592424197685,0.027757119886740435,0.02996215899234088,0.03288113351799597,0.015705118615569127
2020-04-13,0.00047239519952194727,0.0002942997437491091,0.012933687974879173,-0.0017780368133472895,0.005567085759756778,-0.009333396587195505,-0.010788694076338852,-0.0169681566985207,-0.0006296968108608356,-0.023183307700952022,-0.0018738085597415763,-0.001916375397374187,-0.014516464479102703,-0.008944227834015375,-0.004781823519044217,-0.01888399441847939,-0.0022994908216718546,-0.010605507352240655,-0.005363044411231779,-0.012041563609317373
2020-04-14,0.0014521815547025715,0.0012467730946989022,-0.004522384897640055,0.000511091815005805,-0.007645759097281974,-0.002508272031063394,0.004364828368273854,-0.0030238886566550005,0.004763947561786067,-0.012612303575638313,0.010598163549795758,0.003404013788365667,0.005935958244295807,0.015117736444828738,0.011774326100799993,0.006893467925027361,0.0050225704767496975,0.0043979412620942,0.004799471053696366,-0.006128260033168803
2020-04-15,-0.001815083266313266,-0.0013970148654162142,0.01102157320150575,0.005140498834762125,0.010767052473950186,-0.016087652846923584,-0.002765557678684388,0.012261124110846592,-0.001317597062532684,0.0008656311901714144,-0.01686954379111353,-0.009676657346347286,-0.01009777171191711,-0.0065802540172505445,-0.013939657531675854,-0.029350687915083384,-0.012541728042728484,-0.019178787428149466,-0.023229111229185456,-0.009420211303748538
2020-04-16,-0.003163524841803988,-0.0031166591205331346,-0.004837197925786784,0.004691373284312149,-0.005850204239532079,-0.0016898126782427664,-0.008083010085351167,-0.0009190213267979001,-0.01870309266595947,-0.017645758564172314,-0.01328757806318407,-0.012491100930389076,-0.000261208809251122,-0.017157949341623853,-0.010836362482893016,-0.0061381953183163125,-0.02824902183877762,-0.019767343040152405,-0.00723875886479009,-0.026169099251747218
2020-04-17,0.04071860430163251,0.04063061102104934,0.032648707263239,0.03664211384114866,0.040778169618547376,0.02190805630755899,0.003927006819135724,0.01855645415821611,0.016223932714816005,0.021720588599383965,-0.006594767740302775,-0.0023658483147550235,0.0022870440531266283,0.0010105011792589152,0.0003147525058965716,0.0006061315291555049,-0.0014345114106478348,-0.011321191731433079,-0.008184889809603862,0.0014527933895723698
2020-04-20,0.005223411599070838,0.005096274386388194,0.003994043239219526,-0.0021242484789217313,0.009437623228687771,0.020748372937314904,0.01357133680909183,0.043044105772433325,0.036876996644860424,0.032618689245198,0.00013708436618738344,0.009584955409757089,0.002604162938656487,0.007708022273742692,0.009445413312183385,0.008679409342334939,0.0010983027383401158,0.0029220209449255592,0.007842515392822947,-0.009625055984087659
2020-04-21,-0.009593525219237741,-0.009336414961700111,-0.013687217070784064,-0.00949111653608151,-0.00018634204264177774,0.005325924747605955,-0.006859173558968914,-0.008733648925638911,-0.0080064143576196,-0.012702511714267296,-0.006704865746752296,0.001892538052161528,-0.001232321999190519,0.006847266549210428,-0.0005537134684292443,-0.015358385268782753,0.005348655495679383,-0.005613678303262886,0.00479217840413604,-0.010160981561680955
2020-04-22,0.006429909476057185,0.00665561284388248,0.006264037390668828,0.01700743137001329,0.020733302242311704,0.015161046873094124,0.011029151046918078,0.0037687695730212302,0.0101802771485525,0.008003369037891984,0.008050509925181856,0.021571130852244744,0.018851350359788983,0.02303176555765548,0.01630786370245743,0.007843867299425862,-0.001381147918812262,-0.0036719661572250277,0.011097086090717202,0.006799755997448083
2020-04-23,-0.01300562396992532,-0.01319838554760583,-0.004428302981149508,-0.0028242714373728117,-0.005806980202972381,-0.03878297585542645,-0.0288786855584659,-0.027384278133955914,-0.023030127241460176,-0.03661682859017976,0.008788453654605649,0.010394635379537918,0.007017278137293352,-0.004620582447978106,0.013482329883359075,-0.003686160913720561,0.0019933568227791655,-0.001000889991786006,-0.012712397664132081,-0.017664263412256995
2020-04-24,0.009130356640263433,0.009243285352183356,0.009790135426360341,0.005624951437545739,0.0016155121273332053,0.004178277031420625,-0.0033428836113765965,-0.004798225038996874,0.015857778106134077,0.0034680663918979946,-0.0139895796182251,-0.013995510011204203,-0.005104956403056312,-0.005536756431733488,-0.007925557946578891,0.014546475358651056,0.009825786917130567,0.012272886719899017,0.015128272829621404,0.004034560675782944
2020-04-27,-0.004097439895012669,-0.004082562890483308,-0.019030910801826707,-0.0037246365502560386,-0.013799846010489263,-0.0338730829525685,-0.034787322923872495,-0.03296604609464801,-0.03172869903094392,-0.01979793434618277,-0.0006102130968042186,0.002423697046142946,0.0015199050354003996,0.0059336008094902585,0.004464745543762934,-0.002685374488079176,-0.0011391297811906415,-0.005072838172237931,-0.007688410080317098,-0.013272713839182385
2020-04-28,0.013368519752888062,0.013393856658743366,-0.005731063450706073,-0.009095191378718653,-0.0011630969923567586,0.005099133532351121,-0.00030155139725367375,0.00042488201227505935,0.008799318119468222,-0.0012405992331855568,0.00401321958235664,-0.004151425875842489,-0.0019301892192015615,0.007185368832246383,-0.003972037346819289,-0.002223658192669831,0.002402156281607911,0.0032417396470602526,-0.004747139169259624,-0.003896308990933498
2020-04-29,-0.0039475667605775935,-0.003693368316198585,0.002453841031433933,0.00483067489361222,-0.000969816474809552,-0.014605514773368149,-0.0043772451526888625,0.002989654113498325,-0.007763451805865728,0.007509726012866172,-0.0011142172384356888,0.0014006659580746755,0.002229303880094808,0.004923811693848427,0.0041601086390585795,0.006044361069252115,0.014879670884943578,0.007683489823082165,0.017865799799490184,0.01763147542340413
2020-04-30,0.01685369389985487,0.016982115293500043,0.015105333593116024,0.027570888600055885,0.011601774254926131,0.006892730758958051,0.024401217610244007,0.00809428428441475,0.014063738782367332,-0.00016399873770815514,-0.0014331070525520104,-0.0015748335742974122,-0.002095691492928614,0.003063511307888145,0.0015510361669696,0.003483212665585925,0.016462454540047928,0.012732646976286066,0.008679100820458465,0.013790792622618136
2020-05-01,-0.016554155471192364,-0.016572759255061707,-0.016239605251638967,-0.007787024448978429,-0.012879455222722349,0.01370762587967554,-0.0008747945562199828,0.009097934136059633,-0.0036812287940537003,0.014261158070998396,0.004581575646762218,0.004522862588746433,0.0013030270123992327,-0.0022299067668240845,-0.0010508198891131762,-0.00875342533587789,-0.013630728399553982,-0.0038717826695982603,-0.008679458044251423,-0.017561193662438728
2020-05-04,0.027368438519896655,0.027303158286466126,0.008748940933519132,0.019363740823648407,0.007901440541439847,0.010733020994037435,0.02090419517162158,0.013868482758395357,0.026644516908319135,0.02080653590528283,0.0026742289961939015,0.0010500747767481766,0.010685417707990037,0.006066429962409348,0.013703638893082353,0.00285086165372697,0.01488784881905116,0.01053899777705927,0.006895164517355084,0.0030487406893808596
2020-05-05,0.0031763748453555746,0.0030041369152613118,0.007254880654911515,0.00970799903565939,-0.001060466123062914,0.005742885472886166,0.006573052717796329,-0.01385946399970601,-0.010172566856002818,-0.021428224510126204,-0.013835452050782834,-0.00710310086980672,-0.009003763260741869,-0.007806583319549776,0.003879653935301638,-0.017207405475703465,-0.02024140747875503,-0.016634381951088,-0.012962312350652067,-0.011027140849992869
2020-05-06,0.0024657501805731455,0.002540766944053346,-0.009636202177627173,-0.0041655374368814715,0.0049898986527367305,0.018706873037968953,0.00738601148628551,0.01127301640231839,0.01125310854325188,0.0020074557668433614,0.007260149349584917,0.008962396905528731,0.01203200240293927,0.001832165699579791,0.005995403147310054,-0.015614760285575536,-0.018773769250859825,-0.007778367095677443,-0.005384307715614495,-0.020602758050855163
2020-05-07,-0.0007881238102186968,-0.0006764306232624662,-0.0021080793863133343,-0.0015684351177763904,0.00619633222959766,-0.012192968709672111,-0.015453230185710888,-0.011673954989594303,-0.011642739546147602,-0.007253795106619753,0.017323538363298124,0.003393602009883905,0.007557219510529842,0.011118212048839862,0.013839907959368937,0.03028087861976169,0.043683839387995596,0.014079340927822457,0.028371234880967117,0.024951557653942708
2020-05-08,-0.012179616559210566,-0.012225468063151624,-0.004834021835496733,-0.019537816319174582,-0.004739843679623696,0.017793904633218796,0.015114982136437301,0.008893093990616573,0.01769022617309648,-5.4245037085661114e-05,-0.003448968070427696,-0.010589699338674608,-0.0044586280992433,0.0035504575654891307,-0.002498222657835622,0.02201366088302111,0.016189467113097843,0.018382537112149145,0.0018226871591758879,0.007191454788872557
2020-05-11,0.0021067367820276333,0.0018345425315790984,0.0015624060438705328,-0.0057494224822470345,-0.0016850527019098976,0.0055593070831211336,-0.0070355564593819996,-0.010586142195437038,0.011126137268716727,-0.0006993110638725062,0.00516137089992824,0.006413808957580268,-0.0046141475225897465,-0.004691353160809136,0.004378616513201847,-0.005553825826501744,-0.013339707597794587,-0.010669476938206312,0.005205083894963252,-0.015661996011535267
2020-05-12,-0.00023216988223694887,-0.00017412779911514162,-0.001961387478692572,0.0046019895018769895,0.004577753183919833,0.013949800240678989,0.01329860014108353,-0.00319947139467444,0.013058274115466431,0.006310488530593345,0.00898485314856192,0.0031010201549626208,0.0029454099552489454,-0.008737825060551617,0.010420056434351932,-0.01745110141354614,-0.006766337674540791,0.004679124311300297,-0.005893844752482711,-0.002497579403535183
2020-05-13,0.0008016948500883143,0.0003501505692005945,-0.00849531970125595,-0.011886923873946693,-0.010140764586584756,-0.0132633548278236,-0.008379224862833873,-0.00072464834235528,-0.008962843120881123,-0.00867900257731716,0.010621135797058846,0.008435275355394007,0.00899967779715272,0.012749686369099998,0.009713202208157265,0.0012899841488966824,0.0005845691911818822,0.009708376918533075,0.009751989366693584,-0.00536194269765955
2020-05-14,0.0029936134664167906,0.0029110442019645803,0.0048065280232324715,-0.005238284935732545,-0.0019035936815225245,-0.01592477477784122,-0.04152296775606423,-0.02604095736810839,-0.009894001601137362,-0.010639783249647141,0.008766375147577042,0.0059401896009466364,0.0030365360303808145,0.014373914188568926,0.0064234797198377365,-0.01491251756341961,-0.022131425080020285,-0.020162183150292768,-0.01460071866618086,-0.018412295220905525
2020-05-15,-0.007849248233418381,-0.007745835007321075,-0.00449925841998922,-0.0028270408774865963,-0.002567444051355409,0.00243288370005364,-0.005290353546639501,-0.005568148237247673,0.007318663094965969,-0.003270563389125723,0.003760932030134159,-0.008396484979476104,-0.007519686185797129,0.005315942934914831,-0.010117486036636298,-0.005968204961604163,-0.0059100225416959876,-0.0020570447870251855,-0.0021730672641355306,-0.011721106795673241
2020-05-18,-0.000671164928242684,-0.0007028305809947609,-0.016800314653613615,-0.01864689239658409,-0.009514539171417953,0.00864738417044483,0.015132028812259286,-0.00026589558243615355,-0.00527475837581401,0.022336885706189382,0.011262832195855634,0.005089823575427923,0.009488880157146757,0.009267108089773404,0.004216780188076354,0.0082654743530959,0.004834313396317415,-0.008475741388077098,0.0009348528398610025,-0.005877820563343128
2020-05-19,-0.01172310743985393,-0.011786139546009516,-0.006910398729258149,-0.010217348970304461,-0.022982663260072526,-0.011967320679557403,-0.009944700824526897,-0.021831341384866504,-0.01938543866123315,-0.01602828558928624,0.001418801330971861,-0.00087635903936651,-0.005439396305567943,-0.00025283395004562214,-0.004166947754953981,-0.03136981782634051,-0.029057108254643638,-0.03941776494212554,-0.02955675037528072,-0.039893863776041115
2020-05-20,0.01225135735653549,0.012404435408141514,0.0032283554811169696,0.008045770437279906,0.003164933160342115,0.007030312782491652,-0.0005733478509850911,-0.0027313493072639123,-0.01313490538454039,0.005558120054133594,0.007385456607451846,0.00885529837723026,0.013614314264087348,0.010791926686338152,0.007703329059117041,0.015401383772840392,0.010727724935033362,0.017317885856425526,0.004136619734283528,0.01311434103980377
2020-05-21,0.011272953221473685,0.011262458973456456,0.005300897661246438,0.00937767381290672,0.009836862665891394,-0.03075458666149949,-0.015069781214328008,-0.01621683860664468,-0.02476276438491416,-0.022211351865451236,0.01250990964710016,0.014070453543613453,0.014419094860446883,0.01877941497160668,0.006468203115361867,-0.004769917535525133,-0.0019799535842167284,0.007872468902340142,0.0036461813600545236,-0.004688852199220749
2020-05-22,-0.0026934379606615303,-0.0026112153735830756,0.006801527075694013,0.00311925008778476,0.005010468385370742,0.01896109042616405,0.006873496872737217,0.006322560524190373,-0.0023088764180397158,0.0035904597093101526,-0.005384087728518179,-0.013645985875091676,-0.002304890296095239,-0.005424754073229565,-0.010698360499928233,0.00989281242454069,-0.0019285711306691968,0.016055539105939223,0.00898375115335399,0.007266610763217176
2020-05-25,0.0013891999798390626,0.0016160825330771397,0.003639813764626847,-0.0017065937524194672,0.0052861776211467915,-0.01627712136845713,-0.008930569171511377,-0.011862462072664701,-0.02652143371510558,-0.013248473544709236,0.0011135280804605934,0.008674786220968032,0.006211668364616123,-0.001387987202768167,0.001963862318642022,0.039850209590540635,0.027826340164421898,0.011607201824273853,0.02313219432925381,0.020277522757928296
2020-05-26,-0.011345418807894468,-0.011481534592195895,0.0029532310672762516,-0.00457480546984635,-0.011597463083232465,0.019770988437796337,0.013125492941854128,0.024861019535506165,0.011861330527128192,0.020737349008256082,-0.006751894940577245,-0.01547187995648503,-0.005036992612244872,-0.005873950721424869,-0.007654232755398536,0.0131905823147167,0.027674734277131914,0.01708729816069767,0.020375431152841433,0.021187646179092814
2020-05-27,0.01586791372719081,0.01598373174778515,0.008776030050163437,0.013306178112138802,0.0031217365601843177,-0.011432049546629386,-0.01110244412538669,-0.014547258607243081,-0.00944496713215569,-0.010090034561238626,0.004860004333332016,0.0037155232632686166,0.006140693125554223,0.0025216917416408125,0.0007378375324353345,0.031041363637382136,0.01365891946819312,0.022480399063452308,0.03664135927329552,0.024835589479358714
2020-05-28,-0.012131117033129144,-0.012320815055554114,-0.008461989993942603,-0.015750015173911308,-0.017345787585176114,0.011761078361766862,0.009037483523280255,0.005874918780317252,0.016903798764313253,0.019311449235598615,0.0032575867444315505,-0.003247326243167072,0.0024917056245774096,-0.0005176133592776657,0.004614145336281974,0.03435831991354249,0.012442256003832686,0.011256808387814742,0.010526087814933457,0.017081219136935766
2020-05-29,-0.010309408006464725,-0.010491062535874729,-0.007192495708075615,-0.006909479717607312,-0.014784584412684059,0.005730009092697883,-0.01604158792509899,-0.012464716393197522,-0.009219262540914517,-0.0015376935813566318,-0.0045494147085785525,0.0028769638890661134,0.0010556209060060878,-0.0005839238555665819,0.006889694388583366,0.003391428010004158,0.014077626571445038,0.011861908899676652,-0.00039087507608737035,0.009729902749212118
2020-06-01,0.012438408765758515,0.012305319781126645,0.010496553297162238,0.015304409456442427,0.002669160715189291,0.002767227648350345,0.01974897074826556,0.012586187901008314,0.012408074470824496,0.02005057595877095,-0.007743868765931583,-0.0045863100131589675,-0.01266989668327954,-0.0012004834933994225,-0.01007572032245141,-0.00970217077065747,0.003741077004984282,-0.00048741359810204073,-0.00039351163484674503,0.0042407318212376215
2020-06-02,0.00505320830789811,0.005051262038656512,0.01218415335572965,0.011000363678307966,0.01700048408833114,-0.005040281948515566,0.024840507794400588,0.010348237893689865,-1.587998991678277e-05,0.007907808262154519,0.011706878107600844,0.015168613886221254,0.009030300070001948,0.010008350572361357,0.007888103112855153,0.008733233175413985,-0.0035741402220008647,0.006010616275469794,0.009131075238523875,0.007935811034317758
2020-06-03,0.007738083541546727,0.007468231094078589,0.0008086367393835426,-0.004737700800987467,-0.002295318826990273,0.01315910222065593,0.016455539346007814,0.01864195438268832,0.006286843191481706,0.01918273031939048,-0.006216797612222341,1.102631188887337e-05,-0.005676857262951397,-0.001980131819620399,-0.0048666962648387085,-0.008987684288604336,0.010456257057915128,-2.7240324925262033e-05,0.0040947619950354236,0.007413514338164157
2020-06-04,-0.015076422444191752,-0.01553415931622744,-0.017811996684404016,-0.00902857029239668,-0.022176298375711976,0.004092249075786879,0.007241975449995581,0.0013824700978944356,0.010351276989068736,0.007284753416585986,-0.010342151835999612,-0.021095040468575257,-0.008992651750152864,-0.010485573040080567,-0.014042454956174417,-0.005411646239781201,-0.0008540405483965275,0.020174633133776827,-0.000179441035033795,0.0056942985995071145
2020-06-05,-0.006519922249089757,-0.006616602237001934,-0.01380218338968216,-0.018295114780706983,-0.01150561386837716,-0.024904766059619277,-0.01833232003737997,-0.03805762498652933,-0.028961226638088058,-0.02135539501275299,0.00714409254988829,-0.001223151940545457,0.0032848802784833813,-0.000625007138653716,0.0014549782614330876,-0.011854402104857224,-0.012155547832621811,-0.02550198845118766,-0.010863999706927517,-0.012200810594504934
2020-06-08,-0.006036581727934609,-0.005553478249883771,-0.0009597820203936854,0.001235664851512088,-0.009640416339391162,-0.003814109534274944,-0.003183958996552527,-0.012047435969989893,-0.02087120409950602,-0.02665468496130932,0.009189926840001217,0.009993672671679705,0.010652892480647809,0.00993749195523606,-0.0007281269564899469,-0.007505198179416789,-0.005207874972901513,-0.0013824150522567765,-0.004926867736584725,-0.014858738691829071
2020-06-09,-0.01685983909737076,-0.016582418729106332,-0.006011530357436541,-0.012346600807782321,-0.0022842752245692275,0.0003613941150796465,0.014628005036481855,0.003388188157905696,0.002528927078798313,0.008973320902779127,0.006108294613766786,0.013438568866285526,0.010396075727265452,0.003614802418787355,0.00977961963626441,-0.0019359358078500683,0.013921298489260948,0.005734901504821816,0.006608558649458578,0.027555320152595923
2020-06-10,0.008943704171753013,0.00879742768422168,0.0024413722130039624,0.005199647149055193,-0.002083849014111382,-0.028071586817924477,-0.009811727349042976,-0.02189281281105476,-0.016518431134656494,-0.015649272991218845,0.004126036424671284,0.0031480341753058745,0.003372351097300205,0.002013031039910601,0.010293761771961828,-0.0372139821479024,-0.029771446412194053,-0.029705863924512143,-0.0394500687982958,-0.01609020126902059
2020-06-11,-0.010091692460768258,-0.00982243993069528,-0.013332744880459272,-0.006046107987847608,0.00147026769260795,-0.012508084086241211,-0.01517046724668732,-0.015352246106788819,-0.023502190347172543,-0.02524716722939452,-0.010362963790548707,-0.011829620993443231,-0.016813370211282243,-0.019719389338120584,-0.02034877747468461,0.021713802365120945,0.025594349632207795,0.028820398951957385,0.027089543852621363,0.026310866267466423
2020-06-12,0.007135318425198547,0.0070845034297436936,0.0074592741008427665,0.009817829140942484,0.01422436372697352,0.004491223355702905,-0.004963914292367178,0.00015687406706796798,-0.007430916876479807,-0.010753669165774854,-0.000694054409943568,0.004008305634182507,0.0011253357154832019,0.0045090151779028104,-0.0033926764766181003,-8.660650418326982e-05,-0.009329444855353598,0.0012821423670885937,0.0022325204014240446,-0.0071896912069675635
2020-06-15,-0.0018891012174039714,-0.0019790261065504217,-0.003124903284449268,-0.012325042930176463,-0.00028221994343402475,-0.007002576631955459,-0.010100392818861213,-0.0007867773180467977,-0.011242998750906385,-0.008920655633379997,0.0010166072976815824,0.0033393816700358894,-0.0037364618810485657,0.0052739773951190625,0.0016357279144388218,0.0021252796477253953,-0.00598309282413806,-0.003555852916434416,-0.0001694289373756613,-0.002945219400496523
2020-06-16,0.022306232802648006,0.022547130261964872,0.01784959285329214,0.009961908229469083,0.012102990732632277,-0.0019141311485482422,-0.008718454946138593,-0.025202483992766072,-0.0039317276706676,-0.0018313697809330246,0.02221452467113032,0.018192010848412606,0.015510902467012071,0.023611809341865176,0.018917424208674025,-0.023049092643749436,-0.015768858810603633,-0.012200508894618328,-0.016648610444391903,-0.03059201531002439
2020-06-17,-0.007820567451641173,-0.007534185125696619,0.008244557563174717,-0.0033383148423083596,0.005108520123354023,-0.01205628220620002,-0.030922704087833576,-0.01708385477531803,-0.022234541261758015,-0.030563954838261596,0.0091016340236597,0.014626467598825146,0.0023023950075980017,0.01062763900879498,0.007950156804410052,-0.011153588092554447,-0.011337850489502694,-0.007707435812131083,-0.007245759337434765,0.001064077402533286
2020-06-18,-0.00615137243908438,-0.006212173302213455,-0.0031513794462336583,-0.010631893658965764,0.004822761669570607,0.007625753838169257,-0.011945627833721738,-0.0002138808194828118,-0.0014442761968969466,-0.020376055853904906,0.0010021763960936089,0.002214551651621393,0.00726782780895939,0.001217208288946941,0.0026608169855626977,-0.0016700635736529566,-0.00435784041343882,0.0030755042066729177,0.003056297207543548,-0.0008386566447934421
2020-06-19,-0.015233622565494294,-0.01531100708462188,0.006966760421705021,-0.004050429784635486,0.00011374017009290653,0.02687088165183779,0.020340965699145418,0.029118068099097897,0.025068635728665006,0.021168649348690876,0.01830730455864814,0.009879841318899844,0.009298949311821653,0.008912413228424822,0.011257510443393941,0.010383182005432999,-0.004648638255439056,-0.016151673305061693,0.02667107676712371,0.0011122098355047366
2020-06-22,-0.007306222470305659,-0.007560439163760475,-0.0003151390673195816,-0.00496734575282117,-0.013261989688600356,-0.003602986748321415,-0.005687446942628235,0.003166167557810872,0.0041505096733915935,0.0022907436936814496,0.0036699038265718565,-0.0006273535244197906,-0.008096694786457966,-4.7747921965655515e-05,-8.184577179159991e-05,0.005604791466756926,0.009571831417335868,0.00037864571785301774,0.007126491715344853,0.010694603472961677
2020-06-23,0.014155623863595484,0.014421323969223241,0.019707127692353547,0.01299945370081598,0.008095942309081118,0.033836575795290265,0.015268663203086768,0.030909586546086498,0.030995491921132098,0.033684518257209015,-0.009430761720085324,0.0018634966849348429,0.0039042645867722694,0.004533541853158819,0.001044187760619803,-0.010540219113660706,-0.026194680503060237,-0.021714827116027208,-0.025463817686603055,-0.02493189483308391
2020-06-24,-0.0027110835944621,-0.0028985128710871918,0.010192809101895196,0.00895782237408798,-0.0020038747816100225,-0.006524906437715844,0.014779438068825656,0.0071953913097656365,-0.002541882867409827,0.005978561562925224,-0.0020889776116357417,-0.0015450955423766798,0.0037180752569035834,-0.0003770516755364193,0.005096479187043087,-0.005194678051623396,0.011798503316266253,0.0026642606746414637,-0.004999335454179657,-0.004232159227013204
2020-06-25,-0.012520829367997222,-0.012284558118613734,-0.016861102792775744,-0.012621937918929191,0.0008094167046444661,-0.023916061864514514,-0.01861358139154673,-0.02886189207309353,-0.0282023159695131,-0.008358292066874787,0.001891774632344097,-0.003657760264215372,0.003483161490180568,-0.0018503862274026942,0.0047271500252502084,-0.02018952927000557,-0.020149054676930334,-0.02032738756523619,-0.018899529680345428,-0.007246308197096453
2020-06-26,-0.014704789681348293,-0.014882059765184768,-0.010556534611577078,-0.01581137571715016,-0.012921851124000553,-0.005235416755337282,-0.010224953393428451,-0.005230313475724905,-0.012424135394602503,-0.00853140603046802,0.005931300025278476,0.010543784437324316,0.012311670636378039,0.011908799505581012,0.014548919963235766,-0.004312959786307723,-0.010126180120891526,-0.013728948159775524,-0.006729352199289854,-0.007723001961713575
2020-06-29,0.023042516066242823,0.023026085395193272,0.023939277859607543,0.02271112162828756,0.020021615794323103,0.031805398768380476,0.019028336692139894,0.013510782146402462,0.016664509300139137,0.02473098099735443,-0.0021146682460826184,0.005472109882456612,0.006951082333473187,-0.003265426150689558,0.011924001748332615,0.0273959923143882,0.03456788118576367,0.022328518608345227,0.010704191477520416,0.02526416685398905
2020-06-30,-0.0070338573888694324,-0.007147717494564074,-0.00724235074062877,-0.01878776381957908,-0.00011804104568010471,-0.02359889989744923,0.00308715122833612,-0.011400651607604879,-0.006305732779080855,-0.004172432883607591,0.0060839211187364885,0.0018651863097332326,0.01068370811032502,0.00090793210508892,0.0034431372339213833,0.0058929379967972255,0.010164066258493495,0.008958174066416873,0.008747842053603603,0.004089006448675449
2020-07-01,-0.003732196173874636,-0.0037257739166595715,0.010879392344212476,0.0028858352429211114,0.003149459226961985,0.023589236225174278,0.020424708494114353,0.014360221036650933,0.03826943910891503,0.02579958909048535,0.004413172366450665,0.00416609263884074,0.003417075651496944,-0.0017290491332105284,0.00040469034231839523,-0.02406662560176006,-0.03623455280340292,-0.024874095001595545,-0.018699899977034785,-0.021642416889248058
2020-07-02,0.02354572518494474,0.023515818670978468,0.0194755874823208,0.020106200503797744,0.017720656797436663,0.01718116562417015,0.028439631935115155,0.004199253761000542,0.02473287679388812,0.017784464403068863,0.01233867221608944,0.012184161817616737,0.015679186781719895,0.0204722521171729,0.01390654124547268,0.013958586032445115,-0.0002559025097844437,0.02193070139653839,0.003418515642503185,-0.00018192123086736422
2020-07-03,-0.003727791843332047,-0.00406327234400638,-0.017815318871001542,-0.003947960458604631,-0.014868295479477484,-0.00021995419004915167,0.0026580364542698777,0.0020066952182752305,7.583127377666264e-05,0.002488234165815229,0.007025461754410452,0.0013048053946087082,-0.005611397384123045,3.476842730960238e-05,0.007924861392177669,0.004413400032863769,-0.005840166719995657,0.0031477408204387872,-0.013592688450031124,0.0070112832456212274
2020-07-06,0.012693851908226667,0.01274124722822188,0.004214910554500898,-0.0013249344211813548,0.0027902710941436954,0.00035143188976419253,0.001743530854621255,0.0033889720489882124,0.003002537805876295,-0.01714318954630886,0.007072060420730414,0.006194167610885879,0.00015001621060357301,0.010169347609911289,0.011376295290897405,0.01649261012980403,0.015027534339353143,0.011334315163348761,-0.004314875340150468,0.02290570460679734
2020-07-07,0.011021274526147895,0.011071356592617192,0.003943626546254509,-0.002679896596547132,0.0059647791635018665,0.006831530153408014,0.005293419081872115,-0.00715388584811042,-0.002048792421939201,-0.0030467143318468606,0.015902183562242635,0.00497922253760471,0.008972026084556356,0.00743471052223499,0.006364120370925445,0.018093799552083484,0.017641051380467173,0.025001871142310412,0.014420464326895985,0.022591941421796397
2020-07-08,0.002988541557641061,0.0032881327373528264,0.00671269226831518,0.011428101030979361,0.009671679861602781,0.020436475425270627,0.023557767915333934,0.009160660139595383,0.010547811468399414,0.010893982293949325,-0.0033292601288116277,-0.006956559998634262,-0.005203962586989585,-0.0021503921351055393,-0.0030283235308675347,0.0010099140771728788,0.0009160102470226967,0.003960703974968117,-0.00026348408255832636,-0.0013313790876197985
2020-07-09,0.01570815997276234,0.016164767308879335,0.002337568977655836,0.01810894482523171,0.009711392339221216,-0.009560284451281785,0.007900629482693657,0.006661424621464583,0.00035461191299405716,-0.016695633825651836,-0.008051486993137773,-0.0027451128278237944,-0.008101267840200993,-0.010160886680591513,-0.010783684300970157,0.005632568389186887,0.008690201188400408,0.026067569173611083,0.009073200201384522,0.006378380986465314
2020-07-10,-0.0024804416732159685,-0.0020867465823517003,-0.005710849659181613,0.004087096903377342,0.005468086266442172,-0.01760416137121097,-0.008898553774426091,-0.034399383832815454,-0.02008590553743079,-0.03352487903876671,-0.006250590896541427,0.0021852508242773227,-0.005899862579094003,-0.0032469694403682364,0.00528601372361817,-0.015737414155924976,-0.018924396621703348,-0.0038547468570930346,-0.0048569470708771665,-0.012704528047731645
2020-07-13,0.011177745893923506,0.011696506350450286,-0.002714726358923406,0.0012727009862088558,-0.0033443027214211715,0.0062655342727738865,0.00790419725251335,-0.00924728767107948,-0.009163032927137627,-0.01207496056621294,-0.0002964985210783578,-0.004103565906322878,-0.0009713243329940253,0.0001662044402663958,0.0018119348964691629,-0.014252725047308873,0.0008812486033995645,0.005842067918103356,-0.00885387162600376,-0.0010521601009210904
2020-07-14,0.0019946201613590927,0.002010521258279741,0.009810659149928938,0.001354122504568205,-0.00022441202552240847,0.021111767783685485,0.028731932179985105,0.022555652301595813,0.014030520183034162,0.012225374729261761,-0.011477930342159713,-0.007546905670998815,0.002474996066547914,-0.012118393847749195,-0.009979037952585186,0.013184445635683682,0.012686184150133797,0.01114300968519354,0.008663371981010833,0.010065856535176016
2020-07-15,0.01006398256925922,0.010101443653175519,0.001939264686792938,0.007332853193130636,0.004211817438922998,0.031658337907889196,0.038115042610706064,0.044530124429540234,0.04204057301837576,0.03320099202110779,0.006381635359449992,0.007328238619343618,0.006718035471344393,0.006513674051887739,0.012999451036835467,0.0008024826383861898,0.005996336122495285,0.008317801623164565,0.008270209237371423,0.017718229551617965
2020-07-16,0.024896964987773086,0.02480560110729992,-0.0020432492602251713,0.019399133925744903,0.013921492961151508,-0.029644796459301202,-0.003465439917303582,-0.0014110155386753865,-0.008567286282058844,-0.0005831023049339636,-0.010306391938197889,-0.004694969474585189,-0.0049044515199625875,-0.0003525150379536074,-0.01164627452637112,-0.00818525808671696,-0.005865488633197107,-0.016792404071183865,-0.011824446531738631,-0.01129066702616256
2020-07-17,-0.012090039545307844,-0.012091209912476024,-0.013130049250615927,-0.02184261547263334,-0.01581410322275106,-0.0038423244150254726,0.0021721475099470105,0.0063702577779610695,-0.011276858374263538,-0.007454693235969553,0.014699746758287868,0.017161862575122134,0.008022501461504178,0.014822675978766733,0.00662547930599943,0.00953426135611353,0.026187209409878585,0.02267386950006647,0.013992152304940865,0.03064595443026894
2020-07-20,-0.005712066595418613,-0.005364539618563321,-0.0063085744514190115,-0.005677400749344101,0.003211496117786391,0.01734234837099254,0.013029438216252196,0.025350590544175333,0.035342836397349274,0.02564311171004776,0.012556421417620032,0.016562951452702764,0.009068647594364189,0.00953893158031632,0.01409220557926695,0.012594121319141522,0.01720686406203307,0.012436702993502188,0.012595681685611341,0.024145351916626517
2020-07-21,0.004831357396553001,0.004677196784142371,-0.004623515810889636,0.006747260897286266,0.003629113331718121,0.02743496401983387,0.004805095859407187,0.011554448326428464,0.016363608224408046,0.016848184787812477,-0.000474604431868249,0.004646562010108829,0.006304859277065955,0.009064607959648807,0.008077602050810836,0.015150888055981157,0.012587267948291377,-0.010345104410007362,0.020160446710144407,0.0060366527060046055
2020-07-22,-0.02457881316805837,-0.02481332689182395,-0.02459496898772102,-0.015046253253547482,-0.022751032496512696,0.002971453944483528,-0.010348991538189363,0.0003676817926915677,0.01014688787403711,-0.0013467087597236545,-0.0017719097078641045,0.001883985654872264,-0.001227867672819193,0.0009257312137907294,-0.006937269225162094,0.0040635137476436566,0.010918416924420839,-0.018279308569452177,0.004861381001215711,0.009880598653880112
2020-07-23,0.0025939775661807316,0.003014292540525744,-0.0015064774329679193,0.00587773058809912,-0.0003937339766528494,0.015471796515413909,0.005221795845358497,0.011570547985761443,-0.0016951350906635855,0.0036913744103156724,0.00915414345255449,0.006449299869703328,0.0071329903032290795,0.006940866664437155,0.004252487218535531,-0.009032174148446226,-0.016038158046996705,-0.02873431402257741,0.002036714450003902,-0.0025472573210597476
2020-07-24,-0.005405157462326369,-0.005376014287745421,0.013605171830879588,-0.0061220797496487475,0.0009149364760484473,0.0003826128427827038,-0.016327207118800466,-0.018848070172501574,-0.004637641407708299,-0.011365437851058273,-0.0049286233668530055,0.005224112313914492,0.0005513373866979545,0.0017770654820129226,0.0021210847815324833,-0.017213298459459323,-0.009660971571593287,-0.015295950010100869,-0.008205609628423278,-0.018679770763811117
2020-07-27,5.231607094250806e-05,-0.00010357429965824073,0.002560870765758529,-0.0001391999679115717,-0.0002652138351445298,-0.025132318748270783,-0.024916050377956,-0.00877209766153818,-0.011213026760782509,-0.014387613951800592,-0.01742411319638135,-0.014679360727098032,-0.017956879426334015,-0.014689546170644458,-0.011618830930401789,-0.017201681609930897,-0.020145214171491357,-0.011150268899200736,-0.011214681784711243,-0.016036804895962035
2020-07-28,-0.02226473345841782,-0.02215580742553925,-0.021896226140478935,-0.022435161654343602,-0.01893433749768088,-0.0021096825165839704,-0.028841705501289207,-0.0012228150705310891,0.0009951255728252346,-0.00675554661531201,-0.010288437105365908,-0.013104350294932057,-0.013024924905873064,-0.01712370770214786,-0.01015684559360784,-0.003585463179079155,0.002008742956548305,0.006050234278425827,0.002587430347391862,-0.007375287284206434
2020-07-29,-0.020474415099221554,-0.0200326243526594,-0.03348093324480391,-0.033611691023152444,-0.03487990361372615,-0.022639311919663174,-0.024910152785376907,-0.017369904463735864,-0.029250374770367637,-0.03562318760646332,0.00024091235080420686,0.006751510042371478,0.004019600226726402,0.004034776486835352,0.005653156115301701,-0.007921549689822486,-0.004132677834275884,-0.0027194856954580625,-0.006595250272311071,-0.020685799433164037
2020-07-30,0.004300251555102973,0.004231838631758484,0.002513425889754474,0.0013402828838007675,-0.003118723973420205,-0.02698983639925738,-0.017838031172784975,-0.029035508601044625,-0.01623501682650434,-0.04238755228642467,-0.0038600210112513236,-0.015157688293973992,-0.011570609499757764,-0.003565628171327537,-0.00013354503449345957,-0.0008934696758962661,-0.009263609273451325,-0.00870420781930965,0.0074921447388398375,0.0032766295841442448
2020-07-31,0.015793063235441693,0.016112707968187857,0.025094260106164425,0.013001271803007124,0.016425087655067224,0.019442415197726843,0.018381450468795725,0.011975912547023699,0.011862373526381136,0.004636782399508809,0.0007119332695263824,0.007089511173990474,0.006546601318550758,0.007800018764416711,0.006179884127325285,-0.007212806587722038,-0.007892633669811027,-0.002732667009418427,-0.010094793971750662,-0.0024063407800109494
2020-08-03,0.018544191632518074,0.018813700981842527,0.005706286637907125,0.013443694533551206,0.0047782383682732875,0.021793420211088245,0.022692366421836647,0.015353758331359713,0.027657254196523227,0.019515442172306458,0.005543315369633271,0.002006328377209505,0.005440985715629897,0.004415128032587661,-0.00109890980971389,-0.021453701553997218,-0.013081032736217253,-0.01864151806869113,-0.0007895645110750687,-0.0045535964183423755
2020-08-04,0.013264520406092172,0.013274145517033424,0.02744686591425486,0.028366492961720002,0.01670456241888649,-0.0200578175694467,-0.021163340581253767,-0.010545876498014237,-0.01246240245870358,-0.02422841910558882,0.013782946804856455,0.015394175984247504,0.015916832063815795,0.015544459437046469,0.017658865918808855,-0.017431966829053392,-0.01378230736973436,-0.01498870634816208,-0.020918029036256815,-0.01574460534737736
2020-08-05,-0.004051258700179227,-0.0040638244750963014,-0.014551667581776803,-0.00841360701966729,-0.002740772962688532,-0.010988861698714878,-0.0002520315270574418,-0.009065670230479519,-0.004435220767379345,-0.018541513945293877,-0.005792798221348336,-0.011696866527939704,-0.007322787793268262,0.005976481309577771,0.0014336205230929494,-0.011464151143142177,-0.003665457993918833,-0.007921527967273979,-0.006203621713528866,-0.006154864976997797
2020-08-06,-0.03019016542772618,-0.030461372134244078,-0.023144875153643052,-0.01838864935690035,-0.006196257063434653,-0.008631585963721274,-0.0043436486368961255,-0.0007222165513711028,-0.006208677669302503,-0.003401145816562113,0.003601281360335337,0.003550994791321493,0.0010429972438984983,0.006730998297903587,0.00289232011081726,0.0031477432612252248,0.022941271195194568,0.01387770238087459,0.007052802854194844,-0.008297994179166946
2020-08-07,0.011697232012925588,0.01189104962930544,0.01020711564716304,0.02473231932804344,0.020743323419314355,0.019829584176758244,0.018908389894759445,0.01619181884578347,0.03445527735065567,0.007636414286943,-0.0035817871805931397,-0.0020868189159609614,-0.005440807150353405,-0.004085998775779877,0.002485167069498757,0.0205247056088251,0.02013119522318188,0.02291623164714349,0.00532929493082822,0.014905186562884148
2020-08-10,-0.010605766239843807,-0.010788984187548131,-0.01573733803885105,-0.012465814818370238,-0.01397702664211685,-0.013908334142388283,-0.005447514336635585,-0.009509010379701446,-0.01350550672630305,-0.02088357447280681,-0.005596985881033705,-0.010743894808641857,-0.006327232784604417,0.000157777659314615,-0.002768869887426841,-0.023933884857691178,-0.020404220541178977,-0.011713864748593723,-0.0074424748025987125,-0.010165906712710901
2020-08-11,0.004568168153048828,0.004507060518103684,0.005587989077557704,0.005792148090653444,0.0020277405612252955,-0.014224098230726385,-0.006966847109109558,-0.0075144238950450686,-0.010052932530461972,-0.01223490180061241,0.0030725800745670206,0.005667953388265104,0.00278319331271373,-0.00171539718037827,0.004364762598402382,-0.001828473257647673,-6.26484083525066e-05,-0.009241872723101521,-0.001789545119237412,0.003653385400659999
2020-08-12,-0.004688052889534541,-0.0040497760172686645,0.0032846379742009113,0.0012724906087225902,-0.00048601748755481335,0.009284499186193017,0.006602812380953904,0.010214473253924036,0.002550755392747998,0.016224883587096187,-0.0057817929120126755,-0.008905155640118258,-0.000767577778519354,0.0036677017876656395,-0.0006378833234637923,0.028561333322289183,0.021029764760139038,0.020897338013957586,0.03083631774411212,-0.0054243413380702
2020-08-13,0.013451712509133107,0.01301532995249254,0.01862621334969508,0.016591018755899953,0.01426557091900218,-0.01224650580893561,-0.009422583840958598,-0.0013433788211109734,-0.007224983466818443,-0.005593411104151068,-0.0005523077216081781,0.002884594853946329,-0.005176765266016807,-0.004810535762588497,0.003560515783887067,0.014760516767228846,0.01531218479138475,0.021884714419706693,0.00962959989935725,0.01658299683532928
2020-08-14,0.00473760027798392,0.0048434012939263275,0.008820400686504444,0.00448019820178767,0.008624118550822332,-0.0006768024710170476,-0.003869110474228425,0.003750414597100788,0.0002871251186767005,0.0125156641922548,0.014037109617790098,0.009260337466242658,0.0031310848153688615,0.00911056893970692,0.0021089035711553314,-0.0005592227873305834,4.645088910902443e-05,0.003889854855358531,0.0033294210515711106,-0.010741593135931052
2020-08-17,0.0025598036408157137,0.002238510132115775,-0.009004341007227799,-0.0052211082681613025,0.002344581113518554,0.0038544323285202575,0.01082301368962039,0.008254664382934814,0.0036902812615875343,0.009694201831959624,-0.0025035717953995514,0.0015338778645124906,-0.00841769435452368,-0.002839764561760194,-0.0021839610208243677,0.001482163233097917,-0.0015573856081798024,-0.006745816859082608,-0.0015165939444803929,-0.012502484568369256
2020-08-18,0.005997122361307034,0.005844814416787588,0.005046367188675174,0.010706130642154015,-0.0003988804474811837,0.0332898264938652,0.03249108204827566,0.028659069878472023,0.025671693110843295,0.018437942863966716,0.004361628175183416,0.005285394537076059,0.0009972343729695047,0.005874377822316673,0.0008007622642532211,0.008782155993549114,0.022320640259275,0.022863875492170393,0.03084718833904834,0.026501913590825592
2020-08-19,0.011779280669048816,0.011891261813296574,0.017612936165731185,0.005677474767647382,0.012125483576149537,0.006063598092349636,0.002285051485012146,0.024496879985413115,0.013138839081613158,0.013400810432986103,-0.010286373050498785,-0.013816410290656299,-0.007212330018104761,-0.009573072227744712,-0.010419590405987653,0.025987430776414504,0.0284684920546991,0.0234220343321001,0.020133803277291258,0.020298029323241484
2020-08-20,-0.0013291570675475434,-0.001646357061643913,0.011444129274104969,0.018006266251328916,0.013365663268833596,-0.03495270926136848,-0.033192051880160445,-0.023737231744516862,-0.01826287054175046,-0.028235326116455066,-0.02279867088001143,-0.022858612724715673,-0.02369996179351359,-0.0197207561988202,-0.018967461549839228,0.026625308739819248,0.026541025241438226,0.03350832575302053,0.03526381376572537,0.023331805919619284
2020-08-21,-0.008537096963812947,-0.008472214699594147,-0.011562280049895794,-0.01068254934448472,-0.006995830391321855,-0.015778049495104998,-0.020048256954263072,-0.02780317600470805,-0.03214678587330449,-0.03753598120274727,-0.01937140991257485,-0.017820231913910037,-0.02797201704058189,-0.017995042988425164,-0.024717079485103318,-0.028268422017198605,-0.022293453130159145,-0.01689112698591296,-0.02643453856617046,-0.012060205727443315
2020-08-24,0.005727522777526447,0.005663790590333581,-0.0009694426314074908,0.008023071828210519,0.01051641899552244,-0.006129128161838693,-0.005834149557301392,-0.006188000383636818,-0.00933871517061792,-0.041130401959235605,-0.008209957311203166,-0.0046890192417380445,-0.010049377171803238,-0.009273480469317067,0.00012074911881457311,0.006066702311240277,0.0220741622370762,0.01851354493353278,0.017488331451158214,0.02213792326158427
2020-08-25,0.007047513595444061,0.007162778810564654,0.010892489946418527,0.010135788458120968,0.009287460674290123,-0.01776907598461218,-0.016748550884432944,-0.011349437896593925,-0.01782089635102601,0.004020371410434554,-0.01396378878959352,-0.015996201316984208,-0.014961871254835247,-0.005715315843696431,-0.011299862185321408,-0.006697935431355728,0.007947522570635432,-0.007566862345443013,0.008323456104820113,-0.0034994367388513745
2020-08-26,-0.007033475590076565,-0.00680616650792618,0.0028617736958968178,-0.00741075287514008,0.00842206276341749,-0.017235605623082472,-0.02456114694775753,-0.0222463022837444,-0.026599009253240824,-0.02191966460542077,-0.014369261898100488,-0.007331022252251581,-0.01281884004788703,-0.005346586103980906,-0.003801679573646792,-0.027026688844664158,-0.03185543951792816,-0.022230934424285215,-0.017636656176160052,-0.01823123063778115
2020-08-27,0.007998891587165146,0.008181047718929626,0.009633261389335705,0.011560109456399436,0.014699649064607757,-0.027085902994655988,-0.02422081565242772,-0.019056788724179822,-0.017145313818347562,-0.015574357027865774,0.005212161152504337,0.010198600495378442,0.002495988441018436,0.008449566139182284,0.010603636851881273,0.01532690166398274,0.004121863757832434,-0.0003902936634599744,0.02617481108253229,-0.006374385803840057
2020-08-28,0.006676874553257396,0.006687545833270479,0.010693998721851805,0.00879267291320819,0.010594452337249604,-0.01351780014897529,-0.012316896649467324,6.776668430165351e-05,-0.01989337221446226,-0.018599757055662428,0.018093117728710972,0.019227071615046616,0.018801252322848985,0.019587668105081238,0.010824890019774226,-0.0022059577569435765,0.0023254146551869364,-0.007039411404833801,-0.008561102657034808,-0.0060121809152462345
2020-08-31,-0.0012852679488306702,-0.0009178796261147414,0.0032659901425633876,-0.00565375969724108,0.0010907991014378195,-0.02523064856153638,-0.017088607954468118,-0.012263143167336196,-0.02447730178871448,-0.0361580494704574,-0.026026609780927003,-0.01052461901579091,-0.013404445661705408,-0.018699669913087958,-0.020065323387837963,0.008394420572828094,-0.003796028974512678,0.0012866944519591336,0.0020094975349193443,0.004997532230992246
2020-09-01,0.016229710305805924,0.016270057674911242,0.010793420840080612,0.0016042955385304923,0.008229144700521192,-0.030348774970536122,-0.02439418153242389,-0.03053456525185731,-0.019935909243177723,-0.020999638988214407,0.008105213977496065,0.01108398000572373,0.01402438788588764,0.009501074069318712,0.0073153638815428084,-0.005576954485221075,-0.007753855439649061,-0.0012590200903115898,-0.0005683303236167106,-0.009497685707006065
2020-09-02,0.008951560963165161,0.00898992794457972,0.011190395868508899,0.011746035794962074,0.017511107036825003,-0.0014193873191736782,-0.00023838076553844351,-0.016786128646824758,0.005982552668798851,0.0039491511416491175,-0.003288066766042209,-0.001984498367296166,0.0018629707232387302,-0.009291835657665977,-0.0002678935461118222,-0.031007901315559853,-0.0186829856870021,-0.016429338842780004,-0.032806365543859836,-0.020868937527735908
2020-09-03,-0.0036577845138104914,-0.003865103626998276,-0.007550603770298746,-0.007814728070484089,-0.009830343610728626,-0.007629775439366299,-0.01245885810422152,0.0017960510376054417,0.011712332386357703,0.000343716153730766,0.0021646653420981914,-0.010304516788487511,-0.0018631972241395507,-0.006233924762127162,0.003722670032113604,0.030619442203509022,0.01608607659180853,0.018142661447819296,0.018582168540048002,0.020128590111088755
2020-09-04,0.0014027044678606205,0.001352021186445031,-0.009766339265799062,-0.004586085054969276,-0.021828218228755202,0.01770926329375894,0.017997279481294242,0.017629197931021287,0.01679258281431858,0.014155578523192356,0.007902072275702264,0.002547480123305789,0.013835812904873124,0.004746996745865249,0.0014160734934793352,0.007430005320717025,0.003621207273075545,0.01308637848907896,0.004003534757228822,0.0024982965881220924
2020-09-07,0.0161348400240245,0.016066994194124103,0.012500324803647439,0.012389349832209044,0.019771436378926498,0.00888915757648212,0.014925582627060133,0.015018964233722176,0.0013976659037258968,0.008557658088050318,0.003347727939889061,0.00033660137781818647,0.005195271538473869,0.004240283449248244,0.00047044077027742824,-0.030826667948204583,-0.02472481506697441,-0.022158779965043687,-0.01822782576419689,-0.03799637578047834
2020-09-08,-0.0058595817925467305,-0.005879656640426234,-0.015504176141195184,-0.009426914688650055,-0.01708909132359348,-0.029362220719061322,-0.023584999702462035,-0.031744252053875516,-0.03410934644561338,-0.02512556793031394,-0.010343414039473196,-0.00952233287875718,-0.005832595896717593,-0.007230757011267348,-0.011070730192426112,-0.010656218889724728,-0.01056534102879487,-0.008372729246719139,-0.013691552950149838,-0.008863812814394514
2020-09-09,0.003917461774899625,0.003866967737972232,0.02207887483972959,0.02147888488758509,0.016148997165997422,0.012484249206566577,-0.016960217701338688,-0.004371238416115179,-0.002780090801450647,-0.0052383745878252915,0.010090720749235399,0.014922400171426603,0.009499848787673156,0.014320916465693622,0.0012616875520934997,0.01168176587221597,0.0016061121893490144,0.005473255636201626,0.01690016355905417,0.01833988557425121
2020-09-10,-0.010823379710679738,-0.010863589632874825,-0.012903430274798023,0.004970477938991688,0.00781699814304065,0.019551489036929274,0.0030687154289947643,0.007061536053341971,0.010470883238963892,0.007421827530023057,-0.000803828880436833,0.010880340347747946,0.014847215213899378,0.01134358796770939,0.005354015847245362,0.0019598125787855967,-0.004954366881137851,0.01152917081288662,-0.001570877628392064,0.006930408367048034
2020-09-11,-0.014868623333412441,-0.01503952544444246,-0.004048651263398384,-0.007917679167921318,-0.010210164996837101,0.0068114593299541506,-0.01965931387646886,0.013535691606870908,-0.01347525245781796,-0.014748082209331744,-0.006129687147942406,-0.01110816026128897,-0.011576260979066107,-0.011375944638050549,-0.0075605609798797685,-0.015340090952280247,-0.0303131176745115,-0.015992077773804344,-0.027696902833247567,-0.022481507965752302
2020-09-14,-0.004444728090141447,-0.004213839911026323,0.005110203728644623,0.01496835969086511,-0.0008520230628643875,0.0016713465182891436,0.01357178460675746,-0.011147199642074033,0.003718755176731433,-0.004427962728069649,-0.004149722704978519,-0.009277413928598148,-0.00836883577865306,-0.00676915199703336,-0.014197996939876037,0.005605488040572266,0.016165953312602486,0.004691398919473351,0.03594900073434143,0.02219425628501482
2020-09-15,-0.025952421415769727,-0.02597114716789555,-0.017924805723487265,-0.024249859999708922,-0.025660580026125573,-0.01948250957238289,-0.007259295698712857,-0.011937840643562982,-0.027686475126009885,-0.03316483122885075,-0.0031541667356998738,-0.004953673338062828,-0.0014940977294938258,-0.005058300626454784,-0.011053897062813683,-0.011030577334914795,0.0015790443564001775,-0.0042321647141070375,-0.018164158547900957,-0.006812274881015542
2020-09-16,0.010624996418168709,0.010535458563571354,0.0022395862827318063,0.016918488377796713,0.0009909994059240901,-0.005611545810087125,0.015779319429114022,-0.0025003460232901746,0.0030089097363625154,0.01196535374300867,0.014694126016024297,0.014491007858782124,0.011837730832234442,0.005351855289233538,0.009375593173603803,0.05055433518990045,0.04320503588449739,0.03295034772586749,0.023915051751957846,0.03371137118512572
2020-09-17,-0.01277566519137926,-0.012470493365424542,-0.007233479322315061,0.006069278469172624,0.0034113663722029654,0.007536316697503119,0.005412661723619234,0.010050557502007387,0.007639731580504144,0.01092405516668023,-0.015224300926841539,-0.02333801871646541,-0.01811472009722427,-0.014571101794774294,-0.02847136137068679,-0.007267436065566731,-0.0021907944164345594,-0.003465628170990481,-0.012807846376865847,-0.014705519427740385
2020-09-18,-0.00011492982398595049,-0.0002838321272480019,0.005055345318118418,0.00739315276207861,-0.0018858500745934522,-0.017836636497590368,-0.021666544620041125,-0.018188133342602514,-0.027834575973494393,-0.009123029491001173,-0.007780612108332145,-0.001767764466668039,-0.0027585661329146242,-0.0013208463276326641,-0.00047800322591754846,-0.032964260642410446,-0.009890047471199703,-0.02466074952286225,-0.029186452126450237,-0.019529628464944937
2020-09-21,0.009066665889152972,0.008887790404366444,0.003744607211132834,0.0012729522907389576,0.014737058734435414,0.028583743014956156,0.027342929523123168,0.019221260308499615,0.002968679143158617,0.021357462003351962,0.0029462640983675503,0.0034819363111458545,0.009385990563515786,0.002512472760538631,0.006824897989641397,0.033997449209356566,0.006708167491581881,0.011524810231144048,0.029832626171796595,0.006501607132621408
2020-09-22,-0.0015878423047402267,-0.0011511035971946107,0.005459674087389355,0.005013351670760179,-0.0005617742575870271,0.018610345649121444,0.03520075316945984,0.021825339240347356,0.01969127290794266,0.01474660777229959,0.01414328004614774,0.012524076363000264,0.00433680838071987,0.010411753366295611,0.011810177482475632,0.01173014028793389,0.007152177141526875,-0.011006656717037195,0.015575026835445566,0.004826317199907929
2020-09-23,0.0001318812261704757,0.00038030658017798016,0.0032797820066467085,0.001373208565738765,-0.008050994191385434,-0.004764650350528649,-0.00127667604646749,0.006651188094892064,0.002167688870426976,0.00431433296612705,0.029185976939866264,0.02003319351881412,0.01983985529384405,0.019847222407854213,0.015249159962471222,-0.01636361364715963,-0.01677076855722559,-0.008792151908068861,-0.011932206187772002,-0.012881587645316588
2020-09-24,-0.013165404846103285,-0.01329518891758889,-0.016142162281427626,-0.007080224578864096,-0.0135395837057657,0.0032543348412000443,0.004867868637619387,-0.014274074420729907,-0.014804413584219895,-0.00446561413375765,0.012747858448399377,0.005638825592658255,0.0039433630105030915,0.007701967504422649,0.009750830642892163,0.003711014310143914,0.009609663964650307,0.011332625420215656,0.002601171818648635,0.012856923531864477
2020-09-25,-0.005146858113531285,-0.0051653001793628365,-0.006178402094011981,0.009202127556652716,-0.006130903029738731,-0.010338605212679848,-0.016490627734470496,-0.013414254997688072,-0.006809403656663367,-0.0051197992073940485,-0.009214533406059365,-0.008014816296622105,-0.007146732727326991,-0.0003785210302281749,-0.0046187848517314015,-0.0027745881863957557,-0.010455865583611581,-0.009539734787121201,0.004802823800515907,0.005344489354134216
2020-09-28,0.01726344275030002,0.017161236502239226,0.01284100714815079,0.0030729682805517985,0.009674336125695685,0.0035325686922950683,-0.0004844913126963155,0.006489920192942846,-0.005460213694469857,-0.007253059178401649,0.01499047650276174,0.016014825708138676,0.017647390794754136,0.018175770888412195,0.013104645290186661,0.027525391851115317,-0.00014543594989956153,0.013636090026698825,0.010681636829247141,0.018458991920050672
2020-09-29,0.005287937525377104,0.005308393723709068,0.006689797510999994,0.008880843577631758,0.0069820385242220185,-0.001802513040637009,0.0036224407471589946,-0.003630175279964621,0.0038210013400727795,-0.002428327988055827,0.0026470442192062533,-0.005241795700643889,0.007598641355286055,-0.001119915598777793,0.012371943994267852,0.004042166791683661,-0.002097006257900048,-0.0019662232711314905,0.009028361432724072,5.726888280598811e-05
2020-09-30,0.007243025360576667,0.0071796176981895705,-0.0004661364076321187,-0.007493732868305222,0.0007118052049427439,-0.00881109525027988,-0.007032990511013758,0.014572483997384934,0.00504773305947845,0.003703879803807563,-0.0038769308999323402,-0.008801895953203047,-0.009629352083268839,-0.008631498051249407,-0.0052693704926424735,0.018341397627424684,0.013150971306158001,0.020507798781077224,0.02430317911355633,0.010711980729929495
2020-10-01,-0.004403919248038012,-0.0042720130932114445,-0.008055449981900624,-0.00414226021122054,-0.005976994863923476,-0.000581391710821458,-0.013676129533115899,-0.009248879024051838,0.0015128837274630263,-0.007730504829478199,-0.0038877507247739715,-0.001864323238927222,-0.007037523644222917,0.007334558160798804,-0.00035044104778731425,0.013084636374794947,0.008243010432152607,0.001270891087584528,0.007881084574594329,0.020095238897878863
2020-10-02,-0.01812180229179392,-0.01850315706687891,-0.008276493769375191,-0.010160862858853823,-0.01673045532474433,0.006531818713741531,-0.0010377151461737656,0.023597920258175305,0.0065137329647785664,0.018876813481333563,-0.005040289638836442,-0.010660008819898861,-0.00950990439147921,-0.011805653140146186,-0.01415190125597995,-0.012615837979650012,0.002077110077549611,0.00853850104410538,0.008499827529110038,0.010887847426168053
2020-10-05,0.0042040584817869915,0.003974103177893525,0.01605327779293994,0.009482571277439525,0.00942546354695856,-0.004917601251453141,-0.020998937295683768,0.002698714089817925,-0.01817899856065608,-0.013774812145209554,-0.0026708885969558204,0.004247682202241679,-0.0050092247448707255,0.007522941255093531,0.00413670245769072,-0.01114964632760261,-0.018381111105965815,-0.015315608072322236,-0.011071214759204117,-0.016370929408385658
2020-10-06,0.0008079709236633909,0.0010852748832317575,0.014198845733474961,0.01323226088667442,0.01647667763867367,0.03821064737767399,0.040213873632370174,0.024971144008079538,0.00016923322293644033,0.030353831829509174,0.0204143362856942,0.025615694543510193,0.033393285638865726,0.027719016419503736,0.02069576709132735,0.006875663194125831,0.00705765664144197,0.014061349084256715,0.005278763219858884,0.012328673662879864
2020-10-07,0.009297908352452759,0.009526000378772704,0.006471445420010314,0.0013662312203508043,0.0025093120108722897,0.04594713829900969,0.025928775628119665,0.03870911290661377,0.04173917642546251,0.03785457893431863,0.010799037371287342,0.010022784116891465,0.012718000281921797,0.01157018208594436,0.011388734266956906,-0.008028173010839126,-0.0022821648905001473,-0.008480031874634392,-0.010974136472059888,-0.01296884942749005
2020-10-08,-0.00978977395127075,-0.009723587612905905,-0.011238580676168283,-0.011002138255459992,-0.01213854329239552,0.001159148882039692,0.001534383317712908,0.008254232068783382,0.0018910680312814458,-0.0004657900562991787,-0.008283189601533647,-0.004097097091069725,-0.0013539932466463235,-0.006608135568827325,0.0013974809181903282,-0.03055985310548448,-0.02745676931489604,-0.02962424962032651,-0.022328743983705424,-0.02982874583346934
2020-10-09,0.011151357839430082,0.011069739066076957,0.017586000958759937,0.017603042777541364,0.016834919920099684,-0.006437393494984027,-0.01561318005965,-0.012565769512716785,-0.008289498624118548,-0.01330703302979568,0.000818992965411711,-0.012109767080183832,-0.0011735872339634211,0.004234816627667744,-0.002000716897148132,-0.024528267739267244,-0.03228037007837122,-0.02264815896540992,-0.021602400611422663,-0.018555865093689637
2020-10-12,-0.008304243599131038,-0.008230678778544222,-0.013344952305975597,-0.009744114319151337,-0.0035611830028251562,-0.011781725445258797,-0.02239544781681401,-0.0030379416601154867,-0.004712470345574531,0.0012740996160887808,-0.0035012429267204594,-0.0007242354441738266,-0.004060949288499648,-0.004554554952954093,-0.0036862476390444546,0.01838846180677127,0.020991867661006525,0.022491042137682517,0.017298308877524697,0.027059857337366558
2020-10-13,0.008903864168270994,0.009206229114235326,0.01758342497033817,0.012644285699611867,0.013128343642313706,-0.02026014840808899,-0.015204332789170504,-0.010085962487774889,-0.004906060216379498,-0.0020503899261902396,-0.02053811736446105,-0.01971554909596899,-0.026747403455946468,-0.021839399434709514,-0.020794300599478985,0.010502466557030255,0.0033340003244452807,0.003832778817265361,0.0031201967589634502,0.009364604010238125
2020-10-14,-0.007411155563495482,-0.007686093076979232,-0.007292349090545651,-0.01523522455545939,-0.011595724469579499,-0.04696834417966566,-0.046620505597100376,-0.04287457660338533,-0.04378997187136988,-0.032936278152649275,-0.004257851282133375,-0.0009510569467545001,-0.002259573136292717,-0.01160896059213538,-0.0012658333269108051,0.005552690805087395,0.008137741464995529,0.015096926765488372,-0.002485518442618007,0.00570105194553387
2020-10-15,-0.0015660093279370266,-0.001682485200557213,-1.1856201745837514e-05,-0.0005588112197731573,-0.0017888208476980407,0.01942170474929553,0.01719425241734848,0.020112506784726918,0.020164736332912388,0.022506203277462812,0.0057626287348349955,-0.0006897118009965698,-0.005799913155571703,0.0015275900910179802,-0.010377138756689877,0.00948768784212563,0.010276427342558894,0.0064723572950455,0.017145554315739005,-0.0034825389029766517
2020-10-16,0.002452143746359826,0.00254798992739635,0.00678812580481937,0.000874873083492639,-0.0005769636233666354,0.006700684851781696,0.008283125041583525,0.0025880171929604104,0.012590450117306331,0.012256413871848044,-0.006480074679402137,-0.009033032828093274,-0.012994066133355292,-0.007530139217767124,0.0010304020757550187,0.016489129574622764,0.016031278304969324,-0.0028826980134756173,0.013535560882990438,0.022120694952043513
2020-10-19,-0.0037223548339588323,-0.0035324856650222037,0.002866301933429239,0.0006201604494727161,0.0019747236204766573,0.005765354784199589,0.005749175713604161,0.013125468094930039,0.021105228552506444,0.009654523878077912,0.00542364851489655,0.0035471027195276986,0.0016306303704057572,-0.0027226420412792313,0.007228872336438287,0.010300735358530029,-0.0023273226604627498,-0.00365798260361248,-0.003903540367753161,0.004516679285291135
2020-10-20,-0.008294191566799865,-0.008625453741312442,-0.01320353701667043,-0.02045032400142404,-0.01737179893551866,-0.013625918767952251,-0.018696959284967188,-0.014173618700479663,-0.018028117403622236,-0.001485186268736602,-0.006551821548386334,0.005645882631985559,0.0005440761989029736,0.0014588703146223392,-0.0018699594950701386,0.003760379801133657,-0.006099952250013867,0.014354625425620533,0.008702146692992659,0.007969313425584787
2020-10-21,-0.015185154101728262,-0.01550953868667039,-0.02202373959580335,-0.017402104257800467,-0.015590244812882214,0.005792475003435601,-0.017557938693101394,-0.012004318016565775,-0.007450153564159374,-0.0043615865675657945,-0.01328690381110032,-0.01114826932809621,-0.007524552348765052,-0.015482222224780495,-0.010096525228458242,0.013193796841731152,0.006154204126719058,0.010929251126760839,0.00701936873585313,0.013179167622886276
2020-10-22,-0.004976400083661923,-0.004826064313422554,-0.02266562000593439,-0.005246788706120222,-0.0025837218360138183,0.0003121170785671518,-0.017155247430713453,-0.015397307307740965,0.003079612126050324,-0.03219270180079806,-0.007423579568742249,-0.0074015575173118535,-0.010956317040088785,-0.0063242390396141025,-0.010372749372299284,-0.022903752458427216,-0.028213017834973958,-0.02261243044794251,-0.02732070668235968,-0.015147008769805827
2020-10-23,0.00587284595359419,0.0057764265507154995,0.010431732383198125,0.006384348101181459,0.004402209906734272,0.0166723684790244,0.027043495569785903,0.023436770996168765,0.020285325715116945,0.02873954949598664,-0.009644117385932566,-0.01559675229972936,-0.016184060899505415,-0.004754091495861756,-0.009042411338821091,0.008034233902804439,0.0103486043891922,-0.00835588141330237,-0.0004429228290111625,0.0034625179114891732
2020-10-26,-0.00023270051384926383,-0.00028984623613040854,-0.006487044073930215,-0.0022196207063520466,-0.007815788902946902,-0.002366394627242033,0.0037637588636576357,0.006973290458101607,0.004370609664786155,0.012712778817043831,-0.007176951300148157,-0.004464712228577609,-0.006905419089670004,-0.010211211484485928,-0.010035348557253812,-0.0032719489934142556,0.0103652625526478,0.009271458024844952,0.00841593975231774,0.012566984680004932
2020-10-27,-0.01420857995106878,-0.014545329149944573,-0.022205682374446565,-0.01960182766110028,-0.01086910128824262,0.023891248415760267,0.006864957230340672,0.03270690299250929,0.018043030527290404,0.03481815418426324,0.002370334132403174,-0.00446416138653562,-0.0037338381836068578,-0.0005498921655193352,-0.0016828252280713723,-0.015245771225409691,-0.021340612959319723,0.0016085884915930208,-0.008843651490336484,-0.009092192551960504
2020-10-28,-0.004269033536865209,-0.004356148177197239,0.0011440134857912427,-0.00830518981857024,-0.01638218529797149,0.021389151962883466,0.027677800952857257,0.024446325585172294,0.02143142014463813,0.037125707148986456,-0.0004783720761863379,0.0020584507541184065,0.0002720450733833905,0.0014516624274225794,0.0027840633786222185,0.002297395162833266,-0.0015702610314945386,0.003407986261462355,0.008069086892805399,-0.002943478109893868
2020-10-29,0.004525151776531937,0.004169255886250082,0.014422229035501449,0.01709233478116725,0.022436906934632257,0.0177311338865045,0.008309599983372091,0.01763443709511637,0.02033876996509963,0.02120801224732355,0.003918404040052423,0.0003176858927298973,0.00532346201263845,-0.005408684579210049,-0.004084153105962698,0.019167888597658927,0.0012746529447290038,-0.006707721153769524,0.0002873872413608824,0.002391867915272416
2020-10-30,-0.0007978630109520481,-0.0008198823647990987,0.007677988348014155,-0.0038123987552359673,0.0011007132165734507,-0.02149162004493557,-0.013162463699469128,0.007238313085447795,-0.016190717029611168,-0.030784768545534514,-0.001159731350095022,-0.010006045836210873,-0.0038250416869933922,0.006214135000117103,-0.008060800831772567,-0.03315649674916232,-0.023807106616575452,-0.030406040788306266,-0.027452303523270202,-0.037217311504886184
2020-11-02,0.002099727747366163,0.0023583563665811676,-0.00046085626952219655,0.01003992582568143,0.006667180494565835,0.02234226328051541,0.023624380578754104,0.009536071921327842,0.014317719638444084,0.002178635868995269,0.002162806102865659,0.0017473632458450703,0.007103648620765367,0.007549112193523758,0.005207661949639996,0.0037128484453654636,-0.000993858468400793,0.01005948624452806,0.008949019108939782,0.011518979324653986
2020-11-03,-0.003252971275372388,-0.003219811252734948,-0.005564264586062712,-0.008174692218980678,-0.010732002781748259,0.005774462012938544,0.00745936704505887,-0.01623172735665942,0.0006400148311361449,0.0051456954940403065,-0.015465999936886013,-0.009563014702036394,-0.007738912216070055,-0.0019951251660103864,-0.009642404109588344,-0.0026593731398532354,-0.0009659233991155243,-0.0012729395512304307,-0.005652310752008998,-0.004716372282298483
2020-11-04,0.007998101044580602,0.008086928992237674,-0.014418166960373523,-0.007926407246369074,-0.002287523648660214,0.007453584749401474,0.009904551429817651,0.012714296575633215,0.009874786436792524,0.018373203868163844,0.004863324189150784,-0.0011704030227702505,0.0018744274496183798,-0.0060946260570042795,-0.004305279590892295,-0.023724992129239633,-0.0044754901793511775,-0.015117887523656294,-0.02353178268220661,-0.01802932924657588
2020-11-05,0.011181362951249453,0.01106422338350127,0.01108526230929734,0.018101857022519503,0.0237814367041781,-0.000870904545259058,0.006144516305088385,0.007640447245261142,0.0082742270297995,-0.0018971368155816012,-0.005250581646787025,-0.004695039770728392,-0.004818196849844528,0.00045345850332439617,-0.00020211614423045198,0.025224162152593956,0.025408344507252184,0.02347136056529468,0.03015771698694115,0.011249366302470594
2020-11-06,0.0068164212729786644,0.006735834265746372,0.007256050614251597,0.0008591097193554975,0.004607428931978189,0.002780085904372541,0.014205336523250156,0.023598908534387036,0.026439878367294934,0.023129468095034595,-0.0010296502101191944,0.007977228776882903,-0.004311503201976028,-0.0010876556389757125,0.006657345718318695,-0.01232351645531602,-0.0023604419090358037,-0.022205373720769885,-0.013350910661847107,-0.023026349624623077
2020-11-09,0.00038134172417428065,0.0003923240402539521,-0.008927440265495011,-0.006524526866361537,-0.004197859520089132,0.02341855063026748,0.018619365334907968,0.010137002728735623,-0.0031932570285766837,0.017562748856495496,0.007026305344261223,0.004968177569474934,0.003117294568992017,0.001121586637549086,0.0029459020503305937,0.006926494042461732,0.008439109029165382,-0.00742600845939836,0.010915654243875769,0.013581653406471052
2020-11-10,-0.009491964348307711,-0.009603395524433404,0.00044405570337010863,-0.004270236327084529,-0.010704612719498546,-0.013273473222050103,-0.030983627847674833,-0.024280935936859083,-0.008053602193507805,-0.014787256526203923,-0.0039028287472357174,-0.0007448738278080244,-0.0006938797103951625,-0.003941394806741487,-0.0017448176093892553,0.023154259981443947,0.03450802633999599,0.02028290342314366,0.012814998499694547,0.013865538654049363
2020-11-11,0.040442992512789384,0.04039097249364616,0.03083533160992905,0.03337254228680614,0.023467485811572066,-0.007389342310043372,-0.017049972112568382,-0.013557397509644166,-0.014071013708490766,-0.012490392947089346,0.01962232464338971,0.009035774799532194,0.013399701194494634,0.01095061619917488,0.014451035568742101,0.02070427523403348,0.01458672164642318,0.020157195465667483,0.020299358369890892,0.02487239301783431
2020-11-12,0.006294677250377874,0.006264008553309111,0.006129920997484286,0.015546797184997092,0.00931031753370514,0.024834299416870712,0.026631996180578918,0.0386472181942283,0.026527819326405588,0.01956548727701374,0.0021342517056646285,0.006090622100397517,0.005903167269627141,-0.005397656229897298,0.005362853467563149,0.0192467568197448,0.01829433312315955,0.02869096851920413,0.023313626462942227,0.014004019873026331
2020-11-13,-0.012841845255091305,-0.01327166987708182,0.008222104423422395,0.0025551198619077706,-0.01423266701554305,-0.009215130402546746,-0.005354936422740885,0.0082519568032623,0.006079334070234421,0.011345264374389655,-0.002600934994504229,0.004855665301261434,-0.0014330268288192934,0.007378789887848274,0.004781050554251186,0.0017055964330113535,0.006711644985130052,0.004167946886264758,-0.005198601521739006,0.014324690349199087
2020-11-16,-0.00293599300325937,-0.0031040714640140606,0.006410272675430153,0.011469809035246206,0.00325534085489579,-0.008917534575996896,-0.013661133418700223,-0.031329141348931555,-0.020594012367536767,-0.03236642914382729,-0.005498197325136336,-0.004005998637685714,-0.006429067599664752,-0.003761602311335023,-0.0033841348086030357,0.009461150054568185,0.005405564680524266,0.01063373759746922,-9.030139969720962e-05,0.015591845534100496
2020-11-17,0.0022616442929620554,0.00250306717593396,0.010629503708171055,0.0007458632188051796,0.003668121208058234,0.000785432484284267,-0.024018724278546472,-0.012073332337446523,-0.01564720216441728,-0.018404868115806997,-0.006586061309347465,-0.00216488508835025,-0.008402460105692833,-0.00469132806087875,-0.003951679412153391,-0.04385177473824702,-0.032702182349791886,-0.031099533981331966,-0.03532473322122516,-0.029127273938231422
2020-11-18,-0.022906719119911975,-0.022712981331299224,-0.0039698433652245,0.0006577697204860078,-0.005987985542964918,-0.02463368996374705,-0.030868922828004648,-0.0341387473914371,-0.02489985855134145,-0.026156617893676345,-0.008592809393347476,-0.009872087118209995,-0.006039588925898615,-0.0052253392672390086,-0.009036008037038653,0.015190824167655874,0.017578817170706786,0.02265245468065762,0.01854732258973924,0.0219674170556906
2020-11-19,0.0030714856123294637,0.002895635456093547,-0.00905429650767159,-0.008837564943047943,-0.006750323266981963,-0.010849293182573853,-0.021055630642539253,-0.0187855415620386,-0.0220707215810376,-0.019090951533140728,-0.0034902570124960178,0.00891438990489506,0.003354024019308582,-0.002148366286966715,-2.2537605937615396e-05,-0.028988719457073257,-0.03486557576039009,-0.034673988371530594,-0.043193761065201085,-0.03518224518048627
2020-11-20,0.000335626487742213,0.00024695051484138693,0.0090227990079877,0.009047800183384644,0.005972014269070221,-0.016070239764303527,-0.0394302363791285,-0.0238378470581916,-0.010705982681544938,-0.034792824227444286,0.007777988605945232,0.0076808972694260265,0.005693866143025351,0.01316696358825196,0.004181347074192228,0.008380122326312718,-0.006852738689100214,-0.009575011019369738,0.0021252686892961523,-0.006608113146534429
2020-11-23,-0.0012117918093863954,-0.0011485127887852454,0.00926307587245493,0.014483679649593616,0.014914207481975965,0.0074993286918365034,0.014356350584688309,0.028007470622203132,0.005121725646141253,0.008220504319323122,0.003457397683411751,0.005183438761709992,0.0009939286403279769,-0.0004318327341647713,0.0017447441094026995,0.011230501315672001,0.030067399987924487,0.01622182312695123,0.012095286087367287,-0.004378520234626962
2020-11-24,0.01325922434708634,0.012847681993030076,0.023849454519593992,0.015864636640229874,0.018227515517086172,0.04726112500530904,0.04370178213499763,0.04082868589278187,0.03987065659463728,0.051299080844156665,0.005917150035540489,0.0006457201037169807,-0.002435179135455443,-0.00041743991883378204,0.005656861435373769,-0.004170899241784406,0.006641105008578309,-0.0058462016165115975,-0.00894395065637436,-0.013561308722433012
2020-11-25,-0.0026363604546830836,-0.002527575106573292,-0.003529563672678563,0.0036840983538253777,-0.0007451132614476929,-0.01705861394666764,-0.012514852087742792,-0.026620531589539483,-0.021976402347537848,-0.020413673743949215,-0.005074964275473787,-0.0010999327253957034,-0.0024153443754476246,-0.0015472638131733877,0.0006897588417443434,0.0008789460423000912,-0.005963711333224057,0.012413357493570153,0.010259746993590637,0.006504149660428618
2020-11-26,0.00012497812772621313,4.272429316249044e-06,-0.014613550039775205,-0.007503777039578783,-0.0013477612325618485,-0.0035897118722407074,-0.01182326936993968,0.0052566598667612855,-0.01233015725176204,-0.0049004354482365476,-0.006553582381366997,-0.00884099448297714,-0.00896206627669427,-0.015717228360765795,-0.01121963624943538,-0.01144204494339974,-0.017759850590646567,-0.010469271341348415,-0.02305870212904246,0.000698595486101021
2020-11-27,0.01790548569926877,0.018460087612484646,0.011373546165047987,0.00735644117081966,0.006588499917028217,-0.007996065438983688,-0.014956362670984297,-0.0006567091432487207,-0.005179526971200102,0.0043097100135722636,-0.006111267492650007,-0.010593959955278905,-0.010452757852770033,-0.00484623183283475,-0.005579205736542639,-0.0007958887953701231,-0.007421220308443876,0.0011723970217796121,-0.0006651861267678123,-0.01446374358416663
2020-11-30,-0.007400436495646214,-0.007568864973123442,0.0036503368488626244,-0.005034563765795787,-0.0060177510423567076,0.0033337973007059574,0.0169671165151484,0.0026162193995484797,0.00701086132649924,0.008850537805435143,-0.0037378849265227053,-0.007958934908933854,-0.008351657095151134,-0.008396711696771577,-0.013423911170294189,-0.002697683560838114,-0.008874630402016697,-0.004349201620307144,0.008370165790804907,0.005963938329126103
2020-12-01,-0.011293383065575749,-0.011266356445113167,-0.011972954910768442,-0.004858149715569018,-0.003336683944838952,0.009024941006322435,-0.000222015098813422,0.021184676112068947,0.009898479020108595,0.0013493408226145363,-0.008261012860749086,-0.001637629981404041,-0.003890946385154032,0.000191039856810288,-0.0014429671515407466,0.01475940892861378,0.029231064061843004,0.028043279649243004,0.015931209123732675,0.017564851612296078
2020-12-02,0.017464332044037384,0.017364466500289506,0.004102903671598334,0.011746546704305062,0.01099926667283813,0.0016910822655408233,0.024982989099057603,0.02959078139854558,0.028089574816246934,0.029252611019309076,0.008329308613795888,0.004941590797818873,0.010357333084041739,0.01318680558645421,0.008221798616944435,0.0081101838024091,0.02050429099612441,0.015251999388418314,0.02570774804514087,0.020872452606908353
2020-12-03,-0.011906215361368686,-0.011790297712894976,-0.01423614084453726,-0.014243404266712596,-0.01663337549138457,0.013796080789971877,0.004697154074641639,-0.00683185331554595,0.003879770611745983,-0.002841885939493935,0.014690141460784832,0.01787643255794191,0.005833982025474919,0.008649205544623291,0.0027344379667093633,-0.015340804735035416,-0.0095395228855677,-0.021387492748938322,-0.017045859898565024,-0.010205280746861885
2020-12-04,-0.00389358965699049,-0.0043311249343194495,-0.007985332058340731,-0.00787509093766274,-0.012869133865027948,0.003090913534715832,-0.02004697018732247,0.007134189771116401,-0.0015711443015999978,-0.00851189384615892,-0.008572318742014085,-0.006261125636599398,-0.004683169104835266,0.0015479088082705516,-0.01040724495139449,-0.03198218052210819,-0.03218418096018295,-0.031934077639667935,-0.016367345174432134,-0.019293840130334982
2020-12-07,-0.0014903568892057017,-0.001720073052658863,0.0010694162581671239,-0.016702239316518267,-0.005519655995266309,-0.017568111428344104,-0.004475229454418952,-0.009907785082393783,-0.0068929657683919,-0.008085937606158828,0.023057644010827143,0.013701792505747363,0.013148201988188555,0.01150690270161586,0.014255636704489186,-0.005944240050550292,-0.0009006299273042182,-0.00020542101483052674,-0.0080488136617449,0.01051766801456565
2020-12-08,0.00437442279290654,0.004344014506641564,0.010155698593843004,0.02442010555535088,0.006291425500987238,0.03885564890406465,0.017129750358290254,0.044188693449088476,0.031274901914227334,0.0366543607005085,-0.0004720202786052677,-0.0014878389479903824,-0.001215361277467075,0.0005559311382553763,0.004549497676964114,0.0044311520988100615,0.004198449904341322,-0.007761513567180885,-0.005893051108141692,-0.008915649271949393
2020-12-09,0.0005678554682045132,0.0007508334984661314,-0.0037583835642176237,-0.006842691763163059,-0.004811160150406665,-0.001363111859886186,0.017129767801701112,-0.00029702736610700767,-0.006385768022522713,-0.005950681369647715,-0.0020523881993339843,-0.005512429169816808,-0.010583555342787992,-0.004662835024991499,-0.00622459499921861,0.025340540160841987,0.018821254589627585,0.021781570989432984,0.02407976336738395,0.03604723889012229
2020-12-10,0.0025159415292880303,0.002522901440333046,0.0041437939174974354,-0.0022787874463293728,0.008881172583927451,-0.020536073712315795,0.0037686694575816315,-0.008561141836921199,-0.006369032293497789,-0.019494011933854145,-0.004181774249781964,-0.006500499737805343,-0.0055962839313765025,-0.006412356692816442,-0.003226255556086814,0.01348089862029938,0.01228116928661845,0.020052911597217397,0.008650452568722617,0.0193290393348322
2020-12-11,0.002327196382142385,0.0021697100568694254,0.003915170255097434,-0.011087364255715193,0.007445712300237077,-0.016575436348032664,-0.018854521400552084,-0.004060723732812545,-0.02362716315516142,-0.015512990113525344,0.004459118573026732,-0.005037689802256804,0.015726801474406752,0.0019514237102138169,-0.0003766599880877602,-0.017422340205947552,-0.008328595793558106,-0.01276815434140154,-0.013922847991318047,-0.01687957290854258
2020-12-14,0.019214649131869446,0.018952583377191926,0.013049393174938235,0.0008013855851477954,0.006959866517788177,0.021945225775130483,0.002282592033798736,0.002640912710306639,0.010245461601256138,0.012156651312223255,-0.0016632138526330906,-0.0006772112492102913,-0.0005688128784549472,-0.006218883837774219,-0.004821925436895647,0.04098523222652567,0.03274084509661656,0.03188895563505743,0.031457518816124484,0.030780114197473462
2020-12-15,-0.014713391721950067,-0.014693880319827,-0.0153901720434135,-0.015278549001694262,-0.011532824150418326,0.012996849864065432,0.00846190007256068,0.007816885646556143,0.026830363948184527,0.011882439041400046,0.0013340069695748774,0.0024999954761397874,-0.006344889466850012,-0.004447961249795994,-0.005632489957529536,0.003395707044052277,0.0011886695796932073,0.013352990571075717,0.006588823415534413,0.010746638951566044
2020-12-16,0.004349029342805738,0.004559167572797199,0.0038629886504630965,0.0005816040266327995,4.3050994532888e-05,-0.0278468911273956,-0.007049181583085065,-0.025822062222752296,-0.01851995209471106,-0.0066077275519676485,-0.010282402610360558,-0.0002652965042596596,-0.00295366092939005,-0.009079507522017184,-0.00604512806845918,0.004644641866739373,0.0033898828526549274,0.011402172016758636,-0.002715311198627232,0.010474452066967583
2020-12-17,-0.012724943834613776,-0.01252910604470628,-0.008370629654125997,-0.01885916374352021,-0.007360578773475083,0.008927824016110591,0.013898708285538004,-0.004855773839933171,0.01747552020476869,0.020505460883425083,-0.014505889244897307,-0.007724116073668019,-0.0032010339320646146,-0.01154595652077006,-0.00947436934553142,-0.013843116909576852,-0.024479012180241004,0.0001450135386063859,0.001197941326556909,-0.01979798679562794
2020-12-18,-0.002392254917049332,-0.0026761890361286663,0.005270486788861187,-0.008084979761301356,0.007228410061435412,0.002251919510749593,0.004899005667338889,0.00887643681557441,0.007020112946326742,-0.0076085646318974545,-0.005693253198113329,-0.0031277152551288244,-0.002366324157555872,-0.002185869508264221,-0.0066155173591293075,-0.01794145196954084,-0.011072728137149766,-0.010046144449654959,-0.006078618560885099,-0.008013725834874436
2020-12-21,0.005963845409328654,0.006266054354776902,0.017688514140389473,0.013304376343518777,0.012493034214847437,-0.0028237047474879624,0.011119856710616247,-0.006249301942365344,0.010643865994841477,-0.014869805957646469,0.0007342326240945666,-0.006116884395959781,-0.009856818287683094,-0.009503223671197856,-0.004579860339994753,-0.005611497321262223,0.0012604852351537287,0.018115068748287243,0.003981486055578683,0.003252072349580634
2020-12-22,0.002472686927672482,0.0025026325347097833,-0.0024149844004455186,-0.0003253031403325978,-0.01296514411112659,-0.007139789915362637,0.013861038704738765,0.012437163815770291,0.005055564033360571,0.006771748680001397,0.0033579761856112633,0.006614648179685452,0.008368171603710128,0.010122147297245518,0.005927183286977297,0.01467176390606575,0.007139565598357986,0.007424406854372562,0.009260739138483859,-0.009575431526628306
2020-12-23,0.005944229971946193,0.005794389810276485,-0.013701291159376234,-0.012590746971784294,-0.010194133319217648,0.015181544713169732,-0.010696991757316,0.0036793022911454174,0.005092095110825519,-0.013362184359771987,0.013997084837733055,0.013683533086355806,0.02136966615378417,0.015211665574480315,0.009186692987560537,0.0017096766714113395,0.004724723666309132,0.0031232752256898475,-0.018444993504260734,0.00787368874618275
2020-12-24,0.010552244628549836,0.010187539555766146,0.02167309253355753,0.018476097605381697,0.014726672177484629,-0.024838374631000082,-0.01763246110104852,-0.022813587197647766,-0.02821718261300774,-0.014965802464298423,0.00028533384094711514,0.005050385746970149,0.007033638942750823,0.005223609256828457,0.0061041614219939245,-0.008167430991528939,-0.007967802775768364,-0.013577171354061904,-0.013695675604600398,-0.008288994019744023
2020-12-25,0.012556019462397964,0.012347323509801975,0.023801343198929452,0.014055383382595342,0.009034842413998413,0.03287445415646695,0.023707162344802836,0.025359014911121986,0.01989693443650543,0.01871180563156993,0.0012493999240805772,-0.0013976823977695048,0.0043348813118791445,-0.002201977629222757,0.005604101489957327,-0.0042702031632696445,-0.006871924075463958,-0.015411407755528529,-0.001025159249130996,-0.0023782389923700993
2020-12-28,-0.0015223701889497535,-0.0015844634845752215,0.002913147558100321,-0.007345481906020247,0.0013465145249612301,-0.005208740674012519,-0.017697970692593493,-0.015414857949854007,-0.02481661686714374,-0.017297608696775,-0.014813160563384453,-0.025477612503281687,-0.01975500636787999,-0.020819330742201356,-0.021714203431843843,-0.007865492874665005,-0.013153646997493213,-0.009031958934160436,-0.003030375493041458,-0.0006779515230505905
2020-12-29,0.0059987264167257045,0.005752489175250983,-0.01147808300240046,-0.003798640368379639,-0.008640886249420176,-0.008798943247701939,-0.012964375580214465,-0.004616676061161408,-0.003208777925091462,0.015205686659153702,0.00911659680697694,0.005470608712605402,0.0163307698083787,0.013610455511985907,0.015276172030189482,-0.016342293002516307,0.00888904392288256,-0.0015265961555659443,0.015730917493318924,-0.00413797570715428
2020-12-30,-0.0012389181822362425,-0.0013961586455282355,0.0016632505536206506,0.0036329112586327055,0.0035905539621286136,0.014411676228547313,0.0037952091785981652,0.012995237991132507,-0.0033867697993655776,0.010854917646011373,0.0011493183041005554,-0.0016321404134284365,0.002991758346823497,0.003125520854908969,0.004604000651619502,-0.03639242971395008,-0.03536793594007493,-0.01816458688228387,-0.028403733811578742,-0.019337240522898137
2020-12-31,0.025339918243262555,0.025012067553057998,0.026265191318010896,0.013687225065322382,0.028567979293662817,0.024238397238485573,0.03510449042262077,0.024013065866316255,0.018185445496066745,0.034623242936648764,0.012897497691317601,0.007282758903456593,0.010560406201862126,0.015721759948855066,0.006735842501800511,-0.0016493069217489843,0.005592250906404039,-0.008308435837250213,-0.007779623557045413,-0.004927093195365573
2021-01-01,0.00041333034877274804,0.0005220164395649963,0.003721753282761299,5.2905936999494876e-05,-0.0003593424383078969,0.026544913072675726,0.015545811323136883,0.027653027189487825,0.023286041646343545,0.023335109951588693,-0.002442177295863605,-0.01088693390657183,-0.007849987339650696,-0.006915035505162223,-0.0059946965863010605,0.018219477436465622,0.012666713737971413,0.017116500439297203,0.022803887414231085,0.020416693251145944
2021-01-04,0.005660856338596443,0.0057802629761683905,-0.007383316855325083,-0.0015192415138903209,-0.011090854788041508,0.007606299078855787,-0.0004082512368605074,-4.792848079842292e-05,0.028220258911852134,0.004814239464150109,-0.0006356840845560276,0.0019171124153213998,0.008561276179090714,-0.0006038222346821179,0.0002088162143437869,-0.0014700189259456505,-0.0028102108183390264,-0.0016194482980044697,-0.008365196489752197,0.0020531635484715167
2021-01-05,0.007768145689636255,0.007946602277990001,0.011062868425927614,-0.008791169389099253,0.004997705765291495,-0.01124386336620768,-0.009521417287432558,-0.01936844542525411,-0.02179915158814488,-0.02528816406166808,0.00866008855954091,0.005760933468197822,0.0042845658902058515,-0.0008893618300088225,-0.00020574739827165664,-0.027739892861809078,-0.03460849505831096,-0.05462191888157282,-0.03762151922825033,-0.04305425440720033
2021-01-06,0.012716402330574115,0.013111741353633372,0.005509952209623267,0.003795184180334959,0.008837426039434645,-0.012763247481577302,-0.012325682331777003,-0.0025567534932468897,-0.013776816519426926,-0.010760477282697887,-0.006757464777189264,0.0022702331864824965,-0.0071287914450290256,-0.008976467031010927,-0.0034716393809336417,0.029508496893243752,0.045039571578845396,0.031225549698359098,0.0357359463211619,0.030098775888469022
2021-01-07,-0.011482630496441137,-0.011866695845704342,-0.009312398326329999,-0.022111038273722117,-0.012460927344903538,-0.016187046208819243,-0.0212219244672665,-0.005320766436453821,-0.008874648441481671,-0.00806127417579896,-0.00904258545863551,-0.008467312419431517,-0.004462153249728382,-0.011225459488922337,-0.01336840862262605,0.021113782292230075,0.011835232605313484,-0.0024435391146165352,-0.0036312001658572804,-0.0028037580052541395
2021-01-08,0.018415630986993697,0.018542214747229134,0.025531094228664186,0.019115344446048895,0.027189610132538445,-0.007253972582373501,-0.01565969058742446,-0.0007058045903274473,-0.0076699753717883335,0.0030891283520344303,0.008985904050745893,-0.0037244542784565793,0.005268969682243609,0.006215733974424471,0.007775860752571555,-0.011823765618741707,0.0010345807058190185,-0.00946600846504634,-0.00849905219166505,-0.005149087412210843
2021-01-11,-0.033067188910310054,-0.03313002872534234,-0.034373337621833526,-0.02344488755308537,-0.02464422017004994,0.0030894929209858025,-0.008904334826998652,-0.018012778593539232,0.004578383676507372,0.0033053070310656144,-0.004049563434563262,-0.010669095471404915,-0.0007432288571193237,-0.015121965571107968,-1.1707706333199247e-05,0.015158732395732923,0.008746510139437667,0.021197867926582428,0.007864278630740625,0.011154134544463203
2021-01-12,0.01517077792960483,0.014803783629352982,0.005765918010233862,-0.0010576415049095478,0.01310248468248434,-0.03492647387449701,-0.03987502132572078,-0.025683380378462604,-0.03423065198088951,-0.030780758823596564,0.002997471509596012,0.0037761989260257658,0.0011374157581960527,0.004026391871764584,0.006143858031585605,0.003969261784218895,0.011048334307069106,-0.005152971735800347,0.00421142052025749,-0.001676590011283714
2021-01-13,-0.014272687741623675,-0.01431744205857945,-0.01638839769388433,-0.005188563465640576,-0.010706794156970529,0.007350124812870579,0.014747525707454275,0.002960631269760326,0.0008099788754038484,0.004966370692927985,-0.012945740828243221,-0.007615005587618226,-0.0018581901774134307,-0.00524285562665162,-0.006308531140453825,-0.012088482727675326,-0.009933344595980356,-0.01873958524314055,-0.009158683429697225,-0.025080741765304466
2021-01-14,0.006581486679192271,0.006340715863115685,0.009823012016732417,-0.0014421345359886789,0.004776568561294509,0.021647230885913336,0.011811361539760968,0.01472971938542214,0.021981718889529826,0.014130288260171216,0.006633947552865793,0.001104190895487122,0.0008639784792557207,-0.0004709182211067577,0.00263452197941112,0.013756704307163465,0.011015727107294784,0.02726138656753484,0.010274648648926256,0.00552640413121958
2021-01-15,0.019389188930299728,0.01942563622137696,0.019283927239332675,0.02629721803369103,0.028934860600131847,-0.014165468465803256,-0.009511618571114811,-0.0098987284163519,-0.006209580636219003,-0.0020704611814873035,0.0027055032696054987,-0.0011424075206041418,0.004718871249565383,0.009941066467466845,0.005883597948742212,-0.014918431278790832,-0.002275304948121217,-0.003929570936893729,-0.011432728346226398,0.0057147834181729895
2021-01-18,0.0022932445483649457,0.0023274150265928,0.0032638029311749094,-0.0001681349913462776,0.016262133335157684,0.017344599584081903,0.005541413990213373,0.016137426908385044,0.011941392127816934,0.025297067560217625,0.020050798635983903,0.02709047722646529,0.029294329960889536,0.02734731884042083,0.023254678145607544,0.012587366997773894,-0.0037135396339405425,0.011661062952340952,0.0055713219438250075,0.007745136421986198
2021-01-19,0.01485817479645834,0.014518174665893117,-0.0024759577303852926,0.002008769039358228,0.0007722274498514784,0.025502006483611613,0.02993033571146097,0.03595654545192031,0.017029758463355058,0.027631927687394923,-0.0017075725390280705,-0.008561293986302718,0.0049713506876721625,-0.0026732037621804835,-0.006839702271716048,0.011452099921018,0.003786433314954957,0.013033715597798654,0.01512148573432588,0.014562276919618132
2021-01-20,-0.002377766032376658,-0.00211225330371172,-0.0013853871770051224,-0.003205586332032768,-0.008356015636837105,0.023682601572001555,0.014417907063217068,0.02488061661911401,0.021728485749617756,0.01201962011581813,0.0008086762989352615,-0.013796483904156404,-0.009410281316349842,-0.0095518695771003,-0.011583102304681025,0.008892218840078632,0.00011414281027024678,0.008990734635617528,0.013508202063455264,0.004822356249090866
2021-01-21,0.011868553860131808,0.01184143312843182,-0.002267484675611528,0.008020715821964862,-0.00285430358881904,0.003750405955576192,-0.0018635402549283756,-0.0014645706508774113,-0.008733333688160866,-0.00180681420656443,-0.0004206275654019401,-0.0038176776982448484,-0.0049662767563373456,0.005030223328138015,0.0074320472262650065,0.01935806216817829,0.021011834804103447,0.027697992173671564,0.016224675494315145,0.0217505814109705
2021-01-22,-0.01997505634964836,-0.019890410484066895,-0.004926397319295787,-0.02272295402608299,-0.02063609967277101,0.013236204017367291,0.004150367739777625,0.0029288020901379027,0.004207349080090833,0.012573684617241546,0.004730885611664564,0.00868334016020135,0.0019347870595649928,0.0070421845649945285,0.010405434530083113,-0.017352479790367855,-0.030574499897736633,-0.020812373417039846,-0.028063371208480667,-0.02778978610583866
2021-01-25,0.0026172595685066786,0.0023833163133018848,0.00711723669844802,-0.0038437342604948814,0.0011104433217895304,-0.0013199418024697135,0.011234209541495985,-0.0012013090067390542,-0.00414686228051499,-0.0038098369904481857,0.0020554764390893782,0.0046016252936925016,0.004112920121299213,0.011174251982431634,0.005460458321033852,0.004970270327449696,0.010834011625904052,0.014051931499059112,0.003934802988773922,0.01228886613178614
2021-01-26,0.00063874900971454,0.00040529415645241965,-0.007264507839915629,-0.012098669573731352,-0.007918445759957156,-0.005843211328673213,-0.006959672756843107,-0.012261300318642645,-0.0050523536560519635,-0.003828153465871951,-0.018930940896359702,-0.015440695008862722,-0.011898515878396906,-0.01399007002502532,-0.016118801498525126,0.0014119336108901165,0.005693773816070789,0.012492290628473065,-0.006996409556462191,0.00939962215752289
2021-01-27,-0.006310465327861973,-0.006354831202260031,-0.004721552852333483,-0.017466900767328118,-0.016070275992178206,0.02123698744829962,0.006330876733613177,0.03327648792203791,0.010544927435246274,0.021044235772015325,-0.007826989379621526,-0.009197739398328497,-0.007293770512241001,-0.0020755535309007586,-0.005995992006492926,0.030097710619932477,0.04017848472604977,0.031221891907326486,0.03936662036255618,0.027434841117826434
2021-01-28,0.005008212086626289,0.004919597722820388,0.008327123125604732,0.010963766308608914,0.003461339407087701,-0.003552459471436893,0.016124610777117358,0.010722752727683778,0.012495298660595242,0.010649042001122044,-0.003005646612856504,-0.0056002032481029355,-0.009445053918671606,-0.0077498856804631335,-0.012761464201760275,0.015153550250311338,0.0035031512196840127,-0.0018842136866726346,-0.002330067306300461,0.0013387445198442857
2021-01-29,0.003155571690555636,0.003402242634699731,0.0039967578502903564,-0.004361451522688054,0.003010863621588221,-0.03239339484410431,-0.02387424874968766,-0.02176465245377738,-0.010739434961891442,-0.03528074878472189,0.009419007209207672,0.0027876477951595943,0.002374872353529538,0.010789082786587113,-9.626398328650118e-05,-0.013881096368540378,-0.015923132741253725,-0.0185242999877978,-0.011624032801082032,-0.039967648450529
2021-02-01,0.0067492920429427046,0.006615706684878639,0.005077626298698403,-0.0004964578209150554,0.0066905128637824145,-0.02177507245175766,-0.022197109750005484,-0.013247110942913495,-0.008088188521967752,-0.007096505084760074,0.011482459043612359,0.009618036984606153,0.013593243972213016,0.01681866141663391,0.009815369705060351,-0.006779216934939098,0.0012524041860877723,-0.01232661437617815,-0.010707224118254772,-0.008744499585987237
2021-02-02,-0.0028198538274669307,-0.002904850598988117,-0.004507676348609086,-0.00876229810060755,-0.0049649737757122255,-0.02225753145473151,-0.022087030446939326,-0.03216383409695998,-0.028776883865738463,-0.03456526960081932,0.0036553712264931855,0.0003853928037066117,-0.0009173433570489405,-0.009311399087822766,-0.005955269662098052,-0.004597734742526247,0.011801474792233695,0.0017731947788925775,0.0006470575043841112,-0.0036216965380679545
2021-02-03,0.01157395838911851,0.011409424530444317,0.020058980264683456,0.018324161878006968,0.015960114243964665,-0.02787282961465785,-0.012855339365932824,-0.02563115899023605,-0.028903590794298703,-0.017574163804217315,-0.00794432251309357,-0.014936963935479318,0.000293135912576956,-0.01316642466972603,-0.006221768503566554,-0.022768171311569874,-0.018259251823725575,-0.016610803270388698,-0.018180030429510215,-0.01503886284841299
2021-02-04,-0.0008916187572580786,-0.0013767817269071437,-0.011584308967810566,-0.00729210252846707,-0.005171173152275886,-0.020385628306841493,-0.023663360855727435,-0.03313639586750112,-0.028199384391623228,-0.04044539997681213,-0.0038644034087288908,-0.003468435306093026,-0.011338020074490345,-0.011013872002481589,-0.009981754290591085,-0.0333153826182941,-0.020996758648527864,-0.016551766341486245,-0.02898692311220249,-0.023410949708242763
2021-02-05,-0.0008182572820728449,-0.00073346452579527,-0.004106613337133827,-0.00029642028743929945,0.0031657575228683493,-0.0034074588913290075,-0.0036625791997367593,-0.011160757447246828,-0.01875252915677493,-0.005477398792061548,0.006298033382182503,0.002203028676108711,-0.0010318245956764814,0.00415552215494578,0.0061103117363349065,-0.0021571624161090238,-0.002407847328610138,-1.756690204636279e-05,0.0012172887476387456,0.007764954438423606
2021-02-08,-0.0008058696647251248,-0.0007241853944077106,-0.011549906249935451,0.008520295797423546,-0.0027482759152524776,0.038990854390472576,0.03711313487059238,0.028287509908376123,0.0290000254390352,0.04444257142642366,0.010284901852781966,0.005631991454073088,0.009848528455281868,0.009485049935157091,0.010329587951870282,-0.0008258545196201026,0.010996117200437923,0.007103458015255869,-0.013544413480565464,0.005836249463860384
2021-02-09,0.020613529908676115,0.020755711066199285,0.01823416352826905,0.02016921668418002,0.008350244421735617,-0.013377729052112536,0.0005990335973095548,0.003628670675850752,-0.007592027620024276,-0.00650595536887093,-0.01070541465200966,-0.01306240193849933,-0.022874651377381587,-0.003845201136197348,-0.01075122907490619,0.0019470563408015649,0.0049520740629460285,-0.0072728330775121254,0.0008220455255575879,0.00913811639074079
2021-02-10,0.0018777497148762439,0.0022278606143559736,-0.006751467944679545,0.012116543847535851,-0.011750851347559873,0.002255885231096648,-0.0007778738822053098,0.0028686339861491617,0.007837920180160685,0.0057557703871388985,0.01547773235865975,0.009975503055455304,0.017468441171831325,0.016950067901658847,0.0196904126526109,0.011244930928175806,0.0012615268137253033,-0.008930580322435962,-0.000783750502209039,-0.0017761730254742024
2021-02-11,-0.0055433802376055824,-0.005437908746135855,-0.007680481795376809,-0.0007401044489490705,0.0031167025211480204,-0.006650003905939607,-0.011170526925017488,-0.017421683208755527,0.0070095238881346085,-0.01864206389948631,-0.024708491522349742,-0.01489388827205607,-0.026978793835322423,-0.024649631944637675,-0.021002684957758106,0.039443623967704566,0.05128795986059025,0.041826592099148095,0.03975729550504293,0.04793464937280021
2021-02-12,0.003390590139720741,0.0034980483500818213,-0.007930761561747744,-0.004523782599741259,0.0009963978852779048,-0.0036912844049709903,0.009699286214986964,0.012591258902862014,0.009964185227120002,0.009457468134862314,-0.0053733306509940555,-0.006796372727056065,-0.006806012017817672,-0.0007293892722427093,-0.0015013764186097207,0.010088331349894508,-0.0008285045152564628,0.022118196805110305,0.008056741433833853,0.018793607322083662
2021-02-15,-0.0005543663513637991,-0.0005328668230383479,-0.008837093584769355,0.0003164608144280569,-0.010171396979600792,0.018091437684331496,0.0347772760408379,0.015994187087579496,-0.0010926719848794498,0.015500213223443596,0.00998352846446808,0.0047789903041419585,0.015141744597186799,0.004835439853479427,0.004794799763893333,-0.020632029784432317,0.006458950251848374,-0.0040838884517901625,-0.01457330936391873,-0.00392478987516388
2021-02-16,-0.022274699669197602,-0.021808796650861346,-0.016521403757301326,-0.027543920054129197,-0.014346050854526357,0.021537426557696585,0.01895462340708468,0.001677692783115065,0.029266344698700857,0.01266127260094542,-0.0038566228437045182,-0.008873530778117174,-0.006465078777899934,-0.008994630079156712,-0.0037398191264543454,0.03049956218741986,0.04021107063397661,0.026292047254192697,0.021599217393353874,0.04334329683527083
2021-02-17,0.005728033676422926,0.0058567593490877505,0.0005369321870584351,0.012862710466428878,0.014664037599787181,0.014349884654725151,0.006399452305659328,0.007838917666649008,0.01037609253859076,0.008436783932297201,0.00559301899068272,-0.0034130889051164877,-0.004614126594252655,0.0006856865893633998,0.0005885588450468158,-0.020819838523116464,-0.038389748033840015,-0.031934578039312676,-0.0372076880132179,-0.0294481468470296
2021-02-18,0.005420571582611883,0.005430776760457092,0.007043823111115255,0.002120382420871799,7.844822493986562e-06,-0.011267156825226329,0.011637560817781485,0.01714401209090329,0.0037893812393428867,0.011381245577641684,-0.012156778589900536,-0.011775110694680365,-0.010524787783082119,-0.02575436094748695,-0.006666046521365002,-0.013386088306958739,-0.01721333512615157,-0.02182975418876149,-0.02695492770554406,-0.02043215845097241
2021-02-19,-0.0065175812905226204,-0.006615673197223777,-0.0014025954757976523,-0.0013948497980526844,-0.0026097762353314608,0.005972223722758144,0.013106256194219262,0.011948089876810753,0.018031314648596003,0.009025590151625119,-0.003866470029349145,-0.0010381804101693081,-0.00015445143805085698,-0.0045411775390055585,-0.007416999542563541,-0.01212431227958434,-0.010698884112109107,-0.004909272748766276,0.011442281789303031,0.009209543788321173
2021-02-22,0.02153098366448702,0.02142601043541872,-6.7250955984422085e-06,0.0076597295667989816,0.004405041684637026,-0.018455819322698273,-0.010544177201631307,-0.02558213876197955,-0.034742144863186754,-0.006222467845946858,-0.00629930271473289,-0.0017259185449101416,0.004129882114109178,0.0011030223188699545,0.010255858460806974,-0.03568059321345479,-0.02533797008542851,-0.024784843414733658,-0.012759712508124911,-0.03970654467414492
2021-02-23,-0.01036984902150182,-0.010314302973479454,-0.0031936234972528127,-0.012393824653265426,-0.00876249459612552,0.010020586950695954,-0.009720279983598033,0.004113954910335359,-0.01462452137972331,0.00714945513880271,-0.008812952410786608,-0.004161348896268761,-0.005563891566721601,0.0075919278743623924,-0.004745737133442945,-0.013253708794243726,-0.009900103306954067,-0.011072555794236704,-0.004538058240081483,0.0017052056812959997
2021-02-24,-0.01847374413872754,-0.01856692640259924,-0.020798275446857285,-0.023692508618018263,-0.016289220727695522,-0.012235068797131408,-0.00614372844882395,-0.022282048347545533,-0.03252675283927207,-0.015783691223427522,-0.007538308589003994,-0.01044737236712457,-0.01074095671618303,-0.0172810753199595,-0.010919074879706041,-0.002579363128046891,0.005237824484917309,0.0022936115853160375,-0.0037264964413532067,-0.006870203464089898
2021-02-25,0.005350092084276922,0.00533887292467332,0.003900886198807531,0.006995686309206913,0.00303909423443916,0.006243260450756192,0.014590989245351566,0.013968532548901565,-0.0015300301166492366,0.02330725269936699,-0.010741133074687756,-0.005701011050127021,-0.0037718966551568258,-0.011568648150759779,0.0024437922020804914,0.016474921215319193,0.013614205040266667,0.007452652816275532,0.024287033701046987,0.0045456125680530856
2021-02-26,-0.01524455774467429,-0.015394462609091443,-0.022389821985007708,-0.00749941128163164,-0.016089647744528937,0.0395584186690246,0.04178015000896309,0.028435893114031836,0.03055924307299541,0.04498957639438934,0.00036240749325264877,-0.0006612301956505293,-0.0020842997009829635,-0.0009244808477143374,0.003668627118872861,-0.032683963029866384,-0.033641343698336997,-0.02985142569910491,-0.012316161079280118,-0.0178023171596892
2021-03-01,0.02870575953141414,0.028772381130886603,0.025993983233943578,0.025651381784923287,0.01938784318489897,-0.010715115175721815,-0.007119358781327669,-0.007584671671723612,-0.00680440287133566,-0.02217198357824528,0.003972555571498225,-0.0004751805304112283,0.008399821101922937,0.0023363182370830723,0.010208500201207902,0.008878933568649616,0.015843321686491926,0.012891054148132549,0.007952165238172122,0.001604628491374288
2021-03-02,-0.0007739020344329905,-0.0010176999241912634,0.0054390209246663905,0.01022627890618353,0.010608393917476568,-0.023523575454303742,-0.033442158639689606,-0.03488111706068792,-0.028475912675128074,-0.01411533407721503,-0.007674312418830702,-0.006472148945365947,-0.013424606942496954,-0.00839458823557358,-0.007407811850692121,-0.0066691169656380046,-0.004995188283809797,-0.0021672095675719628,0.0017829686697489544,-0.01104777691173515
2021-03-03,0.014946164992195506,0.015227063305215258,0.01771315172932878,0.01986911837260995,0.020484442307809624,-0.0041710339757018685,-0.010083672109082314,0.012481154578419612,-0.015435569489473852,-0.017765179129228665,0.002723804424289644,0.010972945697464192,0.013850003370387646,0.007172026079880498,0.005581372642564673,0.015223748035136084,0.0017549643803035724,-0.0014929030273953092,-0.0017373351124824392,0.005112585400938551
2021-03-04,0.0022111215342392587,0.0023871782383491098,0.0009720661748878841,0.0017431244744080807,-0.005716462140523882,0.010645665727812063,0.03304188197341657,0.018832434703361458,0.014667344778795149,0.02073908158676231,0.016578659447695522,0.01032302403413134,0.011224388015996518,0.004595070583562301,0.0044837956256142675,0.020085802355698554,0.02266024800947934,0.01925659252233136,0.019938985763745545,0.01467419114843857
2021-03-05,0.00327429190721922,0.003045315906927902,0.00883310093250101,0.011467605946486123,0.004630521785722667,-0.0019212626740641617,-0.008756237011983994,-0.0138355694137242,-0.021734403843548203,-0.018555394826469764,-0.015221880787530897,-0.021585980297883032,-0.010651046353737531,-0.012193345919015003,-0.02093470414480456,-0.03972620673552321,-0.03532482872585174,-0.02750739563731116,-0.022311044969264254,-0.021710804758429302
2021-03-08,-0.015105258557061772,-0.015119223602396958,-0.009345342951314737,-0.00876176953955033,-0.010152215295570036,0.006826896881775096,0.00777577230579983,0.029452495471129592,0.009438231818538149,0.006203912701238805,0.0010187482561340323,0.00643559964570404,0.004951498456049501,0.007561923694958269,0.000816866933597918,0.015299749739479293,0.004322030974329317,0.005281826344802943,0.004294116440497427,0.010716648082458563
2021-03-09,-0.00583711555472718,-0.006241837107940101,-0.013072765757460395,-0.0036992058158589513,-0.013878494136680472,-0.02771659687092379,-0.02881349362275483,-0.02978933658995905,-0.0164398612555869,-0.025353877523034717,-0.0033717952029409257,0.005053958385994211,0.004274460867903092,-0.0025408581853897127,0.0039817390962283185,-0.025469768479767733,-0.008315507855445176,-0.01636881355860381,-0.01454038223643655,-0.019259898930225186
2021-03-10,-0.012270395865637256,-0.012338543006949507,-0.011975863337338943,-0.006881803405495276,-0.003956092653759052,-0.0026255691693611526,0.01722494225306096,0.02002352634842796,0.012747556209436933,0.02507299263124747,-0.010220006726027572,-0.008297219325382545,-0.006699058014799605,-0.013708280292966123,-0.010771311995753426,0.00401708911381868,0.0018645728175093691,-0.006153013995316886,-0.012571228899465553,-0.0044518240948144385
2021-03-11,5.588977502829105e-05,-4.117510628665397e-06,0.0032334669694290183,-0.0019422841221478893,-0.005868844841522429,-0.00960930089449218,0.00109640715086206,0.0072243980454817355,-0.005488307910253847,-0.0008680817299751035,0.009052193717622399,0.006824693031735939,0.007474887011944444,0.007452600272712725,0.01485140136161578,0.03020052833892841,0.025149900942099065,0.005453061977329191,0.01944938314512431,0.021811327796187288
2021-03-12,0.027104733829884358,0.0271346857519032,0.01817996173135047,0.017561557931409167,0.024876318443039443,0.009224578447189857,0.015547345921013535,0.007563983021135413,0.011417905856800626,0.01567562541529035,0.006675105091077569,0.009038567904681218,0.01033068766647842,0.005952071622278491,0.0049340194988392915,-0.01961414669527477,0.005113802612241969,0.006241212368209847,-0.004263641403401517,-0.004297860357388796
2021-03-15,-0.0020104106390165834,-0.001963851646144484,0.000840866416407303,0.00010241004523420987,-0.010807422187659378,0.011352752649735237,0.010380857021224611,-0.004152192528139504,0.03506326841027314,0.016351132246899436,-0.00964121450752592,0.0040026285737408485,-0.009556739409168409,-0.0038189156472864466,0.0031275318404476674,0.04237247032911212,0.03888575025471689,0.024372614406334866,0.028327070940629244,0.03450412396781469
2021-03-16,-0.012203380704838522,-0.012106290357973169,-0.014653613554596278,-0.0016529495751225287,-0.012674768647486243,-0.0038360718557334294,-0.0017399118432554804,-0.0006643519803524469,0.004642132916646262,0.00798040601654618,0.007810134290208893,0.005602302857869278,0.011929645763395166,0.0030962378936363307,0.017898511640587502,0.0005960209992253664,-0.0029339528675694088,0.00834417152740617,-0.010182397262739664,0.007521119078987235
2021-03-17,0.00016777176152417986,-1.2157643363673912e-05,0.0028642927577815025,-0.007892693590996222,0.01113476314738377,0.008603506599936923,0.003953427457587565,0.009722025793988481,0.012281288590775171,0.0011516194632754427,-0.016243561548927164,-0.015424489213943031,-0.0072793611265321145,-0.00585009730377632,-0.01708108191574297,-0.003961672963168008,-0.006501215695473835,-0.0034968818341164828,-0.0012426496302718633,0.01219249573140514
2021-03-18,-0.0024934782615461185,-0.002726982003112956,0.0023185674407958396,-0.00010219241190147216,-0.0007053671822531166,0.007869183779593053,0.011358620550101449,0.020046004081982535,0.0006518706921698664,-0.003917647150839218,0.020618958035197657,0.01814275410157215,0.02207371183043362,0.023334383933852187,0.011327712310211754,0.00744716527177547,-0.005711103115539607,-0.0044150060197782085,7.668951586860975e-05,0.006932251822012163
2021-03-19,-0.012192274977777038,-0.012582079921362647,-0.01532230914819049,-0.005944827302960582,-0.010156746870615867,0.05206591414114959,0.02613787050963043,0.042255109919712534,0.027615173464363617,0.03090667555951688,0.008240591255993274,0.002799512254685138,0.002872751321047972,-0.0069378796646858455,-0.0033596515197810736,-0.01070247429131472,-0.014177234162733197,0.006018618275171938,-0.013351364982429738,-0.0004245083982981679
2021-03-22,-0.013941428405726574,-0.014047171187102784,-0.01903308770386306,-0.004170988027359395,-0.020320317027259397,0.004320725783073463,0.018822798493770873,0.013475593025476535,0.015871192736376605,0.018595125569489637,1.999338523533343e-05,-0.004360888800491863,3.920406347337986e-05,-0.0025517032845525428,-0.004447474747549723,-0.008911341313625469,-0.002101429679062871,-0.002328189344773432,-0.010544347271821658,-0.017066296851415308
2021-03-23,-0.009190950651413884,-0.009008416102566724,-0.005075905561744113,-0.005806363711410383,-0.010189859977194238,0.013646707773024049,0.001929554687801281,0.011146353421791683,-0.00023204369185052758,0.020421374227039622,0.007183956199005274,0.004749700259129236,0.002061097626399541,0.013153474299907285,0.007476132194025646,0.001850386441492164,-0.002926474218663304,0.014627200740243476,0.002469809248167857,0.007013815324927888
2021-03-24,-0.005831030949804905,-0.006184294691882891,-0.0058053616602136765,0.002586107687842143,-0.01059375595921807,0.005014286273001802,0.0004644899317234433,0.012208572124903276,0.003853464419090354,-0.004428582823335004,-0.002172521599635105,-9.017981772436285e-05,-0.006265853556340818,-0.013470671943894154,-0.006601997984274795,0.01372913539883926,0.0005335530848061645,0.015947248346339923,-0.00721797537882715,0.0004202006120995786
2021-03-25,0.005738020807798346,0.0055281704526567435,0.00857236819310353,0.005656862205919508,0.009509428685017841,-0.014855537032800679,-0.012800238217556333,-0.00711043520415243,-0.00442545915128927,-0.00750316373622208,-0.015144357879873284,-0.019392456231266612,-0.01803692231472318,-0.02362552989545542,-0.017384883337298224,0.03525685551449997,0.012651391359893432,0.03830297976556579,0.024052954670460026,0.022458731074823428
2021-03-26,0.004009195391662366,0.004076294546576274,0.007644156711850659,0.010410280984981417,0.014303522827515118,0.009025480695119124,0.0025533411842364236,0.0018486014314332505,0.0027733398339800817,-0.004366461723866513,0.01545620693334134,0.008182605296975851,0.013237603228038153,0.01581648772558923,0.01275195490351059,0.012627397275179116,0.033705849882299355,0.018770667872154062,0.008100900720853028,-0.0015312240090586977
2021-03-29,0.003162130588204076,0.002957197388617499,0.009767783396717097,0.009904312795700457,0.019912331139573528,-0.014535533163977219,-0.0139567789754087,-0.0069306408254779526,-0.01578035596944283,-0.014340610536376667,0.012973400563243044,0.009151852971627647,0.018496818937248055,0.012462634134461132,0.008740694313951749,-0.01451008399869483,0.004060258846685858,0.0023028369296599718,-0.0033488259924635334,-0.004827294328047871
2021-03-30,-0.0042358932487313915,-0.004267476377593663,-0.01699441619487791,-0.01672949872698004,-0.018908124647198283,-0.01520181228180301,-0.011177989044062201,-0.019682074837542616,-0.013353050847104912,-0.0021158088168681246,-0.002790690150465344,-0.006000846590833852,-0.003097486757185841,0.002011118912777045,-0.0005349159010728949,0.002276436440646502,-0.022527580878772827,-0.003245175628106666,-0.001434098696690135,0.0022715737750822643
2021-03-31,-0.015547015616199514,-0.015625090689089207,-0.0090548081305633,-0.0032819952563319923,-0.007649238568231451,0.016808887463415776,0.008430024787710395,0.013256566123730983,-0.005723881324188324,0.020151712648279262,0.0019250646825583195,0.0018498369035197565,-0.0007577510969740161,0.0024992354227570263,0.008939550515510191,0.011278970375660042,0.016665075811051346,0.014084349301612939,0.0049071194345424295,0.020249563535545495
2021-04-01,0.01825100145614537,0.018279304683407875,0.005725540136966135,0.004149179079602005,-0.0012743836498504417,0.004532286674198669,0.007909861410491206,0.005210349997039926,0.0067389334285662735,0.006110875824034865,0.006870994030021868,0.003086723790914356,-0.005912571817641477,-0.005693933734853528,0.002427776574996699,-0.0027044838178083733,0.0060732089152097535,0.014160034086402188,0.00612546894780573,0.015379852714162704
2021-04-02,0.014539017510097929,0.014528118168635612,0.011442886594269931,-0.008635372780865824,0.007718344381884816,0.0013244077859581103,0.002972722125937108,-0.0003470613502066067,-0.002621795918395738,0.008651797207080406,0.006181739633337271,0.011920164450132557,0.010453354915887107,0.010070649095615952,0.005121261469991387,0.018429369622495917,0.012379241280456539,0.013009187270051506,0.023503124744774825,0.025611480899753757
2021-04-05,0.014295239991876875,0.014323235792719886,0.01122769986042471,0.013370323466772756,0.012061816358380453,-0.01680896427481131,-0.011968334982717278,-0.012537593644696001,-0.036139870108724,-0.019528245282528278,0.001918203725027441,-0.0005020018563284721,0.003140412447748909,0.005119319592523652,-0.003363634519659453,0.007608462539927332,-0.015133369100036336,-1.914630731681907e-05,0.014271585102282549,0.004883372639577155
2021-04-06,-0.011773431476151758,-0.011623535501404714,-0.01273599096099272,-0.00857026485138755,-0.008946510508464026,-0.003360971604689522,-0.02494701579387274,-0.010219248260114949,-0.0026817538173694337,-0.001312782580763018,-0.003920985140968671,0.0011413646455199734,0.00019118807599009818,0.0021516209988535853,-0.012057575429101729,0.02457229475669454,0.02460095272043951,0.034703522024080044,0.029175675266374112,0.035457289702902794
2021-04-07,-0.0018876111362319571,-0.0015777979498843924,0.0017634789333858495,-0.0024312136750926513,-0.008032816481716774,0.004679006049445788,0.00519572461929828,0.013200370765092681,-0.0038918668014470857,0.005260345752931721,-0.010636316464712955,-0.021474014631264925,-0.013582475072915327,-0.015471901709142989,-0.019164997505077754,-0.011145679829076813,0.00966250201029674,0.011738691834982289,-0.0002231825447459029,0.0072866618090401
2021-04-08,0.0028628173830206258,0.0031116425854221755,-0.012961761514945543,-0.008925333461355664,-0.007989290259297056,-0.01644787191185066,-0.010549965929185633,-0.013469865908263759,-0.017383170066785688,-0.02038404435061206,-0.00893672217496194,-0.004080962483369335,-0.005058639393615058,-0.0012597702796954783,-0.004406287952559789,0.01809215956916516,0.012038205078633587,0.005179288412713687,0.02503016938515956,0.011903391838175513
2021-04-09,0.017285681182185257,0.017115895913542897,0.010844161078553382,0.011806408618627827,0.009693183290585161,0.012041241308238377,0.005174640169852561,0.0077865319703192834,0.008884804962813816,0.011166129578262789,0.01728349131849991,0.01133914339275646,0.01970258497564931,0.020944648441134295,0.012730174586489541,-0.013769758512069139,-0.02146257407277339,-0.025669194687450974,-0.015783058886201684,-0.012143226377550128
2021-04-12,0.014461377504505728,0.014575195331096021,0.009388704988067889,0.0007626298760207196,0.004791383762841488,0.0393894071483827,0.02078515708511223,0.034060496285313796,0.017657676032777056,0.05952669676946078,-0.013870003834090238,-0.0076843674098560095,-0.009344764294145205,-0.00642299817598051,-0.007591080905656019,-0.02523118928484613,-0.016653215786503733,-0.021081646967895874,-0.013988613343310375,-0.003898026287495834
2021-04-13,0.003237434423764916,0.003123321044901604,-0.0026812533719602037,-0.012546802046349753,-0.004683142419245986,0.012591106047010065,0.0026635338437625117,-0.0006528778459670814,0.0004219654777603449,0.009220410179694624,-0.01014592570928166,-0.0068323239011867255,-0.007914445377848085,-0.003654816678278553,-0.005920619301934789,-0.020496093958459912,-0.010420487785277058,0.002474001722464535,-0.0056156539853404255,-0.020811846139005125
2021-04-14,0.03216893255260341,0.03228429713271591,0.01754960892193534,0.01682258600774671,0.017841492537443448,-0.0019463904514903478,0.006787784721064996,-0.006076525379716184,-0.0023614109275141367,-0.0008456951091831383,0.0032992982607145016,0.0024283005845904403,0.008877926084147957,0.004819459662875525,-0.001765303147658341,0.02531331745179581,0.013090390054421258,0.020561566757816223,5.786272518204885e-05,0.01698825215684475
2021-04-15,-0.0009773256931408245,-0.0008391764637745829,0.007784816947241959,-0.00042685117471655726,0.000651070152558963,0.012299359876059976,0.0030095126806771047,0.016457258713128985,0.0071287690473002974,0.012927430276504438,-0.011120841344394007,0.0005798744095270124,-0.004114469035572347,-0.00038598224622081895,-0.005621136465236446,-0.016485486121432077,-0.032951277033091184,-0.01415594081762111,-0.02360229548121605,-0.03139082116387523
2021-04-16,-0.020313394753606443,-0.020357257347256692,-0.023022825447355448,-0.014016334541591758,-0.01899975782311116,0.011969231939771693,0.0112168662313224,0.0020702623428172982,0.0033837788776239107,-0.0095246461748108,-0.0018084166061803982,-0.005437993550408364,-0.0004041246843010725,-0.006614955716105697,-0.005243440467518014,-0.008953034616696021,-0.009763094861874086,-0.01134380248509382,0.0001202457864724044,0.007799723309521483
2021-04-19,0.0026293726792888028,0.002407831898696521,0.0003021001928131845,0.007192969438430188,0.005413178791435929,0.00030747193452732426,0.00422878175138856,0.010487661453307137,0.005609711045754543,-0.0047331384530804,-0.0030486175372907505,-0.0112453498923717,-0.0013066703772671323,-0.010569120871674395,-0.00765167807231649,-0.003988378362273843,-0.0038661067288524266,0.0020276059000211197,-0.002919818807948039,0.002051625813403247
2021-04-20,-0.002283199013442628,-0.002395382135284293,-0.0010455733114215716,-0.0025122003369054497,-0.003294626856336831,-0.006135831325308906,0.013256431160890491,0.0016059109668610672,0.0018491849800599484,-0.0008783206163373997,-0.007785020878922588,-0.002977591230207441,-0.004224642811941936,0.002042684582002649,-0.007218860790947195,0.015542026300565262,0.019411820934930754,0.0087328184210895,0.0127840479153915,-0.0009022215729812409
2021-04-21,0.002075979422274904,0.002019017482913052,0.006673489204917175,-0.001559189406176476,0.00041244111210536833,0.009622436336420662,-0.006039155184273904,0.004637350834891253,-0.013084775490689128,-0.0026934296678646002,-0.008280171465208071,-0.00979061916338165,-0.006799490357614401,0.002188111374602358,0.004669981381744768,-0.00851966688876593,-0.017231979691134467,0.007972747755729788,-0.025203520805653194,-0.030511332820696034
2021-04-22,0.010572428626221706,0.01083139225928312,0.005855682693573511,0.013329204246834736,0.015988187534795837,-0.012979188363899708,0.013419642516339226,-0.0019763180877516518,0.012877319463899462,0.006635588723108695,-0.008609718711897831,-0.002601364870673509,-0.008500323871131988,-0.01384414690005634,-0.004288011555234078,0.020256140354959866,0.0008219807670529662,0.0055180939443461715,0.018946985819760554,-0.0031462227443027854
2021-04-23,0.011196958358735533,0.011289723630699957,0.0062548648529889,0.0027380864099185802,0.008609177764553182,0.005950804979040959,0.011893857370574908,0.007443898207645556,-0.0014352079247800938,0.0002273724571475762,0.00769925465545946,0.00213442283794664,-0.004277839876550661,0.0034358164000454234,0.00041311651568634453,-0.008334879561855503,0.012258059278402473,-0.009654927068331693,-0.007239718393853818,-0.008549860724201991
2021-04-26,0.01839168912808464,0.018150493379811648,0.007532861322092426,0.021461223831728406,0.005792443741299898,0.00409350490971472,0.004977125803979341,0.0022020729480930743,-0.0036274414791563616,0.007309608349759092,0.0021206798097802276,0.005733779861482045,0.0035861755762707386,0.00905880830270538,0.0022429788492334033,-0.007062187409368103,0.0018260140216001047,-0.01486316716505694,-0.0024326156605037836,-0.00471831941153049
2021-04-27,-0.013282295676005647,-0.013315003179467697,-0.0078008003061599916,0.0014026595011333255,-0.006214552103132046,-0.02872120370818509,-0.0195598596334454,-0.02852265976428143,-0.02790903256347234,-0.021473124538663877,0.0008657065951886392,-0.007301981892104539,0.001505309672739315,0.0023322850167078746,0.005670847183907486,-0.0020320926879104,0.001115174402507815,0.011236468880624802,-0.0038307221498983003,-0.004627908754806554
2021-04-28,-0.003969030802505755,-0.0036270830545940243,-0.013967247959486786,0.0017835888413604774,0.00033373549061089375,0.01535223495770087,-0.00561607928408394,-0.00549580724969663,0.014634461356865755,0.0016043411039882757,0.011217716682143664,0.013281326887828415,0.007044364478402826,0.01285693801235882,0.004388900909432049,0.019183632221845305,0.026149229138915413,0.016061275882136492,0.0136219361043998,0.020247938796932086
2021-04-29,0.007532051709911476,0.007563975260742913,0.01300408501605457,0.011897635687046893,0.0026676285590554803,0.0012902536430668165,-0.00916857196190335,0.008765576984917584,-0.020366151055805908,0.0030793574563219342,0.016305954028953788,0.02232389395455909,0.01321483838212914,0.02183081136936766,0.0210100359090206,0.012462601678596854,0.0248564035050401,0.008866569048015228,0.011714104899798147,0.0035535224683143547
2021-04-30,0.00520603473360817,0.005624888324515985,0.016860035276036675,0.014088336275346797,0.013363769446980922,-0.00878619383535868,0.0002801854754381579,5.9424736098869716e-05,-0.0017819403042720955,-0.00986781016346854,-0.003676070022354044,-0.010301461398198932,-0.005735213894982186,-0.00821988815910463,-0.0077867758584149495,-0.007154266688516061,-0.00616313063403313,-0.0045378649099321175,-0.004436904989895988,-0.001468787558132994
2021-05-03,0.005110084495236519,0.005438789718283119,-0.0035253020334264458,-0.0014790853371750366,-0.0034039468525806065,-0.006999506011029851,-0.014910565335190975,-0.016214869892590068,-0.018154552263878118,-0.010934294406696434,-0.002746004089825626,0.003852662955797924,-0.0017537497423595833,0.0007712060483843535,-0.0015070770748494416,-0.0007902618104927493,-0.01646938309820165,-0.01076540113578513,0.010862568334102917,-0.002373201442932334
2021-05-04,0.028328881257924154,0.028288563438155438,0.019076318299084002,0.02857501047153255,0.02328390662231873,-0.006296552360985073,0.006113023417625207,-0.0016798960586898253,-0.0022542010285868594,0.01832317449756183,0.002945459505364239,0.002640608072746035,-0.0011181560483126418,0.006388457600069688,0.004592954602230637,0.0010222346521605965,-0.0012081619550276428,0.005870544129929282,0.009008004137663532,0.0005336991160673976
2021-05-05,0.009598051057797789,0.009544708348029557,0.00010385456396877691,-0.003687565960348395,0.002450226453327734,-0.022157397562272495,-0.030778019747147372,-0.029398091681026212,-0.025581659838108884,-0.026700865785845233,-0.003081834616138161,-0.013372921823223556,-0.00013510150274049072,-0.0057270163987862945,-0.007315363602302577,0.006724362888422941,0.005598801742400274,0.0040633251553299195,-0.005787036596645481,0.010099199446993367
2021-05-06,0.008677440256687432,0.008706701293678985,0.016782266541347235,0.008956696014299223,0.013258974253619103,-0.0035693761386250762,0.0035975303514742874,-0.01219403598081469,-0.0031642026022544105,0.0005133041711008646,-0.004093000210711859,-0.00010165781505715432,-0.0017898454061688242,0.0008958560340496548,-0.009096882921887001,0.005478027863382962,0.008584294429487903,0.010777886371167972,0.010462021431418542,0.011853306720390755
2021-05-07,0.00014466083192485516,6.951037063960267e-06,-0.016714655266456418,-0.004912442113246652,-0.008481403769263615,0.027419760283051684,0.04430153653812015,0.03532777500188664,0.04616247094192558,0.04294993139929556,-0.005591972189777591,0.0036624194494570433,-0.005753117725663441,-0.00494626623026048,-0.0007290573693128583,0.004301231912377952,-0.0074476858625598975,0.006738716544959327,-0.0014229936780939044,0.008298732402417755
2021-05-10,-0.003478257787233675,-0.003188566319772272,0.002338683699932038,-0.0013312577015186808,0.002059007031430947,0.00756646899240388,0.0011841566724161315,-0.010725410854323929,-0.003241306024188502,-0.009300127241613622,0.0020481319131837542,0.0028352527790636213,0.0003480292933959886,0.013279426175582618,-0.0021814337804134747,0.009224476591962773,-0.0017166413215583065,0.0019428273789530183,-0.004068307921981948,0.0056922690637201375
2021-05-11,-0.011434368554227503,-0.011689800406013594,-0.008168029253811663,-0.004268098315630265,-0.0075340719201072,-0.0068540517630579405,-0.025013517986033754,-0.032791710740215106,-0.008094171857719216,-0.014206415245961501,0.0006767043172487372,0.0015498543469714126,0.0010014295126380326,0.0013820105844182943,0.005711947229610371,0.0036257920830346136,-0.004899652863978381,0.028878495367200604,0.006741766888303448,0.0005661195988590777
2021-05-12,-0.010106106957799654,-0.010258391795088962,-0.0075184886063731395,-0.0050643357234823865,-0.01295819523925062,-0.008103590000079937,-0.018392141099145047,-0.02149585931315025,-0.012429414938945008,-0.008503766010056125,-0.0032327632369953357,0.0009667840209985118,-0.005729512332546325,-0.009168361723707058,-0.008734078931994889,-0.014264238191204206,-0.02691920242729449,-0.02914317070917455,-0.03028863484169376,-0.01512127796170398
2021-05-13,0.02551090332724698,0.02515646513836686,0.019611444795848802,0.0274692221549152,0.026236327933756392,0.0018594440003824124,-0.001228020005672709,0.01077358298776896,-0.004764647848181457,0.002415211106128236,-0.0013321083853624462,-0.008583811012328784,-0.011387643500465778,-0.007790641266152965,-0.0031024577403716835,-0.019395215856746,-0.020634450995724737,-0.027141819212922903,-0.021179533959887937,-0.0150314274764977
2021-05-14,0.003872528344110504,0.0036149299559662413,-0.002050786623947937,0.004829488083577303,0.006063788782951833,-0.012710533991545902,-0.03338675086442524,-0.0067007066291810335,-0.012190675955471733,-0.009051971564020227,-0.011196850985971065,-0.01508709627335942,-0.01605090865949585,-0.013778712833506802,-0.016935318664638137,-0.00994774844626451,-0.009368720970102365,-0.002760726610286532,-0.005747221103054883,-0.01111953316210044
2021-05-17,-0.007608778799410042,-0.007399682180867997,-0.015510539207575487,-0.011859876579240565,0.006741376155917943,-0.020254276767421572,0.012647217058795866,-0.0057819044339525675,-0.004627816461512816,-0.0073214008361419365,-0.012264792101135848,-0.00252334165489658,-0.005546627140859381,-0.012108976325312675,-0.010398517708690349,0.009272073221969417,0.008269730890958405,0.003464664041585699,0.01230986946860936,0.0057430010282067045
2021-05-18,-0.0040943106437608895,-0.003777327389433506,0.008488450173671556,-0.0038802035213817273,-0.002588967532854303,-0.005994162349580427,0.01104760983143611,0.02310545733120957,0.0163713807108989,0.014398556462658179,-0.011609560358380613,-0.007599396240816044,-0.00619553060810354,-0.0031521951117870696,-0.0053760683798062675,-0.027270652908499914,-0.026546445759601092,-0.03255168953785897,-0.03304533171013382,-0.03313818957628786
2021-05-19,-0.008330760014631303,-0.008318448814979715,-0.007501227740442506,-0.0062779562736639954,-0.014582873495427163,-0.005026747338866763,0.008167555992122403,0.0027776146368366926,4.3330175464401425e-05,0.006796884179252276,-0.00819085142803601,0.0012547878092703463,0.0004154301817727456,-0.00676870389571753,0.0011387018610705035,0.020002987379159894,0.02123648734634977,0.03393518417225766,0.01214464797679145,0.026180492355481588
2021-05-20,-0.0035347858961703015,-0.0033276876010825446,-0.010195055629935437,-0.00483787614042784,-0.012479947555201104,-0.0064319813278871174,0.0009468826317698489,-0.005177959921228096,-0.0026819317333293354,-0.0024938097280988057,0.007707463094973303,-0.0010303260933241854,-0.0002564005358280644,-0.0009524257312245714,0.0019196315027231719,0.004231672663970957,-0.00041378635399451797,0.002682460186231115,-0.0021566882811804556,-0.0029072046662557095
2021-05-21,-0.016105474364029652,-0.016153926441158203,-0.01441930350815895,-0.018644515536247276,-0.022392256184623326,-0.012440142767743701,-0.026535354107635398,-0.010941873667969896,-0.03281402636553564,-0.03935068767343964,-0.006632316010868016,-0.004748465432585116,-0.010396889173973455,-0.004780052530552818,-0.015196517394226896,0.005244236342684828,-0.00575818892073201,0.01143669855426103,-0.0074670415003740345,-0.011877150009824046
2021-05-24,-0.013463196448028668,-0.013476614708791364,-0.014946791778151301,-0.0058699565149520055,-0.009153367220837042,-0.027811505193677154,-0.004094257102460456,-0.007455058525287769,-0.011819269074527265,-0.02881560171858922,-0.017566024769507735,-0.00030500064866087966,0.005033813805738151,0.0015982457287552318,-0.005715968626784763,-0.011308063532187097,-0.00188699847460202,0.001991479425620642,0.004263316576882216,-0.008118224633876132
2021-05-25,0.01926824450522706,0.019335372742124074,0.022399679215979736,0.01680655781247921,0.01910463773885672,0.0015591311926053148,-0.018598083843803417,-0.00915768725714514,-0.0010720872293310138,0.0007337972069941165,-0.007370784817288478,-0.00403549755049962,-0.005140572121410843,-0.00707853181303403,-0.008154625243226103,-0.003016698060314555,-0.013946702511769013,-0.0047336867416732775,-0.01627309297794056,-0.004358286877403925
2021-05-26,0.02067667896967732,0.02074179012644989,0.022865560643332217,0.024918730010831242,0.02843714892618462,0.024430658808239983,0.028641038593902737,0.03378916909290967,0.052847577824435554,0.05067318355544335,0.010467079202394475,0.007993143073169359,0.006349780814181659,0.015343911376358044,0.00842577836127252,0.0060367947132471626,0.007147585962850665,0.0036784840528870755,0.005183472866266413,0.004266136029008963
2021-05-27,-0.007284703402491742,-0.0073709610093144595,-0.001810438445514638,0.00015962187077699623,-0.0021616398995346945,0.0312784786942212,0.03378308260241926,0.03720287200151981,0.02406262436559514,0.015225009581425423,-0.0009715956489847152,0.0054969163252637605,0.012187690528572001,0.00294367027630458,0.007165515727600679,0.014878636895022697,0.01371001787858005,-0.0018955013501921031,0.018478708836285305,0.011066156924892998
2021-05-28,-0.012700901842845537,-0.012884289943456773,-0.0075424151316710215,-0.009583553773964991,-0.0033296178697119917,0.013838677422344731,0.01589368664251041,0.0020506938606316984,0.007980267165485999,0.010583438292045345,0.003885177107767633,0.006517032040485559,0.000356303468521911,0.00026586141931504264,0.004202046370439941,-0.002222294958669123,0.010886076813939275,-0.0029267638463521886,0.002040365099191864,-0.007752768791416318
2021-05-31,-0.005630596062795561,-0.005418511794386982,-0.0012625585915764458,0.0036634735860392,-0.0005832852721768076,-0.020430699334677966,-0.011998808789237028,-0.02459057492851163,-0.021378153284754824,-0.039570598494297615,-0.012254103611784101,-0.019655177934428014,-0.019504739610567663,-0.015766276094786737,-0.014469824569647282,-0.022736989360824363,-0.01636843475391357,-0.02155768355505656,-0.01010909302837189,-0.015232054459676158
2021-06-01,0.014940741356911707,0.014852188727923309,0.014837428227869726,0.01963263415209444,0.015401654806183045,-0.005312713290852559,-0.01179510254840755,-0.009760493118840226,0.008291133533098127,0.003362196663385782,-0.00857497947317345,-0.006992065983205697,-0.010998471309016114,-0.009378240845648703,-0.011983239356292523,-0.005115215141218185,-0.010193105414559329,0.006382979085158788,-0.0004540643532617218,0.002615611089519203
2021-06-02,0.0019435627359114197,0.0019034255209074166,0.0033462034843029093,0.0072537236350586135,-0.004117746539217153,-0.0061923919044967945,-0.017870012380554356,-2.832235087576367e-05,-0.005329190567965899,0.006433126978332021,0.003457287354509033,0.008191430268693857,-0.0013867217994251821,-0.0023691804476367274,0.008360079664619616,-0.014713589949331276,-0.007856846096654654,-0.009627068675296144,-0.004341966536842057,-0.007934261318650994
2021-06-03,0.006451763559323908,0.0065950606230828525,0.01819463166602102,0.009507290026918863,0.013938416414364822,0.015989126969853003,0.014213605609331218,-0.00040453163905319536,0.0029372150006540315,0.003571076967734137,-0.00852540544313908,-0.005463375488359579,-0.0063543168069952315,-0.0034588727647316807,-0.006335290963972074,-0.007309111807152714,0.0037068491992625105,-0.003811653692403551,-0.006634138137106578,0.015531241540901778
2021-06-04,0.02968044225043257,0.029665497141672357,0.03532554105101197,0.0287918491332227,0.03351704121273128,-0.021017652144034542,-0.005146636190560295,-0.032039238459299506,-0.010990152909689823,-0.01675531014558285,0.008551285465687657,-0.0005998714801618275,0.0042500509558511985,0.00892516247263318,0.0035748052853559953,0.028843344195805865,0.018687930323116272,0.019212109459170235,0.016747147814055587,0.021397641366003476
2021-06-07,-7.464238942924014e-05,0.00015967377098742287,0.001827175094186584,-0.00345517098517472,-0.008531825385772617,-0.00013442881960767044,0.0031322973879294746,-0.004456483438718702,-0.015784299683974167,0.00041392861561666,-0.00979778520200025,-0.005746379992565519,-0.013047948501052687,-0.00744061965417958,-0.008093772125652002,0.00817885104672115,-0.011813904905763221,-0.007146910710248892,0.0071668382820920485,-0.00041227944262621534
2021-06-08,-0.0007786744539504224,-0.0007405362804526999,-0.004684974636795316,-0.007683524404254894,0.0007006301189780175,-0.013793369493553908,0.0024599746055899885,-0.006332916097565167,0.004679178396068073,0.0036112796211873123,0.017016929203313574,0.011637954256160397,0.012721023032147989,0.006214379203456055,0.016481429296675343,0.0016184148853658075,-0.009018100995794613,0.006835267712211831,0.009684648212563035,0.009194180518972106
2021-06-09,0.013320418407986333,0.013632267599248708,0.03053488458881816,0.021097422159374116,0.025607054284761583,-0.0004904886639414379,-0.0009455401072777144,-0.0014416144201744568,0.000919086480977021,0.011364308428247837,0.010946351574712155,0.005778638460840106,0.006354894377127603,0.01289751171499741,0.007698545994325647,-0.014150987600596878,0.005948049538361,-0.003123230174528217,-0.01705864088892969,-0.012334700234173449
2021-06-10,-0.00781977929219597,-0.00788812746541005,-0.003392889578329126,-0.00513593919806033,0.006779080835784126,-0.0029400369318495073,0.010051609899173707,0.022687743119104896,0.0073098340370341295,0.015271727119728405,-0.010225122349076951,-0.003876058650452703,-0.010921654938286725,-0.003257440292734563,-0.004289914643736277,0.014339864782178618,0.012459799173268102,-0.003847386133284533,-0.003328238700768378,0.002032556093152793
2021-06-11,0.023945233986892578,0.024136545712282905,0.033077152683480604,0.027355202754860065,0.01944485269777755,0.02387806426380584,-0.0002444157497118355,0.0005913006497690389,0.019235286043498074,0.002731645653203717,-0.0002100766639807807,0.0017367171411900113,-0.0023000261477348688,-0.008623650401335278,-0.00180532199300832,-6.854542576191302e-05,-0.002517580166808921,-0.0003632293530573348,-0.004709553381066564,-0.016931230438402972
2021-06-14,0.023639111372541703,0.023776595173924945,0.017748139386467496,0.0282121449115107,0.027054231884731602,-0.026300434834834314,-0.026305033192912136,-0.026428787371886614,-0.03261234909629955,-0.038532978700660095,0.001000319893481663,0.0023636020419022393,0.005679597761098228,0.004595940815471926,0.0034938433758380434,0.020287959645174707,0.018903459300627274,0.025195129068954263,0.022155349743608187,0.019953892841966008
2021-06-15,-0.006740036515632274,-0.007034583290565683,-0.010504351598843602,-0.005344964815258081,-0.016538510521260787,-0.023891907340193627,-0.024512396585903127,-0.020420123513763176,-0.014990937336401857,-0.020700183853701593,-0.002419818337415701,-0.004662953451076016,-0.0037219489549159684,-0.003166966409745818,-0.007351589910792421,-0.02737004623642313,-0.02041497473053289,-0.02256448742183338,-0.020073659820867836,-0.02758522495985667
2021-06-16,0.00131394795443409,0.0013370239366506443,-0.0014054968389830612,0.005177161084185589,-0.010229871645823214,-0.027870826087451176,0.002585746792469225,-0.01905163332438408,-0.006065571476192637,-0.015738360881517414,0.0015754633237005306,-0.001974521803938771,0.0031610863423308286,0.0027777469512026433,0.0013638874544177062,0.00641377865563439,0.03041647515361935,0.0075082649418075865,0.008910182829076522,0.009938670463129694
2021-06-17,0.004388208010342177,0.003962795195758617,6.021507391523444e-05,-0.0115213645542278,0.006295961281532515,0.005559930206118113,0.009904833245663724,0.011461277254386748,0.011413170164249855,0.0205776178692529,-0.003295489686749298,-0.001774972681338252,-0.00851825668160065,-3.0077553675692524e-05,-0.0050766292292851265,-0.024280023060918456,-0.02002956362619373,-0.026860279423767605,-0.028805395469441802,-0.012296185137238326
2021-06-18,0.036915896350244844,0.03700708337902525,0.031061111742561535,0.027753349670306356,0.031269475344679325,0.02106622804722894,-0.005066504125307345,0.015211029311334225,0.024481442117586204,0.004296925727476564,0.0015840011170091515,0.006491996264973071,0.008141414483973878,0.007186285408792741,4.513488524207084e-05,0.010806187870418203,0.022864967104623993,0.02494525419839511,0.011434852576870767,0.01229876625585198
2021-06-21,0.028371050338729394,0.028271258697108774,0.02058283112786325,0.021324780294141844,0.021061083024903657,-0.003620206137560847,-0.01856095599126613,-0.011778626643042462,0.0007096645798885637,-0.01046150234969926,-0.0013482993035645306,-0.0031798691008640668,0.0013584157276193,-0.0026530889278000153,-0.0024945466302970574,-0.015416972046954617,-0.009292485914182951,-0.0014953767211456804,-0.015741429755494533,-0.01156925808578954
2021-06-22,0.014670340939078434,0.014582473535026768,0.013880648244769428,0.010078717978922786,0.00580734184712466,-0.0047473761050048245,-0.008033777179483205,-0.003016722295574526,-0.004117886748683297,0.00633947211455204,-0.0032407235189676918,0.00020787287091356084,-0.013851194131173212,-0.002359677943170708,-0.008280581309696437,0.008629370999799215,0.001573811678867865,0.004656987240308539,0.00812750420475354,0.0020909399079474173
2021-06-23,-0.013818733656211429,-0.013959931795179967,-0.011904514500145708,-0.023517814655395465,-0.024693649067552646,0.01972501470777515,0.021974727165875545,0.006554563760547342,0.0125341184733471,0.016952645337773083,0.005737101434014061,-0.0022908444524814306,0.0002006344449754824,-0.004308880081041269,0.0024425961432576757,1.9715688325106992e-05,-0.011858931937983562,0.004620440866392474,0.001823350369763962,0.0009417513224777162
2021-06-24,-0.028003326465383675,-0.027923806400449436,-0.0259085200635472,-0.010067067619424266,-0.025648652931883505,-0.009878493131369554,-0.0038300616064789843,-0.01957548502002951,-0.013753821961154366,-0.0035830880922971733,0.004661586602621138,-0.004265592606640095,-0.004547872414239315,0.005217264595722296,0.0036897831581803415,-0.03853855574000408,-0.04039616340370799,-0.037448287323603294,-0.0263261033347821,-0.0333729803214082
2021-06-25,0.007304340765137626,0.007493960587067817,-0.006062894090786742,0.00875520544089242,0.005922375949170295,-0.0063812301508538805,-0.0028999452759523986,0.0008735095046457394,-0.001178637065604666,-0.0085422266892763,0.003387405531173595,-0.007050717320916262,-0.003130287059834966,-0.004169706280446164,0.0015584172088369094,0.018995831729633164,0.020366715429939727,0.03057067669411473,0.027127721508474992,0.03226059731857656
2021-06-28,0.004481974772438448,0.004402859553012414,0.003999769852370982,0.010028666843189227,0.0010460237257949086,0.008463018480534787,-0.0020438889588527322,0.006272347848589905,-0.010435323961740076,0.005262434300735385,-0.003060940159069955,0.0041572916621541375,0.00042960968066502766,-0.0006988878331390606,0.004333830093677887,0.010158571995839834,0.021190494710349943,0.016092696213107983,0.005520379631268344,0.011363670456032836
2021-06-29,-0.0018618439069239883,-0.0020039567023240165,0.00226965341588649,0.0038958277498592517,0.002038130448384167,-0.0015926178378060608,-0.0016230219730628082,0.002759923804653524,-0.0013082675714564478,-0.01287983625670725,0.010843003756990195,0.007689137068111945,0.017791056269306105,0.012672972096812344,0.009007420100763502,-0.005878647822225756,-0.01693106620910729,-0.002333213478437471,-0.011197938034418152,-0.00650490537615221
2021-06-30,-0.0014549012329090063,-0.0016320951044823408,-0.011019092096359512,-0.013385972173745575,-0.014283417886644304,0.002374708713592633,0.012280136471548969,0.0005169611813887743,0.0013321166043693711,-0.011637345251489881,-0.011323547583942434,-0.010730611608918911,-0.010724581706856466,-0.010380485352055227,-0.010031927055653311,-0.012514478665104623,-0.02984930297000923,-0.016372614000155643,-0.011174700290653011,-0.008814994675224534
2021-07-01,-0.02561021805992062,-0.02537693051846592,-0.022643105938634826,-0.043975862012076115,-0.028622650288614923,0.006092135294654672,0.019136576235011023,0.018675487666974706,0.03644492162843967,0.019281317107444792,-0.0034732328980062507,-0.004375304557633416,-0.009041562422508722,-0.0046339011037629645,0.0012515561058841639,-0.00973565844752252,-0.013560596393746455,-0.012129310098944924,-0.009994326048552186,-0.00510219107360854
2021-07-02,0.00544259967261396,0.005558718040414598,0.0012059797805292571,-0.0006394150018936811,0.010791980848464033,-0.01761253891879179,-0.016825698434688188,-0.026869465342753064,-0.022639215731180315,-0.021716922488768137,-0.0030618632680985435,-0.0019257599543965709,-0.0009382383062027135,-0.005240282938125707,0.004765879781817975,0.0019157444933056002,0.0028219114610214336,-0.008460675020801826,-0.01607074744297031,-0.0031145412645277853
2021-07-05,0.01675107331747899,0.016633613615474427,0.012612442956491709,0.014968776379613408,0.009271720716721246,0.003590797242510437,0.02040038679048428,0.008445962947702728,0.01957968068806083,0.006726249691601428,-0.0006036296262439641,-0.000411937676087579,-0.0026460671812535133,-0.0010261508006344164,0.006109192393114336,0.017835567208022114,0.02472775144077013,0.03465140828287779,0.01895119889928772,0.010548467978516225
2021-07-06,-0.015153260160288378,-0.0151012997221112,-0.01791857989916754,-0.014987130489567076,-0.00998129304862605,0.023507259898051934,0.030569855412923848,0.012415127767816623,0.029795802657462612,0.03672562713627682,-0.00041885088184665274,0.012548207689183377,0.00583400935203068,0.003802796151430953,0.00176522802835273,-0.012173080090766071,-0.009123757199898561,-0.0062392776896226425,-0.018451721696493395,-0.0144484435676586
2021-07-07,-0.00904383396446273,-0.008914946502529395,-0.0013964240895914947,-0.01253798546862824,-0.017072849446821785,-0.002710215657673632,-0.015040530519441124,-0.027604318296516075,-0.021586477443526722,-0.01467041692861779,-0.012618791557468007,-0.012826579058179705,-0.017059959315729806,-0.010900464677538512,-0.012570821635743974,0.014614068921938344,-0.0029067843838066283,0.010409895367216355,0.02529301491073925,0.011496608503871015
2021-07-08,0.014788416200888221,0.014580109024436995,0.0063248923887660145,0.005853512314254129,0.020963010360993035,-0.013407440344595418,-0.01342466762321469,-0.01991005863842063,-0.019254032216047698,-0.01726504002837129,9.037163161235753e-05,0.001652441420670469,-0.006294640283542404,-0.007708853360108375,0.0009617202063152207,0.005245907377105674,0.0027283215748678535,-0.011737734731746344,-0.0010838487860064686,-0.011287393410017868
2021-07-09,-0.018043768161061957,-0.018076984380023343,-0.009867811768355677,-0.02478999040977804,-0.018319115955474995,-0.008268610485532218,-0.001003812991211758,-0.008680927004459145,-0.0005649322119047528,-0.001509348899716303,-0.006975177343864058,-0.011236588804341542,-0.018704163865378452,-0.011937828138123704,-0.015903969693365768,-0.004582734235071248,-0.011968561977196446,-0.012281283396187436,-0.019331370630072318,-0.008239365014641424
2021-07-12,0.007512817951614733,0.007780631349981794,0.011649383239790721,-0.0007256014365555443,0.006001809451824841,-0.023097690928922936,-0.023595404357688244,-0.0294613769270585,-0.010363295430767604,-0.00600485676366128,-0.006743280140797198,-0.003274237994835732,-0.0033764209208367864,-0.0014401731858549142,-0.00957602801284815,-0.013143275090380794,0.0021859248448853064,0.0013017312359467105,0.004409218557096478,-0.0009678096788153926
2021-07-13,-0.012923910526738526,-0.012956063200959631,-0.013442029363077021,-0.01565809400164225,-0.016727340758169673,-0.009743724194906395,-0.021800308121850572,-0.015104155944699722,-0.008230181968889505,-0.022962280938958416,-0.016770282587195456,-0.017533587481725087,-0.012908455493464711,-0.009856436325485284,-0.016226503286196067,-0.01741631472284594,-0.0013685680844665908,-0.016751041438625984,-0.01876763305551334,-0.020651797102024708
2021-07-14,-0.008710103742021772,-0.008687885361700558,-0.009803997328966533,-0.0057012892188793365,-0.010497132239863233,0.01578636835786138,0.01589472224316469,0.0052561517056222634,-0.004680695163641225,0.0033960611636796117,0.0034138930411248547,-0.0026125711936187228,0.002109680237120456,-0.0010521831154527098,0.00036226675558652583,-0.01839639006788733,-0.02354371629108469,-0.010476500545039968,-0.018324361133219592,-0.021728860477723648
2021-07-15,-0.011849270378949476,-0.011669277172250999,-0.0023447257069260413,-0.004745698376460738,-0.0032299621203605126,-0.007010821817838808,-0.024612332700156624,0.00906767249049559,0.004502399394954951,0.0009067517506498911,-0.012331958160929472,0.006063474200060848,0.007228599747590805,-0.002961035894671103,-0.006095383560636612,0.038388940530431334,0.026836131288742345,0.039666007768403275,0.028225801744384726,0.03879164876330361
2021-07-16,-0.01583522345732972,-0.015440262801352633,-0.01721617931681229,-0.016048616155769798,-0.02209034175476666,0.011015394848719716,0.00754676317839337,0.009757612443150305,0.018818586693716454,-0.003204259600165516,-0.013272552373560195,-0.01451219430888499,-0.01343820845078411,-0.013781856362561292,0.0009337670288327709,-0.0027964048254881667,-0.004969734547768161,-0.0022904403402920987,-0.011474428325899656,-0.011429918487929113
2021-07-19,0.008394765544550344,0.008275103055884627,-0.004966386188304073,0.0010679767559873456,-0.0021023778710620063,-0.017565914991403635,-0.01793287410954185,-0.005756764029035356,-0.004149542231477634,-0.01607090482797386,-0.004918209742551882,-0.001006722469853664,0.0031523775137996275,0.0021545855504359664,0.009969723571332136,0.007563925023260413,-0.0013022869904032936,0.001849992776105882,0.0031697088974679687,-0.001435093137488533
2021-07-20,0.001379950849080343,0.0015268209787984114,-0.0018121460401590542,0.006481117618772047,-0.0017887601067671367,0.017471480590778538,0.025509357367686492,0.011291542550362675,0.013823385354012499,0.01904000463770081,0.02221714810508834,0.024032869254628483,0.026308595537859893,0.02849717441137676,0.030327891963535546,0.011373183896787133,0.015923802913504422,0.008273070833462922,0.016307616463533434,0.007079070449250032
2021-07-21,0.014662584544972065,0.014577251431505341,0.0033934547744457954,0.0027326489615706884,0.010913162096791128,-0.011235658021690556,0.003169843045313646,0.0067110603708702395,-0.014554098869361463,-0.013048216862889463,-0.002671286727287551,-0.0018126533223843384,-0.0036528701576806896,0.0021577927994369827,-0.000288817118509635,-0.007455083140025722,-0.014242147464603257,-0.023674688173542957,-0.004322456558788003,-0.02162913170790735
2021-07-22,-0.003497408179500566,-0.0036849994391870344,-0.0036248309434152174,-0.0002026524289611132,0.006950768370564988,-0.01925339950085321,-0.01761679680641523,-0.013618084355622551,-0.017869318319264995,-0.025471048349050063,-0.023833878882944144,-0.01541939313310023,-0.01661527464987636,-0.015671684127429853,-0.01733138174271205,-0.006016679701341781,-0.009244721324027599,-0.005526332415945171,-0.010293625682824258,-0.01958614367400977
2021-07-23,0.0032203809292904793,0.0031245564136474814,0.0037734778952275565,0.011231940162638005,0.001201740343161083,-0.009448273208125036,-0.008397703595419128,0.0005931567147278117,-0.010321822656390745,-0.018009581235050393,-0.004534102964282945,0.010313163463487934,-0.0047489379263211465,-0.004547022933199602,0.006293980931027372,-0.017966363028628644,-0.00313760550468652,-0.017773116964532803,-0.011209644622231485,-0.007212178863617155
2021-07-26,0.005221981018658931,0.005077031057685025,0.0020696264505835906,0.007930024327574612,-0.0013684204336542273,0.009054410278611043,0.0035849532804726573,0.01283785502558382,0.013910167194141102,0.014414073975973442,0.0012663641649115016,-0.004643330306441466,-0.0002538266443506683,-0.0002557661491475486,0.004849317823388977,-0.00034472411315528167,-0.0019502663817720328,0.013749293291681898,0.006928559041823194,0.012899605037431337
2021-07-27,-0.0021368820331705875,-0.0022023767854152283,-6.395958853413163e-05,-0.0007189065780627347,0.0025965560963717832,0.01827030117813094,0.004044575781256487,0.011242984500050991,0.010904874002822166,-0.00496780680917397,-0.0011444754698595708,-0.002979596202013764,0.00307145847581395,-0.0015379306612376149,0.00618439040849108,-0.005154351012723182,-0.004783239851932937,0.005341164713048195,0.0037474869596163278,-0.008376370677657565
2021-07-28,0.0076735623917022,0.007761028003869674,-0.0011983760317750061,-0.013858217492476592,-0.010581088590811636,0.0009071061292453989,0.008691685119199585,0.007546414147209672,0.009149179699631133,0.012055374745836744,-0.0036229476305416272,-0.010485313279173066,-0.004779400844725816,-0.0061640980196296675,-0.0059806304271318965,-0.00011042760072769016,0.02481082573892564,0.0026415659928592998,0.00793455499167034,0.014101670496100817
2021-07-29,0.01578283249743687,0.015490475398840622,0.021423241747811975,0.008683461155072705,0.005647656852431732,0.009044088777104022,-0.0004889456683911521,-0.003194380871757065,-0.02233309522188821,-0.0046940958549572115,0.01601356575511864,0.020711562476872548,0.015558894602354486,0.01341226763365224,0.009342317751301493,0.02112883916919614,0.010712468959531781,0.014476587764835748,0.0328932526523942,0.02964683681554269
2021-07-30,-0.030735446607522192,-0.030907531048543557,-0.016956107295317366,-0.019643107716672773,-0.01682528433746036,-0.018650653435992925,-0.030693746430850804,-0.031124007120482543,-0.026057359831016428,-0.023845573920406433,-0.00362969432188074,-0.007524736169330876,-0.003140821596576027,-0.005879587907064731,-0.0049094694154736785,-0.017383368161242665,-0.01659305856855644,-0.017566648487364906,-0.02084091445459951,-0.02015822474056108
2021-08-02,-0.003682520221302948,-0.003490069455701232,-0.014371880267227317,0.002620110181527471,-0.006511718332760454,-0.004963583786246772,0.0006541947799804117,0.0027845814397425947,-0.012560532688129782,-0.006981866428629448,0.0011989618047164071,0.0026809248554701313,-0.0023106275839402395,0.008100461915689066,-0.007268818726358506,0.003337132258376685,0.0002615637306642364,-0.007269554129901041,-0.0059864394410684444,-0.00841382815093201
2021-08-03,-0.004663854358640703,-0.004603942617409605,-0.0029225055670516094,-0.005411491400955174,-0.012247471827118717,0.0271597181641646,0.01874205908906462,0.03815687259668205,0.01784963787050354,0.02882055481473348,0.011753678310478747,0.017192099275380176,0.020103618493259593,0.017463325170744184,0.01747357034588926,0.014869968117455412,0.01443603085896899,-0.00685804426645699,0.00017031131117231283,0.0077898145333457685
2021-08-04,-0.006185052566778849,-0.0060583148272809,-0.006041053308081469,0.004764932993683729,-0.0053525592575821256,-0.036145603546251306,-0.0316130576375016,-0.04876916535650277,-0.0330254639155815,-0.02810366188300246,-0.020311834394723765,-0.023930221202262854,-0.023093491733253396,-0.022973323813499598,-0.022010908600920646,-0.015489200099185014,-0.025455802120851804,-0.0200333640571379,-0.021433706456150965,-0.025285108400317734
2021-08-05,-0.003971734831084994,-0.00402412602401089,-0.017669095803548356,0.0010053793964741229,-0.001918146635583819,-0.0009179285966705605,0.009677219307490024,-0.006930024794398088,0.005507877374273715,-0.005612973866128113,-0.011319656438059843,-0.008189870747124265,-0.010808822574415445,-0.014655110817950331,-0.01111724782101019,-0.0030913529794681246,-0.0019282965292729184,-0.0035492833908035864,-0.010338456379628509,0.010310534138676303
2021-08-06,-0.015835063561024088,-0.015840397219143234,-0.015028486063963706,-0.015770048061354118,-0.017134711247901488,0.03035572901082418,0.025494173886619686,0.040945300351754164,0.027775832735902745,0.04023856655285175,0.0009542153004411216,0.0019109915381298806,0.005852431529661795,0.011442870369461122,0.004339101659204937,-0.03151555360448254,-0.014757308047809928,-0.02182230786967058,-0.030750884766857965,-0.02818092617529785
2021-08-09,0.005274254851944514,0.005009311463150248,0.0046050940592325925,-5.227123401110498e-05,0.008966133420342992,-0.0008403542306783822,-0.0073631455680289145,0.0025717134948223227,-0.01072810118668313,0.021147201084451245,0.0029390669215074512,0.0057004474064150604,0.005505222754151536,-0.005453873413721194,0.001291287923333225,-0.006861128559712377,0.006233466898239699,-0.005509828816088242,0.0017623602605094267,0.005546957354951912
2021-08-10,-0.02478568977804458,-0.025037853299694986,-0.028612969861492962,-0.023515499897058294,-0.021501540041100862,-2.8205819453762718e-05,0.004004001365861517,-0.0004674011504215664,0.01234608767517431,0.010241259461480402,0.0032116441924465444,-0.007357235772920569,-0.0013335880319448668,-0.00426908396472552,-0.00255265054898284,0.029815692998638607,0.013365833984162316,0.011391028991879241,0.014867198592907914,0.019621224382544423
2021-08-11,0.011606387280155867,0.011151584003872337,0.011973872786678486,0.011575364097905015,0.008117578274170369,-0.03893201652730347,-0.018523464410857147,-0.05239150446397724,-0.03918411362318981,-0.03721068413350063,0.010350410686196413,0.0010312695991821635,0.0001584579116509248,0.0018544640872165626,0.0030398115032529466,0.004981959522381336,0.0026711861886597197,-0.012562289599701884,-0.0008549783516013827,-0.0164503915663329
2021-08-12,0.004168233275381143,0.004252764721294401,0.01548037043087378,0.0012378028288458703,0.0006690291236621226,0.010698376182176287,0.0036165661941039338,0.00696076220150562,0.0008466935462187069,0.010768611895611735,0.017762290607330585,0.007217638127118166,0.007523970962450816,0.005851505930536102,0.01402806570604828,0.007717727692899151,-9.551533688929479e-05,0.009141030114430808,0.004036324006535348,0.02368411797564704
2021-08-13,-0.014555475482444317,-0.014371786342809436,-0.018702958162424854,-0.026055161618062175,-0.02518318553503827,-0.008318212558596343,-0.015139687164382347,-0.008886221469164686,-0.012794164267451587,-0.003850891660685218,-0.002208666097253398,0.005457680679098514,0.0008094471471377003,-0.0006695483106827446,0.0036126900462094074,0.018589884168360802,0.011598469384126588,0.020028641753214685,0.01618387956111364,0.022041762605115464
2021-08-16,0.011896607597518757,0.01173126066694818,0.013850096376012404,0.007362361601530088,0.002981255521099188,0.008159495341643085,-3.742626201745484e-05,-0.008245654461547224,0.00869649571049742,-0.0019723016313760782,0.003263094799866667,0.011662767590372622,0.007200372773992179,0.009981628443162074,0.010355925780494343,0.006943996067456056,0.0022487208072663593,-0.011025988218775774,-0.003977476107887271,-0.002068601543736443
2021-08-17,-0.014003993571152413,-0.013943715567285722,-0.01219898679980295,-0.021242319511264887,-0.017348813408062064,0.028825889411091227,0.016579694889075774,0.03355600777417665,-0.0002568858649630823,0.006477657842787636,0.010876428798797069,0.0073629178248927445,0.009658094776804656,0.009227269235385277,0.010389302532242942,0.0024318300439987914,-0.008205918232100318,0.008662380611803924,0.00039273364626506873,-0.0057018200193236605
2021-08-18,0.006963135520211409,0.007513636758608994,0.0039766079707427345,5.7139818191206975e-05,0.0022100773036179844,-0.00024261095956191456,0.021226767058695747,-0.0041915522559742915,-0.006630045829780608,-0.013694231002570386,-0.003803271803496879,-0.008681328350595981,-0.0005389806947286527,-0.0012155772412844317,-0.007720482254409957,-0.02298874022871612,-0.025581551154515846,-0.03884787113105548,-0.03126601164499345,-0.02724564505327842
2021-08-19,0.002300008907254354,0.0024704832438762836,-0.0059229944947570765,0.0015829385278447424,-0.011062527825427453,0.004404057034968362,0.008463216594358123,0.017413610584782708,0.017352421850407276,0.01818889125051748,-0.00036759485279997485,-0.01064716027671612,-0.004714750278645222,-0.005204223722409914,-0.007449314605868306,-0.018498576257190147,-0.01490760900417952,-0.012603238772774496,-0.02156820420304667,-0.010141860955142228
2021-08-20,0.00708677761663062,0.0073530151578323245,0.004526116641564126,0.00900206310100451,0.006235103002067358,0.018598110048689127,0.018301860520627974,0.006916344931284406,0.036311438841051716,0.02252669941543003,0.014895865455854146,0.00807389025963407,0.013785891505625399,0.0068404100619258255,0.023512823202714167,-0.0015314491221890103,-0.007818125772383043,-0.004569469526564077,0.00486807008891284,0.0022854747067889295
2021-08-23,0.0023448174358089427,0.0021431967268818086,-0.006649252234874457,-0.0023363375433127008,0.004558944647620874,0.001175494660604724,0.0007384287370858749,0.010821621765824598,-8.228404376833207e-05,0.008391872331770578,-0.013679289425192101,-0.008000849789365343,-0.00802733932761482,-0.01400641441784177,-0.010734203115802645,-0.0020837838492303194,0.005283515272766456,-0.0021618222847737236,0.010203033846306574,-0.007912544856006577
2021-08-24,0.022563555907015514,0.02278283771667124,0.011717027189531486,0.030874309415395224,0.013645804039812299,-0.0032123301982974425,-0.006579748154827615,-0.004680077972099557,-0.02702073783918036,-0.016174710491092252,-0.0025448701669457583,-0.0016288122881161367,-0.0055764695021024565,0.001533689206859865,-0.004666922367300058,0.004965998576937058,-0.0021546356661466793,0.003001291399926018,0.006305030393045543,0.01428383328190004
2021-08-25,0.013997327413512272,0.013713214628665038,0.013679111400883614,0.009401053569016032,0.005627120595905635,0.0309250533761348,0.02928025602127013,0.03705550023702417,0.03440562770024986,0.04915114874216125,-0.00039921980326484817,-0.0009332939182778376,0.004272184834841374,-0.004825992270316822,0.006152264274683936,0.004169401514923282,-0.007432561340362288,0.0031894043445541104,0.006715712679819341,0.008891444942508034
2021-08-26,-0.008790825220380735,-0.008988024227131202,-0.009477181877267798,0.007779823540378739,-0.011350924691977323,0.011511074604982371,0.011406194008560628,0.01043947653092928,0.010306887659158204,0.011035830191848018,-0.007551270115236498,-0.011267367441840653,-0.00770929168399947,-0.0045277311556549205,-0.004234313905841901,0.02745472803844037,0.027920759124627118,0.02745374737848294,0.02401021774580144,0.027479645873307302
2021-08-27,0.011482350487026862,0.011694925603406193,0.019536941590049654,0.019655753523358126,0.008406031253505296,0.004249946261538031,0.008012385951618729,0.003368089930688098,0.0006336621447517855,0.007096931918158738,0.0044353537021497,0.007174235482469146,0.008501433647650611,0.006448978729743011,0.006067768578275362,0.003996140097938888,-0.005267863737331018,-0.00506501142581487,0.004367065432625565,0.01305358646570176
2021-08-30,0.026199955913660186,0.026928773543998807,0.01307748044371309,0.01742160876031846,0.02600480891834861,0.003081109888677463,-0.01195043821234394,0.002681683469665443,0.0017974996917340103,0.002449209899108695,-0.0009685455624264048,0.0012877325926936357,0.002664467148460448,-0.0041149711531326275,0.002717838394705469,0.01793685434519144,0.02532938157269875,0.013858484541255189,0.02870853103782393,0.02678214171657201
2021-08-31,-0.02314967318452188,-0.02344094272693566,-0.008439835688269857,-0.017470545577499982,-0.0050459176921614345,0.031126835559889644,0.014597969482699796,0.021507725883633217,0.04135718436084817,0.016284323479003528,0.015256841005836661,0.00509762819550699,0.015872358751072374,0.014149364794711025,0.010530485059089385,-0.008271380834367636,-0.000748976535398742,-0.0012860891480268746,-0.01225157518488377,-0.009747347135655794
2021-09-01,0.007242268664629059,0.007210106471885902,0.0021533163788296657,0.006356270683508406,0.004037075758740568,0.012009053270160497,-0.0013128173762236282,-0.004109841995934181,0.013642898284201234,-0.003096467508461546,-0.004288701683053465,-0.00399040346383356,-0.0060329420860248005,-0.004140082810278328,-0.007782879607458475,0.0029290527230776855,0.0030730505789357495,-0.0029053050627071073,-0.004852703170978674,-0.01540589885371168
2021-09-02,0.014019309958634712,0.01401522471415036,0.01916615438221688,0.030963592867523492,0.017406464787793847,-0.00018765779733975312,0.01401453395182134,0.01543273070481952,0.0043175519327810575,-0.0030708177088313118,0.008514413180124388,0.01041700660240161,0.01180571488047065,0.007692283249985745,0.013983476974548235,-0.007879015736626997,-0.018250547925002206,5.139017567844348e-06,0.015375134150711348,-0.0065295249949587925
2021-09-03,0.012580940413667918,0.012607453551462627,0.0016284673111549514,0.011081466994550987,0.0032236318380792646,0.007761659401494735,0.0020173301892576806,0.004986113953284849,-0.011818693033954997,0.0051900502407187694,-0.004613145102208968,-0.0024891605275848055,-0.0022384343321067354,0.0031556461914349974,-0.0033949541711414074,0.013654933812853336,0.009717522332817691,0.004583757392666351,-0.006109814555511322,-0.0015266720883377518
2021-09-06,0.014636489685306916,0.014628410318232045,0.02036344190420062,0.00970491612878354,0.014162962457731137,0.033638140659812896,0.006357019608582086,0.02500741243611141,0.029626298708349635,0.018845563866538132,0.01119743491070869,0.00642227144051225,0.009146163135698694,0.009217043671247474,0.01063376746974595,-0.011569542693000803,-0.009952868535887434,-0.014058136626724548,-0.01622026721501344,-0.009098876066698165
2021-09-07,0.0024420192724018603,0.0024076050094046855,0.004695462475908914,-0.00035140569858638633,-0.005878117755734117,0.008342959860583882,-0.007583143806136354,0.004639416344346297,0.008221782366992276,0.002773372168326559,-0.008110863282482733,0.00030723152696708513,-0.006861210646111468,-0.009899611378955392,-0.006476113353891475,-0.011807287694553149,-0.005876612930716337,-0.004248604631041041,-0.002674172508140496,-0.007319471138564267
2021-09-08,0.002295193231070248,0.002542208716378067,0.006998840478076627,0.0048313014799302315,-0.008548595959487853,0.02699788924188113,0.029896034324301622,0.01811412317128217,0.026090901324243774,0.01743801673141578,-0.004343405504992503,-0.003940028853931148,-0.006960035553963855,-0.00916247763475397,-0.009337002066597449,0.004841880033654616,0.006812371195831225,-0.003957924960890455,0.004583545769021771,0.006648761650587419
2021-09-09,-0.002878250910073955,-0.0026264241695897576,-0.005092574821674893,-0.004776386517737417,-0.010219243864467712,-0.06441786317725391,-0.05765906630512473,-0.046444703790755625,-0.048595976449535686,-0.037575037919230024,-0.001338304193293647,0.0015457684210121382,-0.004161370430638946,0.0004414695966091518,-0.0024615110837717647,-0.016438929240371387,-0.01730863441196345,-0.01168975440714055,-0.02270517355448293,-0.021545468154607065
2021-09-10,-0.012760848699634645,-0.013040901604837287,-0.013646920570896772,-0.015531144026034558,-0.022889562992025454,0.019164860206268924,0.002416698580332078,-0.010104203260752138,0.00893487708104056,0.0013580394455765391,-0.015962199961017245,-0.023251637258641305,-0.013600157332250602,-0.01886405102375323,-0.020263645670285442,-0.03186849845812135,-0.02509692169273765,-0.01989942214465194,-0.02045258942388428,-0.025187034633254366
2021-09-13,0.021871098187856125,0.0221412233780469,0.020333324171185316,0.00879876723908487,0.01348301179877055,0.012660369350874123,0.02580505132184599,0.02393526541583369,0.02501841760270719,0.02784949979105047,0.006346042112691849,-0.0018767317854227429,0.0010076539278817325,-0.004064779344168664,-0.0026938192061168836,0.002482625104594875,0.013090576912907059,0.0005702203635084755,0.008413542046218055,-0.0006914681143908163
2021-09-14,0.007520524528053472,0.007503246772900797,0.01464771376625337,0.016968872984340827,0.02262444416080438,0.006900000528411707,0.009092738448125444,-0.001980203834597619,0.014451387876646765,0.020298514691976206,-0.0005650041001702181,-0.0019202265803692498,-0.0016456464796098431,-0.00028599614825409585,0.0011936061439413383,0.008941222555509037,0.011504896371072229,0.009967005122734423,0.00019748229778374486,-0.0008001188946428063
2021-09-15,-0.0073768135497978326,-0.007308725319239119,0.011869208760294995,-0.0012592969468649287,0.002101542063530666,-0.037309660724245644,-0.02576959581594664,-0.0356765980687419,-0.03525410666064141,-0.04372264111130983,-0.013762470921152122,-0.018350826468343063,-0.012807743797955235,-0.016953024775768103,-0.02037284402868536,-0.012210902772816092,-0.030603878605642013,-0.024282962425504394,-0.014928157516728928,-0.007450662201162164
2021-09-16,0.003652409675477032,0.0035781291366095733,-0.0022541043412086332,0.009959133686849617,0.00665059031336759,0.008094513214043276,0.01838242768038577,0.003108503902286871,0.0008409585677437361,0.007734257061859334,-0.0016854218687768385,-0.0014420938022846506,-0.0036790327055445313,0.0009613706831135792,-0.0006944568747824006,-0.02331677714973417,-0.022295108005494984,-0.011133262856253,-0.027798142664701715,-0.03387383744309579
2021-09-17,0.019805577625194495,0.01980705820700872,0.019374138376413302,0.01326256968126428,0.01755370427092545,0.01846236959713247,0.039195620615588206,0.020642491552685268,0.014131876825230899,0.007895876722828463,0.014225508264782503,0.01373140036033161,0.009423707717782915,0.011507993311409523,0.0125100095079764,0.012303056013232299,0.0003820852029571757,0.01214695100157148,0.007894925670994793,0.005439383228614556
2021-09-20,-0.014135713892402979,-0.014133646333845576,-0.007769214506912621,-0.013865055305045943,-0.012150106636352694,-0.026478944279202072,-0.007087657606382282,-0.011486270282786523,0.008857639751868313,-0.002875001322811412,0.003816712266815511,0.0021259972185138825,0.009839120208761477,0.003951907739259899,0.00472894059410545,0.015886018183808134,0.0070762275401246655,0.01913043089425663,0.012151470261158873,0.012156465560027474
2021-09-21,-0.00618580619377754,-0.006206604971990832,-0.009783831750344606,0.0021975319057410633,-0.00903669031173801,0.006762692116770344,0.006481984983781027,0.004035501806039034,0.008890415351743536,0.004175284496003808,-0.0025593149398401064,-0.000758856208802183,0.001502579292153035,0.0031931575889414428,-0.005406551726163123,0.006504043377477478,-0.01578434641535891,-0.0027526364042640087,-0.00963395268976212,0.004703894505716776
2021-09-22,-0.0017863047387293557,-0.001486710854412612,-0.007380944673913266,-0.0008122810582350782,0.006211054697996597,0.0031419977585196946,-0.005931767257289186,-0.0018238989428141202,-0.0020565463702176515,0.0053286835930139624,-0.013806584145616002,-0.00998890295554843,-0.010866241530751636,0.001588599862999074,-0.004603262796709105,-0.003350391738737006,-0.008256173215858323,-0.014010021180427214,-0.015453346288010717,-0.0031937227490313855
2021-09-23,0.00736229082774365,0.007182141325506351,0.006013583220650434,0.008364078532440285,0.008249870616291708,0.01346528761604666,-0.0038174020098021687,-0.0012634190752445823,0.0036523275061075026,-0.015129900257755497,-0.015134348405941838,-0.022442758722895934,-0.014815279120679405,-0.015837531048289923,-0.01957974565101989,-0.012846072876110897,-0.006743326222096492,-0.011514049707249138,-0.010356198009723074,-0.0033771256547527866
2021-09-24,-0.01171070040195061,-0.011933620763062421,0.008655870915467732,0.003268815751945169,0.0029020496975618415,0.02399144873986022,0.03004819028713322,0.014952306479684607,0.02648288317596467,0.020492594657067,0.0026542332628628077,0.0029463954185925813,0.0015451360325004048,0.00555153842106428,0.0032911444966139632,0.0018258794389669816,0.008963273789846635,0.0143907270882308,0.016061750010494695,0.011917331161622764
2021-09-27,-0.0013071036005425265,-0.0014759398394862658,-0.005026598221581858,0.005132074489346905,0.00796185446863467,-0.011374539338027328,-0.019808400665020376,-3.1391264841887975e-05,-0.017295583246968404,-0.013382841809680352,0.0072916456512624895,0.003115829178640962,0.004241634526902673,0.003261422494200432,0.008696994932378863,0.01842513862453964,0.028056381348119042,0.008728170530765552,0.01738542200321202,0.0177309324306598
2021-09-28,0.013109456478815748,0.013101071453518479,0.00976030556591177,0.005264089563480381,0.01134848120607528,-0.03092094598236704,-0.019678990999330657,-0.03274151144374999,-0.012933836399679577,-0.025462027629150584,0.010990142371100523,0.014320070788975806,0.011490874884860544,0.0022815130100792445,0.008074458409067675,0.012430452312222354,0.014656555754998574,0.01546498059811823,0.006638601384503089,0.01056426430595604
2021-09-29,-0.0072938923599852965,-0.007076437697400245,0.0037830929638945853,-0.006140049481757126,0.000846359528594066,0.015757428445842776,0.02664562972602406,0.022995340803497778,0.009627181017853183,0.026362231121502204,-0.0028913287975157716,-0.00435226263204762,-0.005254483774941768,-0.0035930986879123255,-0.008606932724375637,-0.0008157361744751093,-0.000798522982355961,-0.008791708437924713,-0.0022270847970326914,0.0038419857344344057
2021-09-30,0.008977108527291357,0.00877984542868173,0.0035293266261925793,0.0025589176712441522,-0.006037695459646209,-0.012389614751234802,-0.02041142778793044,-0.0006480147830848057,-0.005506912337115188,-0.010923128397152608,-0.0085941810771706,-0.007023434698441201,-0.0072134241948223704,-0.008741144569907848,-0.01176346889857815,0.01226985580234066,0.017627209643467024,0.004900730071785042,0.01696949629585503,-0.009761319172782711
2021-10-01,-0.010571472912595496,-0.010627971150948386,-0.030203082266427372,-0.020588973666353618,-0.020203934126830983,-0.001427682868086974,0.011072167668075027,-0.010221986505619014,0.008625263028763937,0.005171616499356041,0.015098596505862713,-0.009036805619511113,-0.0002010814985219358,0.0003165314625980056,0.005515364253906272,0.013258634870105361,0.006942862558640463,0.01750574611212009,0.01779397585380625,0.017460088578961943
2021-10-04,-0.009626762710309714,-0.009593453878864474,0.0074163359092706575,0.0072532039905678315,-0.004734595388481437,-0.018289081738825742,-0.011694658725367027,-0.00988000237668871,-0.022607161670166614,-0.005671409982006554,0.009587324086456097,0.009386734743821172,0.010147667374027362,0.012810760025808098,0.004842719692104039,0.009093938764527498,0.019725751455077843,0.01580667974126989,0.012813420210436051,0.01251203009815884
2021-10-05,-0.0283554504813542,-0.02821280115117096,-0.01890419813740295,-0.014069735685137369,-0.023593864838174314,-0.010411914579149646,0.004317871829017098,-0.0017029495793806537,0.0033030246838897923,0.017276931660379132,0.012204033723308286,0.01189234874485222,0.017732668507318323,0.019304528757975125,0.009640876394519571,-0.018462555468578966,-0.03719650519940042,-0.014809770968458655,-0.022509183004313673,-0.03619908920002042
2021-10-06,-0.004554999140962736,-0.004731682218529454,0.0013203861695042422,-0.0009594082064234518,0.012450311588707606,0.005123873458820183,0.008542604535630272,0.0014172702508221404,0.008423436007474895,-0.00033239605534964896,-0.014349094044759866,-0.00017468594459589976,-0.001557638052791982,0.004290446009224775,-0.004953676267040738,-0.012050787736049794,-0.015029470910920582,-0.006966287030833173,-0.008958332978641225,-0.008630988044326583
2021-10-07,-0.009183593560314944,-0.009145133769280505,-0.011979169608087202,-0.02119123375450545,-0.01949186868094754,0.016435179450086157,0.015351830495280295,0.016430889998666116,0.01803110565097024,0.023018271470167447,0.008738020338456783,0.011937458984257746,0.01120527114706222,0.007169499449469975,0.013272771334468258,-0.015068792025748462,-0.006058908542976263,-0.016900566550312173,-0.004092046550394495,-0.010099086477524354
2021-10-08,0.018490027174002468,0.01844168603835676,0.015371821792972563,0.02561925236884047,0.003540275570841545,-0.013755430882018804,0.0025878507774474845,-0.010195822752228667,-0.02284835266982881,-0.0012497437361384434,-0.022752269781317745,-0.022058762088388657,-0.016763778113626986,-0.02799952745230887,-0.026931449015803115,0.013079781263898745,0.029142990752389623,0.027595843950583107,0.03244892666727937,0.033344347063469434
2021-10-11,-0.009932260119921838,-0.010052262651911188,-0.003684805333930242,-0.004139003533818651,0.000722559622825612,-0.00576346795186323,0.000598522682626662,-0.016685457608088202,0.005082351647455287,-0.006721207975728019,-4.413453255314344e-06,-0.0015795441873475077,0.0003699243155972304,-0.0001643424382180384,0.010936555298112811,0.014498451744665814,0.0044828420380834426,-0.018702067785118473,0.009646150905680254,-0.0018693578996087012
2021-10-12,0.0004687254749723115,0.00023143083534790212,0.009554422994890654,-0.007333146080999161,-0.0021980262645170962,0.018203889538388366,0.01868058988340943,0.016442486864501903,0.018842108938435197,0.019820144433263742,0.011602546911262234,0.009049616741566704,0.013912898141511754,0.011380337233002795,0.010075271117172853,-0.003632931633182986,-0.011338660472966536,-0.003963964942127036,-0.00738653176174943,-0.013713053398651188
2021-10-13,-0.008301185774688124,-0.008380203560990574,0.005388910918892226,0.003168383496027538,0.0057585618689058255,-0.010910945189541813,-0.010865687361184255,-0.02907576170340508,-0.01002145752831294,-0.009095342234390303,-0.008183512488485319,-0.0064427917630649045,-0.001393508727678669,-0.0031746708007152433,-0.008964110423469203,0.0014670817213604673,-0.0035110847789211422,-0.002563157573921079,0.0002994022051197793,-0.00571041871634184
2021-10-14,-0.0011496627077966662,-0.0010014638644865075,-0.00382720017735573,-0.003171759130237086,0.0028088063175290253,0.017872235955871552,0.02673759488798795,0.014664246045383415,0.025938535038706186,0.010786616194711244,-0.009951340730403989,-0.006252504500812333,-0.008625380888788904,-0.008868367955261318,-0.01330218295435004,-0.006647744660963805,-0.0031364032362230167,-0.00717780837023176,-0.005798270310789397,0.008917606233797644
2021-10-15,-0.0007154501390484677,-0.0009176174532327354,0.004564829929223469,-0.002499180523816508,-0.0013518843023176364,0.0017338075090175362,0.01653158883707353,0.004858719919418022,0.004479487640560325,0.004291900837357779,0.011233311429677414,0.010434699296291483,0.003851138136335684,0.0022107171117020613,0.00669204647434156,0.01480671921772026,0.020074997891154862,0.01657128365028086,0.013661330775991829,0.028127042038136832
2021-10-18,0.002590721628029639,0.0022529418734427513,-0.007096538160945459,-0.0014400589278455549,0.007626223029258762,-0.005269156546430352,0.0009949672899565887,-0.013888429717170797,0.004583713737528176,0.0002485088534909357,-0.004961476328121789,-0.007197740299015033,-0.0020631549775672296,-0.004463337502681126,-0.011472578906849737,0.01455060853681179,-0.0014981570573417383,-0.001278469439016817,-0.006005369560275306,0.004310141582781031
2021-10-19,-0.011309314831423863,-0.011230713601338514,0.00417309345359802,-0.015507846297232853,-0.0020685833485842853,-0.016794639739083628,-0.022470315773288133,-0.018918659224128942,-0.0312779295009044,-0.03162513060983166,0.004404785603710567,0.015931811809619927,0.008281062960546813,0.004625482596017062,0.010855054971293927,0.024656997468650257,0.010028695616668262,0.012670422827150073,0.03159221120489026,0.01385644828568058
2021-10-20,0.007216362826720467,0.0070737141324617,0.002182577063971671,0.0003751883138389521,0.01587153208030842,-0.028198632112838306,-0.02608751861783342,-0.02316804106075785,-0.01726717129338627,-0.02090141897886199,0.0071035640979628615,0.009292235320260507,-0.0015215657570685549,0.0017702722532749958,0.00608059576434876,-0.008826792931913087,-0.02074145910588007,-0.01940682197841119,-0.03071803070840673,-0.01625796879064268
2021-10-21,-0.005799248592323379,-0.005776837056971884,0.005005283817306145,-0.005284923530454537,-0.002420517174686358,-0.00821875089155787,-0.0013692565374961267,0.0036081673135819905,0.0034264354971548184,-0.001193412496025219,0.005143136310743002,0.0002622098816512624,0.0014953565605895192,0.007538464344588109,0.008444594406396215,-0.006338392329042619,-0.02054498332790556,-0.023744791757190103,-0.012747039553485974,-0.01612014414874165
2021-10-22,-0.021803257835267625,-0.021902359627537307,-0.019471998818117786,-0.007379091796674381,-0.010934138130122084,0.00012941000829309068,-0.0005511077521131575,0.015082971664127125,-0.003287372236388412,-0.008932388926203615,0.0033034781670908523,-0.0009226330010201924,-0.010500951176223022,-0.007296112159062558,-0.010483997936651389,-0.022575584456515474,0.005100875736012307,-0.018482612748014778,-0.002621233829755685,-0.0035008039542158407
2021-10-25,-0.011131746487247568,-0.01105546356766336,-0.007471368921880809,-0.014235467733270816,-0.008908500374619268,0.02798034354904289,0.006441803649763814,-0.006475422531136077,0.012830675999522718,0.007982459734704215,-0.014353743278118584,-0.015790893228856535,-0.015168823746905407,-0.01552485004911666,-0.017012033011784954,-0.013058032192241073,-0.0005860268161419764,0.005679185431145133,-0.019407853948303574,-0.012699291908626219
2021-10-26,-0.009605358675697772,-0.009447563614854224,-0.014889184140189013,-0.00872437434782053,-0.011971609838938026,-0.017570481850538198,-0.029046287817296634,-0.019733769563905407,-0.011786213057229981,-0.036524291915104215,0.0010952878613545974,0.006397766131340431,0.001592549593987684,0.006136616927432708,0.011629563697219611,0.02476623019237315,0.01561800175690846,0.034877533787229485,0.009712769793078144,0.021719565785610344
2021-10-27,0.00211505833500731,0.0022675942572434847,-0.0008437362048333511,-0.0022941566415392084,-0.016963653795969747,-0.006079256973082129,-0.0163324070166131,-0.010157542182526106,-0.003978026195721075,-0.016334219854924982,0.012466732777929167,0.005340521806649508,0.001987047080082715,0.012424719929256946,0.009287871773252741,0.034245397128077226,0.03273541761337693,0.03111368239588705,0.03418614721923049,0.04023205968395174
2021-10-28,0.013349316499693033,0.013615247905036095,0.00043881558940013716,0.007958418531172408,-0.001292770199025607,0.006357726238748145,0.010540272142205256,0.00017048988550290506,0.027015367223248148,0.024837058411808513,-0.004562860157833217,-0.003619438510428258,0.004378935526945576,0.0027366685920179566,-0.0017509369800564156,0.011282899400557324,-0.0011331402437583912,0.00886166447440638,0.005307813177362352,-0.0019266363070689668
2021-10-29,0.005699599897805148,0.0055374738819542685,-0.004148703568345988,0.003259264788925867,-0.013940890528611971,0.002951478563795097,0.014384608698613877,0.013528809120609754,0.01184076846252159,0.0009026059094686192,0.00838271784863892,0.003875864182654622,0.008169509590438858,-0.005383064573606075,-0.00023924934099390512,0.001500673920448798,0.009027520551706584,0.001899450061783811,-0.005881791554450968,0.008359580351161557
2021-11-01,-0.013080440532623906,-0.012873695575528931,-0.0002456149093896061,-0.0027021845481720055,-0.007439387523410662,-0.024641577161373,-0.005180395254831891,-0.018744235060545976,0.0011749080078957347,-0.0031954128279410897,0.0059006887989541245,0.011676134415117423,0.010274257324431492,0.01185559848667385,0.007962668160907023,-0.0008827891240268037,-0.0039881363088845306,-0.00320785415163117,-0.018407594136232795,-0.004175064628503308
2021-11-02,0.008233392015559508,0.008402827660685435,0.006785778739342434,0.016176609815440078,0.011642766240049613,0.0009822054225574943,0.01281366937856927,0.00366957805257741,-0.013434209452250843,0.006127395525975656,0.0016506462956806605,-0.0024660036430555776,0.0013020984974546422,0.0005530896640391197,0.009688383007509805,-0.006839281763151166,-0.007429042353226893,0.005950361409377784,0.003199971358882982,-0.009274518097450266
2021-11-03,-0.016125884469398166,-0.01628238080129018,-0.01667027794605027,-0.014745838095997972,-0.011344614631078128,-0.027728530914008606,-0.027258493370109205,-0.025495545758817847,-0.021923542555423833,-0.013991920262435849,-0.007989442314956503,-0.011967563802809852,-0.00633067633679566,-0.014347147195972614,-0.005395626509734387,0.023045330048286138,0.025345068908725316,0.01577531915251877,0.021408432959093816,0.028192654448778196
2021-11-04,-0.03175522414455381,-0.03183733852970008,-0.0228150649955733,-0.018983962385970016,-0.015172526822302345,-0.00462017704875011,-0.009022478833431914,0.018430830202183245,-0.003244948512355093,0.016039412147597153,0.000412849198959446,-0.006987941926806735,-0.010625239125134238,-0.012187793506816627,-0.020769189093450234,-0.03912792989047029,-0.03537418045844802,-0.03545452875511427,-0.05226539976055339,-0.0518339818969333
2021-11-05,0.0038800040171090874,0.003914150086667052,0.000322848470142218,-0.011255119879546005,-0.00030081280470766603,-0.003892187561404142,0.008328769439536596,-0.011336069059689695,0.014534247621340096,0.002150302002230073,0.010231828076034195,0.009553212447580062,0.015125412704659393,0.020091693658415784,0.008652812568370376,0.008379706661460398,0.009897507880916798,0.019374772668629737,0.006715652211468698,0.01761278044541153
2021-11-08,0.004928119104498755,0.004810944410131182,0.008980298795964438,0.0019163414144055594,0.0049074709597626085,-0.007871791015316034,-0.010480291442683863,-0.009862741492284121,-0.005083733785290308,-0.008820977080763221,0.0039191497124117175,0.005660769109959396,0.008529790711865513,0.003630735418557213,0.012388846840805955,-0.030404565040700396,-0.037183640577212934,-0.023594923144862508,-0.030860931832031955,-0.02591356897373664
2021-11-09,0.00319356005563821,0.003426418441133063,-0.0076089285584054756,-0.00476096288201713,-0.0023248457998155843,0.024708910979343246,0.0008925892491676848,0.01383836001454436,0.018172305728705734,0.02195980936174981,-0.014455438316512711,-0.014452485676961738,-0.009713610690871266,-0.018323250888622602,-0.014471136567637528,-0.021713049184931058,-0.026154566568101348,-0.02025645157407832,-0.01577967808108183,-0.0161833043640338
2021-11-10,-0.001500207651673158,-0.0013588196408482846,-0.015850291411711768,-0.012168842318019414,-0.018250545283602267,0.013620561747891599,0.014043103223531578,0.012743334565310387,0.027909580996532526,0.01335749946506155,-0.009574190920998003,-0.004748878691581014,-0.009178561797717167,-0.0102031830772653,-0.00865751506966976,-0.012208508329752123,-0.00030835030603522,-0.0012435332283319553,-0.007225257474306949,-0.0072452328941578015
2021-11-11,-0.0007860168180576748,-0.0005677699803493938,-0.00464751629381751,-0.014018414553531823,-0.006657860329013452,-0.01195371836147693,-0.0036062005873901608,0.004146272987114786,-0.004204467282555894,0.010632038989273196,-0.006356886388315542,-0.011115083655542314,-0.0038545469379370426,-0.007443309281545389,-0.009703649717038023,-0.04157953365512079,-0.02879491125677601,-0.02265735221758099,-0.02850674212090912,-0.03631937616566233
2021-11-12,0.007463692859370241,0.007805696420121501,0.014480275794212303,0.008695414782759838,0.01599984957416433,-0.015309965462140264,-0.004892546850153095,-0.01854665774961551,-0.010494512426599368,-0.010916663984215478,0.00402493531677757,0.007196026325897174,0.00856591642886932,0.01019649868928078,0.00293620755879355,0.02613108334612517,0.027591062962840425,0.03471737210700954,0.023056786917447395,0.030892523816255638
2021-11-15,0.003776572854257947,0.003603530295612126,-0.005202070723633103,-0.00015745742575738893,-0.0020041875897233393,0.00494976830404135,-0.012047988069860741,-0.009217329498838155,-0.005560004724213202,-0.0023432284711200142,-0.005209873042008882,-0.0083305877298491,-0.002893686030875615,-0.010414584881662673,-0.012941223098245323,-0.020367745999010613,-0.016047950097519005,0.0006888295268937725,-0.010677286254943309,-0.025852809064233245
2021-11-16,-0.000295746839620154,-0.00019205778005403336,0.0017046097178395846,-0.002958966252756223,0.003181886350725445,-0.021141565398173082,-0.019188206514967096,-0.010018043697415529,-0.006475793659250423,-0.011931772880496886,-0.003433577320923294,-0.0038460143765380247,-0.008355202615191295,-0.002279440596889721,-0.005643067337130114,-0.009597622982501748,-0.011001215098590186,-0.0047938896040541305,-0.00215667942811788,-0.0004671210839989753
