date,3M,1Y,3Y,5Y,10Y,30Y
2020-01-02,2.3,2.4,2.6,2.8,3.0,3.2
2020-01-03,2.2811905875637413,2.3846831710038847,2.5910888701428414,2.7950200122604465,2.995843765235504,3.1967146273070903
2020-01-06,2.313470702233784,2.4176179682054384,2.6146042932167997,2.8187045251094327,3.0223622211746686,3.226385402892036
2020-01-07,2.3190009302988637,2.420664324824922,2.6178162415572537,2.827998689505016,3.0404421358081457,3.25635209373484
2020-01-08,2.3720779670257226,2.4647940275735376,2.6505667928273664,2.853178870829527,3.060398784716971,3.274277048543773
2020-01-09,2.3726056717982753,2.4701118386071057,2.6620901813357465,2.8646357276911467,3.0650106322520196,3.2716013375552664
2020-01-10,2.3858447709434714,2.4863747905808524,2.6796577423741863,2.884253281478062,3.0777384068432396,3.2827200827530403
2020-01-13,2.3968483642280116,2.4897668280958607,2.6741162077423772,2.871009750620202,3.057557053215199,3.259798984911508
2020-01-14,2.3838774058508974,2.4761105535006083,2.6600413885386414,2.8578776140393694,3.049998598095834,3.2549673065316957
2020-01-15,2.3633741901140954,2.4527271206917463,2.636037929342895,2.825967106125406,3.018956785977303,3.2241407963245927
2020-01-16,2.3620069513839357,2.4560310117855506,2.6420503600387466,2.831789328105687,3.0185559909683795,3.2216687341279533
2020-01-17,2.3616174508710284,2.4556894295374687,2.648040656551906,2.829851852659521,3.0078727330653052,3.1970276691799087
2020-01-20,2.348156398346814,2.4404905142249644,2.6309453031034407,2.8159407857963,2.9965259083139806,3.1958530730660075
2020-01-21,2.349751443496532,2.4353888285874854,2.616901855059015,2.794439089964236,2.9602752718160303,3.151516299872597
2020-01-22,2.3533249827010336,2.4361317250250902,2.6126669645775826,2.7845492418461344,2.943938894351188,3.1281364293631055
2020-01-23,2.3566080267155987,2.446598839691902,2.632112878143821,2.8143502628041523,2.985425212682621,3.1737793450110314
2020-01-24,2.2881899318397507,2.3783553006592775,2.5737159291748153,2.7588108720518454,2.9406809067825934,3.141802009179447
2020-01-27,2.2731412453391497,2.359081617355624,2.551313775824547,2.7297139669227795,2.9082340652298604,3.105933931410872
2020-01-28,2.2776660190705935,2.3557194208698324,2.5362321155630263,2.7146700381530575,2.908941373702948,3.1241386313968897
2020-01-29,2.256260770614386,2.3325899433519575,2.509705310734582,2.691260994356969,2.8866318232490795,3.1090042987472057
2020-01-30,2.2780625836188295,2.34836307863693,2.5238716484340964,2.701567237661453,2.9041650983983254,3.1364510839572945
2020-01-31,2.2622407665646533,2.3321347804672383,2.5067398239226573,2.683931611658106,2.872917502243076,3.0900205873731834
2020-02-03,2.2698284575928738,2.339591795498849,2.5206149553547794,2.7031371961826554,2.9047233454117483,3.130541028112097
2020-02-04,2.2737144283900914,2.335400904403002,2.50557243188232,2.685067933685823,2.888857860327132,3.117394132152782
2020-02-05,2.286324115689885,2.3444850287998107,2.512866766144896,2.6909252225848794,2.8932614212896692,3.124709899911058
2020-02-06,2.3144698985946652,2.363962431277736,2.5182593214514264,2.689897384857387,2.885479621091088,3.1118825198258198
2020-02-07,2.3438635345879133,2.387918555714426,2.5378001986813787,2.7053966049789775,2.8984631460985995,3.1291343399527642
2020-02-10,2.357799596996256,2.3938088766327574,2.5421381610324683,2.704754478127422,2.8854696872040195,3.109631838409118
2020-02-11,2.3757459069786577,2.4225493046569784,2.5830832924163394,2.75584201945494,2.947922330979831,3.1792066926506517
2020-02-12,2.3702170201319763,2.412956617356399,2.5618595084156355,2.733433093738617,2.92414305178914,3.1553694343954306
2020-02-13,2.322826340307939,2.360180718570971,2.4991695775686047,2.6648814886741863,2.84861624685677,3.0760022461687804
2020-02-14,2.330346193823073,2.3646236953518587,2.5027575916944422,2.6622744410975505,2.843151218209191,3.060091194914426
2020-02-17,2.353601883709792,2.3785223846593233,2.514030372232453,2.6801000072347834,2.8752203844020743,3.107165520812553
2020-02-18,2.3316551725058163,2.3603247157596554,2.5022250144816516,2.671706165279194,2.8728617292705803,3.104661738867708
2020-02-19,2.3065205187167948,2.332013421826691,2.4702228323510482,2.637742966776985,2.8350635233325976,3.0638126556213123
2020-02-20,2.317991640800994,2.339668329297829,2.4745793133356284,2.638241759902913,2.837491933938959,3.065487168570706
2020-02-21,2.28962787130549,2.3165411555809814,2.4529438845288527,2.621093444892198,2.822329556965895,3.0511343737776624
2020-02-24,2.2999608446180533,2.33196762536871,2.4720692637323785,2.6376149952900083,2.8347956194591117,3.057323334124544
2020-02-25,2.259769651038644,2.2867884823455724,2.4271483919028896,2.5897331549673646,2.7829225959668693,2.9965269050386563
2020-02-26,2.291831315481347,2.3167880597125112,2.4526791549230706,2.6098983305131496,2.800204317845211,3.008526046399913
2020-02-27,2.2842157824667457,2.309402313774873,2.4540718210273376,2.612350239806765,2.8043002842321068,3.0163279420016362
2020-02-28,2.2533855003785535,2.2893566378779364,2.4432346111396868,2.6106431900744953,2.8040303603118457,3.014029141357322
2020-03-02,2.274725856286148,2.302955390376466,2.4494945271266886,2.61470583901625,2.8101310006333673,3.0191346062089433
2020-03-03,2.293472566746902,2.3175042281571527,2.462431429323966,2.63549818061327,2.848605582813808,3.077933941863827
2020-03-04,2.3277787112096107,2.3588979013320146,2.510830619586348,2.685589569900908,2.8910283618835804,3.1099769656257945
2020-03-05,2.3098488489040947,2.3445492104634535,2.5009215640595506,2.682345113573005,2.899110162707808,3.1330730862445915
2020-03-06,2.352078653989531,2.382646415925969,2.537831250096769,2.7135699507080018,2.9266130076946286,3.1542941856928293
2020-03-09,2.3581902927535316,2.393426142212033,2.555148795041551,2.734393924050106,2.9476758976528297,3.173734316008671
2020-03-10,2.3715634057788657,2.401306834477342,2.560010840518363,2.738903519576416,2.9492497745091737,3.176895228921659
2020-03-11,2.393690364453336,2.4262376017089484,2.5868159474602384,2.767286516430598,2.973830881677997,3.195369754835197
2020-03-12,2.392629406823542,2.431307406946281,2.595157979214723,2.782160701555409,2.994368640761136,3.217123492133113
2020-03-13,2.3971412281004763,2.433395740275538,2.594580510322634,2.78527239878384,2.9974359196341185,3.221245440122696
2020-03-16,2.3783770241204345,2.4167241953948464,2.580085138174984,2.7751402536246856,2.9884106300878326,3.221232781087718
2020-03-17,2.353441220520925,2.389060110613295,2.5549800714034157,2.748981316522916,2.9632049552176984,3.1972219454833875
2020-03-18,2.3529933552277327,2.3913086934963035,2.5645761899676063,2.770804762757297,3.001276305900869,3.251234413478125
2020-03-19,2.339798801351127,2.378018664518456,2.5504732603121703,2.7606002548281863,3.002006076463663,3.262740145448003
2020-03-20,2.341719132814931,2.3766313002643438,2.5536336825054735,2.759759927736767,2.9958418278297394,3.252211432583952
2020-03-23,2.3463785375762813,2.387166710000993,2.5671778497406206,2.7703848615720363,2.9984565463039985,3.2489271237334103
2020-03-24,2.3455835291116505,2.39164727372173,2.577646453305011,2.7855705603215957,3.029059986909363,3.292481562838004
2020-03-25,2.3634904275025144,2.4105721188488394,2.5966626622013886,2.806533636238403,3.052910134044897,3.313612883672364
2020-03-26,2.3793519640586727,2.4267645009713115,2.609305272181802,2.8120034594357803,3.0479132678217247,3.297669008618866
2020-03-27,2.356392210881352,2.4022387147418907,2.5806544548784114,2.7810202184991275,3.0225554314068495,3.274693828232455
2020-03-30,2.3355826573610425,2.3793958421959305,2.5612863871676477,2.7624995414256075,3.009273104701593,3.2653553741850097
2020-03-31,2.3577313818745984,2.4035716574378725,2.590685034001536,2.7884877482668933,3.0252521713752687,3.2703222987599925
2020-04-01,2.3576372548882656,2.4148360644811016,2.609809678787294,2.8022733472801873,3.0222166097612817,3.2494509224105865
2020-04-02,2.3720622646178664,2.4342945036917394,2.636432604537764,2.8291901309025516,3.0385675991543373,3.2559908210578157
2020-04-03,2.3317332372400172,2.390736913782898,2.584385411513655,2.781222640495174,2.995731765330682,3.221478511885233
2020-04-06,2.321605368304214,2.378336435836419,2.5722876215090027,2.7695791491971953,2.9765818455831807,3.200521003433532
2020-04-07,2.3239260700218094,2.3781756579626108,2.5683549108726127,2.767860307281611,2.976872674736293,3.1985454131813724
2020-04-08,2.3570785852678737,2.4211886883381912,2.620983229010809,2.8286465027178376,3.0401815325956623,3.265300524996865
2020-04-09,2.3311345021960244,2.388930758786859,2.58399779501117,2.7920032109260378,3.008262702804897,3.2433579607845697
2020-04-10,2.3148200121682936,2.376014245134844,2.5724014948174116,2.784512114178802,3.0045899445483935,3.237387733060534
2020-04-13,2.324054349042121,2.381626965759122,2.5749405810170996,2.789678986549107,3.019440072884572,3.2681691259157706
2020-04-14,2.3032045005316473,2.36661155474134,2.5717915016989092,2.78887271828908,3.019954197002302,3.2656166501342185
2020-04-15,2.2836987801920263,2.3525099415932673,2.566441577812949,2.7821973078188496,3.0095580648291715,3.252156789996605
2020-04-16,2.3001421848673766,2.364347692302082,2.5668167738165444,2.7846847115661655,3.018167550506283,3.2703499677500454
2020-04-17,2.2807478427574335,2.3418349257161575,2.536584673341471,2.749912518977497,2.987903648148277,3.246763477731659
2020-04-20,2.2635950114645778,2.3272673695303148,2.52114205380242,2.7334745797715385,2.97661412581684,3.2394361683958017
2020-04-21,2.2576030531110782,2.3172664149385755,2.5090290596368914,2.7182511861516034,2.9586015511160766,3.222416366545091
2020-04-22,2.247606113948247,2.314020509191739,2.5040945390000022,2.713675269661978,2.9567514015436425,3.2184077914564
2020-04-23,2.2459737585608397,2.30727242920395,2.4945922224243966,2.704078840525848,2.9500724962109364,3.2187642188988916
2020-04-24,2.250515994025772,2.2971224865553777,2.4731353228312063,2.675094544204534,2.9288882054951872,3.201291866620885
2020-04-27,2.2541058170276553,2.300827361888422,2.4774069401578522,2.679694709516219,2.9295105546917735,3.196491627776163
2020-04-28,2.2569547162064487,2.3072421087118786,2.487135196360749,2.6929552232823024,2.9398195697671174,3.2062554279460675
2020-04-29,2.242856312644847,2.2976044749378035,2.4864988438657813,2.6969409684049896,2.949173227352597,3.221677624048164
2020-04-30,2.242374752383247,2.303793167338759,2.4960646780046716,2.705227075982888,2.9445478125615887,3.2095418628818595
2020-05-01,2.2417627568123484,2.3074711052634846,2.5084687857315893,2.729057350594498,2.9808696839649227,3.2572746711799403
2020-05-04,2.258218979983646,2.326681635939062,2.5230094181152363,2.741431523054907,2.9949344699776854,3.273852221202363
2020-05-05,2.2659124876324457,2.3346244349180254,2.529620464609843,2.7436502034801658,2.9868180930007355,3.2595491992149017
2020-05-06,2.2440583046971687,2.315110815553823,2.515660363561636,2.7299918230724245,2.9685565596903234,3.236169271499695
2020-05-07,2.2349807346695942,2.311348852065175,2.5162417432926762,2.7313171961272293,2.9638548184748355,3.223164534887776
2020-05-08,2.2365791435642244,2.3141718817382833,2.516787782326315,2.729348137056743,2.9623918543445,3.2176824702481936
2020-05-11,2.2259200022895573,2.3116421850232234,2.5208976249544404,2.7440848003923577,2.98347286941065,3.245123703496418
2020-05-12,2.228852004649057,2.3173526609707182,2.5256882481427,2.7515659793471237,2.9932482989792217,3.2561860518711296
2020-05-13,2.270318035804919,2.3588738487355454,2.567187031514964,2.7934920222946547,3.0379213795455255,3.3021675177298673
2020-05-14,2.2826817591877226,2.3774204945646624,2.5895082579877062,2.8262457945433015,3.0756705111444194,3.345716483335705
2020-05-15,2.311886366348223,2.4055226977427298,2.6137342213838286,2.847087798805519,3.092101539040045,3.355415625942651
2020-05-18,2.2813747201324044,2.3821065951167286,2.598844471798276,2.835963182754225,3.0852568043821247,3.351182834909141
2020-05-19,2.3034021730647054,2.3986116626206564,2.619075333691312,2.8522298621743065,3.0913803485216684,3.3459096801409305
2020-05-20,2.238576245045062,2.341467751416544,2.5734873704334977,2.8151876660275255,3.057367018456634,3.318555641043719
2020-05-21,2.2383894909060484,2.3384636594989976,2.5621742091077797,2.803103172551716,3.048319129138437,3.3093523644379084
2020-05-22,2.2254457806386903,2.3282664769803745,2.552908631707742,2.786070859639315,3.022370683638565,3.2717255774368543
2020-05-25,2.2311913042566545,2.340920003325586,2.5706363067792033,2.8092095232173007,3.0468925779170997,3.2992492370339983
2020-05-26,2.2317457980724362,2.335320410873348,2.5582375763807907,2.7890846426960514,3.024412910189175,3.2749500374247504
2020-05-27,2.251075289738622,2.3506268695294503,2.567829054686549,2.79842356944416,3.0423467733706024,3.2996629453485093
2020-05-28,2.243415336929454,2.338196455811489,2.553086921989182,2.7780022915377516,3.023830637852233,3.2853639240011696
2020-05-29,2.2337740733317943,2.330998166294015,2.5518306309339938,2.778612873761189,3.0334831368885853,3.300296770507013
2020-06-01,2.2593661990548095,2.3489468422636897,2.5649984434163735,2.7914062313937036,3.0488878766963117,3.320540726547892
2020-06-02,2.2460928256021973,2.3351503512824685,2.548332587681326,2.7729639318761907,3.0289724228383585,3.292273234634676
2020-06-03,2.266563986325985,2.3429995445719154,2.5533320452449773,2.762158924679614,3.0073674755473814,3.260821413779005
2020-06-04,2.3082202051048006,2.3797436641774152,2.5817355163137883,2.7888786371827936,3.02859588597824,3.279360459591195
2020-06-05,2.310395509285872,2.3742446753170303,2.565020558540953,2.7662350291034206,2.995938894231744,3.2409550392781377
2020-06-08,2.3309749156105037,2.3866304396450837,2.5706866885368975,2.7664898266648112,3.0018836560132387,3.2524959789923744
2020-06-09,2.3394364414189397,2.3844394133928697,2.560947277386684,2.7516237863501067,2.984260393785944,3.231415032769982
2020-06-10,2.3336907678581063,2.379784614685405,2.5481815417260285,2.73902550954317,2.9761267774820315,3.2250268349510964
2020-06-11,2.303932268219144,2.353039830736001,2.5182349092277163,2.709054461470135,2.938406435672444,3.1802989623667623
2020-06-12,2.3175394943138232,2.36962986440993,2.53473850525455,2.727777418510945,2.959082234626214,3.2010275834700685
2020-06-15,2.3334154297349223,2.3850455413065075,2.5385526955334967,2.7322946310461362,2.9690650936312784,3.2123659505998337
2020-06-16,2.3364478859899744,2.3892358981929482,2.545881504780627,2.746295615840028,3.0002927328035467,3.257684998026668
2020-06-17,2.3297878894293316,2.381846514590132,2.5337258208510476,2.7370932156339776,2.9937901787885677,3.249170048732357
2020-06-18,2.3147496572918804,2.36364539697297,2.5141597007791487,2.714307338501474,2.9717768164927656,3.2309890329980226
2020-06-19,2.322983908046148,2.3734625827767335,2.521923681479602,2.725955968479572,2.9903753028901967,3.255806820569551
2020-06-22,2.3259528089247894,2.370630477111292,2.508672301131742,2.713464837290055,2.9808979869722307,3.25251601667407
2020-06-23,2.303191561370755,2.3582299609005597,2.5083614874115163,2.72227501556158,2.9952394801338214,3.2683345844352725
2020-06-24,2.3142141144086827,2.3735387147588534,2.529282551644133,2.743206656955325,3.0080047892864643,3.2715016805556205
2020-06-25,2.3248326746114456,2.382080491795008,2.537917146760172,2.7440077996685734,3.000758833264771,3.25035272266742
2020-06-26,2.329910709058345,2.3826897479373286,2.5436361241412664,2.7514933578793483,3.009801908252707,3.2580277877755526
2020-06-29,2.2990550397014453,2.360764310250513,2.5291581200753073,2.743357195577908,3.0046388831418844,3.2508714218304227
2020-06-30,2.323872950195918,2.3791670051406433,2.538188250155196,2.748218267543038,3.0082167517911707,3.256076826464256
2020-07-01,2.3216024364074537,2.3758701874214605,2.530622310929776,2.7384463109948127,2.9869141069095453,3.2263331983806816
2020-07-02,2.3077817719602662,2.36661470833868,2.527090674070546,2.7344956646361536,2.9831749724348717,3.2236316584801292
2020-07-03,2.3012165742304527,2.360304526973826,2.513769630757562,2.7219740542482893,2.980789265043002,3.2356101907527166
2020-07-06,2.306995189301236,2.3672298784131893,2.52352830367875,2.7290278348353416,2.9847156465649647,3.233859687136146
2020-07-07,2.313598158080584,2.3752374178791493,2.5350412351790794,2.7440528611934583,3.0024119827638267,3.257551973651655
2020-07-08,2.3176118441649125,2.386509808458286,2.5503512058989575,2.759088452009247,3.012331690638093,3.2598708999099077
2020-07-09,2.290319331651171,2.3699046001488373,2.5399259014189663,2.747705329661132,3.002162803342004,3.243861817325567
2020-07-10,2.299239919870629,2.366434800588381,2.5151867516236033,2.7199525626931425,2.9821636714294364,3.2355312392922038
2020-07-13,2.269260870191361,2.3419232560788457,2.502891194550309,2.706396638177692,2.9690061309583253,3.2199360867184255
2020-07-14,2.2396425991440343,2.31885634806316,2.4840454739861975,2.6853960893454887,2.9438987293569605,3.1904766284571933
2020-07-15,2.265517460437857,2.3417639142033657,2.5052194728287507,2.7171801806954745,2.982631753523635,3.2371436620284326
2020-07-16,2.2397136321542215,2.316326618924181,2.484739203447521,2.6947362246626443,2.9443154395315907,3.184994258449244
2020-07-17,2.2308771051240255,2.3124464263197537,2.489571256895882,2.6998240153867807,2.9422711982232217,3.1725067835025196
2020-07-20,2.194896003998769,2.277777052476001,2.4590336743566605,2.6752883669957757,2.929394194736642,3.1707083402506195
2020-07-21,2.1899597812529747,2.2710926046816664,2.4482937531134517,2.674275250707196,2.9424771321666574,3.1964619656342745
2020-07-22,2.2091156330505832,2.2781748523269596,2.4506689146166214,2.670263066766075,2.949175101357046,3.2118730045141772
2020-07-23,2.159251197768251,2.2253703635046036,2.400536522422966,2.6195737420384484,2.901614165228622,3.1653495447993474
2020-07-24,2.142242342904176,2.214614402847385,2.3934248009038335,2.6136019852397108,2.8955425435130455,3.154118993046743
2020-07-27,2.1394907783041313,2.2151942276478427,2.3977786645642456,2.6098375672456107,2.886853827257748,3.1337322812592925
2020-07-28,2.157429610826057,2.2281806967788302,2.408596517494494,2.6206725739795727,2.8926478212602107,3.14092711189461
2020-07-29,2.1630923191294285,2.243713925134341,2.4344336811191845,2.6438718929020575,2.8969455461738156,3.1220963601810414
2020-07-30,2.1578199704966363,2.2325726252273395,2.4175020847695157,2.624575804007156,2.8758074989031006,3.0999786377133627
2020-07-31,2.1860347232767787,2.255466860029331,2.431708863530633,2.6303275675691213,2.880929490758435,3.0988262476972595
2020-08-03,2.250195318987223,2.3182371904553993,2.4893345734791508,2.680678463740012,2.912612532813931,3.118338773338638
2020-08-04,2.214052109741922,2.2840745567812286,2.457737782783637,2.650598260242149,2.8880978750952444,3.0911774270317194
2020-08-05,2.2532509815371484,2.3110480235533672,2.468904714358997,2.6590030733935457,2.909807322605367,3.1286392920039305
2020-08-06,2.278986943049727,2.3431347957721638,2.505950488803373,2.701193746635528,2.946115076949846,3.159789238190342
2020-08-07,2.2912944515318467,2.357663825422629,2.5184243151538257,2.7131998396922685,2.96489625671609,3.1815171435675578
2020-08-10,2.2871693055530056,2.3444046737354394,2.499948960554256,2.683415019346636,2.9184847101354654,3.1242160735145412
2020-08-11,2.3200095194978685,2.3687410390995356,2.5160620303587273,2.692167674927304,2.9238480374622013,3.1262160371317105
2020-08-12,2.300261748570375,2.353304510931726,2.509455848828086,2.6842228019072096,2.9118666483272535,3.105789737662969
2020-08-13,2.296627675444222,2.3512883674925504,2.5117359418585457,2.685792698110122,2.9103830366038443,3.0965887366355225
2020-08-14,2.2780056046017254,2.3269019411009793,2.4816870820752555,2.6571842522623816,2.8896611980795925,3.0884383017712382
2020-08-17,2.274522211007787,2.3255002358223082,2.4815205111868424,2.649706613719249,2.8619356106027096,3.037456069830997
2020-08-18,2.240361946340159,2.2960784800623153,2.4579073968009895,2.6309618182840575,2.838276798102468,3.01188986339032
2020-08-19,2.271571953631785,2.3303921945424237,2.4981635584251984,2.671171960204339,2.8719304804091745,3.0421224573025074
2020-08-20,2.2763540276904433,2.3263585022496485,2.4853450321103487,2.6488857589716632,2.844336327426556,3.008755961406235
2020-08-21,2.251873789982062,2.3011815351427947,2.4610330064896244,2.626768089139215,2.824577156836893,2.9944356296999555
2020-08-24,2.2560088864457297,2.3031313943779375,2.454630151614536,2.6231493997398347,2.832137194429057,3.0148461333988195
2020-08-25,2.2701017986023797,2.3153800374502893,2.457196464131056,2.621655649968045,2.8360745441400206,3.022119691083278
2020-08-26,2.2310454244933577,2.273004814118992,2.4153145790241712,2.579894790047947,2.7919826800492324,2.978266015484519
2020-08-27,2.2363446698921554,2.281509064437707,2.4285668350016794,2.596370650539138,2.8024342713882207,2.9788068345442182
2020-08-28,2.232535320785283,2.27606186926367,2.4169867834811862,2.5876513205933023,2.795546903027783,2.985700249393322
2020-08-31,2.239556351564893,2.275775454694844,2.41041996921503,2.577415440632506,2.7910243915899193,2.984872542200592
2020-09-01,2.2539637321736268,2.2829158439065065,2.4081753068007896,2.5656177738074595,2.758519524319126,2.939382854378358
2020-09-02,2.259160041382846,2.2799529217143313,2.391582134072615,2.5459383119005174,2.7455977568435403,2.9340935571700006
2020-09-03,2.3310010512280677,2.349313770548439,2.4619495522023636,2.6096448875552327,2.8014843335961546,2.9842299818094755
2020-09-04,2.358917278829799,2.3803038439568027,2.49626974477029,2.6392022659849785,2.8177829748393197,2.9881216550450933
2020-09-07,2.4067670655239106,2.4311338901504755,2.5468650218547246,2.6899637587278673,2.8728003466779333,3.044582514264161
2020-09-08,2.44395550830476,2.4652478558352553,2.575534060888463,2.7109211468126175,2.88283510941346,3.0476341678992194
2020-09-09,2.475886079477413,2.4898820962915065,2.5889713664497336,2.7165115628576832,2.8811597525550408,3.038104111355655
2020-09-10,2.4631173080488407,2.4774182262172584,2.579375104066414,2.7089791273221784,2.8733768848533683,3.0286337588000922
2020-09-11,2.474537192390837,2.492461213460274,2.5958518113669746,2.7212882898316,2.8676839102977985,3.006886690565881
2020-09-14,2.447247978347968,2.46761243554937,2.576370662546069,2.69905749776045,2.8385892448493864,2.972750981414445
2020-09-15,2.471880469023162,2.4875207744294445,2.597972871200242,2.719371688075271,2.8552024838785783,2.9838842096922082
2020-09-16,2.4795258684998007,2.4963239628856635,2.6070485929216938,2.72500020031458,2.856189805602288,2.9806282645490496
2020-09-17,2.508464094307888,2.5238308931596256,2.629602510800355,2.753343463670854,2.8956882072142345,3.0316823528730836
2020-09-18,2.530802086288623,2.5481627860389757,2.656202026493552,2.773562975687094,2.9001949965339016,3.0198180550074376
2020-09-21,2.5281195055150527,2.538311583933523,2.6389336151930323,2.76077828615314,2.8931896402037163,3.0220013533875476
2020-09-22,2.533329300079351,2.541275236851962,2.6325128202262698,2.755603025636604,2.890967946596034,3.023569740933428
2020-09-23,2.531395371200531,2.541147382305914,2.637426012796346,2.7604846492504307,2.8853965721775796,3.00463126460657
2020-09-24,2.5241114495861705,2.529296656722516,2.619283025574952,2.742528530565388,2.8691700491395533,2.9933445736005333
2020-09-25,2.512387446891453,2.5153100454479023,2.600905654690875,2.715960937132332,2.8303263569052395,2.944614101971318
2020-09-28,2.508089187367738,2.5068563819100325,2.576459150964622,2.6902844748724677,2.8082124552387038,2.9272826352337193
2020-09-29,2.51539340646729,2.5170553014478094,2.5842725286827433,2.7001324299874394,2.8091192900371804,2.922211066968658
2020-09-30,2.5344959638764544,2.5368945812274095,2.6026898666494245,2.7173417186514643,2.8150552540813303,2.9236675878253253
2020-10-01,2.4994894907226697,2.5117163419587656,2.5928124557398875,2.7115791104386515,2.8109169406921377,2.9135268530595866
2020-10-02,2.500257475273905,2.5112036412421377,2.5893228253705804,2.703264732555993,2.7985121495208705,2.899216950750152
2020-10-05,2.454195431102676,2.4708746709079845,2.5562121156301036,2.6717141927011414,2.768764928293935,2.876879543758184
2020-10-06,2.4599630922496347,2.477588251469119,2.561143726918893,2.6715260629188506,2.7582802994850244,2.846998130902249
2020-10-07,2.4527097651906313,2.4706933990274607,2.554970721188424,2.6695044644030914,2.763122240190637,2.859603175150694
2020-10-08,2.428497453709176,2.4504278591363553,2.5493320922735054,2.6697277525958905,2.764521381005442,2.8680565857754488
2020-10-09,2.444746101256411,2.470480644600208,2.568275522669569,2.691056885713491,2.7855242683000743,2.890765755033008
2020-10-12,2.4642166740527394,2.48615183908948,2.5771764170567057,2.697605492891654,2.7933708028276163,2.898952478728327
2020-10-13,2.445035654428176,2.4673445516326633,2.564708432990505,2.688482945160198,2.7843990423408793,2.8886343353400354
2020-10-14,2.4321183739455936,2.4586019249846154,2.5582442953169946,2.6860370036501826,2.7837656813852245,2.886793857450252
2020-10-15,2.338618787536997,2.376374752946764,2.4899807791904394,2.622916933044964,2.723936166411216,2.8265084964070195
2020-10-16,2.3614508050699112,2.392381450529976,2.4983090346201497,2.628785206876674,2.7296710191464033,2.835563167936481
2020-10-19,2.353678036880283,2.375062715906248,2.4683131421374833,2.5931857414221935,2.694880697662414,2.8037301868465896
2020-10-20,2.35076610998493,2.3728911128419137,2.4640059305994795,2.590662642528287,2.7030414748186518,2.8171009780760774
2020-10-21,2.371384008109098,2.393061006590132,2.4881523471334,2.612154335893237,2.719192182363006,2.8259804465281144
2020-10-22,2.3776000895795826,2.395925749984127,2.489271225811911,2.614463626692053,2.7271528093918658,2.844683534981514
2020-10-23,2.4306246628643366,2.4432557073443073,2.5299601343058136,2.646520517936847,2.7456545122902347,2.8531867330364777
2020-10-26,2.404363680133089,2.4203809646263497,2.512304775602704,2.633073595332988,2.732853086992208,2.8468104838059696
2020-10-27,2.4218426248980345,2.4457199687846303,2.5444187793361452,2.668841166382599,2.767722654522514,2.8812506472901935
2020-10-28,2.423183796629833,2.4425673663504557,2.5335536010436845,2.652467750475423,2.739195363963001,2.843652378308467
2020-10-29,2.4054463910707047,2.423026403206428,2.520010629007679,2.6384482888169516,2.724934834891536,2.8266462339689866
2020-10-30,2.4200651321052518,2.432249134910019,2.5306268806928167,2.6450944215006604,2.7154071735617693,2.8067916665715975
2020-11-02,2.4225930864214806,2.4441992313044025,2.5535971458931845,2.6723090409901062,2.736379366010773,2.818216696437633
2020-11-03,2.4868468032999074,2.502314555440833,2.602492495217064,2.710916625997972,2.7650683376079486,2.833394973362167
2020-11-04,2.4998050654198694,2.5103759855102847,2.606054721810032,2.712432724215838,2.764430970050692,2.8307085759962494
2020-11-05,2.5093533793076306,2.5225886448237507,2.6220737041088245,2.7245559202864293,2.762436103871865,2.8135882403323054
2020-11-06,2.513672167456636,2.5213101891943253,2.608925814191585,2.703328138653171,2.730206948528393,2.765264329377427
2020-11-09,2.539825359149857,2.5334700126366387,2.6095666849863486,2.7036052902577676,2.7428132943110315,2.7932996059404305
2020-11-10,2.4929641826080293,2.4838113521691123,2.559998953575831,2.6547676426308358,2.6948432207694117,2.7511056347357776
2020-11-11,2.4494132183728055,2.449425764148016,2.532563596022766,2.6356869219608363,2.676327610028813,2.732590787829488
2020-11-12,2.474125137301629,2.468560188815732,2.552506588916095,2.649591813828309,2.684541211113313,2.7362919330562376
2020-11-13,2.495100693133296,2.4895887808390587,2.5785377044520272,2.674978465945606,2.6998209172798955,2.7425692214826203
2020-11-16,2.4468628502542824,2.4562752472801663,2.565768639990185,2.6809190799415723,2.7199155308220284,2.7731551155374774
2020-11-17,2.448069486263812,2.450573047191264,2.5592243406015402,2.6682580715590474,2.7031586726406736,2.7555163598325927
2020-11-18,2.444787283255824,2.4372043506493433,2.5405851826370744,2.65175478721169,2.696662517164184,2.7642121751558855
2020-11-19,2.4456429064490606,2.4300333884500134,2.5172963185392336,2.6245339789429916,2.6632174334057583,2.729354402392868
2020-11-20,2.445312718426945,2.430159429741259,2.5160753135007776,2.625045773788301,2.6587011533516733,2.7185575391247037
2020-11-23,2.442496301708575,2.439039760138739,2.540171989426763,2.6585981283165783,2.687205140810076,2.739519149720234
2020-11-24,2.44622030649841,2.444427974525084,2.544903204822888,2.6630291160281794,2.6915551868763408,2.7454863777646334
2020-11-25,2.4697580707341014,2.461109410394016,2.5553524339115548,2.663138433148572,2.68234618505802,2.7326498505204175
2020-11-26,2.500703464433247,2.486633399453284,2.573108677877654,2.6753118873714725,2.6784432561261555,2.7130631976405097
2020-11-27,2.4507720719351087,2.4489877082240734,2.55056596546281,2.6570180080793344,2.6613239818908094,2.6930280510104705
2020-11-30,2.476245041867085,2.480189287590922,2.582967093053891,2.687095199420906,2.68964415584791,2.7144204725783143
2020-12-01,2.4932349058575984,2.492834343982641,2.593835553282876,2.694590627719104,2.699787525373571,2.727175819615522
2020-12-02,2.5059346379082377,2.499634627709091,2.5963398257808956,2.695668114346892,2.696756750428259,2.7259733089621654
2020-12-03,2.509535619801576,2.512327747572863,2.6290401609043794,2.7348705519540073,2.7367723560010604,2.7655950645715364
2020-12-04,2.5226141986838866,2.527933114978297,2.6488504475560286,2.755606053722525,2.753193535962229,2.7757845487378603
2020-12-07,2.506515030928478,2.5151835599135546,2.6391253870711564,2.7472051247012694,2.743973808786548,2.7664430846809838
2020-12-08,2.520010726479906,2.5324883765816035,2.6612499899337463,2.771141686433421,2.7761633096116825,2.8085492437795283
2020-12-09,2.561482123576911,2.5716291599497105,2.6968219634050765,2.812599151649747,2.8172623088212396,2.853199584981438
2020-12-10,2.531509014075983,2.5482672296303006,2.6789120515356823,2.7993412013602845,2.8107734142059364,2.85234820872076
2020-12-11,2.4935814032790975,2.515817791737918,2.6506205487519603,2.780826886276507,2.790908542079953,2.8366142384645125
2020-12-14,2.547791267124098,2.5613214953084533,2.682799264178716,2.807849839697201,2.819259319591455,2.868301185557137
2020-12-15,2.5904705286898295,2.603333710370543,2.7175794781404776,2.8390991515793256,2.834083278016295,2.8696374983500914
2020-12-16,2.610693883423882,2.614176461466519,2.7219592980343945,2.841109252065918,2.832081761772452,2.8688887386791815
2020-12-17,2.6310050989850167,2.6377104573332035,2.7481273916415208,2.8647771491075846,2.851531756195312,2.8783175880707157
2020-12-18,2.6134027407163325,2.627428570833723,2.7445890104334922,2.8644183828158174,2.8569115510643117,2.886537158360245
2020-12-21,2.621777843020754,2.6406910200795326,2.761014975949844,2.883177072895619,2.883987151091083,2.9184896596154912
2020-12-22,2.6189312279148163,2.6428973805704996,2.766309597009867,2.888394156501851,2.8915054985338506,2.9311585539421827
2020-12-23,2.640388559500151,2.663252552531317,2.7825459595823663,2.902893935027069,2.9079086001670786,2.9492172529698504
2020-12-24,2.629281979643565,2.6361402809057695,2.7356122347055223,2.854750326634854,2.8615446692274618,2.915112755612716
2020-12-25,2.6291883270837793,2.6418348932715245,2.7450893021174916,2.86650554486528,2.879155892407415,2.9354852750183253
2020-12-28,2.629747875570118,2.6375989345696507,2.736880734289406,2.852479040874466,2.856817754474338,2.9065378116067255
2020-12-29,2.5863883691648835,2.6000653002298684,2.707255664545186,2.8286552906929394,2.833106026016768,2.8836108314537583
2020-12-30,2.6240799348533823,2.6396824587799856,2.7466033744595477,2.865804739646828,2.8632451797812966,2.9069338039073975
2020-12-31,2.6176022561850854,2.632197200828032,2.7378020996613883,2.850311181656088,2.8303365871329786,2.8582647207044674
2021-01-01,2.6163744400792326,2.630673251224725,2.7314956698405624,2.8469450773940483,2.8343148527346127,2.8706872048861776
2021-01-04,2.6161522753539304,2.6219151997751586,2.714318891459661,2.828534386403958,2.8191852897579524,2.86081596773112
2021-01-05,2.5815410802733987,2.6011660259199267,2.7086973425615266,2.827075472190604,2.816632323944277,2.8577325448915785
2021-01-06,2.548623626094888,2.5731198892550124,2.684277039309681,2.8018928142788146,2.7857846567639686,2.8210585737206393
2021-01-07,2.587723824598591,2.6044027297172705,2.7018421085668907,2.8231842192691485,2.8086128007033127,2.8507935149761394
2021-01-08,2.583142402745304,2.6033610549038255,2.7043401279698216,2.824783863852841,2.808349043542195,2.8446827937558665
2021-01-11,2.592760611179119,2.606221767282161,2.6978244296549354,2.813122703553364,2.7912898884835884,2.8257209256383886
2021-01-12,2.569443767074396,2.598329708700803,2.7007816253238106,2.8239721412431664,2.8002900738141907,2.831205103818735
2021-01-13,2.5579485149140426,2.5867989340372604,2.6894255143210897,2.8177090721068137,2.811270820800742,2.858348430421767
2021-01-14,2.558019010491243,2.5811073336411727,2.675610708982739,2.8002886097780886,2.792159212401204,2.836345186128616
2021-01-15,2.576734407880279,2.592709098327664,2.6801079781544,2.8012830301549076,2.806024913663281,2.8569711262226694
2021-01-18,2.5771598388510215,2.597309363051518,2.686812425367244,2.8080379096143058,2.8145324783007943,2.8641002893876664
2021-01-19,2.590317294652531,2.6083592299428013,2.6970412082396495,2.821542776170985,2.833976509510634,2.8906117084015244
2021-01-20,2.613543153699772,2.6322425387912443,2.72505476030757,2.8508063427758628,2.868469150482,2.927013755661072
2021-01-21,2.6043805468066044,2.6184239494879615,2.702578464377487,2.827728828188115,2.8440968333861596,2.899830361309116
2021-01-22,2.5832433207739807,2.609301422029167,2.707485224028607,2.839002736007914,2.8568076956147297,2.904786946309052
2021-01-25,2.567381161265855,2.605324258766907,2.7109244897815796,2.8526512834076256,2.87220199537273,2.927534157573101
2021-01-26,2.5165999227218827,2.563597628847139,2.6796700644983074,2.8419437081937744,2.8851413136829978,2.9600937439350177
2021-01-27,2.521639309569551,2.575036247568316,2.6954723531585416,2.8620436824834243,2.9008800845686085,2.975373695216064
2021-01-28,2.4998502584585354,2.555389574633613,2.6817047420244746,2.850924563759165,2.885470343690575,2.955792589046885
2021-01-29,2.507624828430428,2.5547707075308668,2.675475468380284,2.8387782765269995,2.8690751786678605,2.940148636753664
2021-02-01,2.4919773725092025,2.542115361273735,2.6694025991298895,2.8356101780127907,2.868064166902353,2.9389021627055008
2021-02-02,2.5269430787769136,2.571987481753373,2.6927629302629144,2.860231353906634,2.9003464739469047,2.981291549319802
2021-02-03,2.532138383622627,2.5804756397602833,2.7022099389160092,2.8686541494144064,2.91393190761056,3.0003614781839656
2021-02-04,2.505831754107389,2.550035363544025,2.671491218665206,2.840128360045863,2.8948936479260343,2.99383997771158
2021-02-05,2.5221914562882426,2.5725271086608448,2.6990405681312426,2.8657653705695663,2.913420458385896,3.0052916387003803
2021-02-08,2.49302183520278,2.5531604905185445,2.69009377714455,2.8606988327574303,2.91264108462005,3.008998787372758
2021-02-09,2.477801019147331,2.5369635005018436,2.6816709640977305,2.8551033123991694,2.9085860789363687,3.006020920744946
2021-02-10,2.4796353354819094,2.5453510946778337,2.692405194169085,2.869221479898816,2.9287563878995204,3.0320239526043045
2021-02-11,2.4654735995095103,2.5416284128029925,2.6919470992951813,2.867188377166184,2.915945118168353,3.009268401928906
2021-02-12,2.4701607383187327,2.5465873292414476,2.701794749642938,2.869329256970521,2.906336378836079,2.9899532248903387
2021-02-15,2.4589736052717672,2.5406677789635337,2.700163163110693,2.871771271853082,2.900766327586989,2.979014724939449
2021-02-16,2.4683934883761487,2.5470062531855886,2.7051177746619035,2.87109350808719,2.902999329951302,2.9806494794432408
2021-02-17,2.4873132205412483,2.5618101427631097,2.716901548833273,2.8859950739341227,2.920246432333935,3.0043952406366032
2021-02-18,2.5216463532613154,2.5838898099457728,2.7253307858926523,2.888526136389415,2.935021312132142,3.0314109917338796
2021-02-19,2.556599730850995,2.605305026224619,2.732955278342314,2.8844154997563574,2.9225979486702744,3.020987074084614
2021-02-22,2.533608708542078,2.585719747236934,2.715920615374089,2.872396677842822,2.917321812404494,3.0258591825407497
2021-02-23,2.5417770610746717,2.6007463897982204,2.736387679604827,2.8985820980057118,2.931952337501197,3.0294494007381325
2021-02-24,2.5806726615527404,2.6338714532081955,2.7645847610613123,2.9268392662965277,2.959465251160425,3.0591921856015905
2021-02-25,2.5794820243339673,2.629569018684194,2.757384904455405,2.919520185124674,2.954376681567669,3.0575863120136537
2021-02-26,2.581527226828688,2.636592469760013,2.77370358769458,2.9457009623563164,2.985609586044864,3.090792425266601
2021-03-01,2.6351036757702335,2.6931968523777066,2.824920592043158,2.9920380667361655,3.019240369269027,3.1068414642761737
2021-03-02,2.666052549803363,2.7236346719875164,2.856452315867026,3.0190595653906764,3.037443982538611,3.1152977246575313
2021-03-03,2.6686064922319233,2.7285560596925995,2.8662921091710474,3.0299378908681716,3.0536488276481695,3.132800363484641
2021-03-04,2.671458031392279,2.7356051643543893,2.868805926310977,3.034371499390042,3.055062414777936,3.1382992462216337
2021-03-05,2.692135690620635,2.751189639930053,2.8698560752935705,3.0319499763425273,3.053500083501519,3.1378078424283795
2021-03-08,2.64573310834771,2.7166895416611454,2.8448131664213436,3.01494910557047,3.0398478589569833,3.123883847068459
2021-03-09,2.626813159152766,2.6938592972268465,2.8231113210737893,2.9911740719818374,3.0182445479916096,3.107669203721433
2021-03-10,2.5928927640075585,2.665861477357659,2.7961323817521526,2.973058875862677,3.005078974779543,3.0929767248569284
2021-03-11,2.5901880727576234,2.6580139924288027,2.786155693886017,2.948712282631708,2.96296461322787,3.0363265821159087
2021-03-12,2.543524640579439,2.623806717448383,2.7636033992352367,2.9292242835883093,2.937117868455186,3.0029304570157302
2021-03-15,2.5597755398080904,2.6377048774339285,2.7747051760381067,2.937212513429696,2.9420882744590457,3.007367246206515
2021-03-16,2.569014327744367,2.650289876213133,2.7889192306863833,2.9547227996092587,2.9500559364710086,3.005366357563847
2021-03-17,2.5796811095931442,2.6612973955102976,2.7969003841410247,2.962023405168504,2.9653654132787315,3.0302230689177696
2021-03-18,2.576779576147836,2.659753073412128,2.798978387814779,2.9695154440948084,2.983616605584092,3.0596085397950374
2021-03-19,2.5645576701871686,2.6455752713606837,2.790858849913078,2.9608331580745473,2.9816818522970645,3.0680558777162137
2021-03-22,2.5769483897296572,2.6600890754522744,2.8115939985586924,2.9762999523037057,2.9859889213496813,3.061253823025024
2021-03-23,2.556602605016141,2.633663129625607,2.780428958887235,2.94476261852017,2.9608670784173956,3.041589932358519
2021-03-24,2.5665615341618926,2.6430595587556778,2.7863298928387064,2.9466612191102657,2.95096987999571,3.0271854151840447
2021-03-25,2.5891039460060004,2.656164986925548,2.7827467081974784,2.935869864308758,2.9429613836163924,3.0186922328735295
2021-03-26,2.576941012717437,2.64584013283193,2.7745170086057813,2.9299031360160632,2.9373448825924307,3.0107074912076484
2021-03-29,2.5642567075643328,2.632973764197195,2.7626560583897883,2.917718846443267,2.9306627423302727,3.0102123110467542
2021-03-30,2.598320635825716,2.648410859535715,2.7581215280864875,2.9039082209980487,2.9147900921646146,2.9946575075015374
2021-03-31,2.5939903775573034,2.646389681512767,2.7595904411790526,2.907139678746346,2.9167647858814676,2.989236184958096
2021-04-01,2.6153196583257667,2.6599181237515297,2.7692115595425153,2.9093554536343857,2.920087223464584,2.9956028132161543
2021-04-02,2.638107056980914,2.6780413991669554,2.7835394788649834,2.924457167854607,2.93921909687362,3.0163042056039497
2021-04-05,2.669404962072203,2.6963050332089016,2.7879289000970724,2.919423598913887,2.9364333668389078,3.0138789389722036
2021-04-06,2.614325811840527,2.6584661820409377,2.768418862070768,2.9118782436981054,2.9336532747642767,3.01835827124103
2021-04-07,2.6035926747169307,2.6465451798701123,2.755249070136056,2.8983328666043464,2.9229183185826715,3.013655347694088
2021-04-08,2.568928921878258,2.62117364900453,2.7376518226273747,2.885238541779627,2.91071663938147,2.997725266629923
2021-04-09,2.570576757280363,2.629353856267629,2.754062909050161,2.9025642695314935,2.929364176188507,3.013339234459678
2021-04-12,2.5575877928362214,2.615901821163793,2.7460709250217956,2.897941868446276,2.932182887039327,3.0251648452144924
2021-04-13,2.5497760059114687,2.6060447733154395,2.7416357543279917,2.8900499628815672,2.9143401875342274,2.9953619882731175
2021-04-14,2.5536409147396,2.6038057026150314,2.7321298459969987,2.878203175608366,2.902136633611791,2.9854521820242854
2021-04-15,2.5727803895331136,2.6232956408357078,2.7517511779706862,2.89754957121836,2.9196050484917477,3.004489687621601
2021-04-16,2.5531436585545286,2.612841221147077,2.7516158444276413,2.895153955301911,2.90826990286488,2.9755563649715593
2021-04-19,2.585993184722298,2.63993907471529,2.7761862871199647,2.919249141935079,2.936466029232257,3.007241183721738
2021-04-20,2.5555268586420175,2.6067528938819615,2.748248295116557,2.8920045746639165,2.9144075497562927,2.9947047250987566
2021-04-21,2.582177803878713,2.622296433571194,2.7493059409494207,2.8938176669288156,2.9139691686051403,3.0000877708849782
2021-04-22,2.6030558339397145,2.6359090699413343,2.7541848639546114,2.889629169192826,2.9002888986946758,2.9782526387456705
2021-04-23,2.6373301187820766,2.659080788658274,2.7713277253414823,2.9008052453222106,2.917595944009613,3.0035830879154557
2021-04-26,2.634255335788718,2.6495510612936806,2.7608579409392333,2.8899999518145654,2.909146601500721,2.9990223827742524
2021-04-27,2.5878199927506356,2.6075553117309567,2.722455150996934,2.8581497399542526,2.885356531414697,2.979786971167048
2021-04-28,2.5745797907748202,2.590614586512418,2.7087210709876426,2.8397769042677754,2.859801700742939,2.944902075750439
2021-04-29,2.578661184590495,2.5929414777610265,2.7106446995414317,2.840689234362355,2.863368316570079,2.9499780423384876
2021-04-30,2.6027135867021407,2.6131350729115566,2.7189118170552766,2.847600278828617,2.8798534564787985,2.976742439948569
2021-05-03,2.577560798380174,2.589066775115185,2.698664760126221,2.829450317275097,2.873815943761543,2.974965732223249
2021-05-04,2.6107843234905093,2.6206900384762064,2.727186466982302,2.863495358282318,2.912060113512186,3.0185829849765202
2021-05-05,2.6346066074403707,2.6433008719748092,2.747811340395481,2.8891172297506262,2.946324710042119,3.064781781963286
2021-05-06,2.617382473113151,2.620037460555558,2.726712820884656,2.8711512235236007,2.9246090906793554,3.044423198204921
2021-05-07,2.607694767927763,2.609425279679248,2.719026424278746,2.8567869536193644,2.900351740794329,3.0033559993799077
2021-05-10,2.5992302158000866,2.6103487561348464,2.7240656366409888,2.860226926235173,2.908999431772372,3.0091557048415662
2021-05-11,2.6116517939823347,2.6168917581734488,2.7207901538145856,2.848861153434443,2.8929026227647916,2.987608102434207
2021-05-12,2.625574132544466,2.6258448914352734,2.7239058882357257,2.846180157120262,2.8852080053116476,2.9790804799377413
2021-05-13,2.615988106190831,2.6134137169363614,2.703794915773564,2.8280475204471944,2.8716717578756237,2.973256484471947
2021-05-14,2.654589345030726,2.6446243211331315,2.720079957914636,2.841268465712879,2.8854010993072734,2.9870935688215465
2021-05-17,2.638680840632424,2.6239107503328754,2.6893267439575848,2.812852998771508,2.865330696440478,2.974443064903969
2021-05-18,2.661098723046532,2.645265396402584,2.7099408699920557,2.8350897564206514,2.8831794243608457,2.992564245520875
2021-05-19,2.66638387298451,2.6525200313153774,2.7225431281029073,2.8488455902143595,2.8920368719227962,2.9970508975253147
2021-05-20,2.6880393393687556,2.6624701611221777,2.728635156821738,2.8473378583497397,2.8922269614007186,2.997866981299301
2021-05-21,2.6781202916831797,2.663048161149713,2.737034785894468,2.8576296988664978,2.8970298241673307,2.998920788949735
2021-05-24,2.6334171891537768,2.6274387550233262,2.709531717570033,2.832130366244628,2.8663326010091303,2.9617470784814572
2021-05-25,2.63429831383528,2.6305981087627015,2.7181586363584187,2.8412563360074516,2.8746732407035203,2.970302636302748
2021-05-26,2.677680985229874,2.6673630750386645,2.7400215920728614,2.8570226772970897,2.882409212036356,2.9739887882226888
2021-05-27,2.695284160319842,2.6907049845207642,2.7708353012091385,2.882289440549765,2.8936120869181794,2.9709547415748734
2021-05-28,2.7240933496397424,2.7155585164601224,2.7819847279490677,2.8933417547688953,2.89726200072629,2.9758681222627485
2021-05-31,2.7184429780809602,2.7118709482015215,2.77855110130215,2.88419503657642,2.88084485078273,2.9496043551490434
2021-06-01,2.707663948144092,2.7069543417988213,2.7813734234996432,2.8853115013148076,2.873758828889783,2.931095377802521
2021-06-02,2.7532076149108695,2.7437520079771436,2.8149004877456316,2.9090361148864066,2.895526760578399,2.950293631517233
2021-06-03,2.7328736760227716,2.734075222914207,2.818983635427148,2.9224354379010844,2.9167105328913974,2.9730659532008477
2021-06-04,2.728070349106498,2.732615394326505,2.8243717380642472,2.9293901998404888,2.911512232730539,2.9525760730205075
2021-06-07,2.6630352649662385,2.6771254309550994,2.7770776897816463,2.890004770172221,2.8788367438942557,2.927687071097357
2021-06-08,2.6527708038258426,2.6804695121189686,2.7887361948476346,2.909733366712295,2.893466115472975,2.936470622699899
2021-06-09,2.6377795591982283,2.6658351842442,2.770259015267297,2.892741544329834,2.8813077403848233,2.9254632003648338
2021-06-10,2.6537779905229666,2.687655534459804,2.800282600033767,2.925601068481758,2.9140560431873,2.9647576857336566
2021-06-11,2.695107565013149,2.7256357485713143,2.8357416446222605,2.9585790940159074,2.9394050814198924,2.9804632183351814
2021-06-14,2.704105731363434,2.7238576382558923,2.820560519971134,2.9313622428001462,2.9160156649531506,2.959860054123468
2021-06-15,2.7331171913194074,2.760549772831402,2.861260370944469,2.9715234317981762,2.9613201156276245,3.0078932981168687
2021-06-16,2.7331490863204913,2.774164827494516,2.8869483748065354,3.003550057727373,2.988888485957277,3.030653817539801
2021-06-17,2.714054501960617,2.753387525616801,2.8616995163361185,2.976255488698462,2.960425120873102,3.003500254671944
2021-06-18,2.676222310191907,2.7197153575645983,2.8337003910822243,2.9529394705055427,2.9436288116558695,2.988681105969258
2021-06-21,2.6804834223128,2.7270886364056093,2.8508173217322126,2.969500687147832,2.9563524314287117,2.994452989934856
2021-06-22,2.6712727666658878,2.7236478230637156,2.855255437709844,2.98342182272173,2.980081764382851,3.02825730792586
2021-06-23,2.6763076645147583,2.722996182722665,2.847660782993271,2.9699892333972757,2.967354677748202,3.0121957232811183
2021-06-24,2.6763342495525246,2.7119599621578705,2.8213121582956417,2.9370749449392397,2.9368215334675476,2.984381931010838
2021-06-25,2.6270093420616245,2.675807157785967,2.796220738674544,2.9195037598357287,2.9176094578901823,2.9623673536832
2021-06-28,2.637450879875359,2.688401080047844,2.8062860501144207,2.9301562239545733,2.9199912685951883,2.959116561463057
2021-06-29,2.6230957583176018,2.67946943537101,2.7940480807184747,2.9164798677771024,2.900504698311542,2.935221406410622
2021-06-30,2.638220723790408,2.681895456962654,2.778144184849676,2.891523404659914,2.8720653477038316,2.9055385787022536
2021-07-01,2.6178556886887208,2.6620682657760626,2.7569816964642033,2.876085255491277,2.857079263743757,2.8896616839263385
2021-07-02,2.632995995042307,2.6728303689830417,2.768919991941374,2.889988901290688,2.8680264288408357,2.904938573949842
2021-07-05,2.6656427269783465,2.700442788441443,2.790539247704538,2.902506634892087,2.864694263325346,2.8849880405071158
2021-07-06,2.642905742734884,2.686786610383825,2.7920431353405375,2.9075789191396657,2.8613630273884394,2.8738732340481046
2021-07-07,2.646496180234351,2.6838855024473434,2.7840175788013313,2.893676533553673,2.8423994939190647,2.857373912265735
2021-07-08,2.6602644745068695,2.7017282705431693,2.800750012600325,2.9112762085850177,2.8499566484340657,2.8558280693175124
2021-07-09,2.6579419255896357,2.6909445996091645,2.776968983443669,2.8827594574135844,2.818253144121151,2.818587456934469
2021-07-12,2.646584994688988,2.677266461870093,2.7624478973180397,2.8667288430051956,2.8060999423633923,2.8074049002549915
2021-07-13,2.605434662842104,2.6501021252866517,2.7537164014859083,2.8658988066257525,2.807380529953175,2.81032324883728
2021-07-14,2.6443512292361024,2.6912859921816925,2.7899275762498728,2.8979155684402604,2.8275553954894517,2.813464008172989
2021-07-15,2.625613051756905,2.6692280408647227,2.7703855633233427,2.88530141879432,2.8303599429377617,2.833988008307046
2021-07-16,2.6359260018380386,2.681802960015106,2.7825410902850845,2.9013451652046425,2.8516210783523412,2.867531514667215
2021-07-19,2.621187454295859,2.670632325960913,2.7723247670214652,2.8937171645407522,2.8431260316742586,2.8566182422341067
2021-07-20,2.5517470947105103,2.6102954397741374,2.7284028223293375,2.8593065360862244,2.8103082668004986,2.8194291716211923
2021-07-21,2.5501524964687663,2.6137387313686897,2.740136867449926,2.8670395791494805,2.803811798475372,2.7954934253521193
2021-07-22,2.577154681931801,2.640773586461674,2.765892953479873,2.890129220511604,2.8272407389151732,2.8157428807706912
2021-07-23,2.5722211883925623,2.6302424342948614,2.7486989644726014,2.871832614661597,2.8165439406131068,2.816386400591536
2021-07-26,2.5872341318712957,2.6501231248663344,2.7727827993332954,2.901037095308007,2.840729262403361,2.8302535524917585
2021-07-27,2.5772941210517053,2.6488971900687304,2.781238341367882,2.910630319039477,2.8506796582872105,2.833965169152107
2021-07-28,2.5812175591326896,2.6488544891377606,2.778114852298524,2.9105701411675167,2.8559661312948696,2.8450436920665982
2021-07-29,2.596888073643005,2.6606446578699345,2.78310579933837,2.909784327417402,2.852350847063265,2.8402922410614106
2021-07-30,2.561035277831305,2.625872575199417,2.7571944208369605,2.882207646638327,2.82926077957705,2.8208491875360844
2021-08-02,2.567217099765648,2.6342909000893986,2.7640348997779896,2.8847984130572293,2.818427968076304,2.79386978622883
2021-08-03,2.577180495079632,2.6540462638620586,2.7925664580089276,2.9139406249347477,2.84487851058307,2.81900264238126
2021-08-04,2.5903873342847046,2.665160061573151,2.8039048941729323,2.930104949497717,2.8702551357683737,2.8500297275277093
2021-08-05,2.5517768870839137,2.626675217663038,2.7678223817276666,2.8970244606893845,2.846166763274107,2.8389176174063304
2021-08-06,2.5163365717216464,2.5937069937491195,2.739571051455562,2.871208749064721,2.8182518831159573,2.811638429565985
2021-08-09,2.591730346341797,2.653052935962872,2.7824418741164676,2.901917712529438,2.8499342956515994,2.850405463139583
2021-08-10,2.6143900065435077,2.660719885329285,2.7758686754470046,2.8858636695932467,2.83317817309383,2.8349974441777825
2021-08-11,2.6121308651813355,2.6551122155564717,2.7685871945292586,2.8819929638042114,2.837844330793746,2.84605033188348
2021-08-12,2.6160316330527467,2.661819967469175,2.7737449384838033,2.885394775347626,2.8389857551607856,2.847563825860728
2021-08-13,2.6609175713226083,2.7031983616871695,2.8088009538595196,2.917144606646179,2.866620487164572,2.873967486350893
2021-08-16,2.62279750982972,2.674740615401936,2.789701771194073,2.9068513885765004,2.8601256652837854,2.8726634267780016
2021-08-17,2.6260969843551707,2.681963381161421,2.800532751612499,2.9256713407015447,2.893413615252746,2.9200526629357073
2021-08-18,2.647010869650336,2.6979753475107415,2.8110561795507683,2.9316608853710573,2.906140853654799,2.9364552104792145
2021-08-19,2.634660514217112,2.6857202257572617,2.8015984257517887,2.9277358068544608,2.9059979832085063,2.9483847366330354
2021-08-20,2.6618097632267395,2.709808164227269,2.8185126700172765,2.945196362763784,2.9201869632364277,2.9658046962903994
2021-08-23,2.632391180135075,2.680250482597873,2.78966657938803,2.9150905170182413,2.8891794022051203,2.937284207971965
2021-08-24,2.636265135484895,2.6893350613416787,2.804884016603832,2.936018609756042,2.910910824048926,2.960214715294601
2021-08-25,2.6496922588405503,2.700252150359799,2.8150073617663214,2.945260863820961,2.921438365589023,2.971278594523916
2021-08-26,2.650165682861895,2.704581848574407,2.827597658503668,2.962120310853893,2.9426533629196308,2.995133319917824
2021-08-27,2.606056291128678,2.669366368680844,2.8084434006421266,2.948579653923946,2.931718046643145,2.9851710942375944
2021-08-30,2.588628354064424,2.6533513843559824,2.7917406835514553,2.9328973721095326,2.9236326943229973,2.9779016044493307
2021-08-31,2.6097126924034924,2.670029923694752,2.805765624189685,2.9425531872413315,2.924299200167629,2.977915887644394
2021-09-01,2.599549581027756,2.6592729533381743,2.792717569144578,2.9315789228877063,2.9107006618238658,2.9600496800898815
2021-09-02,2.592656448961824,2.6497730639855046,2.783254425615719,2.9239280580440172,2.9044049789839725,2.955893755811763
2021-09-03,2.5919986811369906,2.651940104304768,2.7869833390590752,2.924774712000321,2.908665350817861,2.952834756964603
2021-09-06,2.6317923683486133,2.6854942061870686,2.811550751978728,2.947825402271362,2.9338831551927553,2.9878555147176202
2021-09-07,2.6465896678848013,2.708562041224728,2.8413472504686563,2.977162938510522,2.9538321052621273,2.99499639249303
2021-09-08,2.6320143064357984,2.693816094526364,2.825163815817269,2.962973768485122,2.9476781143176756,2.9934094487364464
2021-09-09,2.649925877726096,2.7032840478178324,2.8263494063254413,2.959470755935029,2.947237134847701,2.9981142677069244
2021-09-10,2.664514429795418,2.716958386176572,2.841367598410594,2.973108139294025,2.9646409622845757,3.0197732112304188
2021-09-13,2.6732039828345853,2.725632233172728,2.846022821200096,2.9757856749427676,2.9702657058226274,3.0257520366108497
2021-09-14,2.667058000247861,2.715574285851013,2.8317506370947005,2.954831807407024,2.9458787001405504,2.998455574233606
2021-09-15,2.6912603076770676,2.73173168250527,2.843390011859061,2.9656869234346606,2.9619836502100934,3.0225586639446473
2021-09-16,2.712648018317294,2.7493802425543756,2.8615746206306785,2.981269777476196,2.9735418266521103,3.028718476119122
2021-09-17,2.7577005900500122,2.7865581795931345,2.896404473747317,3.0138619903355037,3.0105618031978185,3.0689063762498168
2021-09-20,2.7847363153814215,2.8121456107127605,2.9222888757970873,3.0365856497889743,3.0371813366481075,3.096872545454679
2021-09-21,2.832362653702656,2.8658904647808865,2.9814100063918203,3.0978759402145193,3.0881000669676957,3.140537895197443
2021-09-22,2.7984393044386318,2.835914612658729,2.951668218399302,3.071315070771631,3.0703311139838805,3.129023593322435
2021-09-23,2.838266341302572,2.869140412194689,2.9726500130696762,3.0870670229352815,3.0892508163166865,3.1526678514831206
2021-09-24,2.860277668455307,2.887816832671805,2.9855834049137777,3.1004325688228525,3.102875789157136,3.171375619384965
2021-09-27,2.900781831307,2.922079854221473,3.0075844325908516,3.1176724955665778,3.1175422128587242,3.1841602478497326
2021-09-28,2.8982049593616965,2.9220084034880425,3.0138953547780583,3.1298591090454906,3.140674973088139,3.2181138346661187
2021-09-29,2.8763308802181324,2.905718085594021,3.00426411921313,3.1215507590338945,3.1356709401749745,3.2167562502349045
2021-09-30,2.8668066944611628,2.8948252706465523,2.9892920038452475,3.1008148242562754,3.116406886699861,3.1957100666020466
2021-10-01,2.912206681516971,2.9380700785559237,3.028441105733717,3.1352247145614482,3.153113409451811,3.2360979459368626
2021-10-04,2.8778955647458284,2.9022074403814675,2.9866377882218504,3.0876299565745673,3.10842671912809,3.190190254493641
2021-10-05,2.8653990394587643,2.8918472823896724,2.9812805761136487,3.080544774140069,3.0937323261754304,3.1706184023334423
2021-10-06,2.915616817802554,2.927409048093128,2.9973921642464334,3.083359058103079,3.083892691297677,3.15061806666385
2021-10-07,2.9144652833081945,2.9114281813964356,2.969738362488779,3.0491782114111463,3.041515801367071,3.104325000858867
2021-10-08,2.9268687721650917,2.9292613946588113,2.9897386635646948,3.0702732999976172,3.051458289183867,3.0982507564475172
2021-10-11,2.910020299310803,2.9159234081105745,2.9773274217164154,3.058657209182403,3.0471390225837816,3.101409449124801
2021-10-12,2.875363648943148,2.8826083289157514,2.9506065567167648,3.0341338729824407,3.0240505125795445,3.084382424278315
2021-10-13,2.8843099153389886,2.887265556841778,2.951018937350488,3.0302470521831855,3.009768999895066,3.0590493772730163
2021-10-14,2.882059987191533,2.882252502107819,2.9408797800149404,3.0118649357714684,2.9816001395475267,3.014115207471685
2021-10-15,2.883714270242097,2.889351641659119,2.950658709979868,3.022791897538666,3.0006133125726664,3.039683589245132
2021-10-18,2.8580414597807065,2.873910402446776,2.9544203698879548,3.0391274381660955,3.0301363414320703,3.078239193802248
2021-10-19,2.84771403352657,2.872312321111478,2.969043455430127,3.0568054829927727,3.0497010336791748,3.1003273257013095
2021-10-20,2.831499520726713,2.8583012997808117,2.962794090169611,3.056657188379819,3.056595629417615,3.115642672523594
2021-10-21,2.812908516720533,2.8426787941312357,2.9485734380804423,3.0472285286721608,3.0551197996797654,3.1231471561038755
2021-10-22,2.810044819792251,2.834316244548661,2.9350915118567884,3.0284683719211736,3.0373686687057107,3.1040995167567464
2021-10-25,2.8362346203981543,2.8645968032568305,2.9643296896470606,3.0561194607529854,3.058551637723722,3.120622074291034
2021-10-26,2.830511890240894,2.8664976443964356,2.97015050698586,3.0711544696563653,3.073484386976656,3.1322718833212106
2021-10-27,2.848866588265735,2.882275797616517,2.979598390796866,3.0815989332680687,3.0939064691873277,3.164860762556523
2021-10-28,2.8504256369144017,2.877307699045099,2.9694105460154807,3.0653773119235987,3.070407368970982,3.1321599207232373
2021-10-29,2.812236231076848,2.8480821280876865,2.949846519739829,3.0438738651907644,3.030232709521264,3.0740105956431374
2021-11-01,2.811708446016903,2.8446401618643797,2.9470039335499605,3.0425944850310396,3.033458111044116,3.080121845171215
2021-11-02,2.8299425580111666,2.8658918338913453,2.9670388199713518,3.0667784129561495,3.0581076618017526,3.1048012638991365
2021-11-03,2.8216207370339643,2.850056586025982,2.9425405685330297,3.032153507197485,3.0198040260839405,3.066645995179688
2021-11-04,2.824254376251993,2.857026864203343,2.9513437680200574,3.040079702430113,3.021241000408059,3.062437514170501
2021-11-05,2.8387677455899674,2.865446888824085,2.9517217753999927,3.034960776813726,3.003486938443534,3.0439248156619287
2021-11-08,2.858562032157794,2.8820029565768324,2.9581110661854204,3.035825983151263,3.0147670444691457,3.0641140531779394
2021-11-09,2.9093462544029416,2.922949612410049,2.9917347229412163,3.055573609530721,3.0211541687003294,3.054704653429631
2021-11-10,2.9292529300381647,2.9362206973677374,3.0010874255971727,3.0666768919867957,3.0443338966528035,3.09024334343522
2021-11-11,2.893881796272822,2.905798990796157,2.9767546438486097,3.0442163859205125,3.0154814423090204,3.049673727143346
2021-11-12,2.866174755038081,2.8941667543946763,2.9836293230669604,3.0644001570242567,3.0457215354235476,3.079794984141474
2021-11-15,2.9072552649913397,2.931305996218839,3.015593134560457,3.0891342562764277,3.0586814063182857,3.084706080436686
2021-11-16,2.93342801136466,2.9507295000711062,3.0338722078243507,3.1042626384877243,3.081243662584062,3.1107494028099247
2021-11-17,2.875401177831627,2.908417113478309,3.001861813881018,3.07680494017219,3.048341844487611,3.0686796613819713
2021-11-18,2.8790531320519257,2.904969551409681,2.998731919727905,3.0700562034496626,3.0500525949616084,3.0805313167320034
2021-11-19,2.8960867611583643,2.9115802392956467,2.9948450473933406,3.0595792873242162,3.040630914142189,3.070861937877435
2021-11-22,2.9081661928057283,2.9252198844061637,3.0091379473622277,3.075951547653448,3.0591260722447884,3.084644963265271
2021-11-23,2.9404167378665225,2.9607356255086232,3.0390124615534013,3.1028261228692644,3.082064406990881,3.101885231834143
2021-11-24,2.952340241570823,2.9675930138032056,3.039719581679035,3.10410869393174,3.0900196144007457,3.11363590151283
2021-11-25,2.946850365500327,2.972444116652099,3.054289747029389,3.126200786167617,3.113986581040336,3.141318299561177
2021-11-26,2.932985416583645,2.952958275669339,3.0388948510379077,3.119163321428198,3.1226564471752516,3.159247587309054
2021-11-29,2.948147523908896,2.968195651129727,3.048583687515776,3.126043410512044,3.1339987518668733,3.1704147639798954
2021-11-30,2.943627961887567,2.9685163897339484,3.048218687394603,3.121014404318888,3.115446548873424,3.138652937219513
2021-12-01,2.9829476913262236,3.004841109084448,3.07896101030346,3.141595202343649,3.132072831092885,3.1512004999944065
2021-12-02,2.9507836615065477,2.970287520283163,3.045220053968134,3.1147610101805965,3.1189278847936865,3.151185290217124
2021-12-03,2.9675967426784324,2.983464700367896,3.0534062007125913,3.1182103511865273,3.1195139426656544,3.1480728177399904
2021-12-06,2.969799679511896,2.983090532975913,3.051708577912313,3.115231583253257,3.1172543314690992,3.145105293300171
2021-12-07,2.9897642955713373,3.0014518151133482,3.0665025845421803,3.1309523118721745,3.1313938493830134,3.1630637602939657
2021-12-08,2.9927277009747373,3.0023000141398546,3.064363450338394,3.1197941570050873,3.1101968798565296,3.1341463892821406
2021-12-09,2.9676615091242375,2.979621786337775,3.048915315929544,3.1053222920195678,3.095649164347418,3.118023641793864
2021-12-10,2.9668561415002546,2.975687115642459,3.0451208715163363,3.094092756666913,3.0759049299822876,3.0832536716973653
2021-12-13,3.024525641027939,3.0251270639910204,3.0848056563884416,3.128832312765921,3.1126853732580804,3.1238306185519717
2021-12-14,3.0267823544813965,3.020297437816791,3.072951282402011,3.118570236418746,3.1165499244570274,3.1392531882716974
2021-12-15,3.018424143743672,3.016510646551717,3.0700623532080353,3.115364800168655,3.099823073268358,3.1105537067414124
2021-12-16,2.9889059840794614,2.9860990372763276,3.0455479839171424,3.0945392680747337,3.0822945615419424,3.096958649564064
2021-12-17,3.0005635628513567,2.991407198618462,3.0406861261637492,3.0758584029165315,3.0360744179100045,3.0341928703275625
2021-12-20,3.0042287895568984,2.998287873673267,3.0492806294395542,3.086215405769952,3.0539750210452983,3.0567546989329295
2021-12-21,3.0022949521425155,3.002611614702249,3.0582509431702487,3.097189854492285,3.0641146964536587,3.068266913219866
2021-12-22,2.9759158691573617,2.9827029863695556,3.0456940573142144,3.0867808758563258,3.0565878794819064,3.052991210367733
2021-12-23,2.949856314693952,2.9626391249045714,3.0226418376742297,3.057436402752906,3.0142527249094755,2.9979263978171056
2021-12-24,2.9485906760450433,2.9564143726131165,3.0103968048715104,3.0383007046495925,2.9897175597712597,2.9692002930246217
2021-12-27,2.934799849662271,2.9437960264235965,2.9965841631689902,3.024965931685987,2.969898040979052,2.9458744934035024
2021-12-28,2.918086687864665,2.9255318802615013,2.9772596150403072,3.0056036493985814,2.9537933754512427,2.936025503276019
2021-12-29,2.922401411415101,2.932651461328306,2.98161809820192,3.0096216435006293,2.9550375214117857,2.9351106791803576
2021-12-30,2.9537860298038967,2.964696549836323,3.011962900109881,3.040234687059129,2.9818429887513065,2.958700893631595
2021-12-31,2.9529847785678296,2.9631940729719335,3.007422229468495,3.0384044613465373,2.98115574218969,2.957266762447413
2022-01-03,2.9170613658012985,2.9385384994927986,2.9966262486096458,3.0362611785558054,2.983827906248184,2.962103090166126
2022-01-04,2.948303226140095,2.9680248512391225,3.0206002030826102,3.055653824651656,2.995354995589617,2.9717891158308225
2022-01-05,2.976541206519395,3.0005067908182426,3.057907420327742,3.0966802745442172,3.0347569257594906,3.0123041926222416
2022-01-06,2.9760895270857164,3.006598148266392,3.071589004283557,3.111683208904412,3.046861646417028,3.0211410986298333
2022-01-07,2.9749080083025072,3.001338214306425,3.06337150033053,3.0963507447996945,3.0277016418511673,2.9954497784562917
2022-01-10,2.965447847276127,2.9803652616088474,3.0297103619392707,3.061189189390249,2.9987796001215985,2.9736092297239183
2022-01-11,2.986399015638567,2.9978054535282985,3.041138773627861,3.070342195355892,3.007132568993328,2.979814347503068
2022-01-12,2.9805780523120706,2.99662629970458,3.048749670711827,3.075956792591088,3.013675661008183,2.979520850014752
2022-01-13,3.0412636608739425,3.0500594842498225,3.08807210314933,3.1066569525462415,3.0423782364983265,3.0061780223047507
2022-01-14,3.0085055223786585,3.024133392431491,3.0768194723250266,3.10126899184207,3.0365217037153625,3.002895769119535
2022-01-17,3.037515878588839,3.053411434690863,3.103131496642561,3.123375049248935,3.0535258513710355,3.017244945295584
2022-01-18,3.0302218647276424,3.058797863099666,3.1208412022430494,3.1453798401615805,3.075407341615142,3.0368301490052403
2022-01-19,2.9987218571150844,3.0375225781168496,3.1020020611435717,3.1305874879730684,3.0598201740042645,3.017015837206564
2022-01-20,3.0192507261924977,3.055982153322405,3.12339581976045,3.15884222250061,3.10573159203295,3.076158795809927
2022-01-21,3.00915429798378,3.0483710081342723,3.118901286112833,3.1464447624195246,3.0740195411593287,3.0249101217157532
2022-01-24,2.9928026830649412,3.0319202514717567,3.1074354584135495,3.140767198773014,3.0841039872420355,3.052431126123035
2022-01-25,3.0001269359057585,3.0399308501355757,3.1198544951315723,3.1522140045786426,3.1000937178581287,3.074561030519049
2022-01-26,3.0131238917744185,3.0455748614951186,3.1220612501247387,3.1484577931066737,3.098944847249842,3.072333158345385
2022-01-27,3.0202625617452927,3.0554761159239323,3.1356401813724766,3.1658707944588627,3.124769018539534,3.1018471125516713
2022-01-28,3.034511297583547,3.0615927778137326,3.135853402224277,3.1562509973942587,3.1129866618589097,3.084734124217228
2022-01-31,3.0164271514576315,3.051932885970745,3.133110731040234,3.1635460384672696,3.1271326188029387,3.1011252075295523
2022-02-01,3.028932415324495,3.0498358463941626,3.117580873677933,3.1455788446958,3.1155303392871256,3.0989387625992095
2022-02-02,3.0201195110141064,3.0445393100308222,3.117780783030796,3.1527387281075776,3.1279309816449548,3.1153869621992025
2022-02-03,3.017278651593596,3.045794925893777,3.1214984571283244,3.1562459518471995,3.1264581895130976,3.1100311891428802
2022-02-04,3.014166030242629,3.0451640569642073,3.130804791334327,3.168588062034267,3.1352869725470756,3.1189127257854445
2022-02-07,2.999602739449814,3.034402341938762,3.129335676664755,3.1761564978468497,3.1567882964238247,3.1566553735007234
2022-02-08,2.988290939724356,3.0285788673319987,3.1309241474210237,3.1721434476316634,3.1423859361116064,3.1312042585669135
2022-02-09,2.957456223022924,3.0032919677933965,3.113622555496331,3.153036956437968,3.1195653534928187,3.1011822824553765
2022-02-10,2.9414567515398886,2.98237970449011,3.091023528717271,3.1369606815564444,3.115858206250017,3.1069367552579155
2022-02-11,2.9609938069553343,3.0063384990237125,3.1189112699448325,3.16400285292625,3.1386337500456256,3.1208397546164135
2022-02-14,2.953122863720816,3.0035067973318177,3.1270218780903956,3.1706316602752604,3.1561099552175516,3.1358017718602134
2022-02-15,2.9427421753841565,2.9796123099981546,3.091101769823889,3.130335573999105,3.114991723253543,3.107609203962781
2022-02-16,2.961741086350733,2.9966493957107376,3.1032066572423025,3.1456316164002414,3.1357066159370484,3.1373313326843926
2022-02-17,2.9565362438880403,2.9980112970443793,3.118424309085826,3.162723693142773,3.1489092435173944,3.1417998397644036
2022-02-18,2.967880023760485,3.007939424449411,3.133147323089228,3.179614774772779,3.1660936621650246,3.1545713031662452
2022-02-21,2.989744557801347,3.0325983928869604,3.1582313095036545,3.203836610378932,3.178668144490353,3.162486877818426
2022-02-22,2.962023126604348,3.004161301572657,3.124535003350084,3.1696390078707926,3.142275063029799,3.126531052985484
2022-02-23,2.9717995446887513,3.0050160082162436,3.1223921844001357,3.162802031878606,3.1392640118927013,3.1254454178433106
2022-02-24,3.008085438607585,3.038965090838197,3.1551432260292893,3.195627324238752,3.1668451120750745,3.15262606771075
2022-02-25,3.013945842988406,3.039952789671209,3.151163921081317,3.188201637051618,3.149433941553217,3.131543857179359
2022-02-28,2.98244510303213,3.0102063915683277,3.1276949828558536,3.166640757402064,3.13137544959662,3.1117489799810705
2022-03-01,2.958677091204023,2.998683967586638,3.133218493408677,3.1817809708041978,3.1489326444524974,3.129330071086348
2022-03-02,2.9715044797428143,3.006352712302894,3.1247437632388375,3.1686482243353473,3.13469447932577,3.1179704402399633
2022-03-03,2.9560978153635524,2.9950090677716594,3.119126377206601,3.1635494147948906,3.1261893611816225,3.102222923735362
2022-03-04,2.9332212607942543,2.9628637879627777,3.087243905377747,3.1315500467720145,3.106026076564525,3.0940010655138273
2022-03-07,2.902144822456638,2.9313615296463613,3.0600912751639116,3.1130162045837197,3.0967171644043656,3.100386246713585
2022-03-08,2.892856512064254,2.91577303506,3.0373766691472937,3.0891424087671053,3.0789665663176664,3.0847198731194383
2022-03-09,2.893964248071944,2.9254719680779857,3.0581349616871023,3.114933712338792,3.1047129153397597,3.1004553755551236
2022-03-10,2.8754785275956096,2.906048588067243,3.0397174831987597,3.0915751807976384,3.0792496609924185,3.066589694175009
2022-03-11,2.865229049776148,2.896365321354795,3.030028394312038,3.0756646997045722,3.056131813480253,3.035272473245431
2022-03-14,2.897801415649411,2.922064233862576,3.0453446374870103,3.0924896676752365,3.081593188102601,3.0716225785983404
2022-03-15,2.8855867360144467,2.917991748919724,3.053186527486207,3.10632484284375,3.098696282062935,3.0891693112090284
2022-03-16,2.8941455287465216,2.9210620857950227,3.058406880556569,3.10856152666746,3.10169650807177,3.097126384184301
2022-03-17,2.8942222976651055,2.925282378120732,3.0630401000318823,3.1066285402764118,3.093927126488165,3.0812422601029765
2022-03-18,2.864599743660152,2.8932387625649763,3.029476907410091,3.077404870246528,3.0779693462638593,3.079932180890981
2022-03-21,2.8278830219003606,2.872101103228755,3.031731175711551,3.092159908188874,3.105395749924301,3.116515003683755
2022-03-22,2.8271510473536,2.8736202011729333,3.0324018917030138,3.0866701259935394,3.0819542715379815,3.076852968967929
2022-03-23,2.8216556592332545,2.880414807750984,3.0531471320874997,3.114792613514931,3.117718720479443,3.1106266720004707
2022-03-24,2.832217071630194,2.8859030900354172,3.0536032059455644,3.108518089492586,3.1024839274981257,3.08891871275725
2022-03-25,2.8474058151076687,2.9058401536792777,3.0737137984330554,3.1318016047400405,3.1378888052573575,3.1340682202894015
2022-03-28,2.8439724051192434,2.9021215168200403,3.0726019573135233,3.1361214246753386,3.1473864046896227,3.149420271894148
2022-03-29,2.7961595798240317,2.8674781770884334,3.0531275714509833,3.1284894558270313,3.147347188665696,3.157577455013003
2022-03-30,2.767177440563252,2.845232435111405,3.0404567054707585,3.1172241859525696,3.136023269149721,3.1393488622598986
2022-03-31,2.754166526118755,2.8378096383529794,3.038164328096174,3.1165762312489953,3.1351323913562474,3.134384930416009
2022-04-01,2.7054576376243626,2.778430469210377,2.978759663515052,3.0597272179476493,3.0922848539679997,3.1062670972016684
2022-04-04,2.696374036677825,2.7741804194536055,2.9839286590302363,3.0622382885939903,3.0867947731945837,3.089434947564937
2022-04-05,2.7009005769683716,2.77049763788737,2.9759490512269977,3.053474369738966,3.0831533814851126,3.09312230009723
2022-04-06,2.700878307064878,2.768386284627351,2.96874293392429,3.0422605937538334,3.0710835463505557,3.0740213025920626
2022-04-07,2.6747132833661227,2.753554528804508,2.9645693643782876,3.0424454388853213,3.070602586686306,3.0677450994621434
2022-04-08,2.6812712608293334,2.757891123345687,2.9650395215699774,3.046154018142209,3.0728770335396565,3.0738591199766634
2022-04-11,2.7392691757607257,2.8167104383692525,3.026133200729854,3.103153562756115,3.1247732312052725,3.1239829505789887
2022-04-12,2.7181885908769283,2.7989103482537354,3.0143995016471417,3.0948675669406227,3.112603515381224,3.1059830729208193
2022-04-13,2.682672752526565,2.7708683694359,2.990690034630019,3.073924106414899,3.0908820355980557,3.081953138857875
2022-04-14,2.6578074585007507,2.755579248575279,2.9885636898686987,3.0784811906001313,3.097556526907089,3.0889538380947377
2022-04-15,2.6445457830909285,2.740207347295216,2.978520698536209,3.0670323148039165,3.0826776026229465,3.0749529797295687
2022-04-18,2.632146032830487,2.727940329989804,2.970197098361907,3.0619254687156445,3.0858218280297547,3.0809851849152965
2022-04-19,2.6369163850494273,2.7347130503168824,2.9842739051876483,3.0714584242702596,3.082977244482317,3.067428608546715
2022-04-20,2.6527368463693457,2.7418309605631617,2.977103229154279,3.0585072439908307,3.0635471882110705,3.0467800394302085
2022-04-21,2.6659608485917587,2.7542215117677817,2.9856594723323595,3.0585380300253378,3.045258406573072,3.01825873532588
2022-04-22,2.6511456599734524,2.751778593220435,2.998730027630715,3.0781489332752594,3.0565853750403926,3.0229047870010195
2022-04-25,2.6495869204801243,2.740401344193017,2.974399923502672,3.039511669096409,3.00296391599896,2.957576385034065
2022-04-26,2.640792576199659,2.736716887784539,2.9793909929815876,3.0530073014219568,3.0208711720990262,2.9804232269053266
2022-04-27,2.6310854474896797,2.7235882895481898,2.9680222405701415,3.043915280753708,3.023221404369128,2.9987796942251537
2022-04-28,2.651205526566472,2.7385324935498536,2.9782934946145083,3.052874151530228,3.0287267546471477,3.004458088311648
2022-04-29,2.613920111571144,2.702939803567609,2.9412829902573767,3.0167294281668906,2.9860990202452213,2.9569432818423254
2022-05-02,2.6282740132858775,2.7271201476861053,2.9671491817831828,3.042947572781932,3.007958799957353,2.973877226279628
2022-05-03,2.62614925013678,2.721517685529272,2.958772793122862,3.0324143163251502,3.000374242014504,2.972100782480917
2022-05-04,2.6529936499149303,2.7438738812400527,2.9766268542551533,3.0484913589648537,3.0126574023551824,2.988069729778688
2022-05-05,2.645221398923461,2.7381493819030496,2.9713594173670708,3.0440076504614004,3.0101529269916014,2.986910198397369
2022-05-06,2.64946960638624,2.744812290161874,2.973116769491793,3.041994414514727,2.9940517677990397,2.960047989074641
2022-05-09,2.6421099328664632,2.749118629490883,2.9967684846626694,3.071540629607152,3.0215274730818553,2.981261103145327
2022-05-10,2.6834532422760136,2.776555797913168,3.0133506137833836,3.085891436020095,3.042102982128582,3.008000411159576
2022-05-11,2.700237671314628,2.778837805458851,3.001043157278048,3.0702107060856916,3.035619714985429,3.015605883429526
2022-05-12,2.6748184072799237,2.750815202025345,2.9670161037275835,3.0379798195511674,3.0097924145149397,2.996391477243172
2022-05-13,2.709365580577857,2.783455405448661,2.9939080951202013,3.0611653720547145,3.0283566398270407,3.013104284653383
2022-05-16,2.6754249316504235,2.7611351114048484,2.9883085478124047,3.0637485924424235,3.028532815654797,3.010244439523291
2022-05-17,2.7034193954441577,2.7757302239788393,2.993116110458807,3.0639546874417176,3.0419913165456345,3.032255610306605
2022-05-18,2.7353513265172005,2.802311812959755,3.0141455333901015,3.0828089495703317,3.0590001148511017,3.0502059526803715
2022-05-19,2.7231581971233014,2.790812950487059,3.0078557441766827,3.0812727782492444,3.0702138325901642,3.0740693906863528
2022-05-20,2.7577140001755733,2.828035946795914,3.045208163432297,3.118888068925597,3.1109388608298825,3.1150455117814735
2022-05-23,2.7396125177039017,2.816431024762665,3.047828377779566,3.130082747404037,3.13156067725935,3.1450912298356606
2022-05-24,2.7080060021245647,2.7874653387874555,3.020007906752026,3.1134234663648095,3.1309262745954762,3.163696130705414
2022-05-25,2.7250210847180663,2.812600786906921,3.050682594456535,3.1469016625485633,3.1633981555863078,3.193361878163028
2022-05-26,2.7121156315498993,2.808938800813693,3.0553979261922892,3.152619320243941,3.1582480147934398,3.1763511408548513
2022-05-27,2.666717804745965,2.778277364283271,3.039745668950127,3.1433617290505937,3.1419391205032365,3.1584023130909076
2022-05-30,2.6574431906603637,2.770776211838249,3.0358857941290567,3.143825529060107,3.1442687180388313,3.1664212692508595
2022-05-31,2.6602870447661897,2.7700481229864087,3.0357575842441555,3.1455025202585354,3.152053522286877,3.177715958126082
2022-06-01,2.652189333113178,2.7680669853129243,3.038181829784268,3.150500020561596,3.1549961561820394,3.178052666769898
2022-06-02,2.6645844694734775,2.784209518007513,3.059672142496966,3.1739023232165597,3.1821159826661005,3.2075395388326644
2022-06-03,2.6670834675685526,2.7870582821145153,3.0612452395845278,3.1710996359212906,3.177467547437092,3.1957482055837025
2022-06-06,2.6854892214675896,2.8049448672289956,3.076052773433209,3.185667036442582,3.1957585973179725,3.2178358032607166
2022-06-07,2.680616775647086,2.80597129317236,3.086548421782874,3.2026127510826883,3.2263978413291814,3.2555225768059834
2022-06-08,2.6345377830002596,2.7661152273912695,3.0535764070696567,3.1737222785213373,3.201278334241976,3.234630951200353
2022-06-09,2.6479108487054415,2.7864188944407395,3.0840857820644603,3.2075762862269146,3.227586908481465,3.2557222728983835
2022-06-10,2.648327734089545,2.783083240282374,3.073899666813125,3.1979096440884356,3.216984931207586,3.2470964984758015
2022-06-13,2.652708791259865,2.790678850659641,3.082019703589613,3.213573752317196,3.2363137918348124,3.2731235166675305
2022-06-14,2.612810346045286,2.753773896650194,3.0459538485664797,3.174020465772645,3.185979121496325,3.2095145149475632
2022-06-15,2.586767919675554,2.7330071976542265,3.0327932308717225,3.16600237060283,3.1871003783143848,3.219612532592111
2022-06-16,2.535879512409971,2.681823196427951,2.983144073248435,3.1209508603140934,3.150906319997923,3.1896103319785847
2022-06-17,2.5483889774356303,2.7025335051259614,3.0093748799024578,3.1506691889295,3.183440985391558,3.2210430030577983
2022-06-20,2.6006690327317603,2.745104155132001,3.0408504152369487,3.1743268006760266,3.1967968326336833,3.2252620236034764
2022-06-21,2.589694932985974,2.7424665732594464,3.0438088023649446,3.1768694527607395,3.1963361290794303,3.217170864454948
2022-06-22,2.631634999550189,2.7793469908354638,3.0813788720741973,3.213790599439005,3.2307304702290183,3.250884178003674
2022-06-23,2.6393390662440703,2.786065773554806,3.0815171707881914,3.2162321216405485,3.2263161569472674,3.25032552381574
2022-06-24,2.6386655147731153,2.786941949812178,3.0845756435786544,3.230011539623522,3.237187305200162,3.2621006268027712
2022-06-27,2.6323519111160594,2.7818314227653533,3.082612052717697,3.2260669647634073,3.2424773138023597,3.2728728775803444
2022-06-28,2.600659186703643,2.7638327496644837,3.0837355234031536,3.23406761820167,3.2524158814892434,3.281839943550061
2022-06-29,2.586647383782969,2.7529937476786204,3.0791640790462957,3.2323295349223,3.2543495679961065,3.282473515775706
2022-06-30,2.6070555848872305,2.772573726386769,3.0958543991429495,3.2484436206994385,3.267008226821943,3.2924659447270828
2022-07-01,2.5893645670968586,2.751768501602699,3.074512578855654,3.221462956007132,3.2360400510368574,3.259074453225062
2022-07-04,2.5596437984295806,2.729342354872978,3.0610827696467853,3.215946149380235,3.231947446205762,3.258488820743981
2022-07-05,2.5036256490765934,2.6755572305455946,3.020380623013849,3.177919020267952,3.2002828965090924,3.230106882257731
2022-07-06,2.514005004866651,2.6808037982241752,3.0167939218986155,3.1706517822981173,3.1928664054938327,3.224788416602074
2022-07-07,2.522567604090843,2.6878638511890625,3.0229143928334197,3.178284542618292,3.2003957232214497,3.2358204985669605
2022-07-08,2.5359545799754644,2.7043385627797614,3.0397722147344597,3.1948239830334977,3.2074168859667287,3.235174474440906
2022-07-11,2.526090728287158,2.6922734871924647,3.026337340715299,3.1832318358629896,3.1982008164213402,3.227792198784362
2022-07-12,2.5080514503401843,2.6813521507017697,3.019433945525562,3.174769810551525,3.1812057675325267,3.2005137567488773
2022-07-13,2.507291756948495,2.6742741615319305,3.0038673275675865,3.1561666178825023,3.1619065624086313,3.1781264221185594
2022-07-14,2.4717365088084393,2.646010533576198,2.9861459508683588,3.1379244935469277,3.1418548454698874,3.1539504044485116
2022-07-15,2.504766629540113,2.6648618748354855,2.9920036806500048,3.130351672639165,3.1241981259429856,3.123805967674993
2022-07-18,2.4899300334847965,2.655981050112741,2.994492031685959,3.1372723758159418,3.12881938569775,3.12907607956304
2022-07-19,2.520123110514639,2.689429725027083,3.02950358224426,3.1721907773874656,3.1631238671876383,3.1610974048649996
2022-07-20,2.4999696742920436,2.6649827829090253,3.003413282932887,3.143944858952919,3.1415395490724873,3.1414953367622376
2022-07-21,2.5149641731836363,2.6839522801824414,3.024592687408018,3.16169163427795,3.150675765999502,3.1392128630201688
2022-07-22,2.525962890557444,2.6897768958690347,3.0282954097596337,3.1604670558850447,3.1372710200404272,3.118935032552316
2022-07-25,2.4894045892738914,2.6535260278942636,2.9911111767591745,3.126590276102599,3.1103737503296105,3.1002980889636187
2022-07-26,2.475700897060783,2.6511000159742655,3.005149764406416,3.1530526476294485,3.139826782053321,3.1312692346349666
2022-07-27,2.443977042089414,2.6236545253054264,2.9844289780319224,3.141331815045487,3.140901206850508,3.144303747503837
2022-07-28,2.4591967062543887,2.644569953016239,3.015100995033058,3.1781157127868997,3.1882527982348146,3.2002124016841114
2022-07-29,2.4735109952987253,2.6555330674235442,3.02141128600267,3.181986075065708,3.189066104629623,3.200419490058624
2022-08-01,2.44226691013744,2.631936729467554,3.0009637776637086,3.1689820977495935,3.175740836536089,3.184556938637102
2022-08-02,2.4472597914110197,2.6341025929036204,3.0000957075788435,3.1641193288711067,3.165603629967348,3.1681891865281764
2022-08-03,2.4631239278004906,2.6486428494677625,3.0144299442360767,3.176348743392643,3.179575387419789,3.1874910980670834
2022-08-04,2.5025014176721267,2.6660013096386326,3.008181422597539,3.1547926096282373,3.150012151482517,3.1576844879472246
2022-08-05,2.505579465400357,2.6682233635398687,3.0148215759761015,3.1593806696310476,3.1516497305932574,3.1543593626176607
2022-08-08,2.5244510285261224,2.681743493403644,3.020578368228464,3.1656510528663,3.164326313547229,3.1740713284328006
2022-08-09,2.492487140411861,2.6522345953834026,2.9892151040568775,3.128788566031268,3.118064161940583,3.1200896197918233
2022-08-10,2.4629813548854593,2.6281655123753835,2.9744504415714417,3.1176565077475105,3.1134239552294543,3.122197050825581
2022-08-11,2.463460606629131,2.6223859139745485,2.9671310448703334,3.109458138334783,3.1027075785100338,3.1088414515820895
2022-08-12,2.5033038270022607,2.644533963187553,2.966470178747057,3.095182435754631,3.0792633093427395,3.083124810897439
2022-08-15,2.5020132446991643,2.6453336787643984,2.972114134268454,3.0975252773484123,3.0798064102489824,3.0817025749398756
2022-08-16,2.5556285135424863,2.6924027921879072,3.0110802014737317,3.125231436214871,3.0889843511517245,3.0784534546435665
2022-08-17,2.578200744287245,2.7197759667127723,3.0424241944925794,3.1636034326495697,3.118552083502498,3.105348423953412
2022-08-18,2.558114321696355,2.6991713950075797,3.023549082711027,3.141720752126199,3.10096098752505,3.087407686091078
2022-08-19,2.567353559221007,2.7022358556240373,3.0137642956265718,3.131224454492732,3.0928502839645793,3.083760545659338
2022-08-22,2.5791138015128965,2.710591084744598,3.014295994574785,3.1311596552655256,3.08645550423282,3.0748107177112556
2022-08-23,2.5879761287321514,2.7208599459188587,3.0233095227568936,3.1335371027061667,3.075930458107002,3.0491912965354135
2022-08-24,2.583127527261679,2.714930609746345,3.0176929015445904,3.122072610379824,3.0624123458466928,3.0349545726843297
2022-08-25,2.5844709053634944,2.719080209806847,3.021610824074035,3.1255515105992497,3.0745698839170554,3.051548558351293
2022-08-26,2.592723570313269,2.7157563252459522,3.0056895946398385,3.11131116033141,3.060716469817114,3.045165408810236
2022-08-29,2.624531805984806,2.7460337651128692,3.0349636216951787,3.138076519509074,3.0818716824418164,3.0615963288855284
2022-08-30,2.6434694066356825,2.7591213536269716,3.038669424358776,3.135227951849299,3.0832369658923406,3.065269931736754
2022-08-31,2.6458137240257305,2.7635586577034044,3.0444116342261824,3.1394710692900523,3.079993124063037,3.0531633524824735
2022-09-01,2.6777449950265284,2.7887488457115905,3.0641828834941944,3.157733584474417,3.104747215086655,3.083914362042376
2022-09-02,2.639943646872506,2.7481636247213177,3.014636012688249,3.103688967176884,3.0519083275947274,3.0318349885003517
2022-09-05,2.6516471760866054,2.7662011434331557,3.041332294512306,3.1270349797204626,3.063695394979712,3.0289633362917017
2022-09-06,2.65001865741866,2.7639997661587565,3.03920789697415,3.12007989191865,3.0499965796485324,3.0048438753729276
2022-09-07,2.62811068994854,2.7523235846902385,3.0356976083779386,3.121100493079531,3.0514322111109378,3.0074894042271936
2022-09-08,2.6266559144659323,2.7490818097402068,3.0305321028498198,3.1142232373871734,3.038635007341158,2.995204733842186
2022-09-09,2.6307817765143264,2.754060527954191,3.0296638761457846,3.107097198845032,3.020135479708021,2.9664986018618746
2022-09-12,2.619700155062024,2.7448884396659516,3.024824975664429,3.103713184539359,3.029887136039162,2.988392158558327
2022-09-13,2.6372278693939357,2.7627832203916207,3.0487572623743717,3.1262908974315877,3.0476499166795996,3.0002631576635377
2022-09-14,2.6207680815910637,2.7354038157346325,3.0180889341084036,3.094732266032044,3.0189318276252997,2.9778276174050644
2022-09-15,2.603838441622459,2.7136794258981047,2.9939852999384953,3.0695416851095185,2.9958663013609708,2.957865280691129
2022-09-16,2.610141899451615,2.7236662175074375,3.0081946699727533,3.0797168447886674,2.9982323905100325,2.950064950890271
2022-09-19,2.608048193097138,2.718000670290456,2.9955495202463562,3.07526234484712,3.002914123062948,2.9682708462228673
2022-09-20,2.6164400584932217,2.724400588135543,2.998990938878725,3.0792016193541336,3.004837876054512,2.972192104887279
2022-09-21,2.6430149317008893,2.7524488067886335,3.027532680070962,3.1063572696647217,3.030955673465534,2.9963705376312952
2022-09-22,2.6568133067055903,2.766944058170602,3.0342158231489806,3.108139659045392,3.0267293872986953,2.985216413409439
2022-09-23,2.6471093286880993,2.7657471431463474,3.0424819415539717,3.119080413316991,3.032706946788935,2.985871315112671
2022-09-26,2.6590140104618056,2.7702528161920106,3.040987782976003,3.117915229066995,3.026288789066469,2.9774401760149742
2022-09-27,2.618221213539585,2.7377471308122527,3.025843746578627,3.1130565352144464,3.0272429221396813,2.9841817510745443
2022-09-28,2.60415095706147,2.7224568758168877,3.010234061333737,3.099780576151081,3.008587727215534,2.970329976795168
2022-09-29,2.6350891440397834,2.753441900943369,3.037516187221321,3.126052318785492,3.0386734799246526,2.998323861767975
2022-09-30,2.625260623888554,2.7366465154708575,3.004903296961736,3.085887159152021,2.9863292419601595,2.9438691575355853
2022-10-03,2.6342413820435295,2.7429680948324755,3.0115050035380873,3.087321646351917,2.982030258273191,2.931279299633879
2022-10-04,2.6372296034067784,2.748592994093082,3.0180465582093636,3.1014255779165194,3.0034461354145363,2.9624963483588043
2022-10-05,2.621655222713448,2.730542239105122,3.0001128938413935,3.0813282579465335,2.991484646874135,2.9538256780011425
2022-10-06,2.650468347804159,2.7568105113271213,3.0278853560087944,3.1036897985291407,3.0025492033717938,2.9561554918298447
2022-10-07,2.6314507668064966,2.744006638952631,3.0223327294598716,3.098569220643013,3.0012189791789066,2.9562356934127707
2022-10-10,2.6001303607539414,2.709238026469281,2.9934344694937844,3.0763150420597856,2.9863115364068915,2.9504904714010913
2022-10-11,2.6196902897333048,2.733870270991171,3.02434728610493,3.111489441917578,3.025634718180652,2.9907850664728146
2022-10-12,2.649880358618074,2.7579721724286057,3.030138922683012,3.1088806990314266,3.018448637415336,2.978611331314532
2022-10-13,2.658691205658039,2.7705479466942378,3.045303804820797,3.1255205822752288,3.037120538986422,2.997440032110449
2022-10-14,2.700955413799084,2.8113484391872885,3.0845896831072848,3.1680386931957036,3.0844530575199487,3.0478541722715704
2022-10-17,2.7277674376135606,2.8349069267837828,3.1115226875330304,3.1940432614240546,3.112985738983288,3.072911540672286
2022-10-18,2.703490621687905,2.8120047639340595,3.0937379954212325,3.180924028293132,3.108805949625979,3.071661993013755
2022-10-19,2.697155485351907,2.806225976933071,3.091678452117682,3.1700692263846406,3.0894105463412753,3.040065422967214
2022-10-20,2.7025102306375013,2.8070532608958265,3.085884926617467,3.1625177698612323,3.077569564358294,3.0290810713803915
2022-10-21,2.704033078948264,2.803409356498432,3.080319557560944,3.1587371768978816,3.0965802634164947,3.0700513686834823
2022-10-24,2.755915932325795,2.837986000669487,3.098459087791055,3.1657242391983647,3.0965243114428427,3.0726034763847303
2022-10-25,2.738441254022299,2.8157820780666682,3.070445364838817,3.132874418797152,3.0667338137402167,3.0441960155395558
2022-10-26,2.746987712565179,2.8235905313166603,3.080359435056979,3.1388734218720296,3.0614124612558933,3.0349935102430776
2022-10-27,2.7717730173882904,2.842517888534765,3.101923753361671,3.158248631530099,3.070812143352548,3.0391610760220003
2022-10-28,2.7486261825990836,2.81626744246732,3.0736209251421474,3.131365581139833,3.0391100086118126,3.008995464328813
2022-10-31,2.7215644714252196,2.787628672822656,3.045000077744592,3.100585023305896,3.0080104276798063,2.975147122537484
2022-11-01,2.72501356713187,2.7952293658741088,3.0582707276104055,3.1220289052635235,3.03502643710822,3.0088660169790344
2022-11-02,2.6872254760928715,2.7653608624171273,3.0372307894762685,3.1120286100547823,3.0381237209296224,3.0258171528550526
2022-11-03,2.6906827932170296,2.775415937019551,3.0533711381505024,3.136486438740196,3.076773704352034,3.0720109685004093
2022-11-04,2.7091517233478966,2.798771148118403,3.083061292519306,3.165903322431392,3.1009301854384526,3.09115005083064
2022-11-07,2.6745504434755345,2.76903905777325,3.0581348311694665,3.147318119127581,3.099991784099764,3.102643539468304
2022-11-08,2.67541308364805,2.7701516615089825,3.059558244848076,3.1485311218775642,3.0995041739319515,3.0940096874202165
2022-11-09,2.655837838494198,2.7550685153531242,3.0509980704553756,3.1364746023570316,3.0738342308875346,3.0555852104958223
2022-11-10,2.6447653065118635,2.744865890806608,3.0438176759455198,3.126686113314231,3.061550458396185,3.036594499125484
2022-11-11,2.6666570686321123,2.761659411967951,3.052252935656533,3.1354692199034524,3.0839970359676956,3.0723609169530515
2022-11-14,2.640367932284574,2.7373250353699285,3.0290459823508544,3.1119279422676014,3.053388308911363,3.0336841886390555
2022-11-15,2.6666198935744925,2.765591515046896,3.0584794958191113,3.142673259073428,3.0874322823258304,3.0664613901835143
2022-11-16,2.683042604422077,2.775568665788756,3.0577273694444216,3.134939235833037,3.0691597861384716,3.043500930471937
2022-11-17,2.660119998568003,2.7549452087919675,3.0427453341540605,3.1229759471246368,3.060823897114632,3.0391281617038954
2022-11-18,2.680419736241422,2.7713870911013734,3.056940914345025,3.1309224249689955,3.0610085809151393,3.0312028718238526
2022-11-21,2.7105359215386606,2.7867432613985668,3.064494891934056,3.1298683900366946,3.054041043719559,3.0199425075036177
2022-11-22,2.7464444214009665,2.8171273760815025,3.0898200280086243,3.156090965097208,3.0930986625687065,3.065929282271999
2022-11-23,2.758483770189923,2.829752147204276,3.1039932702358737,3.1733471339361694,3.11474974844105,3.090814505227685
2022-11-24,2.766697142302016,2.836562520395887,3.105992064424197,3.17135212562627,3.100080875086444,3.0664231507866706
2022-11-25,2.7480208741666283,2.82455822476767,3.0948893589500197,3.1580533988129327,3.080905691850724,3.042346417709626
2022-11-28,2.7245547837013886,2.798416504495015,3.0693509617275665,3.130791084031685,3.054196108207296,3.0112087955063536
2022-11-29,2.7309854301488916,2.8070911687735114,3.0754359106572418,3.141243349702675,3.063680341589724,3.024603802939884
2022-11-30,2.7216388478991256,2.795722055378074,3.056407137859955,3.1201298327572435,3.04806978249247,3.0144312091035266
2022-12-01,2.7254045394666306,2.794259593465222,3.0471262429578507,3.1064876127391634,3.0179493583258274,2.973276455128821
2022-12-02,2.747996336717983,2.80970013574707,3.0500634895902987,3.10866033718635,3.0185520957603234,2.9807988104081016
2022-12-05,2.747315578085387,2.803366301984905,3.0407114181326045,3.093692155427961,2.998263498338214,2.9578148991862583
2022-12-06,2.7412627307509263,2.798895509052107,3.0441866070248262,3.09555887930926,2.9979677971377234,2.948337065314311
2022-12-07,2.787685410420371,2.845563057031334,3.0874581304660045,3.13263682469968,3.0200827651929942,2.9556753253393198
2022-12-08,2.7917336223984455,2.850054294152384,3.0972869264995064,3.138286208213727,3.0202023794453403,2.9461147818112905
2022-12-09,2.8290475664614276,2.8843315195819095,3.125942585135442,3.165523305909007,3.055769076128234,2.985532026089976
2022-12-12,2.8363921478571057,2.8819304355429796,3.110097875113194,3.150652072599218,3.0395910987977888,2.973327991576921
2022-12-13,2.819463043413503,2.856704839165433,3.0779965966339016,3.120506851386321,3.0238953402146627,2.9705901609952723
2022-12-14,2.7828722724077366,2.8272351269361717,3.0654632601290412,3.1094084543041633,3.0045961648533055,2.939946762828988
2022-12-15,2.772611284088086,2.808145200219423,3.038521163564808,3.088769675306884,2.992548814283329,2.9418472024089053
2022-12-16,2.7736305406963337,2.793839114204863,3.0100499750175644,3.0535241668462003,2.959457732251202,2.9104489694824904
2022-12-19,2.7783029915947015,2.7894765079027106,2.9970093073392357,3.038517215911738,2.94447722116499,2.8948830471890097
2022-12-20,2.7599217851919113,2.7687939810570925,2.974501122195348,3.0120035203716533,2.9245692687930296,2.876176482909833
2022-12-21,2.77450090791891,2.7826743043510342,2.9878950863801377,3.0323584536311166,2.9514574857095264,2.9139528901994827
2022-12-22,2.777452876611475,2.777647431492473,2.9728702986098967,3.0103452860287176,2.9324077021084975,2.8996977605053353
2022-12-23,2.7504170187166963,2.760689699744122,2.96810049121496,3.014048812646059,2.934087927667416,2.898455923964027
2022-12-26,2.7008987795640587,2.718965361643732,2.93083403740121,2.9781921336316626,2.8991660002843376,2.8599335098568144
2022-12-27,2.6685182298084196,2.7028400208910885,2.9311798221140273,2.991041310061188,2.9174934794883454,2.8789208698403774
2022-12-28,2.64014500069383,2.6748141979906754,2.903696545819236,2.9619241657603466,2.8949812348887427,2.855987313426821
2022-12-29,2.629248052167144,2.6602695352336925,2.880077022437354,2.935715016837865,2.8798606893982512,2.8531746855460107
2022-12-30,2.645147476702215,2.6694676901277714,2.883885225719205,2.9353995476366213,2.8740872931362715,2.8495445560714425
2023-01-02,2.675346627132839,2.6889167558234264,2.8896370019945095,2.9312594644146315,2.86757618527628,2.8416368123012044
2023-01-03,2.706961540884404,2.705213870581296,2.8876224549588896,2.9224324732186395,2.8557685357838274,2.829796946666289
2023-01-04,2.7209617022148693,2.715031079248883,2.8900722871679143,2.9241677397742087,2.8610685212587565,2.839749209712831
2023-01-05,2.6843541157392674,2.6789663312485392,2.849204761706946,2.8739256571448615,2.803606390976799,2.773290693676802
2023-01-06,2.679819846094264,2.6611618333987272,2.827268829985727,2.8506298931675906,2.7897121502032474,2.7648125457476267
2023-01-09,2.695808467708443,2.6747372021287417,2.8369381621349476,2.860494571175603,2.799017833035292,2.775077861619748
2023-01-10,2.7417776298716774,2.720398775694399,2.882755988695683,2.899720868078759,2.837385714001397,2.813909899124888
2023-01-11,2.73222949494736,2.7115133633745856,2.8768581609501367,2.8892048419503564,2.8165945759420623,2.7804513731673746
2023-01-12,2.7327786369766174,2.711017097456615,2.8761953975726993,2.888548657860785,2.816250763105195,2.7743629075154725
2023-01-13,2.7247546274312624,2.7108252006753486,2.8810944745321385,2.8914942507141626,2.807224968714136,2.751901425280716
2023-01-16,2.724181291738691,2.7033172044917864,2.8734790643943176,2.892783208236103,2.8338188684378234,2.805848331274495
2023-01-17,2.684167415927144,2.662690546201627,2.838102757545691,2.8638184399059443,2.815850857233557,2.7944832953151986
2023-01-18,2.6729256883631094,2.6511707548895678,2.8322078623921647,2.8656292427935672,2.823220154329046,2.808739003759791
2023-01-19,2.678543993157227,2.6561699844428484,2.836398740777954,2.8731528683190213,2.834677928933573,2.823487574109954
2023-01-20,2.6715247663251995,2.649725550193831,2.829050560420121,2.863857192306254,2.8265604430741083,2.815488620063042
2023-01-23,2.6909687524141814,2.664278726069018,2.8423635992514034,2.8745535538448617,2.838974784178929,2.8336367611663285
2023-01-24,2.7032684885890315,2.679749082260947,2.8582346807734162,2.8972986373862306,2.879384963033539,2.8888281667512925
2023-01-25,2.7023091457278987,2.6792045568556375,2.8547515594790793,2.8898959369963464,2.874288190591208,2.8819379385844166
2023-01-26,2.7081539914943136,2.67979074642899,2.856156068218708,2.89361415832911,2.881196844972575,2.897158297496828
2023-01-27,2.7033406813992644,2.680064918150081,2.867020640391974,2.912407736634476,2.908531363934048,2.930091919986131
2023-01-30,2.7036152019816733,2.677689889752095,2.8617485551332784,2.912448385608453,2.903214936367578,2.926977602256552
2023-01-31,2.718206751461442,2.697505539643794,2.893781827947423,2.9496127063951842,2.9382119769393675,2.960002760689798
2023-02-01,2.729884216449774,2.7153053361299166,2.9180009879476243,2.9779350658168915,2.965282549106299,2.989667323479756
2023-02-02,2.7274735776041577,2.705775224929243,2.9019091185104577,2.9532818441694744,2.937292473269681,2.960469343661625
2023-02-03,2.71066723551633,2.695271804808048,2.8925345519085663,2.9467392677182644,2.9297815656127724,2.9484600004346957
2023-02-06,2.7178322293336996,2.7159521537282103,2.9284388694389376,2.9863098528336125,2.9583657498859153,2.962699289315665
2023-02-07,2.7008534769609795,2.696910600315889,2.910734762546984,2.9775514530569245,2.967400778422487,2.995530273561509
2023-02-08,2.660873131573865,2.6570927155043784,2.8760238511726826,2.952156166966109,2.956413110969792,2.9912780682073334
2023-02-09,2.641915337377217,2.643859744625631,2.8687545967026344,2.9413417702819817,2.928617753547913,2.944664772152282
2023-02-10,2.640006941942621,2.6373884594961887,2.856802246356783,2.9266571644518877,2.9169904297454017,2.9367573329295835
2023-02-13,2.6204829236206444,2.620462247665821,2.842381563985048,2.9102258330113155,2.8966950580711113,2.908204231799352
2023-02-14,2.6372491431213767,2.635892397699192,2.8568859390271455,2.9233043558477823,2.9064744031305194,2.916282395990629
2023-02-15,2.6401606357870513,2.6274401864755577,2.8425688273265743,2.908582132123174,2.885034682091232,2.8980902940143416
2023-02-16,2.6197136633398523,2.6059010461248415,2.821006071796827,2.883073597041991,2.8600151922386132,2.869809982113048
2023-02-17,2.6223575702233815,2.6080220227744557,2.821775984553408,2.8844971249099216,2.8645484473220906,2.8743608909586835
2023-02-20,2.645543472895903,2.623579247336303,2.8279486755827596,2.888340199705958,2.8652978807122715,2.8808978627249964
2023-02-21,2.6569258566134346,2.639558314110797,2.849095995529858,2.9108159562555054,2.887853551367972,2.9002262224694055
2023-02-22,2.61812025573038,2.603289690991126,2.81589523062973,2.8800659281841723,2.855152333158936,2.867863643220674
2023-02-23,2.6508551823500413,2.626196096410541,2.8250169952945225,2.873463469606832,2.8326017223595312,2.8340062910767303
2023-02-24,2.662373158075704,2.6418204368469556,2.8464985049183573,2.899347946615156,2.8493893241173773,2.845418879097684
2023-02-27,2.6647657840088974,2.64903339324807,2.8534166559964205,2.9058563198791063,2.8534229219462386,2.8415460799615526
2023-02-28,2.669554081790162,2.6484524085298013,2.839095701815313,2.8836371342605087,2.8274804006113246,2.8099660097435457
2023-03-01,2.6744041932169726,2.64566801283869,2.8250645116462847,2.8638344236085826,2.8052610272363,2.785470946112148
2023-03-02,2.6708214687909777,2.6398143951300836,2.813240827767543,2.855576198439338,2.795862970017088,2.7805409793512936
2023-03-03,2.637289748014974,2.604867887382327,2.7797199975214415,2.8269173555959153,2.7787079509354617,2.7690962792839113
2023-03-06,2.648707030553008,2.615554219128286,2.7911644393072548,2.8383474034184095,2.7877878404063954,2.778220751926578
2023-03-07,2.6429464727866367,2.6020190350455157,2.7777755843654495,2.8275685627726497,2.779278628910806,2.7764676714394785
2023-03-08,2.603643033417618,2.5585559902089043,2.7311833959812275,2.775303121434549,2.72313654312267,2.72010710817682
2023-03-09,2.599554724296634,2.5530848358087543,2.732651326920189,2.7862176492723156,2.7482546462169157,2.7611318441118264
2023-03-10,2.5889908696011057,2.5392119253844205,2.709002423984458,2.752084214135674,2.711369318574732,2.7197171496153247
2023-03-13,2.5378245215065447,2.4850751499106143,2.6625181945115943,2.7079836483658473,2.673745850708902,2.6904920727190933
2023-03-14,2.565355094146386,2.501832610738545,2.6620720382791836,2.702648019598178,2.6626249581402184,2.679519892433594
2023-03-15,2.5653147956934976,2.4947991173367856,2.6433470630448235,2.6775809938738084,2.627965011295162,2.6414398002014634
2023-03-16,2.5777918076787545,2.5063021546468347,2.651105623702722,2.6840400834611313,2.6302546353559055,2.6406197004755145
2023-03-17,2.5545269129420936,2.482825961889331,2.6283967176311207,2.666423783598642,2.6244985849441806,2.6414453182019595
2023-03-20,2.5318533311139007,2.46178384557572,2.601897893900286,2.641091063025204,2.596412423199209,2.6109009684890507
2023-03-21,2.572534025006538,2.499324328467203,2.639127027589567,2.670591207724437,2.6221303950137465,2.634847312256415
2023-03-22,2.596386772266347,2.527517096076719,2.672408175350193,2.7015905152711164,2.6544436293477665,2.6646208333065644
2023-03-23,2.5978289199976463,2.5334869813787484,2.679605796810898,2.7070479506125125,2.6600784534984045,2.670882122758099
2023-03-24,2.5673104070009,2.5080704842270527,2.6616963232817463,2.6969064829651153,2.6523723099440266,2.6647373753292607
2023-03-27,2.600515800464368,2.543472707456833,2.6922224353995383,2.7258040619857953,2.675494235263054,2.6823676630372995
2023-03-28,2.560854279673752,2.509163843210662,2.6628082472943793,2.7045810706591347,2.6668435126706687,2.6857952218177443
2023-03-29,2.533649907079961,2.4882402757859023,2.653362660005219,2.6914501391583405,2.6489035100957556,2.6634989596815273
2023-03-30,2.5381822329701227,2.493476733062341,2.658086064178159,2.691208758392505,2.6330759204980776,2.6420914480243405
2023-03-31,2.5353465179214245,2.4850976262273528,2.6395105236090517,2.67177769354951,2.6164078797695014,2.6305765403895913
2023-04-03,2.5372407998125928,2.4805922091044277,2.623317114822027,2.6462235227723845,2.5879229222865123,2.601300816463113
2023-04-04,2.519154059820681,2.4722757656234906,2.6238598532082986,2.65566938323166,2.6026036899943126,2.621403039216561
2023-04-05,2.4930345017440123,2.456107511007215,2.6210748429332154,2.6562838603447916,2.6037456379682187,2.6192103444008827
2023-04-06,2.495728687701002,2.454478454459848,2.61134437927399,2.639439242282791,2.5778890270557944,2.5852282450663924
2023-04-07,2.484338687152561,2.441812282530802,2.595927285829749,2.622888934519869,2.5687887700384064,2.582238618868741
2023-04-10,2.4964314214131607,2.451660287217925,2.6040052706379853,2.6239958383573625,2.5619922589642536,2.5670476472449053
2023-04-11,2.479312413294293,2.438809737953971,2.6012192464532524,2.621981092371258,2.560420652372909,2.5667971954108784
2023-04-12,2.4525520787402333,2.421003016405842,2.5908950272205358,2.6189061653500696,2.5612501663342444,2.562244621495513
2023-04-13,2.4199473856615152,2.3880305444049275,2.5618501173839,2.5946025827591908,2.5533534855644544,2.561936569168885
2023-04-14,2.380497417135266,2.353443455099871,2.536572886084181,2.5716969845917603,2.5233713150342494,2.5276638832765466
2023-04-17,2.4032942424727732,2.3642260647391007,2.540998488420893,2.572607531206665,2.5327672212895704,2.5472596661442095
2023-04-18,2.43599535421714,2.3923325525866663,2.5588167120519265,2.590831641449944,2.5609952324796414,2.5881432953371624
2023-04-19,2.4621316539410465,2.4114350556621313,2.5690851239317802,2.60306042830555,2.57553113917479,2.6040073767872967
2023-04-20,2.497965648647021,2.4559006051221566,2.6206180520137736,2.6531683720177126,2.6238385465073826,2.646538431465656
2023-04-21,2.497871018059639,2.456512698215196,2.618999281112065,2.658336459402613,2.6412545024410394,2.6733895790477655
2023-04-24,2.5159590001836474,2.46343100849411,2.6138658172495175,2.6445740631266696,2.616590475263157,2.641252238071776
2023-04-25,2.582375964712492,2.520475045841485,2.656187308059106,2.6840837356125915,2.651956860777739,2.679675925082527
2023-04-26,2.5775612755348907,2.51809203478296,2.658186312853648,2.6797734095037256,2.630982839411282,2.6358195916779357
2023-04-27,2.6048547935490314,2.5381998538683748,2.6701995859635392,2.6769652029351567,2.607961904457029,2.5904678629348608
2023-04-28,2.6117853781247042,2.5528210390201886,2.6914520268896696,2.701926890920415,2.635625084387703,2.614485524928086
2023-05-01,2.636893609153675,2.5779463042014106,2.7107061950252076,2.7226231202924223,2.6599789728603405,2.64286481730931
2023-05-02,2.6738756419070793,2.611611380728786,2.7421787200987295,2.755266954015262,2.6924519023606885,2.6722434442677847
2023-05-03,2.661968784783552,2.6095377271557787,2.7536216650660488,2.7774815560570483,2.7167505606787827,2.6963351950409336
2023-05-04,2.6585914885656012,2.6118634120543276,2.756330435919983,2.7838867174266713,2.7267729632648683,2.7125071060321746
2023-05-05,2.675833801657881,2.6243993689053604,2.7564423737537203,2.7726501616050383,2.708091613630085,2.6855426170115004
2023-05-08,2.68193411831522,2.63078998339327,2.7674207603577448,2.7848948494099988,2.7314007882797875,2.7190601597859283
2023-05-09,2.71662507462543,2.667870836835737,2.813626283499629,2.826862003060613,2.77042450242298,2.748509835657748
2023-05-10,2.731839030900712,2.679556273855626,2.8236131025839275,2.8380016851400747,2.784222803344314,2.7648578426242985
2023-05-11,2.740876463104031,2.67834482318445,2.810211506199349,2.812024218466885,2.7485378951504567,2.7227407239465635
2023-05-12,2.7502990064642328,2.678303313422703,2.8003071396979964,2.7961074845873153,2.7329464892292177,2.713506618477553
2023-05-15,2.747647674159161,2.6667367191818836,2.7862112245398003,2.779379776185381,2.7190654097341143,2.702807072513398
2023-05-16,2.7502680423052706,2.6699489599151867,2.7798792770139715,2.7755508154425663,2.721081252301005,2.7060685612100053
2023-05-17,2.732399120770105,2.6532083471920704,2.762384733552866,2.7632773257856504,2.7183761851984496,2.7136568705016524
2023-05-18,2.701420876210535,2.633585903233475,2.7558223321834685,2.763301643043295,2.7203436932260074,2.721292628875152
2023-05-19,2.6804246903313276,2.622049061737446,2.7591823764389805,2.7639669850980852,2.7085962790408638,2.6961410686227305
2023-05-22,2.6835823790543376,2.6181432341260638,2.747549738499874,2.7433589962326947,2.683551803003795,2.668436568708995
2023-05-23,2.692272810834387,2.6297148791628047,2.764386268215865,2.7589402242161567,2.6952550941702906,2.6737691065587437
2023-05-24,2.6692641581776995,2.6032090355949253,2.7337879428607685,2.7365429944496986,2.68477222488318,2.673935264242187
2023-05-25,2.6800400398255704,2.6145421452381004,2.7488437746339254,2.753153494589446,2.6976711110973697,2.686977346258598
2023-05-26,2.6896874077917268,2.632916482427122,2.7714222951763845,2.78083277487977,2.722162888989836,2.703331064545588
2023-05-29,2.672105546927628,2.6160851884560685,2.756481213986025,2.7659764638324846,2.7032128990183177,2.68181702953424
2023-05-30,2.645458633646488,2.588541733149926,2.7245750432239015,2.7337520808178417,2.671589029912028,2.6510005108729335
2023-05-31,2.657877502351762,2.599423907695373,2.7366731476405985,2.7415651940267614,2.6688238670418807,2.6435318084594406
2023-06-01,2.6681123802541453,2.6087446293141237,2.7480096360788697,2.753938155719205,2.6924536949485613,2.675207015928078
2023-06-02,2.656968515750492,2.590810747821239,2.726359011644826,2.728167635974707,2.6669973056499034,2.6429305416045388
2023-06-05,2.6585505381127756,2.5953503737697083,2.7316397112707116,2.7305763021384917,2.662008612532779,2.631762165736556
2023-06-06,2.634408096637933,2.5693645179227222,2.7049392631038756,2.703037942814723,2.63759112306849,2.6100844082451635
2023-06-07,2.630848459876864,2.5636707157618215,2.6975254766305206,2.695094352319856,2.6321644984190735,2.6048536101779725
2023-06-08,2.611326382953993,2.5467527927627827,2.6862969360001645,2.6842185906834843,2.624434580498192,2.595320005485009
2023-06-09,2.59322379608817,2.5351937594510603,2.674963220205751,2.6768429501024866,2.6198519153291664,2.5891410852849073
2023-06-12,2.5878240357404754,2.5257336132407437,2.66698860171984,2.6699701248237537,2.6148814147191835,2.590998941484385
2023-06-13,2.5872486859105814,2.5207813606823626,2.655943954036672,2.650175066505692,2.58685858480015,2.5536660476588544
2023-06-14,2.573632883633012,2.512567293936446,2.6500302555467274,2.6494051319915184,2.592013717301229,2.5637503373729333
2023-06-15,2.562303937319712,2.5012766706393648,2.642717111882757,2.6422374022370305,2.5846473304184325,2.5527383285015937
2023-06-16,2.5819570654207045,2.5184625287698212,2.65267130983143,2.645094019438259,2.5741838600350735,2.5314576392305366
2023-06-19,2.6063462660748007,2.530631845644538,2.6539678412292895,2.6427942430004583,2.573485174490829,2.537697577824477
2023-06-20,2.628085018930657,2.5495413391520363,2.668302900717503,2.656345227165743,2.5828737340057306,2.5373970159444985
2023-06-21,2.651060989242323,2.5734390991959644,2.691139987195299,2.674675879807916,2.597484743975501,2.5457737226354764
2023-06-22,2.6617724993140492,2.5796096864885816,2.6923463462125143,2.671192689535835,2.6022397825960444,2.554353049152809
2023-06-23,2.636718427471065,2.5612643959534744,2.6789303493288834,2.6637762759369306,2.5877106764482383,2.5367971754467056
2023-06-26,2.641313090512675,2.5709586843694847,2.691639053516031,2.6734741273135993,2.5891454327031203,2.528866305552963
2023-06-27,2.669795442115631,2.591099314927882,2.7065748711971165,2.6905758841724685,2.614197624764337,2.5627302836662444
2023-06-28,2.6344425626461625,2.5683082079543795,2.698904326813568,2.6916684523730403,2.6200907117649583,2.5739504352740514
2023-06-29,2.629394237806933,2.5611280647776935,2.6923772367382437,2.6825710149232154,2.6057521818587253,2.5515783061710957
2023-06-30,2.6303198149596096,2.5553179206601935,2.68373794558182,2.6702625647332887,2.5892873021118783,2.534573130933337
2023-07-03,2.6210947276291066,2.5432991129936053,2.6709202892429276,2.6611048755281916,2.5720825549365984,2.5208434731733105
2023-07-04,2.6312729256726555,2.5603956325963484,2.6968130992724393,2.689020397696167,2.599408940584456,2.5446558341670706
2023-07-05,2.6411957073679138,2.5666011349640137,2.703945991272031,2.689967037372137,2.5954159448755987,2.529527907116626
2023-07-06,2.676183408460671,2.601860926868958,2.7331419267222667,2.7113918079634094,2.605864152676153,2.532897009794605
2023-07-07,2.6628647191131463,2.588600911959301,2.7176780994189165,2.6914346160558487,2.582553486572406,2.508857512283731
2023-07-10,2.675585207495647,2.6051746987299502,2.7421468898500816,2.7212630695924767,2.6108345143689844,2.5343260490208928
2023-07-11,2.6385309007005064,2.5798614340383934,2.7295033638217494,2.7153504312958296,2.603005111613888,2.5221501259824
2023-07-12,2.6601165789180676,2.604651173067454,2.7610874557726426,2.752052852340714,2.6513674993032708,2.579236618145969
2023-07-13,2.6732975230806644,2.620491823687783,2.7772480026022985,2.770916418121952,2.683070598424885,2.619794861023331
2023-07-14,2.6192843300541435,2.5742315463475527,2.7395916620901026,2.7434515200009093,2.668359510708133,2.6183224281756097
2023-07-17,2.5890027178560606,2.5543383091458938,2.7316356754549287,2.733154106717626,2.648087570971421,2.5809318491692124
2023-07-18,2.6081221259293477,2.566699749678989,2.738984505589038,2.7407196662205973,2.661434756507486,2.5992152575644387
2023-07-19,2.586010510563398,2.55352730153358,2.7339249345291425,2.7437678481719807,2.671578259147065,2.6125858177725734
2023-07-20,2.6101675766380215,2.581914155749153,2.7660774251639713,2.7759215670004718,2.693229586297938,2.6249780855494977
2023-07-21,2.6218730043864333,2.58865423806307,2.7706826911752502,2.7805922739681885,2.69637821423365,2.6268479394258084
2023-07-24,2.618239154063889,2.5802833344535214,2.7599805303043397,2.7617982237819714,2.6666382277486846,2.5825892277394136
2023-07-25,2.63257894353572,2.5894277642772865,2.763923272663732,2.7600495710427357,2.6531296310826344,2.5620660040550507
2023-07-26,2.655233629112908,2.6231401450450633,2.804149173002984,2.8034809066770485,2.6942495969239877,2.5965886874472606
2023-07-27,2.681532498623121,2.643361689034296,2.812690817652758,2.7956738493974083,2.6702764652282447,2.557083134235732
2023-07-28,2.670700955569893,2.6261809309737654,2.784505521787631,2.7690584644313105,2.650588163077126,2.5409810842787577
2023-07-31,2.6841402472266713,2.6256167808332416,2.7717055637172647,2.750517118029208,2.6308853035960005,2.527104024691509
2023-08-01,2.6462592031375305,2.582730877600486,2.7248713120801455,2.7028510608625878,2.5939133322695027,2.500179075753677
2023-08-02,2.6320781664206496,2.5716624887860293,2.7113154114806366,2.690106485635258,2.584187463926126,2.4887594019810404
2023-08-03,2.5803720683507185,2.5250410655352593,2.6662343028764406,2.6486607374990228,2.5443849229505076,2.443927180211209
2023-08-04,2.562697055547124,2.501749122707944,2.635610409506462,2.610962796432181,2.5137581918758327,2.416432590551789
2023-08-07,2.5431694738539887,2.4859591706447857,2.6274887446437205,2.6117430273305446,2.5250692287985688,2.439403276496916
2023-08-08,2.5515582835340087,2.5015744904918815,2.653673422868371,2.6431579065501474,2.5580632322436,2.4755165064577174
2023-08-09,2.5641898680604025,2.5139066283789098,2.6682858102911178,2.653456681247333,2.560675226414698,2.473603949281621
2023-08-10,2.5821571359329276,2.5214933806142477,2.6659197738045024,2.642134344478572,2.5391960239763165,2.443746505691347
2023-08-11,2.5802868098522493,2.5233585714907565,2.6653943027919373,2.635614495032848,2.524614270490595,2.4209755771212302
2023-08-14,2.6188427997952717,2.553853623194084,2.6852491738071134,2.652170011679342,2.5308415405286664,2.4201510715846264
2023-08-15,2.63351527268321,2.5637529324880264,2.689346631810161,2.652042100035589,2.540954939043745,2.4388144190248324
2023-08-16,2.6540250302315753,2.59299163181146,2.7241090509602324,2.68849346363327,2.577570102866427,2.47445438448507
2023-08-17,2.624103791258246,2.566554888866126,2.7000393710976507,2.6623734880992815,2.5514336589235356,2.4468122334419626
2023-08-18,2.63188205383048,2.5634933767816714,2.69147200020377,2.648367995152727,2.5479479642870846,2.4509312286039746
2023-08-21,2.59367694127311,2.529389430928077,2.6645517134375596,2.622897206714425,2.51404671338909,2.413549244237976
2023-08-22,2.664160760645329,2.597398477225542,2.7280302054248464,2.682589744398587,2.5599710098068433,2.4501163268850936
2023-08-23,2.676195634174883,2.611248545645718,2.7400097067821294,2.6932758950465283,2.570977872141197,2.4603478467618585
2023-08-24,2.7445887932105353,2.6718439494328545,2.7905800823330402,2.7394620275816797,2.6048899385975317,2.4861864650415297
2023-08-25,2.740104630215617,2.6678743225608827,2.785955888545426,2.730258726547606,2.5922324399285483,2.4677841180394577
2023-08-28,2.769262019119892,2.6954571341520053,2.80913118461018,2.7533700123888885,2.6108719916474286,2.484763911926751
2023-08-29,2.8488313483750645,2.7711467433555255,2.8804831763919405,2.824698916542635,2.6827199650550875,2.562406995187762
2023-08-30,2.855352490812108,2.7759383891089766,2.891914199678805,2.831324069764365,2.6924239551344606,2.5775883397005783
2023-08-31,2.8388790081335475,2.7559826591300016,2.86760920015871,2.8030611862448302,2.658710241739486,2.535347141504574
2023-09-01,2.8435724859161517,2.7577064564908995,2.8682961675962786,2.807131677844206,2.677014356757866,2.566668029064897
2023-09-04,2.834271631499098,2.748553808931853,2.863063915352233,2.8059623606667814,2.6752826354752224,2.5686144448098926
2023-09-05,2.879732688465979,2.790716655952438,2.8979959657379357,2.8352224966881097,2.698128893073626,2.5848155519128206
2023-09-06,2.862250801914198,2.7760063242254414,2.888308326815673,2.8242496783393247,2.6931691433668465,2.586652264645256
2023-09-07,2.8949633726972652,2.805944685642231,2.9149706139282703,2.8522657691600877,2.727482103391342,2.6274121761516263
2023-09-08,2.933035602346994,2.8317437307010582,2.926626005050126,2.8571895387152346,2.733349911529638,2.6400457237378347
2023-09-11,2.9458252831270726,2.8422119708151485,2.9362180519079493,2.8707251628273003,2.7630029841483403,2.686428200247502
2023-09-12,2.9632280012922205,2.8647210476366034,2.961725899862624,2.9006952220653126,2.7886706104926655,2.7102768131878223
2023-09-13,2.980636945025163,2.883885348172824,2.9775781788497673,2.909419081222927,2.780705922959744,2.69178544275839
2023-09-14,2.9975059658563525,2.900602318428799,2.9901829207573805,2.9208958253983677,2.793714648993569,2.7018585355742726
2023-09-15,2.970410526454111,2.870992615567863,2.956825253035091,2.882423711056445,2.7455281330373005,2.6450927141867657
2023-09-18,2.992401650066345,2.8976229862183347,2.9858292293307542,2.917745943256878,2.7843674651326187,2.6851472702012615
2023-09-19,3.0322831773616903,2.942707799676982,3.0367949205884477,2.962616160949316,2.80236330621665,2.6794466300249042
2023-09-20,3.0351261308041,2.953740849973488,3.0532588705074124,2.97784583590199,2.8100271835889497,2.6798146985862714
2023-09-21,2.9726903526735415,2.8971678266133734,3.0018103450827227,2.930221495365494,2.7767033122981775,2.656241662908781
2023-09-22,2.9388321272130487,2.86234081909247,2.9630656860961615,2.8889970871758592,2.732633872478906,2.6130882192238545
2023-09-25,2.963419757430808,2.8952231475999257,3.0105789245630574,2.9403174034925335,2.7857124093873957,2.661982850350664
2023-09-26,2.973352228570519,2.9094505396607118,3.0273110343635268,2.9582452863850754,2.8066449118895167,2.6763063070801247
2023-09-27,2.974774618079506,2.9140801077431,3.0279134817415576,2.955442477825461,2.7964191711613955,2.6594252333443293
2023-09-28,2.991343508293651,2.931106859219338,3.052231751322295,2.989785785934032,2.8481809090161043,2.729912817377757
2023-09-29,2.9926085062423957,2.934572432157717,3.05264249480244,2.9907368257883338,2.8469696742841455,2.728889148255692
2023-10-02,3.022710274852591,2.96093962977741,3.069678088451158,3.004578828295812,2.8585931221828127,2.7410696542071697
2023-10-03,3.003509846594041,2.9322896222441814,3.031662876667845,2.9635279418526848,2.823714354751805,2.7100757694809667
2023-10-04,3.01960629722521,2.949874999742057,3.0467134821750625,2.9793428683070307,2.839532930766851,2.728016658129971
2023-10-05,3.0466731848529705,2.9809646969303163,3.0839654198123894,3.0204590626198984,2.8884169143332112,2.782538830800641
2023-10-06,3.0682366215667445,2.992795120244635,3.085120065852658,3.0164541077998654,2.8837024539450633,2.7830668836919354
2023-10-09,3.087595047821079,3.0157071572380705,3.1071823645110874,3.033379935138491,2.8873210621546845,2.772660708091577
2023-10-10,3.070660572170306,2.9966601145548286,3.088775595228591,3.0118592012304304,2.857107313777673,2.733288593959209
2023-10-11,3.0723962894812673,3.0017370624871016,3.099141986684862,3.0167394196600856,2.855082140676363,2.7170600736662087
2023-10-12,3.0719454580837287,3.0037066710181666,3.099411323609957,3.0148056583804177,2.8478648693117745,2.707407011791324
2023-10-13,3.0673976064101334,3.0035671990198867,3.1078571708860423,3.0246476941020015,2.865998063666644,2.7344557846355455
2023-10-16,3.0577733153607007,3.002307006857322,3.1119755270521288,3.0356759302973764,2.8802570695854812,2.752761018286466
2023-10-17,3.043662000852555,2.9883555293054935,3.092410950759945,3.021579933556911,2.8695620399122586,2.7500009003475308
2023-10-18,3.0822103325682835,3.0267696710060763,3.133827940284523,3.0621505398511646,2.914729329023527,2.793615114244365
2023-10-19,3.0708709320403846,3.0187992856097376,3.1297858058649446,3.057880852671748,2.909278575157376,2.7820263709727886
2023-10-20,3.073190461813983,3.0205745727784743,3.133196038094063,3.060850106391402,2.9100364955887863,2.781328995034041
2023-10-23,3.055518526213795,3.0029131817894124,3.1096123857808986,3.031348829380106,2.869775467314408,2.7333977111521826
2023-10-24,3.019059781733163,2.9820264309595825,3.1053774747452083,3.03634178843924,2.8808070978070837,2.7468676383268837
2023-10-25,3.020416558507156,2.989408196012317,3.1197527129945,3.05504245865772,2.890171656981756,2.7544757732323792
2023-10-26,3.017685058631915,2.9894338000980927,3.120066952806228,3.050745241098157,2.8836396351592617,2.737250629964821
2023-10-27,2.95204946545118,2.937257297244921,3.0807135525602893,3.026895861219759,2.8753982723129314,2.7469978965854116
2023-10-30,2.9338080660382344,2.92705274386927,3.0762852692422387,3.0296141238417156,2.882596312136308,2.757209722594117
2023-10-31,2.9366721957160076,2.9353126162875873,3.0789643224383343,3.0249275874214074,2.8667470370895116,2.731500191724673
2023-11-01,2.8998848779575725,2.903277145242734,3.0526192721095526,3.00305689017115,2.850222988710835,2.7192412124962346
2023-11-02,2.8614020278883685,2.86196972927991,3.008443949683201,2.9688378399707007,2.8341785472964576,2.7155441127577262
