DebtRatio,InterestBurden,CurrentRatio,CashCoverage,LogAssets,SalesCycleScore,date,rating
117.308103468865,23.429107083628807,155.41798148056776,58.77648758455523,24.17086948769556,-0.4220282360984344,2017-01-02,B
90.10311374433219,26.36687901227324,58.425164203749574,23.751983957535458,23.748111002955188,-4.74508383590581,2017-01-03,AAA
251.06758641638183,57.87820592656745,83.70337435164018,40.887777966252244,31.100737908859813,-3.0939683297422125,2017-01-04,B
93.0706278194852,26.39855156525241,98.95502085083959,39.39927936386517,24.031264876344,-2.8198966645639967,2017-01-05,AAA
104.63978883839656,22.491065546136014,270.80106308106565,91.14234308899883,23.795129958400448,3.8129491743124277,2017-01-06,B
87.67284057178368,21.84133231010996,88.81500652204163,30.012326426624814,23.495492494467694,-3.5127001436050738,2017-01-09,BBB
260.98132004063996,72.43475635504541,237.75674853476335,78.18112387185967,32.719772374827535,2.4179379727439545,2017-01-10,AAA
83.43899679883394,21.561962910830207,198.13182949813364,54.64695214635796,23.18580511889851,0.010870380689858846,2017-01-11,BBB
-2.870448835522872,-1.9872492573482443,151.14706008286586,49.36064084053011,18.631804565401733,-1.3689522749731624,2017-01-12,BBB
42.94772241349501,13.536006801447938,145.16266485798383,52.29475919445506,21.444581696223697,-1.3022567528379645,2017-01-13,AAA
122.23324137163756,24.809416893402254,232.986030124009,83.717799878317,24.448366607790096,2.537758054712759,2017-01-16,B
28.725607548943216,12.154935091671387,263.2787567204854,90.8219090145922,20.951052764108415,3.5675294989777107,2017-01-17,AAA
48.801177961058656,20.805466572565567,132.34669998668736,51.28163709073375,22.386725966257917,-1.4694045765256474,2017-01-18,AAA
68.99364974673712,16.12752295941102,123.08395643586428,36.82832536102659,22.293942034060223,-2.5128669573219997,2017-01-19,BBB
180.25848704780182,45.02065516036965,209.122171978876,60.90721663721639,28.026984390514162,0.5136387215331364,2017-01-20,BBB
110.35451131458518,31.170042549409274,278.1754517467224,90.77719883807968,24.754734066963163,3.897788409012102,2017-01-23,AAA
82.94899529806992,16.45391926718179,281.3405788303468,94.90001447483748,22.66218110697387,4.040740865221469,2017-01-24,B
26.663518757267145,8.840317228668278,187.3426957956329,52.828567196035316,20.597461029862533,-0.30385104791083106,2017-01-25,BBB
200.6064603513763,53.275051652889104,208.42441428249776,58.43432489343798,29.294628858925606,0.40223698770538535,2017-01-26,BBB
68.01611847977628,10.653368313846189,237.01249321710418,82.67422975975457,21.810934676004397,2.666894249416865,2017-01-27,B
218.00515391244693,48.94694552560449,127.80761209426606,43.41010888785531,29.317497568723407,-2.131873253554797,2017-01-30,B
129.0586573872186,32.19669172214708,207.77612989093262,60.020314077570376,25.570483233962243,0.6406123375753492,2017-01-31,BBB
243.7887482442123,55.416890041178235,241.6631950643003,85.48528382600809,30.679930060897217,2.68896858307572,2017-02-01,B
-47.088975583598874,-6.114405616814155,292.7363993645508,101.77030692480866,17.21260442526349,4.74275651341481,2017-02-02,AAA
118.52483788588448,36.170476300549296,240.26484335345654,88.12610369259734,25.686800045240414,2.964913393714607,2017-02-03,AAA
154.20230326779057,43.03340661059491,179.4793535133927,65.61369049282683,27.249800734139356,0.3405777409940528,2017-02-06,AAA
105.73356851283901,29.137726775160836,264.1818959149738,80.30748520669697,24.601225039007886,2.894509850911133,2017-02-07,BBB
91.49653285627979,27.589733566085474,86.81184557144798,34.85908151531726,24.01372335097582,-3.460390501348215,2017-02-08,AAA
11.712622269547605,0.7241987248856114,57.084249408439184,22.971612056664533,19.488602080896015,-4.815100443935779,2017-02-09,B
152.6253291563156,34.38843813884396,175.61656310113335,61.27381379170362,26.055556580414773,-0.05369649271236747,2017-02-10,B
188.95025965634437,49.85036402866204,169.53253798001822,59.381520980429755,28.579370898301104,-0.19084224737142566,2017-02-13,AAA
125.25557585096512,30.041807862645758,203.88233330459678,54.03142055427402,25.07740132739698,0.011648645837042532,2017-02-14,BBB
124.181319238404,31.737274193994686,302.94754098977546,87.7905578187476,25.170513102719486,4.16690859379917,2017-02-15,BBB
70.78510597065605,17.542837310364305,167.67769846530857,43.17766553846759,22.56194124761944,-1.1388208002319162,2017-02-16,BBB
113.78539037474388,34.561336633767006,51.01107566908499,25.1657643818871,25.352210350505135,-4.684897560491552,2017-02-17,AAA
49.921040664372285,10.850865760741133,30.41380307360358,4.0307203604971695,21.55556945294436,-6.413340288874288,2017-02-20,BBB
95.15849780940331,28.908007807041116,294.06840123283695,98.42941540100661,24.20272016118945,4.560189323230029,2017-02-21,AAA
159.79064883848864,42.511230936089994,118.70187614243349,49.12824712924259,27.250271921431278,-1.8579828896889954,2017-02-22,AAA
80.51801458849103,23.837018763486572,119.25528313281136,47.76157305263322,23.287544856723727,-1.8431786570485564,2017-02-23,AAA
41.16468878774792,12.215789139650685,205.16244259410678,74.31902204126476,21.197880452891155,1.4560241630470603,2017-02-24,AAA
150.16377184747745,34.90827970688068,2.5812426023834316,4.83606281705576,26.470950547319923,-6.920384735779684,2017-02-27,B
148.44005907189032,42.77365699295425,247.9066123882701,83.08683351869121,27.002718309396126,3.084767615224951,2017-02-28,AAA
136.96230787271463,29.065726257743446,217.34061657828533,80.67274208378524,25.19031380628751,1.9908265643178433,2017-03-01,B
118.28434231975801,31.32453368485437,252.17744084522846,74.54183644882559,24.892592550596948,2.3767380098814876,2017-03-02,BBB
13.342954997169874,9.366446521238151,119.16613968862734,44.656240749278986,20.262520083024093,-2.0111629056072244,2017-03-03,AAA
155.17028336514238,44.34928015166412,111.56131695035438,40.03894551483916,27.355428517520732,-2.6232302027504035,2017-03-06,AAA
92.1451279143396,16.779508902052246,68.36827345397225,27.161639833100033,22.96404556683577,-4.272165078765294,2017-03-07,B
128.5957572183763,36.40712279064892,199.21744193594785,71.98789633036408,25.9077628920901,1.1572917574595472,2017-03-08,AAA
183.73320711217335,50.25471290616252,190.62663434310224,70.3849681991741,28.611192331532727,1.0047375767847633,2017-03-09,AAA
108.50872864793837,30.527996601479977,71.21692280863535,27.35565445613856,24.7348089799191,-4.420459077040352,2017-03-10,AAA
278.1004569971471,61.03709565893863,165.57714941938806,61.37981336569838,32.24392142063131,-0.2461414568611578,2017-03-13,B
106.99493626926133,22.634367915841302,162.56474339216777,60.01792248510283,24.024606789923798,-0.34163428549063246,2017-03-14,B
113.52901114833874,26.67073266392941,205.41739166502242,57.926516839688105,24.567413369369422,0.3639496095127501,2017-03-15,BBB
93.5074376797122,19.816010978911255,163.71712508519684,54.884158865704585,23.25524771985545,-0.6182883210714992,2017-03-16,B
84.3932591724555,24.14380435081257,241.2000178239882,72.27569579511167,23.51362399172294,1.8294825860567665,2017-03-17,BBB
28.383561184234452,1.7252254278104,130.17513689186444,53.443972030132755,19.962145606700812,-1.4124093704502747,2017-03-20,B
75.96062491413629,24.89452315411602,274.57523326715824,93.13197959150848,23.312063679203604,3.961206393624796,2017-03-21,AAA
197.51333938986122,45.86179878754303,97.14139200563376,35.72305779106708,28.431615453246717,-3.0575585470186906,2017-03-22,B
86.81997780040324,14.538363011321298,102.42064641513181,40.619717106145764,22.801034810494702,-2.770231511775916,2017-03-23,B
254.7976667663705,58.92968660778963,203.46708546456165,72.14800154741299,31.342109230270815,1.1655908363291507,2017-03-24,B
112.8887458034394,22.467086783600386,157.87064725385687,57.74507480726063,24.116127646352016,-0.5418923906346098,2017-03-27,B
187.0634903110182,47.58790636221373,95.59784946754601,20.746516871998555,28.37263100820802,-4.2332656843655565,2017-03-28,BBB
55.79862301818132,11.820174108548489,149.47351875183804,56.182524105760336,21.441346364336045,-0.8587760982849092,2017-03-29,B
184.53998016254292,45.639341994183056,94.0811394014529,26.703678724498694,28.13673858345855,-3.8998553365506217,2017-03-30,BBB
180.58585721709244,40.609814659952136,214.94809057986458,75.53059306349769,27.63496996989894,1.6866928006560635,2017-03-31,B
110.18814747828296,27.726270445117457,118.1631365079348,28.52988132314613,24.4989244216183,-3.1540476004661726,2017-04-03,BBB
79.58227549699494,19.832461225252043,120.56573788964329,25.94466248207707,22.963043173716105,-3.369009268453271,2017-04-04,BBB
81.24393862480595,21.95899518644904,88.86438826816504,22.366052604168235,23.071582068606073,-4.061800189597155,2017-04-05,BBB
126.88079429083358,29.56738268934004,287.69702882647323,86.93444044232064,25.4187497202237,3.8276699192242583,2017-04-06,BBB
79.98216680989148,26.146813732118545,244.84813762428814,83.22180885542242,23.575646128301507,2.67773524135285,2017-04-07,AAA
92.5548668183032,22.35261086841259,219.01946011015292,64.76718218327403,23.638596667382526,1.0091817860509045,2017-04-10,BBB
57.58236518135367,9.092136233420634,160.3853530025232,52.551807214173806,21.240708137560286,-0.7743887349501212,2017-04-11,B
58.54148287990428,20.27948225275166,38.67302203523883,21.499453355121513,22.399212762115074,-5.22112215290188,2017-04-12,AAA
179.330341697046,39.89629959693324,308.3472247825024,106.2619083315809,27.575295460370292,5.392160930314123,2017-04-13,B
36.713392821757004,16.85888092288898,136.93849142229016,51.96889596502272,21.652918002703974,-1.2624803769487962,2017-04-14,AAA
21.499986175190767,-0.3835692235441135,188.60137171985278,69.41034007133926,19.312960978053383,0.8523980528633642,2017-04-17,B
114.99671720021489,24.946927606056168,186.84204709860282,65.28707473863994,24.42809761757607,0.5104618837964445,2017-04-18,B
198.68774705727353,50.09270380376366,106.0474862320694,27.901505235239462,29.09530736264495,-3.5272737430371666,2017-04-19,BBB
109.25562238915896,30.765160089423567,206.33664441276875,67.22027092866072,24.829191856742735,1.201486975350495,2017-04-20,AAA
94.07802799311911,22.907717399387483,207.2219364516192,65.90622616544344,23.483977890226587,0.9442745692591594,2017-04-21,BBB
115.16201752061646,27.0961180870943,132.7661216342358,49.14843615386217,24.68933376806875,-1.6847598366235725,2017-04-24,B
100.34050391467842,26.831623987056762,138.4411293412004,37.75021027909803,24.369895964104902,-2.3011527466011437,2017-04-25,BBB
66.95501560631544,21.535579671869563,120.84022201157045,48.15800652412725,23.01101476459505,-1.738802567542821,2017-04-26,AAA
69.69299612205512,13.025994819975795,273.77225957074853,95.68675296174983,22.08583916890804,4.221608977636496,2017-04-27,B
153.96841922862998,35.236636152698615,139.81464279219475,39.94083918204881,26.44933602081745,-1.9825365623861728,2017-04-28,BBB
76.64494362485956,26.011881602353817,105.75537322303616,41.16263973535985,23.417425672993918,-2.583370304586676,2017-05-01,AAA
181.96644543166826,44.17145377834001,177.72019927474787,64.59578268753572,27.887055940853102,0.20369765353702196,2017-05-02,B
181.73015370863996,46.229226346630305,165.01824280079117,41.31738994876135,28.12599731641239,-1.271527789615456,2017-05-03,BBB
323.07219402706716,73.33482137075434,277.8293252707901,90.4200917042565,34.302528981458245,4.038143620825681,2017-05-04,B
270.05707632450276,73.92959302075482,204.62413688973527,72.10279163072546,33.19783586247347,1.1623920252320692,2017-05-05,AAA
77.37978341522464,24.752155395162347,324.6702377899208,108.7877150206204,23.510440301596425,5.956276356256829,2017-05-08,AAA
209.9795650948173,46.951840144473465,185.40524898615695,61.89385247459804,28.832691156920138,0.2850145670708881,2017-05-09,B
73.60072182847793,15.21556049508361,177.7256639667469,48.50517502567919,22.09426144653081,-0.6971077272735448,2017-05-10,BBB
68.08583920570825,15.307192912114056,60.90436071451859,13.394033036190518,22.173081194580785,-5.392239481056443,2017-05-11,BBB
84.2151661202864,20.164855369962574,156.8500402453042,41.17846019499183,23.11865354097561,-1.81490968050682,2017-05-12,BBB
118.52064936974652,26.1339776706828,-8.997149041687027,-6.093899372671649,24.512743054865318,-7.945145480823332,2017-05-15,BBB
60.8796947732198,17.613333867801657,55.93820188734861,13.094179750484397,22.27036630188854,-5.601853603554258,2017-05-16,BBB
155.95935101697611,45.544362696696005,150.10335262753173,53.5089054117183,27.48469555869326,-0.9176775848373933,2017-05-17,AAA
63.638410306782916,10.00088384840966,49.665828695007065,21.25236999145316,21.797316743665437,-5.184640082173375,2017-05-18,B
62.96821863010256,18.34098557178966,121.32706419947698,31.979221045348034,22.397776121699888,-2.6855231667829966,2017-05-19,BBB
149.02084207547918,40.998653964074684,150.75306069458983,57.590439749428725,26.869824915266904,-0.8903296139251167,2017-05-22,AAA
147.6510933022948,38.28300397157785,165.3786213347681,44.68387055102042,26.529750107159373,-1.1552487108494942,2017-05-23,BBB
97.18509770463962,29.657591593556056,113.58777672226363,43.45986683960184,24.453601231238768,-2.3261294891232716,2017-05-24,AAA
88.110278551323,18.405630859195952,159.5449603536765,59.37009832049466,23.18455994672225,-0.42475213008650964,2017-05-25,B
107.41961853055214,21.77521371455443,153.16057680598684,58.82240787256055,24.040771493446048,-0.5292161673765421,2017-05-26,B
113.02513670910932,25.450909584393123,64.94872573998411,13.244941677758542,24.334490260952336,-5.2027477655608605,2017-05-29,BBB
138.27343017813695,41.72145002723997,180.08998987870757,63.18762306943196,26.554782745778684,0.21646871842512075,2017-05-30,AAA
105.92778706257141,23.86548956476195,175.20903393638346,57.42170036299699,23.79105437408814,-0.39337089008862736,2017-05-31,B
60.4602386776485,14.281187451140179,223.54078737719843,64.95636313340245,21.783401950788797,1.1778052427433268,2017-06-01,BBB
200.76940344494173,47.75690808182882,155.77818757634057,43.34504962377968,29.128534830549707,-1.5262112849784226,2017-06-02,BBB
28.362261663898565,5.089190084026303,150.26317961053286,56.105747470679766,20.245975792510677,-0.8625834337905767,2017-06-05,B
101.31804304616591,20.772315996446707,105.90318797388413,40.73650934084845,23.597583212458712,-2.720695121086918,2017-06-06,B
111.56407295793682,27.16811890641017,83.59517155689367,19.38232009368409,24.465483523440746,-4.522015513377842,2017-06-07,BBB
213.9449929300232,49.73748119515274,129.0190752087825,49.55626554728519,29.329672784981874,-1.595049752036232,2017-06-08,B
229.90690735200573,55.41888460908249,228.33661433551666,71.70482602789801,30.47975332159547,1.7359262715223767,2017-06-09,BBB
58.06756118722764,12.355643437602989,345.84401500123,99.8911421947278,21.700399418554888,5.689311065979137,2017-06-12,BBB
94.34480732949856,25.09776091756649,158.25966480910057,43.11204821990376,23.83292445191403,-1.3494288897511069,2017-06-13,BBB
88.65007606240796,26.014760460700767,57.44057089714807,22.113512744993645,23.63918645021239,-4.83118165237235,2017-06-14,AAA
118.59215154757001,30.705976914856635,142.550923656688,39.011363907057905,25.029162727590098,-2.152487630539504,2017-06-15,BBB
172.24981401453368,45.44639320126976,340.35298471162866,116.26702636689315,27.971451893095796,6.709555668849903,2017-06-16,AAA
87.04931213991446,14.139014257946888,173.94334359509216,62.08940616268084,22.586631828963935,-0.09152586753445595,2017-06-19,B
172.93671889129084,38.874119192404855,169.9934398733654,58.77113214037954,27.3134608603381,-0.4691935206885588,2017-06-20,B
177.80248478445543,51.63763171012094,192.60313260497452,71.23963154336575,28.713485829061998,0.9247811172572005,2017-06-21,AAA
240.91329683104303,59.78567171127484,232.08084228459694,73.11292869794889,31.074334200162085,1.8791276442943452,2017-06-22,BBB
203.316216357851,43.43895266020662,159.21805443578364,58.55906431044796,28.55749739457737,-0.44214064721318846,2017-06-23,B
146.5370480782567,33.15473928724292,211.6844940671717,73.90469359147869,25.93288054009004,1.6034302763202832,2017-06-26,B
171.47932226222568,51.32916610953861,45.699330371100714,21.471827476122833,28.52795899792041,-4.8950366368143685,2017-06-27,AAA
186.49083492942034,46.28465409439277,224.8333659088804,66.61366676586512,28.211373677518917,1.2439668898444418,2017-06-28,BBB
96.67210628370673,16.774668725399156,119.71174398423275,40.363841899972385,23.106336040136362,-2.4861158299936603,2017-06-29,B
126.2841346039772,27.298999714629407,168.19488450492895,58.67015686140803,24.79338209052526,-0.4234534578172843,2017-06-30,B
95.28302878409646,17.961497782568618,169.76691607122936,61.03022815075284,23.130093283256038,-0.13431066473276254,2017-07-03,B
120.10948786221402,34.28602251629979,369.80184944406204,128.4639089766847,25.50737555279397,8.033819488454123,2017-07-04,AAA
177.73056940750203,40.16129175524156,235.3037492168611,79.0542935230657,27.431273516427098,2.369345624272526,2017-07-05,B
212.29845147904513,52.188499678977564,188.803477680351,58.6493456837044,29.53198300142789,0.011662352229869388,2017-07-06,BBB
91.02017009647595,14.423528222736426,84.56611338124476,36.62253981914363,22.521189543566845,-3.474516938069357,2017-07-07,B
134.62289138413976,39.26387291484139,142.2070476874058,51.32247816223026,26.285888015744426,-1.3032884239762075,2017-07-10,AAA
117.75884575513518,29.561702783335882,43.333045317259526,8.116042808135917,24.567982630626847,-5.997135794394354,2017-07-11,BBB
100.1698710539222,28.499137562131413,147.92469272781784,41.677989300391516,24.434978552314426,-1.7677612297624932,2017-07-12,BBB
114.24461299003221,21.950717428153723,209.11411380839186,71.93969623450234,24.021324218136257,1.2556975882525419,2017-07-13,B
151.30627921582084,38.70251343241753,201.98402921019837,56.83642807354159,26.70598739484394,0.2630654989695727,2017-07-14,BBB
98.68224025467353,30.102533110462794,133.86222496204024,51.22086027333583,24.289534762965296,-1.407961988065061,2017-07-17,AAA
112.57539347120532,28.367771631531692,-1.0081295368517615,-5.034592117141398,24.796232729365563,-7.7134191138764345,2017-07-18,BBB
46.80978539925025,10.05285090973509,229.87311069965475,80.50816291494338,21.322383116359475,2.312814262442205,2017-07-19,B
28.82756396669159,9.846471266922475,206.41387617054102,74.18978445097748,20.571545101130745,1.4051195064604645,2017-07-20,AAA
85.5290070745127,19.45884363123606,226.47018885197417,65.90238733515775,23.089201449363276,1.146754840315697,2017-07-21,BBB
59.466388358843375,9.444387285232366,214.93594803100729,74.32602683978884,21.560019516917233,1.4817195948117,2017-07-24,B
127.4309787769138,31.338768345864374,268.85620573749156,81.54796234207902,25.578338417157816,3.094951200374594,2017-07-25,BBB
133.05586791689086,32.06404659975853,199.09324589257247,64.42352161427085,25.35693795301087,0.6252864876952408,2017-07-26,BBB
103.20672373141547,22.52039432716821,123.46333955538857,47.64976402849529,23.94973853264199,-1.7808978766816446,2017-07-27,B
53.254814717937585,8.860090520189006,111.39570340136856,41.44657761432302,21.258586284678962,-2.42128792454796,2017-07-28,B
184.16957542602123,52.807532106044754,219.10907265807788,74.43407840430973,28.773823319436964,1.6596104996229357,2017-07-31,AAA
149.14481277391158,35.83118745492241,63.09202939470384,17.140135380905864,26.324867412656157,-5.049787760528567,2017-08-01,BBB
117.01178080746135,31.98031787936953,218.18879659472051,78.78258575841829,24.92123893270036,1.997587057280998,2017-08-02,AAA
209.13138530991574,54.241789311560126,229.9243375697842,68.9733735943298,29.794050029070394,1.5995734521309974,2017-08-03,BBB
76.45377454752968,23.040232373327147,167.1714187980413,59.097660479903816,23.166110431595612,-0.35873507536101334,2017-08-04,AAA
72.6592876503198,17.141570655989003,286.625331350539,86.31465114391031,22.61518331869337,3.744966276457371,2017-08-07,BBB
167.3416700156078,35.20737424138447,129.01383176292669,45.18004929454795,26.716403630767253,-1.954471807189787,2017-08-08,B
220.22841017498672,62.76890061855896,175.2838505793014,65.3462383426558,30.567495720469108,0.3258953536880369,2017-08-09,AAA
80.4666255275186,15.281411171135632,-25.41528018318789,-0.5996211840816299,22.543054194616424,-7.960872856202486,2017-08-10,B
136.1110405549638,31.98804686043633,205.28005912086874,63.11632594813634,25.51525090456266,0.770879982518809,2017-08-11,BBB
95.46052694206122,26.285838420226625,199.67714914350623,71.93332748156628,24.10793278975834,1.1311169824463378,2017-08-14,AAA
89.71668446661143,28.19487682486398,86.05129016247757,33.234735086771295,24.066440299578062,-3.5442511399754983,2017-08-15,AAA
-41.912113358497514,-14.092985529709063,161.36392502660107,61.836792403602395,16.55219125387934,-0.11997466061603321,2017-08-16,B
119.37720128819677,32.04868405843451,295.23563330094896,100.45276272001712,25.272700321762617,4.9245391602504505,2017-08-17,AAA
127.58924598395132,31.223024233625893,263.1036785962807,77.82109170159123,25.39637597151805,2.699955084828259,2017-08-18,BBB
175.13277195206723,45.34183204779286,107.84319628225506,31.00267632498285,27.99761387812861,-3.1244064662605053,2017-08-21,BBB
56.61409209104148,5.893416689407983,94.90791026705944,35.43083744717944,21.04074671495205,-3.133244649590465,2017-08-22,B
27.598429345323876,6.2172375722521425,288.20761994961947,83.88010106668706,20.330897369559736,3.610274452635446,2017-08-23,BBB
153.84650137020526,36.818694250834525,149.54030967006196,45.26746893547631,26.586679864197293,-1.452586591160276,2017-08-24,BBB
138.99564158961644,31.351307176160084,194.00456726587376,72.23279978235152,25.62079552907452,0.958039982665364,2017-08-25,B
99.71709406325752,18.078822990424605,191.80913039466517,65.57374361935626,23.497780387107756,0.5685290312108547,2017-08-28,B
202.66438433366025,44.22246708715749,166.94103913531825,59.40329320154705,28.49515278349331,-0.2527695923808518,2017-08-29,B
53.66206330203883,19.231454313910994,163.70128476230832,59.27319352030936,22.403161064506687,-0.3977497319852904,2017-08-30,AAA
109.38600158677326,25.952146851478133,187.1827194056837,57.187148484726855,24.310328475886212,-0.1557319090211286,2017-08-31,BBB
105.42808806710978,24.507629561730507,222.94528504055327,75.7036056983586,24.064681820799436,1.8434400686542218,2017-09-01,B
77.93405964841274,11.3586280151474,198.08071757919637,72.1907728320997,22.037058575723087,1.4420543275356565,2017-09-04,B
104.52974325729137,22.484357599367048,250.28437058780813,86.68249649279402,23.76434150593411,2.8686318880954467,2017-09-05,B
159.22064026645035,32.08539852019349,258.19430256743993,85.443011456229,26.188306300040725,3.272925241892276,2017-09-06,B
189.29285972128534,43.509455552412724,187.06136396595585,56.07315362558852,27.931953778827914,-0.08866982427076361,2017-09-07,BBB
114.48381438370795,21.408166383494976,222.46470503994072,77.10284309174922,24.025912331984443,1.8854807387836354,2017-09-08,B
98.45398212650177,27.426431636824365,171.64674756527924,61.67815386113886,24.074582804947845,-0.04390943024355587,2017-09-11,AAA
66.40542855338678,9.564049492307195,169.46608550375734,62.22342179159768,21.573511203878084,-0.041754333589999026,2017-09-12,B
97.37338477194362,30.553823344312946,346.68253324186566,119.24706876595678,24.55984359847385,6.990868900467831,2017-09-13,AAA
169.19243438357347,38.26910782245703,84.91895433097488,31.253628006419234,27.160869225505422,-3.579398682720556,2017-09-14,B
186.52703008351858,40.06013826579982,134.6247710653584,52.747749211665614,27.637768791305625,-1.4039776181090666,2017-09-15,B
165.53694696697264,37.86265258982653,146.8938434511474,39.8541306830545,26.804381737749196,-1.8345719673954628,2017-09-18,BBB
63.14410995350399,10.553721175685803,88.479481376227,37.288232215228945,21.595388225921837,-3.0873423521729535,2017-09-19,B
76.50167354177186,12.684989464329586,41.23697699160873,20.1882937976392,22.05421700019789,-5.029657478088815,2017-09-20,B
122.49198300377317,32.68626456643571,166.29736257710198,47.729242331544896,25.41650622215337,-1.1269926459270265,2017-09-21,BBB
79.90098292736974,23.16625982829259,243.95318412520305,74.67306067522048,23.429491794506458,2.178807173261347,2017-09-22,BBB
134.96769254408593,32.39678645891921,108.29212895898121,33.104540100297136,25.54761529896023,-3.093143972448219,2017-09-25,BBB
167.97121673303326,39.99611195015963,192.1530242548607,58.762287526731626,27.32178864013351,0.11156482388864267,2017-09-26,BBB
22.375529879502082,6.343614473643388,58.97134766661846,13.48980093548099,20.340104176244154,-5.311393327283673,2017-09-27,BBB
47.740828323703816,12.015880513353261,109.23193446349529,29.718626161644032,21.420767026095533,-3.396662347538312,2017-09-28,BBB
133.4441815393304,26.506497372201693,278.51874850222123,96.98915856252741,24.953420563741663,4.354193868458565,2017-09-29,B
14.27426871980811,1.647832161354926,177.4254301241182,54.5249725499131,19.333640824973738,-0.43271839190253464,2017-10-02,BBB
121.26995104612318,30.872464262675845,159.72315820174657,43.94407736400377,25.054238249552842,-1.3522193621523089,2017-10-03,BBB
4.304819797388973,-1.8941365834862651,197.13221081073763,59.4466504357832,19.012855715530876,0.3452592400931728,2017-10-04,BBB
126.04547176909014,24.936316443349803,226.45828616796305,78.79552449037253,24.656266617058694,2.3999969464461497,2017-10-05,B
184.35900739530436,39.68351227619733,202.60295294580374,63.535602826138856,27.772860522645967,0.6041734219284225,2017-10-06,B
76.95098651646198,21.418369810861147,233.54880916034318,65.50131820514682,23.250228559841435,1.2795290937063135,2017-10-09,BBB
8.196520585257874,-1.0507532349884205,120.22445048056838,43.77237830220609,18.94433232052628,-2.1341851722437397,2017-10-10,B
19.226350276619836,9.834845423372688,10.596729041197587,8.638681840321006,20.524577609459204,-6.709825697424994,2017-10-11,AAA
107.0114912068532,24.146334598142882,323.6792131206549,98.71924961346892,24.16886947454013,5.061031405514412,2017-10-12,BBB
99.34877969781078,22.892313010538537,138.30234465330986,43.22304930634165,23.821276828405356,-1.95869994563922,2017-10-13,BBB
88.07797788105066,15.661303856935598,129.9072480817724,45.665116802212204,22.804100752668887,-1.9785126466189946,2017-10-16,B
185.93154006772184,41.94391742002782,57.34931470714971,24.59889825387253,27.877882336670844,-4.59739335617584,2017-10-17,B
239.6472978582739,62.4495431105728,289.194844002059,87.37982196325433,31.260873885541148,3.808321837337994,2017-10-18,BBB
119.07259507440739,28.484879577660173,119.866335671228,32.66161197512322,24.878255026197387,-2.8181634298489224,2017-10-19,BBB
145.8061805864766,35.15008934383177,210.25262719529346,61.15661485603222,26.08580385672197,0.5896756323943366,2017-10-20,BBB
120.17391104700513,25.16619798377974,202.92703916806602,74.07184125200129,24.546510530235103,1.4508902739135305,2017-10-23,B
92.04059692536373,23.732970203037475,175.58052562383926,49.026986518421225,23.718472571120223,-0.7758241966378738,2017-10-24,BBB
64.7601415287118,14.162031894757213,247.43462722179578,72.07095127142091,22.07009644026742,2.137046115811163,2017-10-25,BBB
64.50991584717326,13.658852941313391,118.51690757477994,27.589051284648768,21.97575275127634,-3.2844416129829486,2017-10-26,BBB
117.26992913529034,25.445014126274636,176.95242780858925,50.09686914030292,24.363168387359295,-0.7615573575948834,2017-10-27,BBB
92.00804900235605,19.79870047399244,201.97325886333041,72.65080451322264,23.39311529714986,1.195024174124405,2017-10-30,B
94.1486921993499,28.209859613814967,204.74240604869823,72.28853640738727,24.2239620890273,1.300621694325142,2017-10-31,AAA
145.14505132975134,32.85255636081363,253.0116137172409,88.04505918346712,25.79493008447527,3.3406517545403314,2017-11-01,B
103.33365035420779,18.671873730330777,219.8966926598696,80.74863554967841,23.35697672180874,2.021479261837038,2017-11-02,B
52.61126886120144,9.271732316279206,169.99864348517755,47.3555930101522,21.258423380966708,-1.0740669653166517,2017-11-03,BBB
178.85219160479653,52.4632115666943,312.1283904331845,107.12523938689394,28.654532077888657,5.503012214584615,2017-11-06,AAA
174.02537872762764,37.77887163628961,88.18538403813359,29.575392325818406,27.19001438714728,-3.8029125493454368,2017-11-07,B
131.7292119177002,32.77821176457578,294.2582141088401,87.86246771761385,25.67162671777373,3.8867796131809067,2017-11-08,BBB
119.28987271469884,30.594748819775994,323.1972462745726,98.127034356238,25.043563605476436,5.158051885275305,2017-11-09,BBB
263.122666775414,70.26007026315563,211.2014607746402,68.99611516814701,32.580338137410415,1.1316573981954012,2017-11-10,AAA
212.1624788604027,48.97067018912311,62.678800759006236,23.685622509624807,29.13980848869728,-4.453478524069833,2017-11-13,B
107.53635088353958,28.22134707944561,172.8543426590099,62.31608193086955,24.54293402916838,0.14604942495777262,2017-11-14,AAA
187.70138150701533,47.11711489235005,253.4868090110956,77.10578389911056,28.416719396134447,2.497109373236905,2017-11-15,BBB
127.22212711740433,27.023487552838144,152.47371693763884,55.983818723282035,24.988104506092,-0.8601768579377775,2017-11-16,B
91.408769013165,24.083798257551642,204.05210731614443,59.82548213914152,23.718245388610498,0.6163950946851114,2017-11-17,BBB
226.18821666773113,59.33148645789451,239.48895214889635,87.20687152428721,30.48463196143572,2.7982941037257802,2017-11-20,AAA
174.8839903615798,44.04523184054957,148.90953648155025,55.59144129386882,27.826648612173006,-0.812644645986645,2017-11-21,AAA
285.42022230355025,67.64309548498771,87.26449521982974,33.27792319803776,32.88789367934767,-3.4611921738486444,2017-11-22,B
84.58845493544628,17.813155795979977,107.28651236094976,34.10196503482137,22.746303927404668,-3.121602482482543,2017-11-23,BBB
29.644954498258997,6.53876453016942,269.1888620137035,83.08417457588773,20.476224853446286,3.228609670104958,2017-11-24,BBB
160.5071684486116,45.63747919263504,249.59529207757976,86.95010074995515,27.437890693681968,3.039858893603458,2017-11-27,AAA
65.60027144556301,14.653040055738431,226.80237576728769,66.56668056576004,21.98063302728232,1.2546797385129997,2017-11-28,BBB
124.41165779270119,22.896063567304992,303.6686304645854,106.10738964078195,24.30851648229207,5.354510787773352,2017-11-29,B
100.02465266100052,27.225123231103098,222.94996250273084,79.08249364130646,24.407630736793013,2.101320642797547,2017-11-30,AAA
218.32420168612026,50.29429393376081,177.53553629615362,64.4462452232635,29.66933542237389,0.3100879526223018,2017-12-01,B
134.55329604576028,29.170516741292985,129.25329520003126,46.35522356337667,25.339244906878992,-1.6431808752394432,2017-12-04,B
83.60862882234976,14.921023729831912,126.32468131894295,49.92289384295406,22.529994306834393,-1.6234980249812572,2017-12-05,B
44.719127848197104,17.458059556207807,120.63623925122856,43.56439102677751,21.84194027830304,-2.225523432416554,2017-12-06,AAA
70.15469406096152,11.807719539188051,269.41680333263946,92.60797580775048,21.934829381817465,3.7682273540836904,2017-12-07,B
-4.862273769093914,2.80808542440026,108.8825760616063,43.507340985211286,19.127776143762755,-2.395760667651585,2017-12-08,AAA
122.5821158470541,36.14526486659104,85.79405966214404,34.6986820765946,25.82931094184136,-3.633489358018933,2017-12-11,AAA
42.337788038721534,16.523615753680946,276.8627552539403,91.75988351352304,21.879282415114663,3.948967479992865,2017-12-12,AAA
152.09415087090306,35.21774897872094,269.80450633578215,91.25396179460871,26.392814978657874,3.572479713196762,2017-12-13,B
176.76659299938342,49.54142874032317,190.44346916459932,65.89757945373597,28.427402243363822,0.734221531196308,2017-12-14,AAA
156.2169700354253,36.09959270600816,54.90472068340042,18.82581840667784,26.48456475533951,-5.2428529672918724,2017-12-15,B
161.66300257469973,35.369211698170496,273.25758248338326,94.21831774822176,26.64447359941127,4.08204646209456,2017-12-18,B
137.55339502827735,32.22341076428201,174.86115020736383,60.778604091180696,25.664140606768186,-0.03883721292054491,2017-12-19,B
137.69871031427553,33.97661975805895,146.40090176273918,43.16273917844817,25.84048145079213,-1.7431016489360265,2017-12-20,BBB
138.5956334804037,30.794287068352475,282.7445792091897,93.89744088359839,25.449142442706588,4.026727981012971,2017-12-21,B
91.79305315345344,17.61335083634712,119.05993745318958,43.6401342716308,23.21366981547856,-2.338164428058929,2017-12-22,B
36.320689080931565,10.028046099993206,142.2530454100981,42.70986311356725,20.92495308532276,-1.6632094878589676,2017-12-25,BBB
68.8629421603492,17.745633984325664,252.99180768859264,73.94632845464658,22.404016765227684,2.425211246451768,2017-12-26,BBB
176.17360029489913,38.449071869215416,284.2108113731666,99.09968209148126,27.17045753487147,4.482318716544903,2017-12-27,B
-16.037795116550694,-6.541924921833581,222.01128402677807,66.89603748162439,17.80592127539137,1.3124894577747035,2017-12-28,BBB
141.46352359632877,40.24873963690235,263.8119036987205,84.9769084927663,26.59416669956773,3.3029491066601526,2017-12-29,AAA
194.57224579946975,55.46788160011723,33.85539826951793,17.00695140970826,29.185818326209148,-5.672311330647752,2018-01-01,AAA
246.62305607589192,59.86997122387046,241.3033076877717,70.09601060080823,31.23168253316885,1.7597577375291773,2018-01-02,BBB
72.26092068915862,11.438231216814529,135.8630420537551,48.78050719065711,21.954770673314936,-1.4055971084983376,2018-01-03,B
93.35192702273999,20.742445751874083,172.41545426614493,61.734748120631366,23.36520397867036,-0.012032279210696325,2018-01-04,B
157.03653505738112,33.7237176862329,200.05401009166144,72.22042438401364,26.392048645131336,1.3023095295571596,2018-01-05,B
140.6332796793194,38.2376191361643,122.34457905162563,43.08020617530987,26.13199661263494,-2.134610818485757,2018-01-08,AAA
183.326543968416,46.44005466678067,208.07017741520565,63.111098934614446,28.25871133645101,0.5922554466355971,2018-01-09,BBB
168.19430094086533,37.89181576331994,217.74609490313327,78.3307013616651,26.872400464551834,1.9460287437380694,2018-01-10,B
65.1198989302707,14.532187103030887,212.19069073449342,61.438582674477836,22.077933077387584,0.6588582171400461,2018-01-11,BBB
130.09621661973313,29.136168129032257,92.39790363336286,17.396683773271867,25.049114785854027,-4.301548301247376,2018-01-12,BBB
180.95359289090888,49.59842307852649,267.87435468561824,93.20443094059922,28.51956731745558,3.7222643289093362,2018-01-15,AAA
142.12887708423244,37.35571734004695,190.5807723548797,68.00185015444148,26.160516024322362,0.5043680147421942,2018-01-16,AAA
90.42867017185083,27.60905379137298,80.95253673116353,32.77189441035044,24.110250362397107,-3.663170289116369,2018-01-17,AAA
9.162396311316563,5.018460369972333,270.0279231336225,78.83869590234376,19.67456274288586,3.0917042722961847,2018-01-18,BBB
155.98051330927996,30.513934333357227,34.176466272704594,20.089770595123298,26.020210548129796,-5.415360665906057,2018-01-19,B
34.95047619879852,2.4938295975835794,142.89364109133425,47.99597604078653,20.16208012636544,-1.7337555602581731,2018-01-22,B
71.2653161611031,16.737521822658685,190.45040473537318,54.31576916527972,22.46542294919186,-0.22704822129607494,2018-01-23,BBB
117.99784311848074,34.50131575299505,104.59794949471502,36.15363935826189,25.502041897646876,-3.144490762964566,2018-01-24,AAA
30.57644379838954,6.7701761625510795,195.2515670845522,62.09258961222801,20.45047759310871,0.4076913705524047,2018-01-25,BBB
120.0290277569002,29.681507221866113,204.8698243195649,60.96459551568276,24.878800111625072,0.594121012791416,2018-01-26,BBB
134.75866474079731,28.57042421804434,231.98784941272964,78.83584770176,25.259369943973734,2.35034174304845,2018-01-29,B
-32.16017580800052,-12.900147858073016,303.4088105556798,103.55616872656375,16.81792991484772,5.046683157948195,2018-01-30,B
157.9741782429157,46.28763971768813,70.53340494083848,33.632474784636756,27.64706303611509,-3.957715101724209,2018-01-31,AAA
161.349845318209,46.06894456138519,212.63279133910396,69.11319761716346,27.717014287396395,1.1803789252093806,2018-02-01,AAA
158.60048348480717,38.29581355103667,104.76624549807278,33.72436760612992,26.723366559533115,-3.0266164939532127,2018-02-02,BBB
210.17435725336318,57.03680842144659,182.61817167091004,63.65458240534402,29.92366344477472,0.3111022013221982,2018-02-05,AAA
77.08817332333129,13.653482398297703,138.2078465569211,54.541815063580934,22.081435825538875,-1.3209192213847603,2018-02-06,B
85.70187782208598,17.813284290850838,231.8163334725661,85.49758868712283,22.931088361536748,2.628755611147561,2018-02-07,B
83.33094980423812,16.107513135683625,170.84125160212952,61.24735710361991,22.706412827264508,-0.06882969152260593,2018-02-08,B
127.07543733146916,37.82985164465079,161.7109556459487,60.78592952032262,25.951970555527755,-0.3299777315066282,2018-02-09,AAA
164.2296978398251,40.795996113422596,187.93495550182084,52.75754074646612,27.13283122908722,-0.2347310282007525,2018-02-12,BBB
207.15351168718462,56.0248978587171,201.6429528388324,71.54168014442502,29.681862400827672,1.173617332774045,2018-02-13,AAA
27.922319131268132,2.52063127463362,208.15967923159775,72.6799954335842,19.86870613136427,1.445667714971612,2018-02-14,B
181.71454610830708,47.565675783386645,191.34482788747275,67.45531638760401,28.20786895213976,0.6926621074987642,2018-02-15,AAA
35.71888904591777,8.462706475551597,144.23199739668365,38.5342599256579,20.62863823619153,-1.9420653027598616,2018-02-16,BBB
65.18122303709383,10.283947755041208,203.93091352548842,74.71614834283855,21.627828506794422,1.41535266230633,2018-02-19,B
124.16087229888845,25.021675336633358,162.5602885972631,61.23371338041853,24.574520987826393,-0.2932524441234963,2018-02-20,B
108.68965894704556,22.22394465052939,161.10563946455684,62.49210910499037,24.052433688960697,-0.2771613609166467,2018-02-21,B
278.4734371765455,63.81565387876539,165.22196111028455,63.391663557588565,32.41022307885546,-0.014414298836827294,2018-02-22,B
107.981554239002,24.470528239272664,246.71609559880562,72.23969972604115,24.165937298721268,2.143816757364773,2018-02-23,BBB
98.11670234065676,25.800798468867015,267.4653882182509,82.89465946297504,24.006937157705956,3.356263052798267,2018-02-26,BBB
130.51398955969273,39.07111400833449,54.44978491666465,21.102683810233227,26.124917022510044,-4.856545759831278,2018-02-27,AAA
36.38618808544338,14.529945658976093,192.41823118477478,68.24693346563275,21.349822168265753,0.9835399002362312,2018-02-28,AAA
217.44990256064037,55.281479835822644,146.5754076000816,42.675319097620886,30.056329544402036,-1.6085774154799823,2018-03-01,BBB
93.92396949459837,22.104396736720275,210.11593202516508,57.77877117815763,23.556130911413486,0.3634805726511264,2018-03-02,BBB
202.78072073983986,48.578913748028,199.20190831193779,53.914275447568514,28.892459995151253,-0.12013350791143877,2018-03-05,BBB
205.01914013363884,51.580900777260375,278.2955885183476,80.67733003009012,29.30961747942023,3.311355058179342,2018-03-06,BBB
73.39595096867406,15.938837915343354,160.42254104838185,45.603726996710506,22.236695864095097,-1.321137530526896,2018-03-07,BBB
133.34211789367575,30.266726258405562,-1.829825232628492,5.331080355840446,25.36183532059554,-7.062100835598683,2018-03-08,B
98.53421991560297,19.429474883031933,187.0691755314928,66.39471840090505,23.264833157606287,0.6264913776544254,2018-03-09,B
208.3329930343125,49.76652236692,140.40086541685795,38.427144132774586,29.17674327759028,-2.2268338770076954,2018-03-12,BBB
163.45444769483152,46.38978901525465,170.34746582415806,63.289943150374995,27.793271804247574,-0.09710867878650623,2018-03-13,AAA
46.66369861696174,19.66965591578838,217.7939964500223,70.52370427413013,22.210757518787354,1.3825162677009326,2018-03-14,AAA
209.59048074198077,43.49101038626451,155.81827107884686,56.45924957059652,28.54064744099327,-0.6252193398438479,2018-03-15,B
230.21424204313354,59.35626904631998,148.55105915217976,54.56755515309615,30.870515206070092,-0.7883059260922556,2018-03-16,AAA
60.88347574287296,11.643409228154386,177.36803242260262,64.42615921243093,21.719666594252093,0.10959311201065865,2018-03-19,B
143.0368141315769,32.65435045419175,248.44967044327643,85.26678498488494,25.780384713174247,2.826030786583073,2018-03-20,B
154.7182329163496,41.49514389299507,158.90711157339874,66.48615204713604,27.117299179271818,0.00473860823645969,2018-03-21,AAA
106.62482386591722,32.10540922153607,-35.758081931113715,-5.7167256929942685,24.917933837286125,-8.399905147729164,2018-03-22,AAA
138.87976446977504,36.021270623202405,161.98391880023064,46.20497583131613,26.064779939271034,-1.0852300429539452,2018-03-23,BBB
205.67775185975347,47.60598006988175,323.4031537658507,112.19810342319924,28.90143984247182,5.868101373576769,2018-03-26,B
171.23668345184103,51.93635843676708,269.7807138566567,95.08866738829913,28.357859741412536,3.8895248085407594,2018-03-27,AAA
152.42939985287427,31.648990787040972,145.41078151588374,51.280683522148976,25.909405171213624,-1.2371162723886138,2018-03-28,B
190.83778250220712,42.88217429623012,182.5168706163966,62.44552941724695,28.0794558938383,0.281754207176092,2018-03-29,B
157.11993423715862,33.83994811331261,181.98829392744,61.96201414636336,26.277916959296363,0.05346763451075867,2018-03-30,B
159.65709274531827,45.22051775722467,154.55180277786604,49.54402297955303,27.50567422807904,-1.467491500004247,2018-04-02,AAA
-13.463271005439616,0.1707687782501901,242.444157555121,76.58180096736932,18.650259984982096,2.1036398000079735,2018-04-03,BBB
82.77432016060853,22.916111510866397,250.35689448564773,72.50832578028046,23.422717321408612,2.1499534256062702,2018-04-04,BBB
129.38114212629824,24.99436192500212,131.01104216334147,48.44584596292838,24.843346842219496,-1.6320399727162458,2018-04-05,B
185.80445307716442,54.82603069473374,84.67498981215296,34.985833028389514,29.212833844442706,-3.487444962947535,2018-04-06,AAA
237.43250173812058,55.12806216506289,193.34960281864193,67.49011247588632,30.292120365229056,0.7252855084516494,2018-04-09,B
129.5952942786317,37.916007254095966,158.15880056879172,59.89955786251891,25.950072549014806,-0.4130414102486614,2018-04-10,AAA
38.493436584730176,10.155866200923263,124.95237439355103,39.19965390352296,20.95637734852384,-2.4667982070474066,2018-04-11,BBB
148.23080524006218,35.669742600589046,60.1842858536903,16.73149215211173,26.26079155272121,-5.086823996784758,2018-04-12,BBB
56.488457648828025,16.61570052352178,-13.939669436303173,-0.5585173147168442,22.017606513961873,-7.598345188582127,2018-04-13,AAA
70.52228543899966,16.77864339937733,173.52936741546216,47.881749910768974,22.389987243036817,-0.9664851449429821,2018-04-16,BBB
223.11224164139892,57.03819184892077,219.0188712290768,67.84440493068509,30.295795301983443,1.3424129589523999,2018-04-17,BBB
133.3827239083052,35.52834481714646,151.8174604462256,45.556541435477214,25.86838248727945,-1.517485985995142,2018-04-18,BBB
32.277818119393544,2.687246804086569,223.90931194675807,79.46438857627527,20.065091548840407,1.9794214876474125,2018-04-19,B
55.37134184334452,12.145265703685167,339.49399953464626,103.62358202550662,21.45247018303099,6.059661539258062,2018-04-20,BBB
173.0697481019187,36.41543299252741,172.63012534388972,61.25360788877392,26.91712074747422,0.015181144692659146,2018-04-23,B
154.38175461738427,29.287737868693288,266.4966585535231,89.70857230136247,25.775712262818416,3.455054382459653,2018-04-24,B
25.339069087147823,3.868342436240357,314.37235830985804,103.13957393817947,20.010438717440152,5.227679599584788,2018-04-25,B
76.4978212778387,18.210632688287955,350.1081322038744,110.26674629055213,22.714109925388414,6.415454785461609,2018-04-26,BBB
219.78023529601958,60.551691634924744,99.83384467653994,33.304073617629406,30.502202755914787,-3.212386992006871,2018-04-27,AAA
329.26813494621575,85.41646771862254,203.8290019645965,72.15132332458657,35.76461349291935,1.042533426727605,2018-04-30,AAA
130.22082056400623,36.748727640451655,153.89862272706253,38.81204388473561,25.92807435816285,-1.9464142852271142,2018-05-01,BBB
55.077547905438664,18.760764368701818,116.38104612433072,44.29028188842581,22.18514991353749,-2.276103427540039,2018-05-02,AAA
16.342263028382487,1.3368512966559587,216.75580041019646,66.35562736352706,19.51360169516557,0.9985233481078319,2018-05-03,BBB
125.49124911837478,36.22733366702831,183.4566622165686,65.61926353115597,25.658438145462814,0.4972919864193256,2018-05-04,AAA
63.23930706284925,13.978105690080923,146.6417140187827,45.64239312587419,21.8355533191049,-1.7496066302900357,2018-05-07,BBB
108.98559980184987,25.850603067015065,134.71652950579934,40.04875369055614,24.314967646244693,-2.0715482864556845,2018-05-08,BBB
135.325350527799,28.743134081893924,260.37381896928594,88.76050717366005,25.407592504500435,3.4488869794738215,2018-05-09,B
128.01803879229033,38.002947626860106,218.60884877836864,78.44109829626765,26.045416991523275,2.0535404778768016,2018-05-10,AAA
236.7328999892284,55.72863019279327,29.08658874080572,15.93662964316911,30.382314723936965,-6.08950497257565,2018-05-11,B
164.9025920911736,35.76342711394516,177.98784880813548,60.551148923533994,26.722012308986358,0.16348597620499564,2018-05-14,B
94.89335970474505,27.075167988361798,70.15164079969918,30.554449743169908,23.996227319052014,-3.9279677970716387,2018-05-15,AAA
180.92348080025923,41.16003147458641,278.6109327022639,95.09378660657327,27.619366971307887,4.096575638990955,2018-05-16,B
46.625849556204294,2.5324668615934183,135.99892989652537,45.77329229224804,20.430176519276486,-1.788172444391545,2018-05-17,B
149.07601268384354,37.32973318931245,259.5998180343194,78.48468290084641,26.45060100844033,2.7665075758671196,2018-05-18,BBB
172.70979945754775,43.44988553925308,234.78929150902417,68.80142936434073,27.721994201718232,1.501876561666442,2018-05-21,BBB
197.57085418362738,43.106711349695345,237.07282309395544,80.26667437698129,28.124702143823253,2.3553236931860138,2018-05-22,B
178.0132633976102,37.80217873327205,303.18504092067553,104.57751501524938,27.242714706511947,5.358402728279002,2018-05-23,B
112.57154858961228,32.02397327602486,55.439650908756036,24.952961202084254,25.026534260920005,-4.699708325347867,2018-05-24,AAA
81.5560803204455,15.081493992040283,67.09487827842567,27.68461265413422,22.518176050365117,-4.351242579961867,2018-05-25,B
97.40726012744204,20.663663825093977,216.9038152716359,77.74732149201736,23.514698887762602,1.9916054855273606,2018-05-28,B
104.9145181710523,28.45618153666568,232.69468310067236,68.42357811043675,24.407464429768833,1.562354305729871,2018-05-29,BBB
247.80871596960128,61.934482262470326,254.91700116951603,75.11346487278055,31.291211456616487,2.4447436831940914,2018-05-30,BBB
83.47081695682878,20.52569754286792,250.37979273925956,75.97160880836786,23.112844720054028,2.516092778368876,2018-05-31,BBB
220.38663349502207,60.400892033394186,183.299814626724,55.877871548602286,30.455812827800425,-0.00252857249664179,2018-06-01,BBB
90.42486168969222,26.607600252889974,176.5412335853383,62.33970918035517,23.9220599353313,-0.051475597224441505,2018-06-04,AAA
90.6169376807197,15.198801153686155,126.72774543900232,49.04915019242806,22.6418128143782,-1.7418096513762473,2018-06-05,B
102.5125820940772,27.77747805825023,29.75039714821721,5.659760715703641,24.488573771490277,-6.432713789219628,2018-06-06,BBB
61.48293277762833,19.23072496139416,161.6160519123902,61.919303374928184,22.343233737539535,-0.14137149062817278,2018-06-07,AAA
150.0805570749744,46.310066659257465,238.1179362096811,79.8598949597399,27.335084688188424,2.5472624219733895,2018-06-08,AAA
169.1880919169752,46.88021015488567,187.54383744404623,63.876937977018876,27.943073069902336,0.3701853313948363,2018-06-11,AAA
78.05704756373903,24.92478909722404,140.3133790901456,52.92773376062346,23.293526300163307,-1.261248615434755,2018-06-12,AAA
98.55406389867231,22.171490737226737,304.56495500376593,98.9070904619297,23.627674056944045,4.915928453433863,2018-06-13,BBB
147.90484238385056,35.205398663169404,178.5456323606721,51.41817575945072,26.298385392815355,-0.736381913218888,2018-06-14,BBB
89.34899275759436,22.928298528652252,177.02868106730244,52.16519880455386,23.683135124926487,-0.47331859567251455,2018-06-15,BBB
91.80547819516218,22.093318342034813,214.77423457614998,61.83530140851008,23.59829354886056,0.6813909945969756,2018-06-18,BBB
194.07768363557906,53.30140477219171,100.49574764911723,42.76184297561602,29.043922941122688,-2.7003271348849625,2018-06-19,AAA
194.99266733711914,40.57743400714712,247.46638404304895,84.58014230967856,27.972279075565158,2.7781127552457474,2018-06-20,B
72.44714081961305,13.81509059397048,179.3641505799545,65.83494053269784,22.240692530169632,0.3182131452926748,2018-06-21,B
61.75146612832981,15.039363107136573,275.91834693520747,77.49566613274527,22.125621121757103,2.845077937475742,2018-06-22,BBB
80.23919771170854,20.86122521261486,-4.975193434827052,-9.467767190750937,23.186777574684257,-8.1368623698899,2018-06-25,BBB
182.62871100745647,43.43743580564891,209.29802916002188,70.50448082050382,27.678918785200715,1.437696086815857,2018-06-26,B
88.77984999017798,13.173092867231832,190.02226337834506,65.3815931505724,22.5012285956413,0.5017097179214913,2018-06-27,B
136.3819983523512,30.03617806210678,54.80651676734382,23.236975999522773,25.300849469505362,-4.6589155731834575,2018-06-28,B
90.20141057142001,26.036930772325434,139.74436163785873,37.63244417068385,23.90894712247344,-2.029766506004645,2018-06-29,BBB
121.10547789665426,31.382342985807604,168.1746687932981,50.3535087664353,25.200500471025073,-0.7997792655703718,2018-07-02,BBB
133.17024628647584,34.34556922169416,136.43938767203355,37.865321278176985,25.841235858661594,-2.2308725663997926,2018-07-03,BBB
164.69267105141236,42.43723219968033,157.56293109294063,48.79257988658448,27.246716881480978,-1.218812877811296,2018-07-04,BBB
45.80520568367608,5.576044557230649,352.58760033206477,111.9546223852688,20.836586876222917,6.845389066479427,2018-07-05,B
88.673313850434,26.087821947556286,161.9627457946057,43.80933215781584,23.765167072630017,-1.3508470695962111,2018-07-06,BBB
177.49715828071584,38.72955603896064,174.39443906826153,60.02329639788993,27.26597444963423,-0.032898460491738266,2018-07-09,B
151.5934959813535,38.59693959535532,240.1399726164905,68.83040277209015,26.49978652639712,1.8703682459865079,2018-07-10,BBB
25.214728562368094,6.09449524679615,174.30673691366346,45.47865470296868,20.161502908662104,-1.1383637950272523,2018-07-11,BBB
206.23644251021634,58.33059833538558,193.89854619213088,69.07034761394644,30.01536038913697,0.9443143248237308,2018-07-12,AAA
18.773889155561882,3.615650235021126,190.13514013077167,56.358194482171776,19.93406241144032,-0.05856326471149835,2018-07-13,BBB
126.99203025506415,31.05651718883309,97.84654382119206,25.528709293953348,25.31357105014086,-3.654684465018454,2018-07-16,BBB
17.858079206670276,6.669487472232904,170.04165540907266,56.600290353219016,20.090154305479707,-0.46057876827627986,2018-07-17,AAA
84.00739794865382,24.651986010019293,178.56136156554555,51.65332370095778,23.51499195210718,-0.48602614692913343,2018-07-18,BBB
158.3840682827369,36.34339252543853,144.00142000331206,50.70088769400599,26.550880085957846,-1.221081383253904,2018-07-19,B
198.84294909274908,42.54036285753687,172.2949187387307,60.91294804963197,28.213714733378406,-0.10785000753133481,2018-07-20,B
241.9034617126223,54.291699335738315,206.97984883010898,71.03355021051402,30.48722032549053,1.2671455836565713,2018-07-23,B
72.06803239497937,13.988756841966268,280.0936061560261,94.75125156154887,22.134865044143034,4.145178201722599,2018-07-24,B
145.64098292857958,41.3635310828948,-51.016125524304655,-8.057760482841832,26.621631093453114,-9.076634849402375,2018-07-25,AAA
102.22466532972979,28.761493600495847,254.48480769431112,75.95336891844697,24.286580628394983,2.5225047161250456,2018-07-26,BBB
150.5064265771572,38.73635668355282,266.67244326182856,77.61249450689486,26.48228398300159,2.7274029700672986,2018-07-27,BBB
247.1325555681113,58.082637760260056,301.8578161850715,103.03077699723498,30.964396897939977,5.2537108821800595,2018-07-30,B
209.41825791726245,52.24792139510022,128.40245033916278,37.158730291016596,29.29888593410286,-2.4142291744691375,2018-07-31,BBB
163.47405471497459,36.95074584282889,175.48795487022,59.940126695235726,26.73155107427608,-0.0559724804218137,2018-08-01,B
214.04395610764402,55.014943339541915,331.02171678956364,98.18672895614415,29.69220984193856,5.429026323074608,2018-08-02,BBB
232.05657127423058,59.21190582545576,245.22317057369563,72.5435654203828,30.62137798307275,2.048389502476889,2018-08-03,BBB
205.302958398613,58.1846273320125,150.88396223944767,51.27873065572077,29.76879432090331,-1.0054115243772799,2018-08-06,AAA
157.2567749312537,39.44417193762966,105.95092776933296,29.54231951040502,26.84957448576362,-3.330759872075422,2018-08-07,BBB
152.09893070531123,40.81803906437752,108.2921683387807,25.18030739489695,27.033131293840686,-3.650961314319047,2018-08-08,BBB
156.8845589800703,36.34696483274791,160.37337743089273,55.90386650198109,26.572462935350135,-0.7256598804872981,2018-08-09,B
211.6747074871854,48.8128306649991,182.49141959642205,54.071578228392966,29.18023017302206,-0.47632519881207336,2018-08-10,BBB
-11.125968276051674,-2.587127475766445,232.7047976770712,68.17587826648433,18.37049993349562,1.7396060284554316,2018-08-13,BBB
125.10172031181737,24.195725652784443,152.61761814534995,54.62121126212897,24.554021020233172,-0.9383714158938624,2018-08-14,B
66.14827270808543,20.213208095602038,27.401918500876796,14.902150203731555,22.640717543107503,-5.905184042337293,2018-08-15,AAA
178.0397888104878,36.63553052130522,177.40690685410885,64.55604019173319,27.313258438933072,0.21645781278930745,2018-08-16,B
120.40730759696466,29.865563754503757,151.4692503432463,49.42742814275953,24.88496148853293,-1.0954525154427512,2018-08-17,BBB
77.47762280763541,26.548161244834823,46.23133511225695,21.552542230754238,23.568376283966558,-5.169011858917759,2018-08-20,AAA
-32.86599337946621,-9.917448224387256,74.55521885537493,18.7279941087594,17.19845844994161,-4.538998476369012,2018-08-21,BBB
71.23287956144321,22.394197094001584,160.75801980234186,55.67618731473599,22.843024815662172,-0.6903265101251034,2018-08-22,AAA
153.8064699289129,36.23152247661155,303.2043706847974,89.40280305666008,26.583053349234568,4.208279184418759,2018-08-23,BBB
-105.85095316149027,-20.263388266012317,196.98359493816764,75.59642687183141,14.571458962020499,1.2737002700375921,2018-08-24,AAA
59.38683457066499,19.459402296630582,148.03057632973068,47.60931578587992,22.413172191701552,-1.5691700097344758,2018-08-27,AAA
7.081767903856083,-6.44107643023972,157.67058830648136,57.27480183805441,18.55929693837968,-0.7209852924164536,2018-08-28,B
125.47899699499342,33.768207186230136,167.55351550630473,41.851299144340736,25.539363482011627,-1.6045255721298355,2018-08-29,BBB
36.422638376959,10.313310602380444,223.92022629991695,61.39737468938951,20.9146527890727,0.8876955911986042,2018-08-30,BBB
92.32030656534488,19.786699120585894,158.23374632482142,59.67849485649426,23.195806692439856,-0.3811566127374672,2018-08-31,B
195.09670278402672,50.60645533190707,46.42883805462368,18.578824408367936,28.883214418044254,-5.454224499530412,2018-09-03,AAA
66.28596138158181,8.656535669388637,94.82469734661663,36.63653722665836,21.559741687533393,-3.041044111518818,2018-09-04,B
73.30081875674372,15.427696872536606,270.72542946329065,82.96978856988258,22.183323072161777,3.309213712651276,2018-09-05,BBB
137.1574980703271,33.83458545494476,230.99468980904314,72.8139461057091,25.847681101578107,1.7974022514640127,2018-09-06,BBB
-35.42318563817251,-10.799015080114689,152.69122113497446,52.81333083295518,17.08999631132611,-1.0532288281419848,2018-09-07,B
131.64799459939604,37.562696613514305,163.00339231084223,59.974327502310516,26.07746775076118,-0.3472650491858631,2018-09-10,AAA
64.01418792134221,15.090467826670807,142.9260370487243,46.73319330269602,22.036714381037186,-1.363080446831387,2018-09-11,BBB
143.15252738528432,31.622068788685837,164.79496518925336,58.27339368262163,25.74016936606085,-0.3510353728736727,2018-09-12,B
35.85187942060196,5.035280146139967,100.67750932698394,38.1061853550533,20.521109746692968,-3.0543739432963792,2018-09-13,B
142.65362318079298,36.911562509252235,255.8984479411647,78.35310523051365,25.92849586152408,2.7086171926944167,2018-09-14,BBB
179.41550098580655,41.046820637073395,219.83172868430785,73.0705715503452,27.524345449052756,1.5135523341298396,2018-09-17,B
19.969870081938666,5.0063933401070955,211.0425598507905,74.69915602691407,19.967169642330997,1.6142747223501752,2018-09-18,B
167.01881096304786,46.62603989561753,70.06140647497898,28.119121524881443,27.74027800843744,-4.2923267415280915,2018-09-19,AAA
149.14555531641676,40.10250333097485,248.16194544309965,84.6492180427763,26.663112813673553,2.892419420621073,2018-09-20,AAA
139.06664380432179,40.1791421609094,191.99461348480054,67.0244589557642,26.30630447791938,0.5328785100540364,2018-09-21,AAA
98.96042177318559,28.335127157234925,126.58977988585248,47.177773305187216,24.337476344996677,-1.7645820614397725,2018-09-24,AAA
84.15487144498562,21.925074301399604,100.89286373920206,29.02758493993715,23.291235365746125,-3.4843906353896252,2018-09-25,BBB
238.69883812948,65.31129030913962,301.8022253521548,101.0752524316782,31.36588556093316,4.840620257781252,2018-09-26,AAA
58.985757142135725,14.234870654220142,310.0991461083504,94.65502976654601,21.998979333713784,4.722625748062004,2018-09-27,BBB
166.66103037513278,46.86078702000776,149.31990339000177,53.73996318750358,27.916549971507802,-1.2105864013783494,2018-09-28,AAA
140.49869923665236,36.92648740495526,65.88350633114369,20.244824251729966,26.032820953505137,-4.690992631186625,2018-10-01,BBB
67.15191356131683,20.20179088367643,172.70268430718832,64.07007642639918,22.51470129574853,0.1813962768178044,2018-10-02,AAA
285.47497331979554,75.69013945229663,86.84536920591046,34.21739990438931,33.927528452752135,-3.335688291157577,2018-10-03,AAA
67.435240670878,14.26987177005608,154.02054907755326,55.55133241790207,22.1080076491868,-0.7425975684822748,2018-10-04,B
123.07724047110277,25.809075568003298,227.21151061337508,80.54399042662864,24.623392879143857,2.261535728218787,2018-10-05,B
180.2307861720365,42.88840705411378,189.8349335289362,55.62280923299137,27.86620759779043,-0.08120829720059157,2018-10-08,BBB
63.47783353573694,19.457457018184733,105.19652737460383,42.57352376929203,22.527959757293225,-2.3978433866769295,2018-10-09,AAA
155.42004109250664,38.7656719546878,332.8635510742081,105.46155764518166,26.521319899459193,5.850395964567786,2018-10-10,BBB
131.13575654620422,25.496926681563174,159.22630307326617,53.403976031531066,24.905871600372176,-0.8304108342728309,2018-10-11,B
55.01208354195726,20.127613160826066,104.82202799856799,38.437260534883166,22.449748193102447,-2.95109420374841,2018-10-12,AAA
52.1528218983113,20.590683284172965,180.668663271768,63.421569084471294,22.306543422179818,0.3615618357129109,2018-10-15,AAA
87.6528922290862,14.965149833318947,73.03657633578925,33.38433502417239,22.825029782128098,-3.804173563265929,2018-10-16,B
126.83526098109581,28.803888295441872,277.5735344651995,94.98994629974443,25.165346481564384,4.107169672375091,2018-10-17,B
132.86469072040776,33.238053257124456,131.52730368883806,41.02451899336218,25.766386838275075,-2.1592490923844476,2018-10-18,BBB
213.55565656808804,54.56315681158208,190.2426131215274,62.19416341983163,29.786639127517393,0.37118615356225965,2018-10-19,BBB
64.55501391830506,19.200476074443138,227.33953010041705,69.2402046275001,22.58902420836843,1.5063237220339765,2018-10-22,BBB
186.93824045210891,47.28818515724423,179.882295643095,48.45862512980746,28.206144065861743,-0.7831650787619354,2018-10-23,BBB
171.1139928985261,43.09297661814997,273.10623123593405,79.10866660415395,27.39752399781682,3.0850058574898798,2018-10-24,BBB
221.29558098722487,53.5054718808216,342.4240854442336,104.93432398691257,30.01335433784355,6.373062942561313,2018-10-25,BBB
128.11008188394973,38.13000317194092,268.0596816948487,90.88713883632562,25.91015439322693,3.540813398122722,2018-10-26,AAA
159.56324171688456,34.91917522804891,159.3264310815379,55.50406843643718,26.45453112497388,-0.5343486544916702,2018-10-29,B
113.18425599310811,30.789217828576632,278.58189147022125,83.48277285251618,24.99325698850514,3.5765460653333254,2018-10-30,BBB
41.46218422282152,15.103679205941326,218.20831883819469,78.22171810204944,21.51173547833609,1.8547151353889966,2018-10-31,AAA
90.18502622652106,16.7681947381007,167.20076751407396,58.61568556171783,22.821490342386713,-0.28686513115947027,2018-11-01,B
102.09428087254403,21.647465482194313,152.2306814233111,51.10289754569316,23.741793952851225,-1.0037106779571587,2018-11-02,B
85.0218062481366,19.528617234455627,264.13286109971483,89.25810884676294,23.012061106162605,3.5583525905581355,2018-11-05,B
232.51471203876199,63.26169106728752,258.6848769703736,89.86864312919396,31.117141542701766,3.379630116384229,2018-11-06,AAA
125.14903194977776,32.60260510089499,125.20548696964791,35.25761401005905,25.542510960923067,-2.631444094094595,2018-11-07,BBB
127.34614055765343,28.25969858564556,166.90457672165027,63.93271127213278,25.10555473825123,0.014472103234312951,2018-11-08,B
274.8674225686543,75.23548033569253,165.15595409014128,61.4769544688579,33.390398032473605,-0.2454419159578507,2018-11-09,AAA
50.448837332061544,15.42650325362326,209.49593317955208,73.81992259700512,21.66257887168778,1.5089723054377129,2018-11-12,AAA
50.290003111522616,16.53006693167084,22.82317358299469,15.228600103715795,22.089421892590558,-5.996228339478929,2018-11-13,AAA
178.82875539439996,51.50077609146009,96.7118831057733,37.068978764648016,28.631032743208866,-3.053166425624043,2018-11-14,AAA
122.5183375609789,27.206247434630296,142.64268457620804,55.58408395365504,24.685563901691737,-1.1628595668206834,2018-11-15,B
32.23051505109548,7.864489449884798,140.86002164526323,38.81320295898405,20.572627132466273,-2.1091947135194573,2018-11-16,BBB
154.25817511557244,43.08616144992243,147.85572481050224,57.72040395514709,27.098572329311807,-0.8019636730012678,2018-11-19,AAA
-10.853980559011521,2.9140657653065185,180.15464364847296,63.902908223377516,19.131651798275605,0.26942011261394455,2018-11-20,AAA
109.95825578703082,37.07230580489334,140.63100725937534,51.607184049733405,25.56523622080584,-1.2013000857267908,2018-11-21,AAA
56.52809482295179,13.979101050812277,301.9859477903644,88.50069130368445,21.82486195630152,4.313292306088822,2018-11-22,BBB
140.62286853783263,40.30638053916611,220.36858978139892,76.24311578279116,26.574321010495858,1.919599378054393,2018-11-23,AAA
84.51005359427728,15.332357517722246,267.52681137905336,90.13139650703374,22.42879347174235,3.621503745489676,2018-11-26,B
137.68080981393837,33.39400994109373,135.30757869668457,39.646063434197124,25.58964158189223,-2.23464182979336,2018-11-27,BBB
87.79222319464797,25.6964602001232,303.237514527316,99.21342894965439,23.772361969676062,4.936899576053284,2018-11-28,AAA
68.81902114861046,15.311199176637608,221.99087985133366,68.09298840714243,22.32181988112881,1.261985246938085,2018-11-29,BBB
112.18415296265323,26.419618555952447,212.36854558360824,56.35154541667963,24.345748406126138,0.5355591774838109,2018-11-30,BBB
104.14836770110455,19.116229445116325,100.22173264850615,33.758231470095005,23.339239911568384,-3.380514661612938,2018-12-03,B
26.20467842990033,10.085571739528,286.90304848661606,97.6006092502578,20.901902726031224,4.567845853779205,2018-12-04,AAA
84.27048546896603,19.4801960016867,93.21007209476386,33.113158738744055,23.113298956579428,-3.329430201668287,2018-12-05,B
123.79776521348467,36.06198787002115,184.95706765882295,70.58435408284886,25.728872248515298,0.6471284541803066,2018-12-06,AAA
-38.95566259914067,-5.455268647565193,238.4943363805338,84.10724452064242,17.39602772120678,2.724811237314151,2018-12-07,AAA
161.7298292626946,33.65929503660049,127.09254128994925,50.11450992736213,26.218656083330053,-1.7039918695021963,2018-12-10,B
136.39176495377583,40.37663042296982,276.10578049900994,88.91108862611976,26.4693535970976,3.6615846709039523,2018-12-11,AAA
144.70690309886706,42.706476912577195,191.6391083650324,66.80331853966952,26.800639703483355,0.8021393514944357,2018-12-12,AAA
194.28971279738664,44.31763880179014,211.05605726009514,74.69819564638956,28.466083498296125,1.6086063588560062,2018-12-13,B
67.26437116851967,11.874931281563859,213.15908235798105,85.03385297980256,21.87683633966131,2.2401911559768313,2018-12-14,B
266.2420829430839,70.59438350390508,131.76196644705735,49.344227024700054,32.54434317701788,-1.8539779731117147,2018-12-17,AAA
101.35584911842979,29.995442135435486,302.73871945790097,101.3350284793671,24.61435874784678,5.143310930734475,2018-12-18,AAA
156.1275633165125,33.66690162106648,278.03838050009546,93.17811095130672,26.399868690692898,3.911059468501839,2018-12-19,B
91.61039384824286,17.536595857464512,67.45056630929743,27.60668140774249,23.15835649109204,-4.27754705399386,2018-12-20,B
138.5819080549642,41.909406394326616,115.00149156422032,39.85462632963401,26.635113739920683,-2.7999671317356194,2018-12-21,AAA
201.54820473369054,56.837190907994206,251.58939077205477,86.57266206490578,29.685169050126184,2.9184796159197415,2018-12-24,AAA
201.29992929136932,46.441888830564565,238.6424587769709,80.41987585958738,28.676471290315256,2.4237925611017936,2018-12-25,B
125.96308782310273,33.15102471028407,218.3024496622318,78.26427446170223,25.478215241835112,1.8666126001565682,2018-12-26,AAA
192.03377293656655,53.06782810122259,166.90509276661933,54.31450975946191,29.052249075871387,-0.748025124013651,2018-12-27,AAA
112.32588598772404,29.499641009254034,228.9785866493152,78.52264667214777,24.59864553535397,2.1299815468501397,2018-12-28,AAA
130.4847753928749,40.12412748131025,139.53594769868988,44.57905271260428,26.433152919831684,-1.595454967593093,2018-12-31,AAA
121.05963264276276,35.61536062534484,137.84364367093232,54.49264204249558,25.457257162523415,-1.3204622206457146,2019-01-01,AAA
-15.027132090117023,-8.208781687754062,225.51076378327787,80.80064303287581,17.78989174997909,2.2872139448356585,2019-01-02,B
190.23547007197,48.251023619094006,83.36218586047916,19.662942034716302,28.536239325277673,-4.462048013378743,2019-01-03,BBB
260.09105283429113,62.625573768563974,181.79093773197584,59.46048232157197,31.780578459736176,-0.1349278054923857,2019-01-04,B
108.0762829183547,25.7142657316912,44.08857211349375,13.555781589941105,24.162985340013208,-5.634449531884176,2019-01-07,BBB
114.49917870512247,34.47782178369045,142.44036751284722,51.679366193550734,25.16737552116131,-1.1783275843652483,2019-01-08,AAA
171.0714418015016,38.01855671066871,101.33630512338648,37.26450026325129,27.222294016851695,-3.0030777453529427,2019-01-09,B
83.05625640919635,17.97291251467547,101.2886279372317,29.27207996840785,22.955211581596384,-3.4780424981837705,2019-01-10,BBB
181.12808088974958,49.09524006345998,205.3998171278409,71.3799162932046,28.57874772430169,1.0664167780395197,2019-01-11,AAA
125.82382274215483,35.29392881711527,203.6763887438166,70.78894243941487,25.78164117663522,1.3480073562393513,2019-01-14,AAA
39.28129267311168,4.898952173685888,144.44288613395034,54.794446114437115,20.450286461646776,-1.03043502768255,2019-01-15,B
104.12845675282183,24.042638707824448,74.50927682657573,25.401719087018783,23.98490683505426,-4.3951370419649205,2019-01-16,B
194.3582756813326,54.50801005887418,262.7731930957357,92.394540313009,29.377882987448544,3.6573855772401034,2019-01-17,AAA
150.70070424212514,32.7998210267984,336.3173215291697,117.41977630245076,26.079173743527708,6.743577525715368,2019-01-18,B
101.43804296280237,20.834601390493667,135.96979763389763,51.31080328368842,23.57106010900003,-1.4442555151563694,2019-01-21,B
81.33713310097987,22.418026970529343,275.3194202827387,85.90855670386026,23.435902150945235,3.5154880282778356,2019-01-22,AAA
-15.992271341248506,-9.758713293525476,70.94797576822238,28.24834195544807,17.552659762423453,-4.316476470974664,2019-01-23,B
133.09964976147336,39.00604644525423,187.30663247911167,72.6743073339618,26.148279369065303,1.0486560618233964,2019-01-24,AAA
89.6547466650104,23.508251300924663,220.47928983855596,63.896943241557665,23.729254130743048,1.1158659405381437,2019-01-25,BBB
96.38621113496608,27.935764776710993,125.25852387513132,49.91008126661435,24.171204588095684,-1.7826503956428077,2019-01-28,AAA
185.29515366646572,39.30732120077763,187.40226325168194,68.45913987092003,27.45552890153036,0.6102571449907163,2019-01-29,B
148.7812372976489,40.740636886596306,185.47990475412251,66.98742912467023,26.949832864323426,0.5890072706540683,2019-01-30,AAA
49.07108654935007,9.693101543056656,247.45874618152692,71.28050198103462,21.166651706136516,2.2345825926677407,2019-01-31,BBB
100.43986302432612,19.455629845728367,138.8350039221239,48.701482985470896,23.56339001926236,-1.7389264982049601,2019-02-01,B
190.53038554882497,43.991380708487334,210.6417455816064,74.40133213393133,28.245729961948975,1.626616871084763,2019-02-04,B
134.89213349687202,37.52297253287361,294.88292363962825,94.59152422371275,26.264850713564556,4.439477584088179,2019-02-05,AAA
153.00032558934885,41.980456115927296,207.34587642040808,63.37861247329082,27.140150103552173,0.7068020847268391,2019-02-06,BBB
90.38666982002731,17.68578338569915,257.11450846593465,87.28136906743171,22.908648051085766,3.1810490734998593,2019-02-07,B
143.20786579234894,38.417427658374756,318.937828155719,95.67516317110028,26.2868195981381,5.122680796474792,2019-02-08,BBB
86.01662832203986,19.343604649507764,-27.50904866415449,-4.175389001370582,23.110761140434107,-8.211210735988429,2019-02-11,B
125.29093281085612,29.98210431462761,156.72162541591666,43.2870433701541,25.292090589349336,-1.4663277447545593,2019-02-12,BBB
61.33887060156937,23.33219350927812,341.60277400843694,114.05381782553644,22.816209058449424,6.735379718933582,2019-02-13,AAA
159.90380294281763,43.319768845801,226.1322150620779,69.6788084890238,27.398467748691047,1.525544026342799,2019-02-14,BBB
191.70003824325272,55.63779106146228,103.89545781654849,39.59103672565462,29.411640371731668,-2.7215080917624563,2019-02-15,AAA
146.00585640008924,37.83456253518931,146.02374334257243,42.99846300075605,26.239033869097835,-1.6385139428189857,2019-02-18,BBB
180.31415392151706,47.609488743166764,160.04410711596933,58.62090586812406,28.16192288663838,-0.5660791147716786,2019-02-19,AAA
32.00813251535351,1.0650035377000941,103.66694041782812,35.607082753221604,19.92335925238924,-2.6892861941043553,2019-02-20,B
69.6104760345323,17.626749269404236,82.30514349912121,17.029413955012444,22.472486032714308,-4.541488806178519,2019-02-21,BBB
-92.45147083830042,-21.6659911337429,148.31452601322027,45.29425446514992,14.542529477739631,-1.4470940283400733,2019-02-22,BBB
171.52734244627405,47.774081183958806,251.52823586403733,87.88086635235643,28.04588922603371,3.1576664218795365,2019-02-25,AAA
14.50069322715198,6.497250276022965,-34.54502467259637,-3.13009583668363,19.89390121273072,-8.409274726952267,2019-02-26,AAA
66.52122247800723,22.71079053076888,222.83363099956767,81.98490126800587,22.771584184083324,2.372831326301371,2019-02-27,AAA
123.55107783385307,31.964405416300544,65.17365205567089,15.562878008612696,25.3422548572644,-5.1548986464056075,2019-02-28,BBB
107.55988768113875,28.613756471507145,158.7472047334691,52.940030601136826,24.316775372913295,-0.9336181022029876,2019-03-01,BBB
111.9625703201761,21.485039862796256,72.1152189263492,29.418053562426564,24.05035763017881,-4.031396819194799,2019-03-04,B
124.84266341180424,29.57005893497886,164.8596985041068,44.062490359181936,24.929665939458545,-1.3696944904876374,2019-03-05,BBB
220.84847032128303,51.40293238912604,191.13644825681067,71.61976760258935,29.601835834635082,0.8989641121974989,2019-03-06,B
129.01421279108567,34.56987153905744,175.05444128875715,48.982140994061076,25.68588448162974,-0.9151827770006737,2019-03-07,BBB
142.22337735222098,33.721324836899434,88.20901167552927,32.642723437892364,25.89727531585672,-3.539647513573969,2019-03-08,B
137.97571456266638,30.34981758209939,260.4988170675918,85.65888037637443,25.590712715994812,3.3154541382159475,2019-03-11,B
202.80759705751683,50.57921371880256,158.71369807425936,47.710945419450965,29.117081093649986,-1.1745788417638654,2019-03-12,BBB
171.15695970273688,45.92136543507855,390.4689017320649,121.62332819784189,27.81040195791154,8.116237233955284,2019-03-13,BBB
78.31104997353003,20.392692574453633,7.872022075445452,0.6569576865352946,22.809952811032975,-7.131229025857763,2019-03-14,BBB
164.98467803567922,41.20462229373146,197.53551538562095,68.06847849593886,27.15850012151594,0.8663765228844832,2019-03-15,AAA
107.21951502876524,28.64671163881483,235.92713962670246,82.7530115015866,24.53636540308374,2.6238582501050303,2019-03-18,AAA
99.64334418224566,23.21507729464709,66.09543935274665,12.075935411353754,23.756539324161718,-5.328387706315099,2019-03-19,BBB
40.02396454492642,4.836057460511428,93.46976821210764,31.801951479264826,20.452199604780613,-3.4633824969917377,2019-03-20,B
263.71736357223114,70.55917593926277,215.85163668985325,73.67855205731998,32.75459961493048,1.3929526653804718,2019-03-21,AAA
31.543378652397433,7.413118793740122,225.9203458473203,67.19200506348452,20.590171050634602,1.4735386801630748,2019-03-22,BBB
187.33134662586414,44.38041813238801,132.31829046981252,39.540584637216554,27.93903375984998,-2.2641760452053927,2019-03-25,BBB
130.76552591045055,33.33612566037975,220.82810976148045,65.00280316985183,25.457802713613486,0.816451242345511,2019-03-26,BBB
109.89491398698385,28.071997346144137,334.70111697246523,96.42112002343798,24.505394684785205,5.374376581496811,2019-03-27,BBB
133.7381764035177,37.07519574564348,126.95087522500003,51.380009523100725,26.091048102296043,-1.5398644236709929,2019-03-28,AAA
151.35170002145583,36.4955501084206,129.71838918731848,35.44419117040414,26.56591980837046,-2.4114014951189255,2019-03-29,BBB
201.91236428349532,47.305517542380215,115.49905393089689,41.78829107211004,28.791118718889724,-2.4126050462931983,2019-04-01,B
91.64327848695244,18.46939441256706,41.40961285284534,16.599407090306904,23.297283504246487,-5.609732217428077,2019-04-02,B
125.34752415584914,29.294268380059652,231.11429328445436,66.20612110327193,25.217475172905655,1.3054502508893506,2019-04-03,BBB
38.16524150641662,4.571675613424188,241.40416057079221,84.20200065547014,20.24078200364339,2.775059294031222,2019-04-04,B
78.87662489244352,17.611546257124907,316.137272502746,94.01123163505827,22.720365556368325,4.858547548309951,2019-04-05,BBB
98.33020917982567,19.246876649074704,239.3985722474596,82.08601618770234,23.34646841026197,2.529588133327503,2019-04-08,B
164.10767312428754,45.69980967745124,160.57851127492154,58.9347116168129,27.72467524812122,-0.43013580702089443,2019-04-09,AAA
202.12911239418597,55.41827569395978,167.6527111974834,56.71847524794575,29.640568751585953,-0.29788525727567716,2019-04-10,AAA
126.62785507226674,24.66905343765831,220.82417739113765,75.76581527959279,24.815722148986737,1.794297935905685,2019-04-11,B
111.89361889342102,20.019083233601872,106.90872396509802,38.156666261566414,23.625537622983195,-2.8220740270365554,2019-04-12,B
81.39851151663838,18.824391388866783,308.9194097396918,89.02469716624867,22.842431238331017,4.411371010086735,2019-04-15,BBB
102.85061299364673,23.67856694912792,216.089551672864,61.33396676720468,23.93291556940673,0.8304141902586067,2019-04-16,BBB
118.01312832989606,26.912632659474397,58.38693699951959,14.025859054412127,24.70188283137646,-5.494745957021049,2019-04-17,BBB
156.68020917244354,37.511115754355416,180.7740373405524,54.583247713539286,26.55627053422069,-0.21370978889432335,2019-04-18,BBB
193.22720140810574,44.09620395634982,152.98082800474043,51.62383331875694,28.29911994329578,-1.1658221372756667,2019-04-19,B
163.2653943330598,40.01804653748021,316.67148813757154,97.55581698008784,27.237631254452282,4.965203759648522,2019-04-22,BBB
181.55555585448784,40.181721055096396,153.24575385986446,58.608723860177655,27.552444505361844,-0.9206310073123614,2019-04-23,B
154.72397581597573,34.438136356823634,147.34204201337081,41.14124532298857,26.31324122573643,-1.7866366491639352,2019-04-24,BBB
71.9689040243324,19.293565002069712,297.8649116294973,95.09524449610296,22.797096585217314,4.489892273045652,2019-04-25,AAA
153.8152954122758,45.75817426407267,123.54353732162033,41.894846310951564,27.5612739090823,-2.1499626617890315,2019-04-26,AAA
40.65713527958066,7.091866661162126,97.12442363895448,39.34054897760321,20.870554252446677,-2.873448201466748,2019-04-29,B
116.83541631710753,23.041139929586855,206.13682653228213,72.0247350110027,24.21209245630406,1.3510188811572408,2019-04-30,B
145.73261262588088,43.40651296886423,168.20246715154667,63.350361701243024,27.084224554438446,-0.022449145803821537,2019-05-01,AAA
12.832691930072333,11.397517385396949,318.1159719343892,112.25502600793881,20.606554553441526,5.860559164049965,2019-05-02,AAA
43.47674624393315,12.285080512186596,247.81802157826934,85.35581879293822,21.17606876916297,2.968173923996442,2019-05-03,AAA
145.91765274650672,44.26475007364039,197.61190982540853,68.51679270083302,26.940839770858442,1.0316090522031063,2019-05-06,AAA
171.4740718895255,45.2377983993676,171.34556220648884,65.01592029106992,27.754968594872697,0.3114398108712211,2019-05-07,AAA
198.2124578849841,49.12897193959068,147.31042093903343,39.857321946839406,28.85425757698674,-1.9600856143863077,2019-05-08,BBB
195.66591926970386,48.09072460751241,218.4033069255782,67.33065393466292,28.780019308985583,1.2503582697720628,2019-05-09,BBB
190.81433949614626,45.500677562477634,104.06107354984584,37.39656718015242,28.294797713589602,-2.9882770310276183,2019-05-10,B
82.75611988916457,14.84047056200701,109.465416908558,45.701275422612376,22.513590914663617,-2.2954442988781674,2019-05-13,B
246.6197038778852,60.66840526491162,96.15793164411225,34.67077414517008,31.470770799875844,-3.2692214679994356,2019-05-14,B
78.36645998134162,19.02604181590918,370.10461740513483,111.57438079563101,22.746616598921236,6.893297612662171,2019-05-15,BBB
23.476900992447554,-1.1643407371143577,270.01024974176704,92.72363039288396,19.522170513298878,3.8435742911363735,2019-05-16,B
128.12539113393902,31.011502995984458,113.16011042179484,27.012599509178493,25.236289146688883,-3.268916585826373,2019-05-17,BBB
31.889735528471316,6.5811042728013165,311.91017181989474,98.23475166417275,20.419965084950267,5.077970366574938,2019-05-20,BBB
120.7129062590214,22.50073070696068,154.97154122141407,57.413109732128994,24.279473702158167,-0.6864529147774102,2019-05-21,B
136.18209270086996,37.83307551825782,46.27913542095341,20.530468476392073,26.127563406476337,-5.057951895116558,2019-05-22,AAA
69.53902984623156,8.395844466452473,166.72364760775017,58.92416404413459,21.61428651966881,-0.20230746582726356,2019-05-23,B
94.73063224086604,27.619709471699437,175.5740204680484,58.70024872128188,24.2040213958912,-0.2613034632956201,2019-05-24,AAA
38.49266317387783,2.712303412774243,318.07264535188415,105.64147378145259,20.237821489401036,5.62867429824666,2019-05-27,B
142.34657636412823,35.816685314478576,160.31280117359387,44.56136723961818,26.153221945786555,-1.411815266944623,2019-05-28,BBB
59.59379392682656,20.369117910782162,149.4581535867891,54.876876747554554,22.45311108851975,-0.9682765307937379,2019-05-29,AAA
110.61106374038779,28.938312091486825,299.5770018234961,88.41154064003999,24.66333606508645,4.245821365079024,2019-05-30,BBB
124.54736412513563,23.545856502621454,278.61459482620864,99.71732068164302,24.384248834067158,4.409058819675354,2019-05-31,B
137.72945773469263,28.423606147772798,161.9665402564914,58.58624683454779,25.270746520589544,-0.5231303219691192,2019-06-03,B
107.27792021668223,19.2308121447799,165.4508908551643,59.49647751482335,23.62561469056569,-0.3479941577828587,2019-06-04,B
221.37719102345721,48.79334582544601,248.70751667117347,87.0220775373255,29.3966433489995,3.0714482791910998,2019-06-05,B
133.4821078815357,30.04665264980286,218.14530862863543,73.86743165952424,25.433258766541112,1.711163026060741,2019-06-06,B
161.98406633815742,34.569469073919116,112.35975174427865,43.25630203408408,26.569582336962718,-2.367214933869981,2019-06-07,B
50.78246696418243,6.189815121074023,58.18185137951964,25.449076194147725,20.858331668299844,-4.615093414522418,2019-06-10,B
203.85755541912195,58.55195457915216,136.8278452680197,49.91889680823658,29.968894930419033,-1.4491066662574403,2019-06-11,AAA
198.82725561789738,48.69535274087359,182.22620926302744,56.123611525763316,28.834277528344845,-0.3359458265092192,2019-06-12,BBB
32.623924933246606,11.531888936437282,131.58243730148138,51.382841010636724,20.905558887186707,-1.7374999429672948,2019-06-13,AAA
96.9729671358334,28.28019294357713,27.07006303562429,12.80812765243774,24.18519644664241,-5.979533450475829,2019-06-14,AAA
149.7683537562807,31.170273487993242,249.94686433028465,88.7863769594908,26.048632921231512,3.272298012742811,2019-06-17,B
190.87021330065153,41.64341859075326,152.74971183549863,56.520947982960905,27.936525124797633,-0.8101947721162854,2019-06-18,B
157.56748234684574,42.955919265887076,188.13375532932645,67.25461069912363,27.166338243872794,0.6333080711342313,2019-06-19,AAA
96.16628158505719,26.29354844181755,256.1529023809298,87.35701452994641,24.25045848614409,3.154323868083881,2019-06-20,AAA
113.00167879730776,22.48067084876775,222.89262202767523,81.48074311322051,23.935916450145484,2.2728472243433773,2019-06-21,B
45.24059805266008,6.994197185517587,73.38245715091834,35.84069011994089,20.95063899306066,-3.744264572683988,2019-06-24,B
171.93180869813077,45.964293485902125,180.7925676918657,62.78760788066365,27.976073992199325,0.15812376450832208,2019-06-25,AAA
115.42264878909235,25.360167645680487,54.958470584708,26.79771716273532,24.395213614953335,-4.558703987444271,2019-06-26,B
18.199146652262705,2.007993433450627,181.66182313103633,55.04089219713802,19.76817362484261,-0.14514183199698472,2019-06-27,BBB
171.6127370772133,40.49227096361817,229.62921457686514,81.83117610089714,27.512113157657936,2.237301917285943,2019-06-28,B
181.92665370684145,48.21509158468047,89.0655883357968,36.80719234908873,28.597015313454435,-3.25663113211046,2019-07-01,AAA
216.64426850664722,50.68383449352346,154.27267187836273,60.11864857426371,29.6151345022539,-0.5134005571722295,2019-07-02,B
225.32307053273223,50.55037931890948,265.0200669129667,86.21875867546666,29.66129709886674,3.2923532103782476,2019-07-03,B
124.53474167039398,34.00585870956788,234.92740296510894,72.01573552643652,25.42910955144043,1.913282553826248,2019-07-04,BBB
109.82414992632872,21.195571299798686,244.3209108044206,83.48633301829818,23.852409242130683,2.8070714792698084,2019-07-05,B
-18.284716937012565,-0.927015836922702,193.98554324744447,71.48213660894643,18.42091778963151,0.8505040402912842,2019-07-08,AAA
126.25776737696843,35.22275052767596,147.83076893348135,43.3610542983899,25.72004453077408,-1.5859904515657786,2019-07-09,BBB
144.33071073292194,27.629377357449627,48.05077516157961,24.652895497543017,25.475037838370014,-4.848521393703534,2019-07-10,B
163.75645631097655,49.42353653389745,0.32556491928602416,5.523597104951806,28.162096488615177,-7.066814575229296,2019-07-11,AAA
154.5513447808935,39.492926576399185,263.1532057432275,77.09604321812526,26.776080949205284,2.805249455474729,2019-07-12,BBB
107.12644956161253,22.530065418120273,275.9722828283876,93.89307067812582,23.905292654955954,4.080236319828537,2019-07-15,B
143.87538964484213,37.33276503520749,236.60985719115192,62.21095508308097,26.06240714795966,1.285105299112242,2019-07-16,BBB
209.936025030507,51.61418398573904,81.88284387450473,27.11042544564913,29.224474164391523,-4.097018739170973,2019-07-17,BBB
157.93894207675152,44.83434589960628,41.957492485700364,23.85714106206309,27.606005799274318,-4.978416817062088,2019-07-18,AAA
134.61860344887236,33.61496023986632,-25.596676335661314,-14.777522160230522,25.64087905251688,-8.768283715087657,2019-07-19,BBB
40.17985736204915,9.581747541576647,185.64090500313284,54.8975277642955,20.972279631625387,-0.28128192002458946,2019-07-22,BBB
29.823838745414864,11.941988749088637,228.50805022865282,77.91195818585699,20.75337206787628,2.0370701029683387,2019-07-23,AAA
201.68098372398214,54.43613016734491,162.2182616791294,56.745660373829416,29.479566181869533,-0.5006098562770259,2019-07-24,AAA
42.664992613939255,15.911847352559954,222.42042006267096,79.4847900787024,21.7849050398517,2.021579990672471,2019-07-25,AAA
120.13488315012908,36.1244545237793,170.15862711600136,61.311038162343685,25.651949122670068,-0.18653844284654275,2019-07-26,AAA
196.3814611246194,47.4884256221907,149.47547890145466,42.605779624827335,28.550598787050404,-1.6021239086023293,2019-07-29,BBB
9.206040047531344,7.725776468658953,112.97931772442742,42.58955462421624,20.031330109711668,-2.252828116489572,2019-07-30,AAA
127.7342998221946,26.670029428736356,83.79487985734808,31.290920871108383,24.786592783442643,-3.512670252381564,2019-07-31,B
162.97421184782644,40.88853193952774,279.9738099089569,89.31753372634994,27.081158773672666,3.8885974561558676,2019-08-01,BBB
95.29929695346544,24.598459100035484,189.59497114115598,50.988952989244886,23.910417162665066,-0.34219374212825826,2019-08-02,BBB
73.18634011581136,11.860771247147033,55.370366897993414,24.82684891694733,21.998770170190834,-4.805615326612364,2019-08-05,B
69.75872854242606,22.915759856248673,121.92933435484977,45.536962604367595,22.821695165664913,-2.127612767664661,2019-08-06,AAA
201.71578083285453,55.59561217944511,141.70715893290205,54.490333925385414,29.67427933058996,-1.0046309224404597,2019-08-07,AAA
127.49907081673224,32.291585667886956,157.67783661483938,45.14158296426964,25.358602446378065,-1.2362345230113763,2019-08-08,BBB
159.5142693788997,38.0327181887335,188.28205200737946,58.790160115292025,26.76800011731344,0.19088873302457438,2019-08-09,BBB
87.93107681713967,29.307545015234613,159.70570110868852,58.572110355327,24.094966055188067,-0.41072478830597087,2019-08-12,AAA
189.38959325899802,45.370168270911016,228.52881246836196,71.19110452384413,28.239394220405657,1.8173722200326936,2019-08-13,BBB
148.43425735045534,38.25899994944633,214.17495076924865,62.15305515649638,26.418169634341982,0.9746248378904969,2019-08-14,BBB
74.4755015463655,19.165684184446356,126.52713508242164,32.64833059015062,22.62685357028299,-2.637601824920366,2019-08-15,BBB
49.22185328443281,9.140964412522148,218.56575000802474,74.66955196684769,21.233417921189076,1.5662169382632434,2019-08-16,B
35.50559215268861,13.775498502129306,327.33415407230075,110.53221654227008,21.29463857036502,6.125675972904618,2019-08-19,AAA
33.3101362855921,12.508447926984319,177.7227143495763,61.229856207523405,20.923840864906033,0.08779772257152932,2019-08-20,AAA
109.17528719355994,32.09646594437646,215.29528412554205,74.50337804438635,25.030605692788864,1.6004014831721507,2019-08-21,AAA
77.24829915991461,23.526459396945597,66.09826736884779,27.90214366717835,23.2366300955409,-4.250607485414669,2019-08-22,AAA
121.4670056917611,30.40637872508232,290.73722069590167,83.65706888034093,25.14543907029798,3.6683276543967813,2019-08-23,BBB
19.54814812264091,3.381825590925228,358.15567344415285,112.1722496219274,19.93813126147558,6.842413816847779,2019-08-26,BBB
-7.414057581979151,3.7943049535112188,197.7344406669769,72.16615118544635,19.28957249078336,0.9416746708301089,2019-08-27,AAA
144.64265982959117,28.80952953997275,242.54280585021496,81.12094821837749,25.562085937703564,2.377569589666822,2019-08-28,B
65.366712563359,24.818456946297413,137.87079228572583,50.535005389542626,23.042769524580166,-1.4271703602817605,2019-08-29,AAA
215.27157060994568,47.357197834244005,140.4020527890725,57.22010464493755,29.076196735893333,-0.9215795395251142,2019-08-30,B
126.20223971501466,31.78863322199836,262.8587287806758,81.72473213092937,25.39594638247954,3.066181570738236,2019-09-02,BBB
189.54151215058297,50.04041174210213,114.58232535877859,46.78364052363692,28.557767909516652,-2.003580715371903,2019-09-03,AAA
180.00358028649475,39.22311192922152,203.2559209179328,74.9463772820641,27.420603609177064,1.4934516558910842,2019-09-04,B
61.56175333231448,13.043523345759937,338.51543489843476,98.06516017055483,21.913167897068025,5.578169709478073,2019-09-05,BBB
38.202455262199244,10.965857178914211,366.43671103489964,111.24469033464179,21.01396011474512,6.903660393896814,2019-09-06,BBB
10.742613286669497,5.158110360894241,146.69350085355185,35.4569843350193,19.865143965234346,-2.120169506722473,2019-09-09,BBB
146.43052334786012,30.76579072043437,184.76299131762968,66.04387814631448,25.814903850257604,0.5360642684223577,2019-09-10,B
5.8743920318590375,-2.2307049426552314,241.4914027813426,88.84370946084815,18.998779864053763,3.1301924356458413,2019-09-11,B
67.85824205502612,12.972354366396113,102.44455191898994,30.3538470543838,21.962591607077428,-3.420657253017748,2019-09-12,BBB
51.81431960284572,18.530852410910065,111.26127760780965,44.32434242028035,22.248656853744766,-2.1249684854479267,2019-09-13,AAA
53.13046099974571,8.031504961383476,25.654820140683558,16.634242742641607,21.24733448654197,-5.816399951091931,2019-09-16,B
163.22924708663132,41.070361814656216,201.11786655139403,53.20764043472736,27.18801601430344,-0.18790509780782214,2019-09-17,BBB
228.72884889014261,51.235141623284335,312.07022705210414,101.29544817047822,29.932404573790873,5.077113830735462,2019-09-18,B
165.82610674005136,38.22394589154391,187.36432068234032,65.11503174845892,26.921402888531276,0.5350297808923773,2019-09-19,B
194.3205685480761,46.188693059349035,136.1413643199798,46.185098611324804,28.527088881808947,-1.6979841493810215,2019-09-20,BBB
132.02684498274357,26.10073727685535,144.1551272996666,54.626001429559096,24.721353785413307,-1.2332695130356048,2019-09-23,B
-26.14052232594436,-2.8028884983623037,251.1367890156569,91.97649753910335,18.17992641551659,3.5256579177547405,2019-09-24,AAA
165.96152778683532,45.20982532504906,99.76956460556407,36.14588128001167,27.60585754457542,-2.9371784860314722,2019-09-25,AAA
51.103830693917274,8.509111652817488,196.7664296642719,74.04522359675026,21.16417666773404,1.4268855151589062,2019-09-26,B
82.02256172504262,25.607839834579014,127.91794365554524,40.18943459800522,23.699090798615345,-2.3993352967428683,2019-09-27,AAA
144.08521609965732,40.417428456748425,175.3528933522289,59.8693351672561,26.576063961839036,-0.20808490975450977,2019-09-30,AAA
128.19613762795564,30.085829266672086,222.22030019997058,81.42747106485682,25.16841618222176,2.091591475250819,2019-10-01,B
112.67114049887911,22.39020988692858,119.92552608212374,42.628344170667134,23.961720359967668,-2.3342454865039874,2019-10-02,B
222.1956100161056,50.0118171563622,66.62592099391169,26.31608662726015,29.626096276507077,-4.271858855067234,2019-10-03,B
157.10934509946824,45.812132652581745,176.60110981682644,64.4427384968236,27.506304566307506,0.23515995986034816,2019-10-04,AAA
165.32994785007847,36.15507238556453,294.8418468848796,105.1661156834172,26.739214031341422,4.970074348229747,2019-10-07,B
61.907113493727934,22.06435248805608,254.80687374706267,88.57894012577022,22.739009561114962,3.053068985134809,2019-10-08,AAA
38.266538589390734,18.17144321789712,321.02041831674217,109.53424512603809,21.877660336604492,5.752595758659637,2019-10-09,AAA
131.91526888067,35.45512828960652,258.5704491984484,78.49552719497478,25.8302860905639,2.5401712061092847,2019-10-10,BBB
146.33549915346055,41.58364030063349,136.28659728527273,46.66753870598988,26.75185528640378,-1.6732784249810715,2019-10-11,AAA
151.20877217476183,32.2852308399079,269.8841369818306,90.12246728498823,25.82795148286703,3.7403931319528425,2019-10-14,B
84.79771578766074,27.212530862402822,188.2988913466593,72.55304395340745,23.89652590683991,0.754963043868342,2019-10-15,AAA
105.53066739318159,27.709004505937624,176.0050649818735,50.665883021191036,24.538978158495397,-0.755728693441603,2019-10-16,BBB
63.46953633667483,7.102854093834905,102.52440499412853,36.68835086560479,21.2383544839213,-2.94335993426821,2019-10-17,B
112.87373433462669,30.189592042401937,201.29629662908368,64.6963300334094,24.679177041805065,0.6408996670869724,2019-10-18,BBB
110.45612999151815,32.237228526563754,367.39873391680743,122.86250571824118,24.843522530144526,7.746466496213267,2019-10-21,AAA
141.19364403023522,35.0625007699984,97.40144735368993,23.074005854370693,26.115976445450464,-3.9714182267089537,2019-10-22,BBB
105.65986820892596,26.910714318939903,15.63324235253541,0.6940560692528237,24.24993304164264,-7.156236753734551,2019-10-23,BBB
-0.0468157705921719,-2.744152217811828,223.5335691149488,76.64228183074907,18.757318638015896,1.8214699346928578,2019-10-24,B
46.275130996191386,10.665847949394996,217.47624212936088,65.74406808845738,21.0248260198711,1.0160157826737888,2019-10-25,BBB
94.2615915379987,23.81997323090026,201.30840514138112,63.503076434871765,23.66048904264591,0.6191564690226261,2019-10-28,BBB
187.6965155832076,46.31936303242189,145.76313630312006,41.04818358360117,28.355958447018086,-1.78754476920988,2019-10-29,BBB
126.77510024582963,25.83519048165745,89.51028840782193,40.44112572988132,24.731447723706093,-3.03456217528923,2019-10-30,B
144.0574861367477,38.93789508347103,167.26234083870827,50.09232283332911,26.559514698276118,-1.0859903370747142,2019-10-31,BBB
34.94387553637146,9.047716399768055,86.58736946974952,27.0075445724519,20.863283596070783,-3.9652798974200034,2019-11-01,BBB
84.86163459277086,13.550169934147632,174.10248338142665,62.20385038961035,22.405416684031337,-0.19365791004312488,2019-11-04,B
102.19950311138169,18.368422421711948,199.8321265403177,66.5681403154127,23.219651663637595,0.9015544419382415,2019-11-05,B
143.53450199849397,32.190696794173164,171.06652359089398,55.85490305793536,25.74656653650288,-0.38098905622170326,2019-11-06,B
187.22903698555697,44.13517923443877,159.89215981930298,57.13712648210382,27.99688751261542,-0.6601051814144826,2019-11-07,B
92.29413829796518,28.044445616786415,207.12525384260303,73.09596268540025,24.08391900690012,1.3904548978771356,2019-11-08,AAA
218.74616483088275,49.862542294063395,135.42665796512205,49.092950232118696,29.252477334775804,-1.6159009266609847,2019-11-11,B
100.29391651215951,26.3332955439775,304.02264303756345,93.47944036528037,24.098157754873554,4.462369020435127,2019-11-12,BBB
96.36603415607331,22.850641082291396,226.81601586604444,68.2246114620471,23.779306591764183,1.4453840683709733,2019-11-13,BBB
124.20910922407859,30.926655370048024,228.58462238240264,67.15568849343204,25.260895343608855,1.4307949522718115,2019-11-14,BBB
229.51222898821263,67.03366605438966,123.59055971422579,49.48181627609917,31.41068462442864,-1.760053605810404,2019-11-15,AAA
204.74921202612356,45.88787706721022,111.51186200923948,42.02840312569931,28.562484996715572,-2.4942102623237705,2019-11-18,B
186.0154130951277,53.7816524256869,93.41121648653481,38.17775053175378,28.98323879551927,-2.963099952846502,2019-11-19,AAA
222.01247057868738,60.27157348148576,194.2097936516645,64.22468117598885,30.545020918215624,0.4629267778671279,2019-11-20,AAA
173.20008904308222,38.96765499696199,244.77956324214549,86.50659472971512,27.206486461769426,3.051305522405648,2019-11-21,B
95.20303703019201,24.727087852621345,166.0845495286196,49.69502992894458,23.918032674161562,-0.8240019223950987,2019-11-22,BBB
101.23992220336612,23.876116065447263,261.9601862609489,90.27847878126633,23.892156193017193,3.5264581653440445,2019-11-25,B
170.5498874346128,36.0603520651201,121.56628252938324,43.06736311416357,26.93801402405066,-2.180019189628862,2019-11-26,B
147.0610118679642,36.02748896571226,163.6761228910586,43.35996578270225,26.197745222239977,-1.3332864917125942,2019-11-27,BBB
124.27566526124357,40.65428680722167,174.27425195714292,62.34282872626884,26.079094499551317,0.12179438218405175,2019-11-28,AAA
124.52305523995264,33.413356502783365,146.9759132598665,40.48712663842635,25.5972639453405,-1.984892875563549,2019-11-29,BBB
166.41672931706233,41.39696082749029,206.81776738251062,59.02459616709866,27.28652095633803,0.5314408475410853,2019-12-02,BBB
176.9281765856558,43.841065912280875,322.3649446793273,95.73598070375147,27.80199960019273,5.063559650907022,2019-12-03,BBB
81.70846362478052,13.385515099297987,99.47682593368808,41.507849402609565,22.247919320674708,-2.83698763120619,2019-12-04,B
119.5995881541836,31.12541125123107,335.77378737329224,96.0489138417885,25.046566226807077,5.536077419315275,2019-12-05,BBB
143.66846237736092,35.40366083427729,288.1420543960447,89.87607985911423,26.026015469171547,4.077856922079155,2019-12-06,BBB
236.48664741835668,64.95672024875046,201.68846821911058,73.05905726658509,31.318053251474517,1.1464281146577435,2019-12-09,AAA
84.84164681163853,20.16785563515718,35.252350126083435,10.5751779117784,23.25952447892645,-5.971664892660727,2019-12-10,BBB
191.93206743962742,39.52372260676276,94.03846330209288,33.61118998098076,27.75472588118561,-3.2949625376670824,2019-12-11,B
197.7189485838462,54.83927129207511,267.9737426613086,87.51947661187477,29.44476078516089,3.522835964870355,2019-12-12,AAA
-4.799535928642046,-3.179052250288524,284.3343141251479,97.97051274069273,18.506377059475412,4.270372503824172,2019-12-13,B
51.671311750446506,5.191051898594814,151.22354330423732,53.53652759693009,20.789674379654596,-1.0387102898002056,2019-12-16,B
107.67225627191377,35.484370124400975,144.06346620344078,49.89349276267723,25.207716897155517,-1.463330295749682,2019-12-17,AAA
144.06683696090278,31.467161576730984,59.305707082819005,26.5238556922926,25.69096111296787,-4.651512432487265,2019-12-18,B
52.53180693882171,12.543444208912307,199.30854136825107,55.90224830885105,21.541844320911476,0.2987524252065644,2019-12-19,BBB
183.43965921189402,44.30662516756584,202.89486550047997,56.085613854208255,27.966547584694,0.04600907033155474,2019-12-20,BBB
228.46371820246128,50.974580279891626,192.6795411100152,73.15098156814294,29.744590981068608,1.247081740617634,2019-12-23,B
138.08562312986354,39.500869407808786,149.4868427211012,48.03764858300167,26.365577789766462,-1.417470379332682,2019-12-24,AAA
203.87049265660576,44.3565333099641,167.79806107129477,59.765060219105436,28.39945720091672,-0.16394070988277493,2019-12-25,B
72.47478545296798,17.65687373411056,205.75758570989063,62.50579599410439,22.36487223234737,0.5533616482644655,2019-12-26,BBB
37.281561179843294,5.5011097040295525,168.54098674276528,60.854587445438824,20.49728723761003,-0.16191593440858623,2019-12-27,B
42.50388919630983,3.07380361291602,253.36813831638253,89.11855094688717,20.366674529401273,3.1183145927013696,2019-12-30,B
118.32415708594363,34.078720738001394,34.80009378861795,14.901261535281051,25.271083448396553,-5.739159903589625,2019-12-31,AAA
159.57068347492194,43.442044355458016,66.06266754113689,28.025504832699212,27.282387526098233,-4.223607928414783,2020-01-01,AAA
124.02974169853104,32.87825668828507,58.625923181172254,20.428517817324757,25.49071694997902,-4.86565737167895,2020-01-02,AAA
132.96366496478905,32.62881826403153,371.39061435421934,118.27367702044434,25.609332331730386,7.417300279921363,2020-01-03,BBB
93.26488693823653,28.379933805475066,172.86201854835548,58.537011302123695,24.1750893460102,-0.24551278680480587,2020-01-06,AAA
145.2621049542918,32.88443141599942,91.19749202785961,35.997684041098864,25.762528567818958,-3.3097682902521313,2020-01-07,B
88.0285947516289,18.35781683566885,147.5738746692415,40.8961421041796,23.005334063023085,-1.771298008960924,2020-01-08,BBB
67.50705116131238,10.623436122645593,134.12998415537373,47.17752714641594,21.926660338170457,-1.552689251708143,2020-01-09,B
-14.159782284847548,-1.0327650409054037,98.54870309120687,26.595991639009025,18.53385714225028,-3.631218529841134,2020-01-10,BBB
123.46320548983208,24.88284853470196,321.5093176851588,107.38803414051016,24.544985874872157,5.768542110119642,2020-01-13,B
90.63659462709089,26.805840754517924,96.40901920184878,36.21154702397864,23.806517993107335,-3.2172385496740414,2020-01-14,AAA
161.99407461686303,42.26191594723021,185.4248263818656,56.58014765390805,27.315264788322704,0.13586742293807236,2020-01-15,BBB
166.43545119186876,36.54223201721129,199.23693769705767,67.7031132143016,26.932977830946765,0.5429495078032405,2020-01-16,B
94.07001257533284,24.457202190957716,252.4682337647043,74.64435802201844,23.66465307736737,2.4869197264872303,2020-01-17,BBB
104.16581557696924,26.00085008903796,238.31356139209998,71.84713776958449,24.231876832906742,1.8416716068088137,2020-01-20,BBB
165.13288313806294,36.825835361623135,255.77119417892973,88.00148209194397,26.88795495783144,3.338495804113507,2020-01-21,B
105.6371492484047,26.167600063291385,165.68144551557825,50.428646864776105,24.250024643457976,-1.0163511809157189,2020-01-22,BBB
193.30488184643144,46.6012566119593,159.84030366898574,46.22082988656141,28.577652423167425,-1.3893327676190443,2020-01-23,BBB
72.6234956856152,11.666027164097773,148.24979747224168,58.62587042339929,21.991821973014023,-0.9051121248872047,2020-01-24,B
188.20271587483288,52.240897386463125,261.83691544962,91.9691396118593,29.14631718408566,3.7289591986197768,2020-01-27,AAA
73.47758258732019,13.090342135817814,192.64570716495007,60.78819293541156,22.091439691415623,0.3683575223588368,2020-01-28,B
69.80146855465367,12.22758778376721,144.66895380019986,54.1371902546732,22.030166096465834,-1.194025102554725,2020-01-29,B
149.34639160291238,31.963130523942223,130.6544397800535,47.204076571971484,25.819883809319663,-1.988139298442079,2020-01-30,B
76.3165377583644,24.292180613312723,194.6714881743412,70.6745921686825,23.227516832594453,0.924858921422911,2020-01-31,AAA
119.01817370207378,29.2836002031672,195.5979301552562,60.79414458820507,24.973294525396692,0.4715586727855611,2020-02-03,BBB
71.84066787857455,14.778428132929236,284.7454784297659,98.79584590863568,22.47355190923419,4.613893708762622,2020-02-04,B
206.06522079474138,58.68881609467458,179.01783839307606,57.38287891522093,29.937528429917563,-0.2016576632279155,2020-02-05,AAA
107.3262684900181,30.183394638705643,244.95783553931568,85.16387688083984,24.7144229175712,2.9685636142847582,2020-02-06,AAA
29.307605644826232,9.29730753676253,170.43675237629893,54.93971648727184,20.691209775377075,-0.48043244701980314,2020-02-07,BBB
102.49323217038028,27.553900631467194,183.96955692615478,60.27698894173538,24.04148543318169,0.1625838986289524,2020-02-10,AAA
95.64404348574371,16.225488868621575,180.91033419394563,64.50399175499926,23.17812569831975,0.1387301245237191,2020-02-11,B
190.67511407346709,48.942847520425765,190.59813664159606,60.29560703364461,28.679283021297923,0.04948106714986053,2020-02-12,BBB
182.82703573566036,50.27136003239821,171.6122199991052,62.70346271176575,28.69622672159225,0.1570941459889906,2020-02-13,AAA
135.98786683999518,32.68165630632411,313.3941932691362,93.54788306424612,25.609860530849293,4.718354386094161,2020-02-14,BBB
100.35883620958766,19.400278521182496,214.167079846634,75.46843047973562,23.456388094324847,1.5814552513892068,2020-02-17,B
234.81387092782575,62.37275206903824,226.51487942607793,69.75174911963751,30.86644339756221,1.4246754713624363,2020-02-18,BBB
-44.23888330477038,-7.790922851077006,201.97521216076285,71.56352765141882,17.089111344362728,0.9167017779074079,2020-02-19,AAA
126.80304572842111,40.15014654829247,149.34465481886082,52.51152018502667,26.176320637112074,-1.1104674449059764,2020-02-20,AAA
277.1198499609521,65.53035448791094,290.296402954445,100.25417800574117,32.24431707736459,4.673019782424277,2020-02-21,B
159.38217192213722,37.801052245875724,211.43568360889188,63.77849409184611,26.80902121719685,0.8991831380525097,2020-02-24,BBB
242.02068018483925,53.557016327589594,60.661382782807884,23.557658419165254,30.427627677791083,-4.840548442602772,2020-02-25,B
85.74167408511978,20.196175306381374,184.34885772263343,53.69594605507669,23.127210144050256,-0.4200228096053156,2020-02-26,BBB
55.0720054405399,14.060940028168758,125.95274229274133,35.14106042024273,21.821023011191986,-2.5690719261654658,2020-02-27,BBB
121.9730454057044,37.65004407031411,252.79769075819206,82.58235279323014,25.878134964459623,2.7445029097475273,2020-02-28,AAA
176.59700124178244,41.8361141368195,116.77618164350507,34.70968150818879,27.599596373449575,-2.6980610837689487,2020-03-02,BBB
130.8524924042185,33.514242529948596,186.63407125681195,52.398873717601376,25.54047798801342,-0.3511349543332396,2020-03-03,BBB
118.59790934979539,31.237807298729084,190.74696368754147,53.07949286500811,25.201759708466845,-0.23773068804138106,2020-03-04,BBB
60.12808699218768,12.44386856376577,198.57547684069854,75.55450567107229,21.95805404691191,1.5067217488550975,2020-03-05,B
118.74473899190565,35.28998529432836,349.159543702188,116.15461685504746,25.50217489479422,6.7306462178950275,2020-03-06,AAA
161.92645876332918,34.153503736480495,325.9736069199073,117.42799277722726,26.343216841677425,6.433748794124262,2020-03-09,B
146.69251824906002,30.167507496903877,388.4958836826222,126.1801583261549,25.617739654123067,8.196996451992089,2020-03-10,B
70.6399975402531,20.265792328631928,266.73657710234966,80.72172374504996,22.76243622852758,3.400168529583362,2020-03-11,BBB
163.06501056636526,37.318966148731086,127.65475562557279,42.691583263158044,26.76865536670465,-2.2614731573759372,2020-03-12,B
135.8254532704534,34.321158799203005,307.8278965194827,96.12366047862015,25.71503523402669,4.810159052755531,2020-03-13,BBB
101.67645871544507,26.963307294440195,282.510533971648,83.0801188518506,24.375090094540205,3.404082460945969,2020-03-16,BBB
99.85864377941967,25.61692326672966,226.10700667746,65.76641052898941,24.071821455639245,1.2396141581301952,2020-03-17,BBB
151.58696645778002,36.640083077187114,96.74155779205162,29.592793821171085,26.54963547647258,-3.6570348553331664,2020-03-18,BBB
116.07947224186134,27.413551219449907,280.8785641286836,81.28198158093787,24.634515582751057,3.53960286274394,2020-03-19,BBB
98.916935349691,23.27572910809975,228.2314539558327,71.35419745268926,23.79729269686867,1.666747641406908,2020-03-20,BBB
63.68683450326205,23.57819719193585,294.75817489209186,99.51165895070189,22.897186148672695,4.690177605555749,2020-03-23,AAA
78.33848956513222,15.750054472677059,247.87569497187312,87.26234953866997,22.481946947645497,2.923146483332589,2020-03-24,B
155.5618438071422,43.793755135488304,220.4627173367521,75.94098788171866,27.19454036423457,1.833883891349161,2020-03-25,AAA
174.29791385114981,38.62724211807867,184.07646189907194,60.98681125166075,27.320181433256316,0.03731492853449224,2020-03-26,B
38.562413240841195,5.693094129402258,88.52670928308842,35.66771342396174,20.449356539336655,-3.370353018334726,2020-03-27,B
124.48001720892026,35.1032424842819,127.54911637856146,49.47066237943273,25.455997831230054,-1.64607142249082,2020-03-30,AAA
41.29423746441019,15.883038127002006,210.1881105083322,72.21953726844475,21.622778512886864,1.2915886679274615,2020-03-31,AAA
135.20625509634976,33.90957232931203,74.79562827651344,18.096563255432986,25.722930116503637,-4.590633095490168,2020-04-01,BBB
84.94255014802357,15.024054189223335,33.605892615620206,16.138317507326708,22.565172879331588,-5.622310047025355,2020-04-02,B
129.2781805095062,38.93375051643741,152.004092927974,51.1140454777101,26.021560760355335,-1.2235281079949503,2020-04-03,AAA
109.81724286092272,30.209757603108148,241.60207968399334,82.18273292392496,24.79663615034945,2.4496945186789683,2020-04-06,AAA
144.4111115599345,40.872437701157594,149.3709824746448,56.703764338704026,26.893059868584814,-0.8657884270242255,2020-04-07,AAA
200.58999202398357,44.4748397682142,93.81251022708364,35.70273712088975,28.501950459284913,-3.1452626161879844,2020-04-08,B
50.582174603309745,16.81663942444591,181.4217982758078,65.92713978053807,22.003632293191462,0.3837694478362307,2020-04-09,AAA
75.15895820332936,23.408473877446372,176.24025662330433,61.77825912452895,23.271425909250315,-0.04402894532661832,2020-04-10,AAA
81.45024658668167,25.90095529188189,263.4768648342514,86.40965360102143,23.50018974139298,3.2903613771605973,2020-04-13,AAA
161.58378372215014,47.05969530313084,201.0421724365868,70.7275292757912,27.56417981848906,0.9557625160739947,2020-04-14,AAA
34.389583250569196,7.774613150757182,132.83092572073429,33.622996722260424,20.49097368008476,-2.5852868433054215,2020-04-15,BBB
108.32105800900439,21.657133430706892,175.16019640430267,64.64308880089266,23.703381226269723,0.40418222829216566,2020-04-16,B
112.65369342047984,30.560838505888164,175.41063819488545,48.817556211771944,24.89250087683934,-0.7339704047799184,2020-04-17,BBB
139.56285130123692,39.8617476974353,224.3261417763591,78.50475054314582,26.451612944165902,2.07627540971328,2020-04-20,AAA
140.97943058847312,35.8310702254678,164.9646591039831,45.430177851167805,26.042675515126188,-1.2189262273586463,2020-04-21,BBB
98.60431109270668,26.849807720530418,127.64537638807707,40.78788324255234,24.171171815640356,-2.168063605690327,2020-04-22,BBB
130.14399438108308,27.881700738722817,136.88273437408995,49.566022253390656,24.9753738936597,-1.4919612695099682,2020-04-23,B
37.299621034693814,7.414310967389234,170.99080700946251,60.722133291251815,20.801040912605636,-0.03785528180517657,2020-04-24,B
62.03178251021234,9.73406817983171,182.1469005927366,62.282199997060644,21.56074827327985,0.09610714917768323,2020-04-27,B
170.439208588783,36.813958054713,128.29481168586065,48.526005454817565,27.005339607550813,-1.8270238160517487,2020-04-28,B
140.66861808633004,31.278671169436855,388.2651128861774,117.37476365423663,25.74781694638739,7.7208607008936845,2020-04-29,BBB
179.410702268409,40.9568732345851,191.7387267027925,66.15905117117903,27.63638197486616,0.6761039352437002,2020-04-30,B
165.29059386226115,40.905362329688536,263.2471448779603,79.71836712020641,27.08666907753636,2.8058146837057523,2020-05-01,BBB
124.15825423229958,28.424204236819364,126.77993164266512,47.03951702159481,25.036122794910693,-1.724580484714512,2020-05-04,B
190.38538630727865,50.80620110142714,267.6006503678292,83.59753230679155,29.041742245130127,3.386018845105313,2020-05-05,BBB
88.83067986215772,20.70467451294558,128.38378398943095,33.53145169947184,23.3206994532174,-2.4591656316254227,2020-05-06,BBB
205.57852993808237,52.13707888793795,331.5532504075684,95.72018669934519,29.372954737864877,5.212755869934633,2020-05-07,BBB
39.16529562829787,4.344101232551924,62.10958277849356,24.69363260045527,20.34667879724445,-4.673789753417519,2020-05-08,B
52.274420939030904,10.349167140060004,117.43592627822261,32.55288177909287,21.232565684837343,-3.0060718796959747,2020-05-11,BBB
96.88869363410113,25.927104320629898,149.3208390924491,45.63476509453333,23.930658811503548,-1.558495952470497,2020-05-12,BBB
136.66550550408994,34.04955440677729,230.76998716334526,68.32027603363024,25.889471442549254,1.6937410268556552,2020-05-13,BBB
81.64813364121835,20.5471111040508,135.73299220323116,40.77884581020116,23.242884358198932,-2.0187816384683366,2020-05-14,BBB
184.80048411510276,44.50011861535618,174.5637647481084,45.89441042387615,28.054817281227688,-0.8019273245560096,2020-05-15,BBB
170.32836551847907,37.84701535721251,99.37854249061758,40.78099709265892,27.01619781027552,-2.8199064195419337,2020-05-18,B
49.86551084282018,9.842585383213512,257.1067676425317,86.30319671980695,21.168286967897913,3.026961128545789,2020-05-19,B
209.2351103558431,55.83171913340991,162.26709676148042,56.99340643615689,29.845130471716974,-0.5569466490432475,2020-05-20,AAA
112.86942547581754,22.85790137464896,261.8155251323973,89.5168580504681,24.10683978845249,3.645869678881001,2020-05-21,B
33.36335480711662,10.650444578265699,214.31928445263605,75.22915857179679,20.967858982853762,1.5358181116202791,2020-05-22,AAA
176.8904277018414,40.19280636531517,248.28480555560074,85.90978373246554,27.371670930176712,2.678656806700676,2020-05-25,B
167.0967144947421,35.59365324157114,192.2282351195369,67.48319662106734,26.85918202507737,0.5312231017181726,2020-05-26,B
74.75155095111896,18.879193933865977,140.48940907171294,42.00681370794873,22.87403026036429,-1.9175084982561281,2020-05-27,BBB
-51.64451306440023,-8.045392243461002,213.54979949488526,71.92199710422308,16.867256132100554,1.5578627215153045,2020-05-28,AAA
222.3854215003704,50.71871977871504,198.2101561864245,55.64995733810234,29.61112957070824,0.10177402947563069,2020-05-29,BBB
48.86590329376517,12.901891712579783,215.99708628306195,69.0566946083587,21.520919596802788,1.3017855420730156,2020-06-01,BBB
168.27253807667347,41.10004241137919,143.94774346494006,40.905574133972955,27.43155856097293,-1.9184384219920436,2020-06-02,BBB
222.39940439594523,49.799222555747264,207.25993466421224,75.37116341598687,29.42698250825792,1.5386844328891986,2020-06-03,B
97.8321990786032,27.650700546398873,130.73536226562481,48.435456099509295,24.233460163254435,-1.7811542015126283,2020-06-04,AAA
127.26757500022299,35.57465015645126,206.23681980592403,63.87127981150596,25.79786139756296,0.7073554490432823,2020-06-05,BBB
168.35135851287953,39.20404926805236,267.51698427608255,89.79836266252781,27.036066446563883,3.71620766787213,2020-06-08,B
71.72916094900987,15.874124988169925,98.45983113551507,37.23593327330197,22.426806433133045,-2.781442485979654,2020-06-09,B
142.19367694955722,42.96555569035535,252.1309192645176,85.80923646360749,26.960081614590397,3.3944337186056304,2020-06-10,AAA
159.11536565247138,42.166008047948566,144.1205316260507,42.96524656736897,27.166732901158234,-1.785912044475157,2020-06-11,BBB
98.09182617193218,20.15739781846804,303.1387528403954,105.22585186360867,23.22830290594718,5.242414905765734,2020-06-12,B
138.7439674284576,41.33304756161169,310.97039915261405,106.24405656932325,26.60236898661164,5.486750679305694,2020-06-15,AAA
165.42389787904463,34.1602053173525,159.57022108732124,55.150277008333155,26.53135683776735,-0.6211607941360263,2020-06-16,B
145.39439449929105,33.24708883333472,190.21600072691203,66.55187615135266,25.885368425816782,0.6891813006430526,2020-06-17,B
138.70968898440574,29.60220509773725,173.26582376223737,60.934701680780464,25.466933611077412,-0.14853863252222577,2020-06-18,B
93.70619824719391,19.783613767449705,157.12105228914388,44.436266485263246,23.399038569199256,-1.2193367205157903,2020-06-19,BBB
41.32250471958965,5.703333755015594,80.09826735786295,23.80109724819588,20.544244562083563,-4.270125882993159,2020-06-22,BBB
159.26258229748112,42.35403397703405,272.9795044819011,98.07704865459914,27.245779221681723,4.140099241921411,2020-06-23,AAA
109.95306177031625,25.264150678780766,123.72890310917336,29.42256750129948,24.30248121353604,-3.1324373324374255,2020-06-24,BBB
128.9277264165943,32.74866709967163,188.54123565466506,53.604756370345676,25.55189949164136,-0.16706109169418165,2020-06-25,BBB
38.22688371095692,12.78364523280644,169.75716123060147,62.86735742775518,21.08470259947585,-0.013503823938580864,2020-06-26,AAA
247.61610496458627,68.8439469558734,149.82571048669024,55.9091464802493,32.060205768284625,-0.9205755832706772,2020-06-29,AAA
179.6733870214556,45.23064586563123,141.57809385430565,38.0290470897638,28.16445703154743,-2.241101070012012,2020-06-30,BBB
57.794032095603065,18.9714161011265,195.39046039873685,70.00950375159769,22.37035876286785,0.8959952929622146,2020-07-01,AAA
92.10554854986577,25.779327286579495,304.8250139936787,104.1324363165322,23.66482981969585,5.3123483714809705,2020-07-02,AAA
174.0670687566395,44.684230562822556,-35.205946030841,-14.152297612247462,27.866953090612288,-8.923042068141179,2020-07-03,BBB
76.89651328957066,20.95516985567115,76.55049209877394,15.047566743520864,23.00962961735715,-4.925645425170462,2020-07-06,BBB
103.04814375450609,25.891875254873515,228.9455833777367,70.12338270991124,24.29592325945523,1.610063232686953,2020-07-07,BBB
8.117630887717397,6.304094724678674,16.878438369066235,15.584874284924656,19.876509645100015,-5.959968687270778,2020-07-08,AAA
153.3510433493542,45.55932725733702,287.1743674828268,98.12565759218776,27.427184346420024,4.504074822718851,2020-07-09,AAA
166.55546257423183,45.50029579433487,181.82926496705798,64.37864704540324,27.70760795934344,0.29617264677052035,2020-07-10,AAA
178.79902142707243,39.95800768100442,167.6254668958169,50.5776607860148,27.488688277412283,-0.7705415085361346,2020-07-13,BBB
160.6558027223431,47.15684167378604,186.0437073420091,63.925904140669225,27.83304363772866,0.12065794176277947,2020-07-14,AAA
200.18514717252933,49.70193891566989,207.55891479993596,62.876119109317834,29.114042978361848,0.6602390700475602,2020-07-15,BBB
177.04714165240262,38.21732239563343,194.76090243867543,68.98178154103593,27.4318132921748,0.9023721904048463,2020-07-16,B
97.24682259335287,27.698362166135162,208.28747236678885,75.81745177476834,24.143249936519407,1.580538372331762,2020-07-17,AAA
8.563279843453447,-2.7387215203981947,245.41104261290977,85.67427264713098,18.886600896915944,2.9007993544008217,2020-07-20,B
42.107492450143624,16.576319957408675,192.78951433119474,69.80240020522086,21.73161851999604,0.9406656807744586,2020-07-21,AAA
147.7668129329113,30.944224647530607,255.37402167494074,86.10611158153338,25.6955909630115,3.0707534957171387,2020-07-22,B
124.85966768561363,31.358154713107616,230.82017250057757,70.48285031175548,25.0791991728594,1.727110339404976,2020-07-23,BBB
166.4881187283139,42.75006125796972,168.8654939791146,44.762521630884066,27.507681816544235,-1.0977187202840446,2020-07-24,BBB
133.15595339500803,34.36163179166018,235.1924215020231,77.10838281816038,25.779404227430085,2.0909313159796086,2020-07-27,AAA
135.5749239758597,37.3519754034228,332.5029366195448,112.81429677855489,25.933316964629345,6.4704689002461935,2020-07-28,AAA
63.44489842096166,23.471570458450927,80.13804508256305,30.049508881082073,23.045531737221303,-3.817319200597071,2020-07-29,AAA
110.7571226865903,23.7524136818677,223.285149640543,73.59552614911549,24.2743395871622,1.6887851824237787,2020-07-30,B
57.09235752015543,9.278812895286944,228.55526387341146,81.24109506602768,21.495463350797795,2.3966006958213297,2020-07-31,B
208.61018565876222,57.39658522453731,228.9607595910547,77.06916058271113,30.062121239764434,2.0974935234858227,2020-08-03,AAA
116.35728675574222,23.86079694537947,203.34229929691512,71.26367748512564,24.353483258868653,1.112312265933428,2020-08-04,B
102.35443555953397,30.965382013989515,179.7999442445099,62.11682192969164,24.498307750389483,0.12318136241061471,2020-08-05,AAA
86.51114551755738,16.40647882809108,133.3169702003248,51.99005003319017,22.73264600557934,-1.3269634125865701,2020-08-06,B
55.91416973370074,7.945648731891913,201.77654595820678,72.75757136464915,21.034602050519467,1.028276337859874,2020-08-07,B
113.64338179005809,27.730481680501708,250.73978365527879,74.15338091449982,24.654480296071156,2.2157807305856143,2020-08-10,BBB
131.05983488794962,38.376612117912266,204.35880982970704,75.55206943302359,26.022376667269306,1.360524488351559,2020-08-11,AAA
197.01578179941967,47.79495897042049,144.38973108574334,53.62175207677151,28.775275685654318,-1.0415170351669678,2020-08-12,B
85.46303806500242,22.310529256687545,36.26126487509305,5.387418097816503,23.35478859012512,-6.31430589337365,2020-08-13,BBB
105.75621519946385,26.697343180329145,181.67801843985086,55.90906895909718,24.178149228869856,-0.16550364541051568,2020-08-14,BBB
116.49785173473006,24.182524259398384,243.33903098503632,82.3015617505379,24.410119759753353,2.799283247809708,2020-08-17,B
117.31205063642642,28.36906901016883,157.95279370330053,56.24572372745528,24.89258105144898,-0.6452010411709255,2020-08-18,B
152.29071728787665,34.40331238552736,135.06981625149578,35.96934218556888,26.33618932382941,-2.467990473431875,2020-08-19,BBB
35.96913515533291,15.043671524968595,69.92540774297105,28.686899695875958,21.402952893624416,-4.13874398604766,2020-08-20,AAA
234.35375983263046,61.435544494955586,155.5878668663075,43.57008616319879,30.919131363199444,-1.590586244363854,2020-08-21,BBB
116.21325260737487,25.31731756393372,122.4142287933194,42.021884396945225,24.351711893703637,-2.191517562749781,2020-08-24,B
106.6829676234687,19.37412008990904,105.28246638318817,38.09341878475299,23.587119362474436,-2.8767730168957226,2020-08-25,B
91.77898425588941,23.41134618868766,177.4111901870431,49.05824513359609,23.637900581988994,-0.7502839726078825,2020-08-26,BBB
221.66715404438708,51.78008475739054,173.13375616993224,63.725602804032974,29.770621641943418,0.0815682575860684,2020-08-27,B
151.3650347696657,31.61311400484292,246.4945132163197,82.39235904127533,26.110549549550022,2.740158852353289,2020-08-28,B
42.796084828148096,6.181714517165627,136.39332935573367,47.83231817432013,20.814573422273373,-1.5728345106740975,2020-08-31,B
70.55449362869335,13.396101310415254,245.66690325615951,87.39751280286723,22.175690096302105,2.9498658395680315,2020-09-01,B
138.66596384800098,36.86933550038572,42.42033961429285,22.139843758391617,26.115952210167144,-5.265993887215668,2020-09-02,B
121.974800098118,29.839526417547685,219.60931861945463,67.86136350356192,24.97002905174756,1.3388441527521036,2020-09-03,BBB
137.31156872837312,28.901020803896206,106.36853619074566,44.952306439940585,25.132906099325915,-2.5500351522346123,2020-09-04,B
56.869872176563774,7.2194909717355245,277.7229457333344,98.88731616727084,21.163380534497044,4.376265491404945,2020-09-07,B
164.6685419775293,35.539125578375334,216.20933090666884,66.01836209797494,26.882209112208557,1.175506976736782,2020-09-08,BBB
164.05531063497867,41.27743116828234,183.84046526488711,54.17973353651742,27.195301307279603,-0.30561762224080724,2020-09-09,BBB
176.95710844546622,39.903403889559875,143.37161133433233,52.327250067693726,27.42331758473763,-1.066354424097285,2020-09-10,B
124.53508433116767,33.60736588645623,159.590681413764,54.9096585933742,25.2982334209599,-0.876612263948862,2020-09-11,AAA
113.59191780328109,24.46328072787302,188.07929368331529,69.68223411645585,24.379972473875995,0.7466484773773624,2020-09-14,B
125.12675207846404,25.7681257647378,184.62176569683183,64.1456507695786,24.647200801030554,0.304555498399004,2020-09-15,B
165.6570343946219,45.31745962945009,300.999211410102,102.73164687800796,27.72975802818723,5.033548379976835,2020-09-16,AAA
8.401266509917862,0.11503627543584061,112.2595826397263,34.77155349322978,19.23056710220744,-2.974240727518698,2020-09-17,BBB
151.7525393856234,34.906994892076035,169.18841826877602,44.00529950243235,26.347262245543607,-1.2841727245531303,2020-09-18,BBB
138.4690723511137,27.883461012966638,250.78865833793287,84.08800594548286,25.228118628096063,3.005762764764892,2020-09-21,B
77.72716222711813,23.495885414816968,197.48137114252611,67.99903568715041,23.28265930830253,0.8112171986602866,2020-09-22,AAA
146.21431083745978,33.03753056655641,225.20015560671075,80.85048972562296,25.9233653162717,2.126132812248052,2020-09-23,B
145.93211146637663,41.36030707644906,121.14479428935482,42.21895741528343,26.6033559687792,-2.3854466525564324,2020-09-24,AAA
80.92626618813388,26.97187263673973,151.75973915368044,53.39321138106866,23.650357110841796,-0.9223561206807649,2020-09-25,AAA
173.3086063388285,47.25103363478614,189.74675374833802,66.55322378336739,27.89581750981327,0.525669173533756,2020-09-28,AAA
60.17946103114528,11.056978966836176,254.31732869508622,87.99828067926049,21.68875158772585,3.2512737413271253,2020-09-29,B
113.49085268532565,29.17378671994385,141.2143441330431,42.37110719937002,24.744037058582165,-1.9127148445056317,2020-09-30,BBB
89.21664343790616,23.02496951724926,195.16480024192796,57.050241553789576,23.613782495329392,0.042036995849577805,2020-10-01,BBB
100.75377863853012,26.142493314190816,120.76138622674836,33.9655914537412,24.228696718626423,-2.8302487136057564,2020-10-02,BBB
54.07240112208679,5.9365010145510375,11.665786840586154,11.071563971625324,20.83860068034556,-6.407893980600583,2020-10-05,B
110.14268689131102,26.76666059369322,191.62350291569393,57.79274521068008,24.355683648718067,0.24586467968858805,2020-10-06,BBB
105.3296466602896,21.46181558581022,146.20878371537205,51.89695683488403,23.77343280620521,-1.0417883403334085,2020-10-07,B
61.04041491241467,19.731576429916547,102.10999005169481,37.031108129008004,22.509780753791542,-2.9266135736155823,2020-10-08,AAA
89.55271828534592,28.320482009083108,221.34087342290368,77.44538942428046,24.066585421340214,1.9400000399523973,2020-10-09,AAA
110.1662888844082,31.106332996974416,285.5678922872783,94.48658886079427,24.911136855467326,4.13928114133533,2020-10-12,AAA
166.525940825584,48.974462192264504,154.43241464226045,57.82829116778535,28.151185986281362,-0.6291651138851297,2020-10-13,AAA
209.89284398561313,51.89213083349196,172.13242107662379,46.70466561322403,29.491599289171983,-0.9974644007159099,2020-10-14,BBB
176.2162882847248,43.83303510446171,209.82118999698122,61.507409847174465,27.688997786409093,0.7555320214101933,2020-10-15,BBB
181.66817943032208,42.27748263541223,161.28851201219004,46.75240585465141,27.930494402960694,-1.1405306803336683,2020-10-16,BBB
167.1645468428047,40.981355407664786,122.66253385293346,31.80033014647205,27.342529716486002,-2.7751625409793124,2020-10-19,BBB
77.99986331194106,15.922157109621423,99.66926881410863,38.60983777880948,22.605467759518167,-2.9296013009772857,2020-10-20,B
70.22812762779911,17.528470655434592,265.5620293999762,82.8115950702463,22.51920265392311,3.161897002088449,2020-10-21,BBB
155.72265475701664,40.81505429375851,166.5427221847472,48.156902459553535,26.88731873820199,-1.0587715226772008,2020-10-22,BBB
113.76494482324313,28.845178617562865,125.55584278474957,31.149631658154743,24.674097329391515,-2.767387006958513,2020-10-23,BBB
127.14974509842096,36.51029650387743,188.11859821493482,68.06611768972498,25.7654599238355,0.649032123351047,2020-10-26,AAA
95.01259699457529,32.394230014716996,299.885261469591,104.56343530689647,24.63270118116012,5.213550077290328,2020-10-27,AAA
68.69911206550749,11.001340669340198,197.45743843977058,72.59355825042356,21.81107828860216,1.195954993613132,2020-10-28,B
85.74635784281678,16.909173706680892,219.5215832534045,76.25144192728092,22.932060349051337,1.7685203806815195,2020-10-29,B
62.826846001582645,19.914809925901324,190.09774539018704,65.32969715720668,22.493414612723612,0.3016993719775295,2020-10-30,AAA
81.4058024437467,23.230136066506205,123.35165175856754,42.438307392810955,23.450477575488957,-2.355316469952476,2020-11-02,AAA
197.66060195861743,52.6462639834802,219.0568291762093,62.97298120225916,29.106116459652835,0.9062134226883233,2020-11-03,BBB
153.27936369447463,43.261688443530915,184.0180733004181,63.44241470283401,27.17823716030383,0.4267494040612064,2020-11-04,AAA
122.84338932118399,31.391457603677374,118.29469152616899,44.39302981728929,25.190128531212977,-2.1895582800484648,2020-11-05,AAA
106.81978255281354,24.25952539786094,247.89706897011993,74.63607913982831,24.012442705984938,2.3895171277433955,2020-11-06,BBB
86.72596633666691,25.72118269841345,71.56270149275177,22.711328444528917,23.724796048204887,-4.479051058477091,2020-11-09,AAA
159.52421039237754,37.83377261608646,154.6095598812411,36.03431011189771,26.641763483777346,-2.0126701904250783,2020-11-10,BBB
88.30699635634522,30.54866355281176,168.51048099339155,60.266058168798686,24.117896158291853,-0.192505275564525,2020-11-11,AAA
181.87663738390347,46.135613219950926,156.42589130774553,46.928405532289474,28.09228366676168,-1.2959095873264344,2020-11-12,BBB
123.36209712080817,34.420637410207256,114.59858715864968,45.17147247146526,25.493477250719256,-2.303976829319826,2020-11-13,AAA
89.2732416610344,22.523804029817178,78.17999664324206,20.47041437475236,23.525846457628244,-4.550327883471209,2020-11-16,BBB
139.22826528675552,30.06752635120566,192.7841873371201,66.20159100716819,25.524445482220045,0.42766477849760376,2020-11-17,B
182.60083073671865,49.09300650385822,184.81958639120333,63.85276106084945,28.35109253955609,0.28550975259179007,2020-11-18,AAA
165.48602886249896,34.411429419635375,302.1577971594353,102.71375236678581,26.45401811256076,5.186761695560935,2020-11-19,B
66.246566999338,23.946311278652963,69.61625771616953,30.74565453568856,23.208101427877214,-4.0336816041238075,2020-11-20,AAA
28.0104095660878,8.21168278931044,119.25373195196158,39.657387616416095,20.65989502358266,-2.4465304997007804,2020-11-23,AAA
149.28436331070893,42.652500575052336,58.837872450830446,26.710338911171657,26.725114492494157,-4.399636367169141,2020-11-24,AAA
24.991815859612004,4.696600794347884,229.906200669043,79.19395597589649,20.119599623477278,2.1498003969394945,2020-11-25,B
47.19090605529367,13.584247209462337,233.64594116136087,76.17048267473945,21.532873017373507,2.052081938798441,2020-11-26,BBB
87.10857191779517,22.40603616310914,113.04593448588615,38.44570298743866,23.304842727452126,-2.907072265764082,2020-11-27,AAA
270.1695474588403,64.5596610342866,158.22031703276474,45.21547703750372,32.11325975990891,-1.1938699051003532,2020-11-30,BBB
25.98687580274558,12.188442194958602,159.53933089863582,55.90737098563107,20.945327909851166,-0.5455651832433164,2020-12-01,AAA
165.63386713849917,36.570225189981116,83.42152845714314,35.68558759264735,26.84456805025301,-3.4722982865077143,2020-12-02,B
92.7087175638903,23.888578108656667,75.85849826746698,18.207810661066258,23.7212221653571,-4.626316811735639,2020-12-03,BBB
83.62700873807066,20.218626742339957,187.7188212501554,54.64263111146644,23.220967415237546,-0.21881597940490136,2020-12-04,BBB
145.19482251485638,40.288949737506194,172.2491718251603,60.42812247999951,26.64314361873941,-0.26996638123863237,2020-12-07,AAA
42.971824097452526,16.467978150096563,298.691481404464,99.93462285579395,21.78695761650084,4.994937894128481,2020-12-08,AAA
141.69750968646187,40.58928143021701,166.3792118597194,61.29102059013439,26.391293003309258,-0.13172147531490894,2020-12-09,AAA
86.0687534414085,28.248813521036727,119.39795699713592,44.77501810241348,23.911902351991344,-2.2011246688160298,2020-12-10,AAA
155.3212750102429,38.33292768850983,233.4832119665935,69.45901108943153,26.660243183265216,1.659296992266672,2020-12-11,BBB
46.84257034773157,10.223989557125307,159.26780121714924,59.715974388114766,21.095389634892744,-0.426160552992116,2020-12-14,B
187.87646192918834,43.866761785385066,240.83689993868728,82.3363424080989,28.050022364858002,2.732231230600233,2020-12-15,B
2.44968818757021,-7.072329763106373,230.84629936625927,70.17843290127898,18.406631454385845,1.6860018650028012,2020-12-16,B
153.701925349511,37.561655157907694,158.17533239293033,47.02198670133459,26.656939278905774,-1.4073220152601227,2020-12-17,BBB
153.35165516646452,44.80760817064173,204.21783498424242,72.0472257834593,27.43914399087125,1.1492184537203916,2020-12-18,AAA
244.0681851648939,61.61360551477835,270.93164898033274,81.26175616238478,31.16978352739315,3.1250855273314526,2020-12-21,BBB
27.83370839333486,10.244978765406927,301.4421886478708,99.26955674611744,20.77209511621128,4.817926495497087,2020-12-22,AAA
97.69818661224771,20.19137071455351,211.76642064732238,72.16819519722887,23.44639777945233,1.3044475313424146,2020-12-23,B
222.94414653888717,57.153003537174094,44.29901132138141,8.791642545265743,30.190082345857096,-5.894862985376629,2020-12-24,BBB
172.09366385805654,35.60121206702032,158.75023522277806,55.52698812933297,26.85194991147645,-0.8629022659285283,2020-12-25,B
128.15461909084303,29.40794697378817,227.96614345358344,68.42036391740325,25.25586136982445,1.5041910555164146,2020-12-28,BBB
231.4903669123149,57.82786647743696,183.57171247319604,58.32780272239104,30.513847629324584,-0.02803762703847487,2020-12-29,BBB
187.93444769966888,49.442998533873485,183.94281924163906,55.13559492874269,28.49991600405012,-0.35347314714467837,2020-12-30,BBB
206.2762690365319,56.45814972140165,245.33370774028043,89.42997155486928,29.794504327065514,3.22396452156703,2020-12-31,AAA
124.33921095598704,37.213955447109825,141.9675363579097,46.3541630626723,25.81466679079709,-1.8617912590341263,2021-01-01,AAA
135.93633105769,29.433619330717026,331.3607147181277,109.29823429163496,25.396105296544132,6.166367294979558,2021-01-04,B
131.0546642602484,39.30712159320821,113.23944067383323,45.387266496662455,26.417941216610668,-2.3182656294891273,2021-01-05,AAA
206.26213948207993,53.27823530875352,140.961660826053,57.111440638343886,29.471646730991303,-0.9087895436849264,2021-01-06,AAA
87.32154953991304,16.82224063288401,232.33776017946826,79.3804746049882,22.85780663395685,2.3461983397239585,2021-01-07,B
113.80349500489876,28.486249395273894,158.56807487195277,42.90434476552223,24.680208898131664,-1.5106705622294003,2021-01-08,BBB
96.73723613700946,29.464241622862545,244.7294486154888,87.64848413201298,24.32038976949794,3.0195801494728522,2021-01-11,AAA
164.05792828463362,38.27442085712669,206.4647579284335,71.21397993105481,26.870349905660305,1.350622526703609,2021-01-12,B
74.80990303740472,25.14870675587995,152.2462388761155,51.60291283362224,23.492080846007436,-1.2396702093716958,2021-01-13,AAA
141.31597803828132,30.896490001910912,256.72724529027266,84.03414771922218,25.639079965070717,3.0951712781485115,2021-01-14,B
136.00341979921924,32.20509171267471,249.60211793619195,76.57251693315168,25.61508699916121,2.309219957628256,2021-01-15,BBB
145.53518725174564,33.52502107977837,250.0136577551186,75.04712423397773,25.96207860099126,2.121172903904348,2021-01-18,BBB
130.6532043720862,37.66522682449658,192.7962943926515,64.82940836472947,26.04295303557122,0.5520861221926241,2021-01-19,AAA
40.88423970942628,16.372542882851818,14.469740918798465,8.653910037057637,21.466092660648012,-6.660238481525706,2021-01-20,AAA
127.87364515459804,26.91781250409102,173.19209236304224,57.674770084191,24.910042775772624,-0.35220445193280714,2021-01-21,B
65.39387350596314,18.15060800399239,221.0356834797098,69.11181388716393,22.571866550885915,1.203489643470446,2021-01-22,BBB
124.97574797391935,34.344574087762176,271.5391662730445,89.53393504776237,25.496366398369375,3.618331021013482,2021-01-25,AAA
57.93327881308177,18.41005116128957,149.52517303669987,46.69874958898865,22.385966738224624,-1.4774111370392018,2021-01-26,BBB
198.08666991900444,54.685881308218704,43.32395613433337,23.765361491528438,29.30738263876005,-5.03318942258366,2021-01-27,AAA
209.5601737717723,49.720449988757714,212.66681500194105,74.20397943877693,29.371100903219602,1.4567379348072556,2021-01-28,B
53.29914319036813,19.24016709175451,94.28480915093982,35.7312603967673,22.30444799011152,-3.2560470833665023,2021-01-29,AAA
133.70508176341082,30.85058563205166,69.19719737104134,24.023254123573906,25.463887845730593,-4.53523434452906,2021-02-01,B
70.90339567115862,17.271856622422582,169.60998872837743,49.00648925123468,22.4092694109798,-0.829108354222423,2021-02-02,BBB
175.11882072139846,49.16323284888768,104.00585027301288,43.75277673756142,28.040534957738277,-2.5504617016929436,2021-02-03,AAA
68.77893531031052,13.303560295499187,189.97565671129956,68.72397022390426,22.07665260963393,0.6195009828829594,2021-02-04,B
79.06648778642393,14.078958785033205,131.85934224044485,46.81271346932752,22.38255098777997,-1.7369090324091498,2021-02-05,B
68.19782756731132,22.52512354743243,127.38291984716889,47.550661632653004,22.961914815846374,-2.0325888925190987,2021-02-08,AAA
257.3608481553601,72.38382206057732,58.68560963472809,26.122185762172784,32.896105359526715,-4.477490437971684,2021-02-09,AAA
184.27961388890975,47.45930592746733,113.35274037441948,25.829042721847635,28.37545627267858,-3.4200326624743087,2021-02-10,BBB
57.06277670100368,16.798532128844442,151.0176026431692,53.75878794586443,22.12684783324702,-1.1642361519293194,2021-02-11,AAA
44.330324329780446,8.93946895893996,153.16451956295901,58.083251009841064,21.028502142408446,-0.676906032784364,2021-02-12,B
65.18187545546527,22.835126499001838,162.75819213701757,55.28790041201716,23.022457390896957,-0.5116279688860745,2021-02-15,AAA
85.20483925188559,28.842583514605092,209.0901120780206,70.30818806209652,24.031152204339012,1.200622886256128,2021-02-16,AAA
85.75456582500556,21.02372513672735,127.60668391618191,48.01109413779477,23.127178748222967,-1.8732078878930027,2021-02-17,B
155.28275414529892,47.34688105721117,262.0674778682405,91.48028562176589,27.63575259623077,3.6575318223732833,2021-02-18,AAA
200.12123515209026,43.974525154609026,124.15472698700361,45.61743005365388,28.181052472887128,-1.9161140738846856,2021-02-19,B
112.04579612112143,34.82322892884527,220.6010943134248,77.93467312296971,25.295130414001306,2.0353110637553393,2021-02-22,AAA
79.1891003550695,18.736363722438593,221.9178863089839,77.03670982792411,22.97955818243816,1.9373197506998194,2021-02-23,B
175.7284104359373,42.4586792847645,186.62781098260453,63.328702249900076,27.62363258230036,0.23615859778784912,2021-02-24,B
53.432140453924646,19.014421577154135,292.38556861015434,101.25283346563195,22.378341931290485,4.99586057413749,2021-02-25,AAA
105.64091130556288,29.494281405749415,142.92693520452625,50.35302924632967,24.452245772564783,-1.2909320047400143,2021-02-26,AAA
130.14924219905063,40.031179170415434,122.8012488118551,44.787556928626095,26.20434817236443,-2.1737133615649062,2021-03-01,AAA
74.49441162703157,25.111439859143548,120.08644420774931,42.533383977556326,23.416586968654176,-2.3581594433919357,2021-03-02,AAA
123.94972881386613,38.35055696096543,119.45614724064407,41.45328457612451,25.88246019258826,-2.157916134547923,2021-03-03,AAA
44.52317622408736,10.660360092570665,78.47218507138808,18.802243982086686,21.243710475040306,-4.779153885202121,2021-03-04,BBB
131.3550877316428,26.820363219614663,165.98159273650577,54.633199731331565,25.098782778253966,-0.645012681448667,2021-03-05,B
54.20727433819763,15.492023458813444,199.84703908422702,58.787474520515616,21.897329662786262,0.3364012520505757,2021-03-08,BBB
73.54207853407087,18.99041210592283,207.00184752374915,64.85241981841028,22.85374601731138,0.9228750337591202,2021-03-09,BBB
111.35010060760588,25.179334496260463,35.95901084264443,12.702033081585396,24.309739989400114,-5.843110072580481,2021-03-10,B
224.81339079111444,50.04956185513201,172.73442832187175,59.565496380516265,29.626752729339174,-0.15273605038434607,2021-03-11,B
141.08505950117507,39.90970420508245,255.62396867307524,88.3331637768848,26.351785088431193,3.1837717289602083,2021-03-12,AAA
198.13448425580233,49.14157345770409,175.8245143795312,62.8065291791864,28.655106753141425,0.2698985618543358,2021-03-15,AAA
69.81661019510663,22.297911696738712,211.68652163106213,71.18985240934533,23.078559982997472,1.2590046010974798,2021-03-16,AAA
128.13844110605552,28.493971035642836,341.93452033985295,117.08524272185714,24.87538944090662,6.777670502208111,2021-03-17,B
171.8352812038057,36.401735824993544,30.399923821529004,17.56907502527005,26.869726164574818,-5.5426976463875315,2021-03-18,B
204.06550514627403,46.4680463226774,279.3049155525206,94.06975458433503,28.584628732419866,4.078093518283797,2021-03-19,B
159.7046537217996,38.30128328679299,133.64710635942873,48.85851973987463,26.977448537061928,-1.5538903238801862,2021-03-22,B
145.49550837929235,33.166571480042066,179.61153731382618,49.81222860764477,25.828877225815,-0.7020609409902653,2021-03-23,BBB
104.69778701491072,30.31622022539242,180.56528619128343,65.86923279667359,24.49511483305191,0.3033198452094998,2021-03-24,AAA
23.641983729594664,13.397588125876675,250.0222129896157,90.70662147638748,20.93504054021792,3.1621278532631822,2021-03-25,AAA
81.8584697966007,13.767743221519714,275.6273180229661,94.0323774670144,22.563261102028914,3.990826876311309,2021-03-26,B
178.05476083742892,39.38197038678644,120.16301224074225,43.18793147206061,27.198464378963624,-2.3520268282534733,2021-03-29,B
82.25635663415825,26.094075090518484,172.59693651057194,56.15525874847769,23.491915228627146,-0.32812926530035263,2021-03-30,AAA
90.74021189189904,22.067437519347962,264.29981120284606,77.0847196711948,23.59734877577168,2.6988315003612215,2021-03-31,BBB
133.75013210848837,38.259056026129464,138.121133186321,52.497210728859486,26.25430443630304,-1.2502277502017367,2021-04-01,AAA
59.88904164959177,16.02127757819671,189.71832965949014,55.1286412402553,22.028294069301257,-0.2487489410837013,2021-04-02,BBB
105.73162435192991,20.197614167769256,229.47651319892262,81.64471583359226,23.6654511228696,2.338428338557871,2021-04-05,B
203.64311745952008,44.418213353078876,204.23660089233937,72.79178762424482,28.64140480628137,1.2415055760688352,2021-04-06,B
190.1874270714333,53.48182160834555,24.24997667591765,16.12071476919429,28.93435060955407,-5.923677468746759,2021-04-07,AAA
95.41122196727767,28.95380689018689,241.3936534037336,80.2185557494335,24.3982517950548,2.454781472037423,2021-04-08,AAA
157.46737467819204,42.797857419440696,177.5526636255918,59.85931269694976,27.18719283632999,-0.07539363110945053,2021-04-09,AAA
138.3465901490788,40.13656681780793,213.82494652502945,74.00931339667142,26.481577485878525,1.3901765159724118,2021-04-12,AAA
119.00890189545734,20.397119083228283,214.28494969255695,76.05140045357126,23.91109423414435,1.6544908982045154,2021-04-13,B
239.63511018334026,61.723144172063186,248.58369646058603,78.33851777441576,31.086678350062712,2.5323747292895775,2021-04-14,BBB
171.36159737539086,38.90022160752239,248.86364102006064,86.32082791157875,27.329680388122178,3.042376757765566,2021-04-15,B
110.54466922047091,22.56488016467649,148.6050765149645,54.11303159114935,24.043735794370523,-1.032400242461335,2021-04-16,B
115.82752003264437,24.784822079224497,110.59683957349661,39.56248422930712,24.39966502223006,-2.6719610340773863,2021-04-19,B
100.75781929615553,31.64752970516659,187.59514055819457,67.92265274820099,24.709027019814116,0.4321204347341516,2021-04-20,AAA
103.18699918989326,18.558002722326652,284.16019924699145,100.44913224016074,23.3881673490799,4.608165243014395,2021-04-21,B
87.17437467619573,25.36580152405481,143.4768977379531,56.61337086441666,23.790580730160375,-1.0915396416534182,2021-04-22,AAA
148.38455279964168,34.42319975062777,167.79830925562584,59.75008904783255,26.219161270163934,-0.39402830213739193,2021-04-23,B
104.42797994561053,29.3079276310566,15.078480086818878,17.24687067096981,24.26655639115982,-5.84597756684982,2021-04-26,AAA
75.00488751044844,20.20177938639401,272.98431854849133,82.94025379990926,22.755027616700072,3.3381009871923752,2021-04-27,BBB
10.864794961816221,-2.538163352239175,143.03535201722855,56.3602229920452,19.018939503589646,-1.0454674639566428,2021-04-28,B
89.88815949349275,15.253242250999765,0.7967403891695488,0.6232495969058416,22.793119633003588,-7.100718454374996,2021-04-29,B
137.59322276452184,36.94943358687283,183.97337083952715,70.40703791632181,26.02115225768148,0.6680982931757692,2021-04-30,AAA
-41.6627600925116,-2.3024916445446824,233.86488609091433,88.27322457511457,17.711280632501794,2.8274873733421346,2021-05-03,AAA
148.7904916465028,35.37453673804026,160.889362519818,48.52912374682593,26.290465351266228,-1.1129119537307284,2021-05-04,BBB
164.8131333329966,45.067848730143545,205.20693616592715,68.1662329070224,27.693853315064317,0.9384090915253154,2021-05-05,AAA
164.5218010388918,48.94947640686435,121.58256666334609,48.42594458081454,28.233352020522222,-1.8784096768564906,2021-05-06,AAA
203.85269117502108,46.54568244747687,249.54810376524415,87.45146724921524,28.835960755150342,3.0367350145798326,2021-05-07,B
203.34621329153703,45.90623882138968,281.1463210841154,100.01128725650582,28.70262208295485,4.496281456541425,2021-05-10,B
115.66641126611539,35.223984154144176,137.22910017649826,49.73680470651422,25.309185730088526,-1.513783550651321,2021-05-11,AAA
62.14127344001913,21.123737467942824,107.66865849657034,39.73750218575096,22.61511077801148,-2.509406575605437,2021-05-12,AAA
135.48882943839945,28.915282039854496,146.1037771764541,55.157795153699745,25.487668026133367,-1.0080377093319397,2021-05-13,B
29.246703656910263,5.183232207083533,229.41702793294658,77.38532559803085,20.170567874894825,2.1924912991401304,2021-05-14,B
251.66979095551304,58.89354867283647,257.51246012380255,86.48745832658628,31.253835095098342,3.1365233577441085,2021-05-17,B
68.73695787316385,21.838789769166368,127.13255412228929,48.623363288287415,22.943246695998134,-1.8449493710147378,2021-05-18,AAA
235.57079312048072,55.55755231965549,300.0582269661975,104.28887481080439,30.358250065384212,5.168813159946395,2021-05-19,B
145.94229278856923,28.583083441988457,81.62311551965188,29.824652836742924,25.538999217217498,-4.027355873318825,2021-05-20,B
116.97254180549325,26.909219713086394,138.75540250305897,49.713872087160816,24.726120536298463,-1.4203112499312884,2021-05-21,B
141.7661839273754,41.31863640695135,195.02575706722286,69.59251906161933,26.779180341529425,0.98158622228718,2021-05-24,AAA
79.44971066475712,26.289831323523043,76.07381057873182,26.13368497179348,23.70778512040931,-4.189411968435549,2021-05-25,AAA
86.43525632294526,18.29321025605706,269.58579630124973,78.73100803657208,22.977223122437547,3.116380741933727,2021-05-26,BBB
73.63408331697353,18.72522355942085,346.27652865056245,104.88518413107526,22.826202462982085,6.245065157505044,2021-05-27,BBB
179.75852228030217,44.56940899493895,238.6313046173473,72.02319317491059,28.088074548004176,1.7865140716719186,2021-05-28,BBB
190.33945137826677,48.96773607162465,272.6832878899923,81.05720074172271,28.5946461729333,3.1679520188170285,2021-05-31,BBB
54.69024402192984,10.061555176176942,195.02015992380692,71.9234330510462,21.245669768053666,1.0492981093876308,2021-06-01,B
82.85586686300199,25.15272089128779,158.70709263780023,49.99741050818359,23.58921767148416,-1.3750153219455965,2021-06-02,AAA
190.14180175637097,46.60309480850803,239.7271250118805,72.98840118506688,28.31089368123273,2.0969222760871293,2021-06-03,BBB
88.46886821620262,21.38900504064501,126.1915137081744,33.029538402407404,23.4247136071252,-3.026022844017197,2021-06-04,BBB
120.51146867813829,29.287280699871236,216.29091991001513,63.36582578849294,24.888158798760863,0.8789786150343146,2021-06-07,BBB
103.51864147522488,20.707714138137682,96.11883508842729,37.14465793168414,23.633649981551635,-3.0944419425183245,2021-06-08,B
153.63884329402947,33.72609895016092,142.4116651308655,48.572011053742926,26.191051323837332,-1.4585963309526446,2021-06-09,B
150.5334175372927,33.85261192936533,99.002895567936,36.21051999441474,26.01111919668696,-3.100559694467699,2021-06-10,B
239.84577038678114,62.56274338689648,200.06846671607795,56.95930082926314,31.416781386081368,0.20938643788704428,2021-06-11,BBB
189.34152424859263,45.777320593735496,198.1091035665118,55.93777548071903,28.29058953511977,0.23306943887514078,2021-06-14,BBB
227.2603622150888,60.1043160071791,186.81602122996568,68.10596688577644,30.740756069645585,0.6027224666935819,2021-06-15,AAA
101.94867660262558,19.803919960370994,269.39836486831933,91.77819506466328,23.47553061690659,3.743626352780122,2021-06-16,B
118.42116450094014,23.600374630896233,50.8888190693755,22.74155431212773,24.292637165978533,-5.072381643766611,2021-06-17,B
168.51621453876257,42.73653749273583,338.28763485095305,107.76205014673063,27.427708463049846,6.257263660272885,2021-06-18,BBB
189.86941578795577,50.54476995965265,251.80797890414334,82.20994054845696,28.858489118554218,2.6317082951569866,2021-06-21,AAA
230.88152235277067,61.22109275482872,194.0812063150409,73.65280604604762,30.770491272711162,1.1449815697197006,2021-06-22,AAA
108.07235985085659,28.54722448817328,197.80006445075023,69.03727473503204,24.458099457238948,0.9485993561256045,2021-06-23,AAA
154.52577042941112,32.413591225277955,140.24947603945375,48.10235112819865,26.135170594823258,-1.4932058520006726,2021-06-24,B
153.95897081404155,36.927946370256976,214.57319400488845,68.46595328313522,26.267102490289428,1.1018483421056395,2021-06-25,BBB
112.09698834087776,31.657434233996394,81.65153774942982,31.121452181147685,24.99615934048444,-3.876993303988198,2021-06-28,AAA
102.82101350607978,18.895879350081568,233.77724819592467,83.20006833452062,23.381817903224658,2.572711087209198,2021-06-29,B
231.02382489930102,55.638358109966504,98.09056733930846,25.321325840393058,30.393313884697445,-3.768608220537133,2021-06-30,BBB
150.07224297940905,43.237621786189024,172.6723223972847,63.166500805344754,27.134034998409323,0.14590722520680627,2021-07-01,AAA
82.1718501713593,19.961280023875595,272.2630732085599,80.61729382666545,23.01533411505774,3.042427144818197,2021-07-02,BBB
132.5147816404583,38.87002477342183,155.14102897061886,47.65667149570968,26.13732547484305,-1.2922898417644078,2021-07-05,AAA
212.60794313236073,52.64951307082076,169.4220198482265,47.68572799367661,29.60650342501126,-0.9407477388795175,2021-07-06,BBB
74.98034071451062,14.582599856755785,194.25858997175357,65.59630130536938,22.421553864881062,0.5608321555038598,2021-07-07,B
167.05348501090572,43.499665415259116,270.6380378579581,93.4483587480261,27.511397075753443,4.044150639093103,2021-07-08,AAA
63.63192907543571,10.275868885738301,236.1416248936496,80.83442824251495,21.605394106595604,2.2377325317604515,2021-07-09,B
108.2802131289172,20.006082023788064,145.6497325761189,49.082158276364076,23.63551163339819,-1.4493270538339775,2021-07-12,B
148.08942663817984,36.11358486655225,207.04105980963408,59.960455478660705,26.496128282595897,0.5139758947138309,2021-07-13,BBB
110.41149068434882,33.4836171850192,163.1403600037507,53.27223372284791,25.074374239411537,-0.816922312391562,2021-07-14,AAA
67.70033701199856,19.791031607394963,240.80803181774166,84.6778536988624,22.586798783852608,2.670908543656805,2021-07-15,AAA
208.7057211535782,48.78225880531425,262.7601560731702,91.24229519194792,29.276476227791466,3.5155711406381935,2021-07-16,B
177.0530943645966,44.45448210755979,159.99278900709373,47.87940486471132,27.848261725134954,-1.0804285993312253,2021-07-19,BBB
195.5988122228465,43.8880504331277,147.08262097248198,57.06108167403933,28.25466031383201,-0.806660041431784,2021-07-20,B
90.14119952501204,18.54060757025016,196.00837598949167,65.30743969275181,23.281707516848652,0.7190730238378733,2021-07-21,B
150.46073602221554,38.06681457043608,125.89039683101008,37.47273680453853,26.458265988680374,-2.4238166708758677,2021-07-22,BBB
115.74379588727433,26.614747027110027,116.9326136704024,46.483813632607095,24.517917747067052,-2.0905525435642796,2021-07-23,B
252.24097975944903,64.09475054642888,152.08434365326306,46.50837579648775,31.79769231581499,-1.4467991224608718,2021-07-26,BBB
281.4330807409396,79.3557445075423,318.1403722440143,107.27425168225885,34.10334088581626,5.772850646918554,2021-07-27,AAA
181.59718813812194,42.101294541129555,339.11820206679477,118.43450819375876,27.646342304123543,6.846093957697202,2021-07-28,B
93.41172365206216,29.616784433103803,161.39892494739752,60.01128067581028,24.347491638343143,-0.4299015838703163,2021-07-29,AAA
137.85860678718026,38.329086666197504,193.06985865272077,64.38175619390421,26.358762764546295,0.5763759664771209,2021-07-30,AAA
96.07601090850982,30.29533505008421,292.32101484313324,99.46054435584303,24.446303963439597,4.869802570970195,2021-08-02,AAA
156.5080772550406,36.39655962674579,182.25037187604642,51.233630302133854,26.73091668350276,-0.4679602326784123,2021-08-03,BBB
72.66808616106829,21.940851154397215,108.28624673913232,29.525284372864874,23.01217218445687,-3.2687374291731803,2021-08-04,BBB
26.416484209533913,8.212005872202388,265.70660645731226,80.54829320076895,20.559681788604728,2.952441415035473,2021-08-05,BBB
92.44826472671822,18.29657805720404,89.93461467988341,39.512372971258685,23.046190009072824,-3.1563590429226958,2021-08-06,B
11.121067248170366,-1.7321409279483513,283.1278454909612,96.48799669150341,19.11775471238323,4.353057972466576,2021-08-09,B
34.2302246407709,7.1104728219686635,136.7037093335237,39.05423757915097,20.82944716114848,-1.9793879343778567,2021-08-10,BBB
206.07735986386353,46.47359756601969,124.53508001533157,42.743577358567784,28.94468404904096,-2.207972495280261,2021-08-11,B
109.65492318497564,32.6358832039427,173.22041337393668,62.00522661071047,24.99881522162111,-0.06074049911784059,2021-08-12,AAA
50.70598337551657,8.785912725677907,214.29303420623566,73.06814299170503,21.21558321936144,1.589206003425048,2021-08-13,B
101.42649570596393,31.091845756401277,152.9115701852928,52.66589687149647,24.486684922404468,-0.834807621585212,2021-08-16,AAA
67.24535823928518,13.269546062117614,156.64846057342518,59.09103396450026,21.98513539406344,-0.41397637132252785,2021-08-17,B
92.87336929395228,21.998425875768174,166.73023714845837,48.66065074193513,23.565480064568394,-0.8994781364553376,2021-08-18,BBB
176.4319568944791,39.06504115017443,65.84181220531286,24.88135665026514,27.458515367080093,-4.301975835172914,2021-08-19,B
77.4794643494213,16.09238366264678,190.5145173361095,66.01759408681818,22.56735484616608,0.8658992867155184,2021-08-20,B
116.12710631011187,31.794374853892197,240.83069947771241,77.90915350347366,25.090768505661952,2.3543110241468277,2021-08-23,BBB
72.30661804976431,22.500354197277492,227.61192890214917,75.33173596822787,23.02298451807286,1.7958715161034835,2021-08-24,AAA
95.4049116841808,24.587337379294972,149.9058948860782,38.41430747507448,23.883984401971023,-1.9878858286721819,2021-08-25,BBB
89.05791460056832,20.874055565046774,299.6627007131083,91.06629332981572,23.397016595000352,4.367398726934396,2021-08-26,BBB
188.68932021617186,43.53958281862359,78.7633782417454,34.38473994930494,28.09822675410347,-3.630074574525236,2021-08-27,B
186.15366564261814,41.159444631829345,216.50833723959576,72.58531472226737,27.813309069063283,1.4547575713288028,2021-08-30,B
134.06909408233417,27.831213764089316,191.60358222118825,67.9700999882845,25.059345122912834,0.7991214014313027,2021-08-31,B
80.60382809590018,17.57703579020562,159.01244100271953,60.22746065244006,23.001002873636565,-0.31424174385479575,2021-09-01,B
90.65158284290722,21.114871717676674,147.22492145506016,40.61182532645378,23.41138601630414,-1.872854180748354,2021-09-02,BBB
210.55751689202492,53.431840116764164,218.8858236200501,73.5746128227978,29.575434172489476,1.5948820449383152,2021-09-03,AAA
129.28962910718846,22.01734383426264,247.68518682190344,84.36958503211955,24.339310836852167,2.7976228326722627,2021-09-06,B
92.95797102105685,18.525793281273504,158.0559631615911,55.42048432739349,23.21038415787905,-0.6997969370603568,2021-09-07,B
103.7468505187458,23.73963322000937,135.55784213524063,46.80657182819644,24.10527394837832,-1.5111374350292748,2021-09-08,B
134.6726699210981,40.620394474718346,189.77303576672026,69.32346552655079,26.412097971584732,0.9215681474775763,2021-09-09,AAA
71.04809850307882,14.534268292188038,133.96570080280574,50.36293842577263,22.303728621127807,-1.711837340937332,2021-09-10,B
187.85296272121005,50.98240611157048,88.27816097737946,38.5165104035416,28.672516173305098,-3.1516721487762585,2021-09-13,AAA
181.2098692475599,45.89579549085477,202.2688933435199,59.554585101110426,27.95462077038779,0.36141757277276876,2021-09-14,BBB
-20.960079265437706,-4.599002447360414,174.7663343025769,49.88728371821621,18.00664759973407,-0.8564271998477735,2021-09-15,BBB
172.64405827879906,38.10907804497439,89.13472757949867,41.566834958086275,27.231803811772075,-3.186457797986271,2021-09-16,B
131.76204690509965,39.552486443936836,230.17885366113424,77.74432681347818,26.357538477038215,2.123746943558841,2021-09-17,AAA
168.53889046971156,42.340252225955346,268.4793690170445,90.23673942361224,27.486626956543237,3.602303299501155,2021-09-20,B
83.61282196936523,16.24758644887651,328.2518420073392,109.25872422039025,22.844173340270974,6.110719076565159,2021-09-21,B
118.00092288948508,23.13724140478928,291.50587616766984,100.13381897713087,24.485860059087685,4.857711803588078,2021-09-22,B
134.81001403415954,37.010113657118886,227.93708842568344,77.49187831600682,26.185885590258437,2.0643659626036017,2021-09-23,AAA
109.7973184428714,32.75501704605396,86.3855655952434,31.9512951523719,24.945359475710916,-3.557034895596956,2021-09-24,AAA
236.41297605581866,53.09729723353648,344.2377773086441,118.58938733374521,30.160918632349862,7.0228695735492375,2021-09-27,B
139.61318830109772,33.54452035456436,264.73492054248885,92.5247760159245,25.846072751281085,3.6205934970594535,2021-09-28,B
134.85522164739288,41.020908034437475,165.79231162819244,65.63756144475458,26.54784337021008,0.13681420066490313,2021-09-29,AAA
15.826760819698768,10.039550284815268,252.4953115392543,88.81142236311742,20.31432618927981,3.394897065572326,2021-09-30,AAA
139.14588032650346,39.14240631330951,260.6707545193799,90.69384157928272,26.232273780563666,3.5723379289950317,2021-10-01,AAA
243.51767396523354,56.74942946132572,40.585158453142625,19.620560455275633,30.576089960869176,-5.248519906610033,2021-10-04,B
109.9292193934547,25.88194102842926,194.60280247949143,54.780304267347944,24.553516792835747,-0.2806391344662773,2021-10-05,BBB
96.74876018609669,26.490661843796268,203.0723387549403,69.68806390718854,24.154679175914612,0.9677942961174892,2021-10-06,AAA
131.29278182495602,27.51212352996954,99.75274954149852,40.456673373578816,25.101014761280616,-2.819644055338093,2021-10-07,B
27.059632046287224,6.454788779247976,228.21310470945127,63.12997250537348,20.24726266572679,1.2145569907711473,2021-10-08,BBB
86.74999571834411,18.97448975613125,311.7342898328892,95.57433564638468,23.147320403729307,4.931712607691183,2021-10-11,BBB
154.55614558131865,44.71039121855895,141.2177141192218,54.19105332546387,27.490079211997205,-1.3758373118867904,2021-10-12,AAA
153.93621674088382,43.607198973282436,125.62188523519052,42.69185342375863,27.251586701408637,-2.1893097331299485,2021-10-13,AAA
-2.64231591303286,-3.828899992553957,127.02497538103026,45.83763506494291,18.710951775895154,-2.0968284227782927,2021-10-14,B
102.55995384790525,20.80347004397115,263.0610357949933,87.93251618294323,23.380274244798272,3.6051085413065325,2021-10-15,B
171.9996641938,43.501669071613826,396.5636360823473,117.2848572126713,27.502311360986397,8.027286559422144,2021-10-18,BBB
154.67912231145164,37.65622387020487,361.90535001822957,108.13691193398107,26.49012838130834,6.690737333228609,2021-10-19,BBB
122.15477486852764,30.532266576542003,105.09913643352452,30.042970859960523,25.20685854809501,-3.3904430435567057,2021-10-20,BBB
170.86484783127833,39.10872144710683,156.47251790164736,58.28242082314081,26.952351366572277,-0.5354635126090169,2021-10-21,B
132.87124312969675,32.46230739760198,276.3149803450453,86.83505772340827,25.655930250243525,3.591615341843361,2021-10-22,BBB
39.78938803672179,10.138520411408287,181.40627081352315,54.54758387995991,21.043828114192863,-0.3680824729166521,2021-10-25,BBB
212.7919347802916,49.59522174417051,331.03297050529744,111.43044654080927,29.243190951719267,6.083237481177582,2021-10-26,B
119.89993101313102,29.585917323344713,269.58975088503433,81.41894650450674,25.097984329068524,3.114994874629268,2021-10-27,BBB
183.4018312873832,44.43054485295354,231.0019573303527,66.44658445513463,28.017670799895992,1.4649427213068429,2021-10-28,BBB
91.87332906568065,30.410682888385367,178.45639754512,64.03163862855573,24.222190845715772,0.08320981888976842,2021-10-29,AAA
74.37009559838354,18.490826865731893,126.3051056418824,29.53965490927595,22.843703815579165,-2.851016091199103,2021-11-01,BBB
126.97545796096348,36.327323125403844,0.7613524427321647,3.36747694507047,25.76347776262919,-7.316591294674002,2021-11-02,AAA
167.1092354055876,46.25705747339932,106.79274690659668,44.7343160521275,27.74616896929475,-2.3573685795816948,2021-11-03,AAA
25.785871443180397,5.983173843204515,104.23417450102019,26.89697989819681,20.017716280748967,-3.502902787618576,2021-11-04,BBB
188.3832715146999,46.66329867026711,228.55421617984337,69.5736643274641,28.31509951573523,1.4343774543677266,2021-11-05,BBB
97.52076446709248,29.852945866013563,15.10818767916563,9.936578575429296,24.387743108863344,-6.511952196058951,2021-11-08,AAA
179.48051556216635,43.37211178401855,98.49189761575317,30.54082045774955,27.940879150781143,-3.5805729933249664,2021-11-09,BBB
140.81966095811453,33.96309138621584,215.26656063522316,65.82083558847943,25.996396789667877,1.284667807208242,2021-11-10,BBB
268.53907389616944,63.53035075947202,298.14830329573766,93.59848201540275,32.21895906123715,4.588245743229702,2021-11-11,BBB
119.44341809800513,33.33473054225792,34.522130033457245,18.80924907822572,25.113389902559398,-5.400177748815077,2021-11-12,AAA
160.5681543712546,40.21777544213511,235.82519259439715,69.27892899749136,27.099331338547643,1.7467046118235046,2021-11-15,BBB
199.97867865918926,48.24921067061209,274.71446020862464,88.25398874456906,28.905489683195807,3.5810995400338794,2021-11-16,BBB
162.67871023985992,45.939891677050184,257.69048922046704,89.85672731218042,27.73096503831006,3.3762540615458065,2021-11-17,AAA
132.19506865310606,39.29437469537735,263.2656981092282,87.9574538812563,26.239855948077977,3.563773475418694,2021-11-18,AAA
138.8948364999149,41.77082587109156,49.84992518179522,24.981426725856696,26.48135907827938,-4.741945538430123,2021-11-19,AAA
125.71951258074839,39.58614059225379,159.7701736470499,59.6613864031333,26.149780441959805,-0.5770730951639479,2021-11-22,AAA
143.33738886218958,35.38235458823185,120.32754036388573,29.887909128026983,26.14896270297399,-3.0882981396391482,2021-11-23,BBB
92.47576463534341,28.822400459786692,67.16429648775244,31.53778527717791,24.152654549600022,-4.090558063510396,2021-11-24,AAA
61.78726301416243,18.440837817352858,160.60629636548305,63.148323415171,22.463019622882584,-0.012804979395402483,2021-11-25,AAA
165.07277858997352,47.53136941585611,104.29085449717799,33.565766610203944,27.786205053819756,-3.0956388673275184,2021-11-26,AAA
190.83534838655157,49.93500848159944,215.04998198999016,67.66840579669646,28.711188271184508,1.1749552829189311,2021-11-29,AAA
130.16829617557798,32.66501018722199,238.3911055985653,69.01346075139206,25.479096825988186,1.8064135052702792,2021-11-30,BBB
164.62545085632894,41.037228320745,211.01723593284535,65.15447977334544,27.199310137984494,0.9590504491129717,2021-12-01,BBB
51.68073115631236,8.400322882333974,178.06394864101856,63.983504485718186,20.988219040666056,0.08222939159529996,2021-12-02,B
200.78071126598306,49.063121054145064,230.36448022049413,65.67730471661058,28.917760358335286,1.181690370045521,2021-12-03,BBB
182.61816779778889,48.301060518550955,315.47089637425694,102.92001875646454,28.462204276810308,5.5902161950581934,2021-12-06,AAA
87.45881300588128,19.68912834653582,66.94259989064038,16.724364473398385,23.203870682188874,-4.859034070229833,2021-12-07,BBB
89.75296243658966,27.78511326344124,135.45523652624433,53.77181488106342,23.905442798298772,-1.4349683341050556,2021-12-08,AAA
214.3407201923882,56.31241485911834,-68.024847638047,-12.62868234847052,30.019813294163146,-9.49748412847087,2021-12-09,AAA
4.242155894479424,-1.1181093279713963,169.72437329625933,45.5457303285485,18.983389527179472,-1.2470719770598477,2021-12-10,BBB
143.06899825972548,33.63040743303538,201.70610891455698,52.01636750072444,26.054171195337457,0.010966264952570012,2021-12-13,BBB
77.52735406381457,24.624824233668836,147.32688622457152,55.451691774226155,23.360402504224105,-0.9750195939381802,2021-12-14,AAA
163.93034513105513,38.320450759060826,116.85692918018374,29.457065476863292,26.835082392848225,-3.122419444013956,2021-12-15,BBB
82.81389008075445,16.39122258911359,146.22346821310552,54.55279311072654,22.831535170872524,-1.106716698720142,2021-12-16,B
198.15020033175497,47.5437246973843,194.1657984510562,56.75922294432538,28.563641024444934,0.02146822825414292,2021-12-17,BBB
171.96264597180462,45.461374731180136,236.76139820316732,69.17317638646882,27.83315120910649,1.783184599643464,2021-12-20,BBB
97.27989475405928,32.56975588821307,128.1485732735323,48.746583239530665,24.70931691632816,-1.645050681790231,2021-12-21,AAA
134.14080878098932,35.782383080621265,198.5488763171664,58.34669013375935,25.881703700595025,0.2364785157696485,2021-12-22,BBB
146.69955800634168,38.73865409878727,260.4829578875147,78.04407254236683,26.666413022981743,2.6534926142316047,2021-12-23,BBB
116.90412368048318,24.02787520336737,189.52271330994932,64.21922461006199,24.256507916992025,0.4541825089055847,2021-12-24,B
96.56470769578392,21.118382009485426,114.07715575435078,43.67204023537107,23.381553992754352,-2.3702191473175023,2021-12-27,B
191.33382610330958,41.84851072972406,326.0261035232254,114.34059005647403,28.070362776147043,6.232774128731909,2021-12-28,B
48.17452446761148,19.791105866970376,261.21243861917367,90.75254924854357,22.344141568639305,3.759489952281651,2021-12-29,AAA
172.34612090352996,47.69911462933279,263.33442401686835,89.09150535118513,28.153274796821787,3.609192393809714,2021-12-30,AAA
168.15488201908465,37.8379608837937,152.15230300642128,58.30326505375386,26.899476094081542,-0.7031404394659561,2021-12-31,B
41.60528614164654,13.334442875245555,157.57275606233333,42.31282772783829,21.296211754302597,-1.7211912847090427,2022-01-03,BBB
111.24673890749169,34.53788946082993,145.68698789200423,57.78355173164256,25.21430853599987,-0.65274963087991,2022-01-04,AAA
161.3113154745817,43.64504608038989,160.5409776547126,59.80101695304585,27.442549466365815,-0.39569132317725914,2022-01-05,AAA
80.26795087761755,26.261591987832176,235.03333017320028,90.45487661581643,23.716006457031643,3.0581567492795854,2022-01-06,AAA
233.92110496091118,51.61066795145399,283.76304325777545,93.26936770563721,30.289444267901377,4.149443225826597,2022-01-07,B
219.6546094913449,54.0930386963599,225.90774285964648,65.15622471059672,29.782706472436928,1.1789844441876483,2022-01-10,BBB
135.73528545659062,31.562917115589674,213.31333238563002,77.07478781650578,25.714862924983766,1.8275796701640612,2022-01-11,B
134.22367360731837,39.30915774258718,99.24245399328728,36.70628402341284,26.236380865606186,-3.165990747544406,2022-01-12,AAA
141.31471200932282,37.8471507669077,237.85499561238822,71.35608373617558,26.324722420903683,1.8463242061992802,2022-01-13,BBB
221.96387793525355,56.06630221888258,186.27942828045394,51.98629259514778,30.044527631160346,-0.3584722801255751,2022-01-14,BBB
111.35171699103358,31.853720786378247,157.4456495829702,55.8755088636146,25.074737758542156,-0.6721976133877656,2022-01-17,AAA
74.84707927839847,23.265831312258435,180.15091760281945,61.65983304323266,23.18055628226675,-0.03747425575991309,2022-01-18,AAA
166.13732540655963,34.712096203245665,143.8106123689548,48.27205901030045,26.555361596762125,-1.3727094857492554,2022-01-19,B
3.5939751715135673,3.749824495503005,308.08384809297337,103.77663214842008,19.564513213388548,5.463531090614715,2022-01-20,AAA
124.12504395389404,31.47251893222204,147.41309603416732,32.87477473088534,25.25704322088474,-2.359192564275165,2022-01-21,BBB
168.49161680500964,37.334556927815854,221.13735742668226,74.28037259382158,27.032856473135585,1.6771063132652853,2022-01-24,B
208.1367167585131,52.92240569561501,190.71974123119608,59.551779087714145,29.54203293244677,0.14021281862864843,2022-01-25,BBB
33.47535782266319,9.30287989257638,363.7430616867256,112.17223206281673,20.638088872248453,7.028456347008034,2022-01-26,BBB
121.16728032881508,24.001191345888166,247.68422618362374,84.59440124548122,24.40073119751979,2.866232501835014,2022-01-27,B
76.59321137203048,16.2602410598522,228.05376039189176,72.31312176357986,22.372145502501336,1.7727847820321634,2022-01-28,BBB
37.63162886838231,13.56628420609293,206.85623631498493,74.08755390002922,21.166605565659,1.374581139052837,2022-01-31,AAA
121.15376289806197,28.93252174318783,91.32754615637683,24.44042936594424,24.992089128175287,-3.9921439293121583,2022-02-01,BBB
171.92802397495734,49.620933023177344,252.45628085141752,74.62111326615305,28.357720785385382,2.2030472901539713,2022-02-02,BBB
50.16345146836275,18.39967653511055,210.53064088500926,73.8593778072958,22.0376518283828,1.4224143583236228,2022-02-03,AAA
27.922067515103684,6.879102961976487,237.35836361492704,69.2942672990127,20.235842525449076,1.737129415251801,2022-02-04,BBB
143.0288046672171,41.14839923984484,249.60418919510252,86.07784125916874,26.673603296949825,3.0810565428661456,2022-02-07,AAA
123.85941030811634,29.48499105095018,246.77735711121792,70.22912756249235,25.139098284090856,1.8447938264000059,2022-02-08,BBB
113.25610745065548,24.45829041137966,18.34810637798331,15.878013360210165,24.269385779962846,-6.119890114565131,2022-02-09,B
228.40301990909566,63.62000838377045,267.17270512762246,89.82998211067137,30.950395213914312,3.5092712650164533,2022-02-10,AAA
-7.243543100787388,-1.1479817426158876,209.22279549613137,62.89063996928489,18.4745776470483,0.6576179232694255,2022-02-11,BBB
7.3232440031811805,-4.956387802608363,288.534963116404,100.8107518302366,18.5190267365963,4.800485666111901,2022-02-14,B
213.43894502585664,48.8405642396914,184.1186720423509,63.373587308527995,29.35713581988145,0.2691635041822754,2022-02-15,B
110.17937535534887,22.82201749886587,242.126052655728,79.46244515599537,24.110334279261544,2.5140208070170433,2022-02-16,B
50.701755526624524,6.019840947515878,202.3514793895448,72.95984594745335,20.896260580950322,1.1342011029987564,2022-02-17,B
-20.13374497472507,-3.2398522065885356,154.13716028115385,56.43660182053936,17.93573118184706,-0.7356801539756063,2022-02-18,AAA
65.15069418932356,11.714132732052533,195.0031927796298,69.09666153212613,21.762749420207758,0.7860337845856468,2022-02-21,B
73.51388480708417,18.192122656949834,191.58779669652984,58.421051424454525,22.741012072980176,0.1423998001299416,2022-02-22,BBB
124.55833729074438,34.6213504223827,164.43329145467612,58.77879381108314,25.515934615164625,-0.33261150117194255,2022-02-23,AAA
226.1501048843327,55.33440671766379,202.54388007412953,64.65565897680409,30.052105850989534,0.623967160476434,2022-02-24,BBB
108.4626618926647,34.81116295675859,296.6051391612557,103.85767534471745,25.43293542954061,4.906088566454834,2022-02-25,AAA
105.60177958924022,21.694345050607634,138.43445539978833,50.664624066934245,23.645615520195424,-1.3774459494078597,2022-02-28,B
88.21572585108915,21.94452770320971,295.1524028195463,88.06458530118489,23.50857193390213,3.975843201117068,2022-03-01,BBB
104.98338366346714,24.543927292067327,209.47015474778374,61.43897473839541,24.04196033114548,0.786487044851051,2022-03-02,BBB
131.43515476400296,24.136936586302078,233.87319483977458,83.56034964125838,24.638306989652637,2.4863098312790117,2022-03-03,B
201.07623907889786,50.35384115395867,391.09973730101325,117.4992243895022,29.13667041155235,7.870081247387886,2022-03-04,BBB
156.23701095203148,33.75270882853337,183.0875377610698,64.54426649280788,26.10327402073932,0.18266998880960156,2022-03-07,B
36.354062965025115,8.9981538049259,197.55669549758875,63.3253797067209,20.897637613649177,0.6948514418893152,2022-03-08,BBB
143.3299702862205,28.75286445625673,146.28729392697545,54.20228730865301,25.546852032564637,-1.0323154643576768,2022-03-09,B
-4.757103420777081,-0.8640246553134692,177.79008451784296,54.512755610019056,18.73210048108397,-0.3394151879516346,2022-03-10,BBB
126.03906344028763,37.43735724507012,301.5865939911503,98.41325886420132,25.789408222377602,4.875343679387288,2022-03-11,AAA
58.312560892444665,15.2842603174098,117.3714081484724,34.28466471502138,22.15627097862747,-2.920922487060889,2022-03-14,BBB
266.12219272036333,62.601502052586014,82.8917040693573,33.999884558642584,31.88983850865241,-3.6446383715172805,2022-03-15,B
86.02167560244592,25.46239545784418,48.008343890979596,19.695274412073275,23.74721761711454,-5.019267500096381,2022-03-16,AAA
44.09586476406388,12.373298726783455,152.26031130091835,44.17265187349002,21.390850312814518,-1.7382871372576802,2022-03-17,BBB
151.85278189840315,39.56112850732496,213.2290369176,66.24112132552662,26.91064092490862,1.0128865832454785,2022-03-18,BBB
171.36906551910795,41.531143417711235,15.506526569901629,-1.8842223819483745,27.424072851929086,-7.1381983712145995,2022-03-21,BBB
99.84952420397723,23.165125028950474,218.86863170408358,65.54018551754756,23.68232502405535,1.2527655675338256,2022-03-22,BBB
105.05891695514812,24.254348211503466,361.50736501854203,110.8365270087924,24.031848037548514,6.759493734401085,2022-03-23,BBB
79.07352486983,22.938048988484883,120.61838079727394,47.737526250569594,23.20897696596627,-1.8488965600727518,2022-03-24,AAA
183.04142306290362,46.05731224546693,106.23492827927205,28.6398554610843,28.23197603141053,-3.5379327266076546,2022-03-25,BBB
59.23317932277468,16.05411549985847,213.43322722449057,66.83983652206666,22.128553246975958,1.2379032217978652,2022-03-28,BBB
208.04654120270374,51.46695547214276,19.775779067111408,1.3194612774269903,29.535717757288488,-6.872797536028127,2022-03-29,BBB
-3.625544255704906,3.9219864544666825,149.86479161482754,58.16945447037309,19.287493765139843,-0.6386830500279677,2022-03-30,AAA
163.31142030810994,43.56931726823684,143.9987909373286,55.882120923040986,27.446480075374247,-0.8701457889217438,2022-03-31,AAA
155.7098884067236,32.16545627115463,170.33178613002065,59.935225166391206,26.115923606183944,-0.26848676576665786,2022-04-01,B
186.02701099593548,42.43405394926452,210.98959303854343,73.31684503998817,27.97339474200233,1.4778844007627843,2022-04-04,B
24.9252812831684,14.215858600703207,231.14549573213841,79.48615619125074,21.138077435713143,2.3417187437941767,2022-04-05,AAA
177.0429313077444,48.9582393010751,104.09848948361278,37.71047055771655,28.232059609084278,-2.9314312058159344,2022-04-06,AAA
179.90279705307603,45.40219513002857,175.6309842394438,54.65881568025707,27.882645934322213,-0.4966777887098748,2022-04-07,BBB
136.02077815137534,31.65462351919676,144.10221567653403,43.19910202068152,25.714366196962015,-1.7509187683633007,2022-04-08,BBB
132.52838156237001,36.54105846863063,220.83766083991625,81.59574488292753,26.085666723314947,2.0564271649862564,2022-04-11,AAA
151.64643296949038,32.328771846632606,152.41538985418222,54.70821072418449,26.08803066363552,-0.891425045272715,2022-04-12,B
132.22419995684623,30.58826419824975,143.25425530805916,37.51488960949494,25.448370652718143,-2.055347793439648,2022-04-13,BBB
152.88610039334787,33.52262162281366,270.3308880394961,94.70603870771849,26.32140758970346,3.933787140179916,2022-04-14,B
119.75912051492426,36.72014638403548,207.20382274587948,72.4870934215321,25.753571241215642,1.3426264257702363,2022-04-15,AAA
50.71642323801414,16.99518283463763,174.8615525881528,63.550099518226325,21.848538296424735,0.17614055009620586,2022-04-18,AAA
147.059848887569,39.52012870520694,133.31092351746895,46.34162280417901,26.639328985016572,-1.8173499076739263,2022-04-19,AAA
143.3089145953381,31.386424900572795,274.5378290055903,95.79038823654514,25.739688754452985,4.214339926805887,2022-04-20,B
150.90896891506554,38.40929390873194,188.59371013359672,57.26998031968728,26.591473714461223,-0.06687560421774288,2022-04-21,BBB
9.516893302177728,5.288307498158828,173.10896887545124,56.86715684038185,19.87959574653797,-0.30393636010011993,2022-04-22,AAA
203.00832043427374,48.09838905553386,188.6960507151534,64.69006942012474,28.962585216120306,0.3625197344842795,2022-04-25,B
222.96642747105338,60.570457123179615,223.8197176120408,78.396426651588,30.720743918571213,2.0186496047410376,2022-04-26,AAA
146.25072632331086,42.5878336708013,221.06942980830382,79.49849022210061,26.808642317120384,2.0942742986262224,2022-04-27,AAA
176.0408824287602,45.74276296862509,184.9554516205618,49.6296994547676,27.75312909999337,-0.583794231587682,2022-04-28,BBB
88.31398203319473,24.622763965904685,391.5554851438407,118.65967812339152,23.594701718905927,7.828408215903994,2022-04-29,BBB
140.37795376205082,34.961664172686724,172.30254361634215,50.41369069476979,26.053655272522153,-0.643482121122422,2022-05-02,BBB
180.34418689039782,43.19426541044292,164.19888626122275,56.51835046938094,28.05363212597328,-0.5378682379689758,2022-05-03,B
153.33856320241128,37.883548012522745,272.45279451442997,78.05930368583496,26.538445374661197,2.7777464831614815,2022-05-04,BBB
120.66081004049951,27.41259418407744,176.50795248400337,59.614890492418574,24.869532469225575,0.01095512708717862,2022-05-05,B
151.08416707389992,30.745060003497805,76.67653749562753,30.74163975343406,25.78046063245471,-3.974513016573687,2022-05-06,B
165.4626174606156,46.64072056959132,161.03532525059052,55.096541366743246,27.794220743136034,-0.8445064713919448,2022-05-09,AAA
119.95535533436043,34.16223641729832,132.0892087105641,46.00584366531128,25.404204802978676,-1.7896840378959034,2022-05-10,AAA
215.87700397372183,53.47782632899105,195.44894539791542,57.08901602050052,29.659450880853935,0.05537469030490637,2022-05-11,BBB
-11.42448975306261,-0.8887029555309076,194.55614668336952,66.08262400112449,18.641797134292975,0.6973193951829073,2022-05-12,AAA
24.274773930080563,2.5914535030230312,192.27936069024693,66.11560700192524,19.75729598666875,0.5693034648236637,2022-05-13,B
162.6358582678808,42.85561801353329,190.77899957048024,55.4357601225246,27.26525418639468,-0.11737964629818132,2022-05-16,BBB
196.3161508502442,45.721253052563775,71.29777011753735,29.420448370346616,28.517333729907737,-4.09489874030633,2022-05-17,B
146.71299878319397,35.39223576465769,159.28894493732813,59.35534635524052,26.118470786238632,-0.41854125204539316,2022-05-18,B
83.1592259556748,17.282074480152914,157.44386906224494,56.271166712502776,22.834297744869847,-0.7455891822844893,2022-05-19,B
62.620922503731286,14.718689951350813,185.5130655761827,54.499675763601296,22.245057856803943,-0.15147585588128515,2022-05-20,BBB
299.2898686803737,71.44654902710845,214.02273334952235,70.9885004824114,33.7244002830527,1.4151908134659181,2022-05-23,B
199.61413400987107,45.97912115963619,15.975706088732476,10.03222094460778,28.423918697871454,-6.427434619812747,2022-05-24,B
138.72160527914843,33.195106772318695,121.1163805226045,43.5969522493012,25.824027793657635,-2.234268222323789,2022-05-25,B
54.99659606879483,16.20126185492899,88.13889517062722,39.66174343552726,22.03067608152124,-3.209407318976335,2022-05-26,AAA
33.33821705530029,5.049100970336279,234.8106677530634,82.10701855493683,20.513850308432403,2.684317606242592,2022-05-27,B
82.8324555237998,16.400994217139814,96.14774954643713,24.253596940612244,22.60418839174902,-3.7905607027588184,2022-05-30,BBB
202.5151571528213,50.987672933656,138.4653588525765,42.31650079453952,29.09453534313399,-1.837833106507024,2022-05-31,BBB
150.9907773572704,40.706478329870414,100.20112104174812,37.4052847314371,26.874601869557512,-2.9483216841500317,2022-06-01,AAA
160.92616849790684,46.42495571294564,161.64522372467113,60.55543287136826,27.5923990171418,-0.31620146836614066,2022-06-02,AAA
42.836141310360745,15.93222340783172,185.93661606050813,64.78156112566404,21.562438899007034,0.4018527399294147,2022-06-03,AAA
95.16660054801383,18.655880623866146,235.27426670960637,80.64007089876681,23.379201029187367,2.39638879494459,2022-06-06,B
116.5354248494503,28.190445693961465,213.64593911636578,75.72188384559142,24.819958695534773,1.5264164190499006,2022-06-07,B
227.03492448005767,53.12178934559293,188.24694488000017,51.66241791458367,29.977999073570935,-0.3823632977735574,2022-06-08,BBB
54.581199598166386,21.95476785030462,99.07740881385718,38.62423649532765,22.560203617226712,-3.030891676698056,2022-06-09,AAA
106.44188760228388,35.10310175293619,87.59255314919146,35.503696479770475,25.11919310943479,-3.455134493200606,2022-06-10,AAA
81.74181523588061,17.545716950998013,213.70095260769213,74.91423631781912,22.905526560233444,1.4066583346735722,2022-06-13,B
167.30173323270796,47.150053554618644,242.86534500935286,80.60706783500407,27.889078895707723,2.3934098038298957,2022-06-14,AAA
54.02900415493317,18.759365852618465,150.34533380770748,55.95704426829475,22.262943986237868,-0.780987253396269,2022-06-15,AAA
109.88824628086977,26.48164749457969,185.96015085553637,54.90182179900181,24.352999553552472,-0.09845669385260544,2022-06-16,BBB
98.85920425845278,19.366611851511838,198.78908486625426,67.54547429648139,23.46972778101553,0.9592967175235249,2022-06-17,B
91.3513715991979,14.981563853255977,258.23297256701187,83.62940637475793,22.710249276117622,2.8568937183667926,2022-06-20,B
118.73933519166636,30.023595613347233,151.1832407182928,57.23916613827494,24.971537980545286,-0.9160299438094314,2022-06-21,AAA
120.14576895806128,32.05605002779974,229.24505354423482,68.41462453453885,24.99238998238042,1.5831266587699102,2022-06-22,BBB
124.20856417234526,28.16303496881808,170.8838328232652,63.021712701854014,25.031437472012353,0.23703953242812323,2022-06-23,B
113.40122068861983,20.565207682264795,261.23237620447026,87.44785325591565,24.011662779225563,3.3667314827415695,2022-06-24,B
47.39746212079071,12.62097807433952,106.89630422332408,29.716686149341804,21.508219134887582,-3.3513530115037424,2022-06-27,BBB
114.37336316305223,32.961472563841596,241.09666237583812,74.20392765822572,25.072490437909057,2.1086071411825524,2022-06-28,BBB
122.18563615121397,30.750626672290984,122.20409528800855,33.322389824310974,25.294673220370296,-2.7571559481360826,2022-06-29,BBB
40.618872432518884,10.56873485488547,363.10146652947924,110.58557219240937,20.93925456624595,6.845881162660283,2022-06-30,BBB
197.2521819694523,52.712014557887414,299.8302500524349,102.53277338966285,29.12720268179478,5.139703117488297,2022-07-01,AAA
198.48043741715236,48.571646623830745,162.36058069943,46.53425174044239,28.819380574775597,-1.2100372607298462,2022-07-04,BBB
46.07168709247014,13.94052089867278,64.4461352911868,28.498692767325522,21.471965364258256,-4.1681229974845815,2022-07-05,AAA
129.12131929008973,33.2339579580061,153.35456526188835,40.40861494949368,25.49302943856557,-1.834612866696428,2022-07-06,BBB
89.95337567226339,29.420029880835532,219.23645246982036,79.0876844817118,24.161390277519764,1.966619639738908,2022-07-07,AAA
90.68135774463181,22.491183539265606,201.08145106617374,61.42079027324327,23.536563739995707,0.3971436749838111,2022-07-08,BBB
82.39789026566703,21.300631880444783,353.61807911579615,113.34372414261402,23.249045801939772,6.935124519291281,2022-07-11,BBB
58.26037443853173,10.817147249971121,214.1724214144151,69.70841080860126,21.535832286566706,1.53453285640089,2022-07-12,B
128.34403923092134,30.183562176630332,181.5375531686241,55.41567350120686,25.484665875877624,-0.20864254030901938,2022-07-13,BBB
180.34174311335124,40.75932107050885,124.91187789190948,36.39006856489039,27.60296106209391,-2.452237224876536,2022-07-14,BBB
107.78103933185714,32.13533180161534,272.9303449873067,96.44113612743604,24.844355470573735,4.266053156374779,2022-07-15,AAA
156.53547634753355,35.11701918571871,293.32263021094275,99.06428819078582,26.55432427028011,4.814151292099767,2022-07-18,B
50.363934245201115,11.693803765537742,138.9511399252646,57.49632217167427,21.39646576610242,-1.0128908297415091,2022-07-19,B
94.93298408855486,25.91503203926085,252.76099833587168,71.5864750132208,23.97308795500729,2.1015329922848065,2022-07-20,BBB
58.4302490182504,20.377836588477045,182.1760265638109,62.290453199799444,22.4300392489808,0.24835639582361957,2022-07-21,AAA
32.30280013461851,13.953603773306071,293.03855163351597,100.71472528618493,21.16799968691776,4.870856897020932,2022-07-22,AAA
110.04086429640687,25.05674718921296,242.2909360053026,71.30157722449185,24.216377153288377,1.9641455160993884,2022-07-25,BBB
-0.6299363195661773,-2.0891722272627664,270.2034071267202,81.64082951468573,18.8378658187093,3.0006314954036113,2022-07-26,BBB
190.0231353624976,52.73697505275014,174.19626904521903,65.62068213414912,28.812575392762493,0.3152442923984524,2022-07-27,AAA
130.579737090945,37.39212157457386,181.0479169258356,61.475919457809965,25.931751580063178,0.015426514406892938,2022-07-28,AAA
9.232773536727283,-5.021398117492304,233.96646467021458,84.87394216295,18.777552019052422,2.681825605050323,2022-07-29,B
89.95905928542133,22.172140377969345,72.80720442401757,21.60672787603248,23.286773943004633,-4.38801366313164,2022-08-01,BBB
59.81332045660404,14.296829030168558,176.45408503076425,65.22752066508583,21.8772522612976,0.11790874996740855,2022-08-02,B
101.7577518442703,20.93163610509942,213.80694327434057,77.83551121904387,23.694028528321848,1.7363831035871857,2022-08-03,B
163.96492791278087,45.37834587543007,225.25539303177965,79.13387420051653,27.629306083049784,2.1618863106336503,2022-08-04,AAA
120.5519517572288,29.063604551655146,114.28392801334627,27.56828631968293,24.959867389480774,-3.239802324786453,2022-08-05,BBB
144.15004725521015,36.41042010113084,201.0190492677568,61.49624558568411,26.265059916767783,0.6412353813599981,2022-08-08,BBB
90.03653844761358,21.72476163896945,122.09747224402416,29.647876375206636,23.237401786418964,-3.121649306339631,2022-08-09,BBB
163.08437178186514,35.19279410785597,112.56461374224145,37.892430697308264,26.451270345992086,-2.5282996040608845,2022-08-10,B
119.17433048851073,30.66214568534077,134.11986227848996,40.06616258691392,24.923665165967172,-2.13108723338663,2022-08-11,BBB
115.37350926359538,27.78847696489486,288.11412347448544,86.60273298874776,24.748641204986825,3.8751277618868287,2022-08-12,BBB
166.85319175755183,44.840091953290866,201.41185363178357,67.42218860438855,27.712493487709747,0.9445531923955114,2022-08-15,AAA
34.28918906867662,15.651054927770119,72.7748840309808,28.52483029733496,21.423203954112683,-4.020609796443301,2022-08-16,AAA
203.61887299957752,57.24144485733655,241.40387655706525,78.52968922324479,29.91785760409568,2.4639555594469584,2022-08-17,AAA
198.6305991904544,52.509840130411845,178.23292573879004,64.09531941814214,29.37587473875959,0.022674207237666166,2022-08-18,AAA
9.67580569883389,-6.201057616793269,74.12360346876522,22.790874233025235,18.485344904999465,-4.2765470945432575,2022-08-19,B
110.17975296817384,30.966258916018678,156.90972424226132,58.108857099327565,24.979669664735813,-0.6189248244405391,2022-08-22,AAA
143.70368730118602,32.825315977604966,185.4417674652325,55.21345289787539,25.881450623931034,-0.005780460773056162,2022-08-23,BBB
83.88372526841246,25.91519280004661,262.21694043129844,91.24985696109673,23.55390621789326,3.543402032709066,2022-08-24,AAA
109.69705666428663,25.47111968145058,51.36471385303191,10.944344919568083,24.17269524055424,-5.770922570659866,2022-08-25,BBB
151.07439022189743,41.42073090480892,230.73352442458653,81.45477891744662,27.040076870237378,2.332762881430379,2022-08-26,AAA
90.67580172607641,24.644211173888937,108.4031113663234,41.47430724748236,24.137069077858474,-2.4125995255213963,2022-08-29,AAA
93.94165051471684,28.323608308404037,140.02923309801818,51.46305986780924,24.105053991943894,-1.4295277389370535,2022-08-30,AAA
147.36624344482888,37.34495890451206,198.57380514852858,63.29587464395631,26.377011673490927,0.5645639387134616,2022-08-31,BBB
27.781302356259946,10.657324707884278,86.46574890633013,35.20568300508393,20.578437056266893,-3.3061124689881787,2022-09-01,AAA
138.65814086304832,30.344405639124226,247.77477816475238,81.60183099079413,25.59641738419031,2.6422763903539033,2022-09-02,B
152.86817362068257,31.324294072414702,112.26960872883404,42.02549091320291,26.048569145704995,-2.6268979970770205,2022-09-05,B
204.3559908726595,55.4766669786013,171.89812955252216,60.7316203386584,29.686583140822506,-0.05709830058332949,2022-09-06,AAA
135.920970334058,34.9468145434704,42.11503785463423,7.320548385674813,25.821163522853706,-5.931027521709224,2022-09-07,BBB
102.62993532810135,24.3792925960478,154.81837089540002,45.35452811825892,24.087462415639266,-1.4586152241653254,2022-09-08,BBB
94.90967396132888,21.193176361949526,176.0726209880551,64.74441696560302,23.394331394773868,0.21069991583310196,2022-09-09,B
205.02288848152605,49.72571329325722,212.04399870105377,63.317064415360065,29.23819234171114,0.8024762228748763,2022-09-12,BBB
69.4536673372176,17.56115405146736,159.8571561778368,44.591263149805904,22.575588533096106,-1.326636845795608,2022-09-13,BBB
67.39366687393476,12.297309699451034,214.63980969053193,73.77992259252773,21.903238414095032,1.6446780048844645,2022-09-14,B
165.610040245562,34.57213655194403,182.96856895866267,66.67406830768226,26.629749483990146,0.5098467972195153,2022-09-15,B
176.79149869041805,44.022992489779654,256.3422478863034,88.90729550749057,27.76279733805117,3.380824908032451,2022-09-16,AAA
28.01353469615436,7.675486836057244,94.48774375229573,19.66287370482927,20.50316647036071,-4.179448022569797,2022-09-19,BBB
205.56669327210938,56.88920405293423,112.45448261082814,41.154556914868216,29.826396549624167,-2.6360300556635776,2022-09-20,AAA
185.37262848095438,44.96069318236176,224.15410170055583,63.20898029814079,28.179685547383375,1.1953165183833077,2022-09-21,BBB
196.3398302621819,53.08610131440954,256.8959456906896,84.6395232397971,29.15887187754364,3.054660942959386,2022-09-22,AAA
136.0096815418099,33.352210782575135,80.08879388131726,19.501536886212477,25.834015986271982,-4.446883648598857,2022-09-23,BBB
138.94315764335187,34.60675617742005,310.0133042533677,93.07834589316212,25.905264226693298,4.655041008272068,2022-09-26,BBB
218.62968524757338,52.41163076121178,235.21129251561743,80.41527906337525,29.614177094016274,2.3374340136589695,2022-09-27,B
142.06134621488647,32.29334721078299,142.56465780383965,36.4921033826467,25.829856668483945,-2.368057759822245,2022-09-28,BBB
80.26269141709857,13.94086086205275,27.7764531019669,16.167817204309134,22.357221847096675,-5.695331054936119,2022-09-29,B
218.1475986491419,55.966560361879644,137.92513750963153,40.230241921579655,30.01009306257275,-2.274049337494895,2022-09-30,BBB
