date,Open,High,Low,Close,Volume,Volatility,target_return,target_price
2015-01-02,99.59695818379336,100.02554815120983,99.45886825971928,100.0,1013550.1309278581,,-0.033140293459439696,96.68597065405604
2015-01-05,100.20111422055622,100.36530361641648,98.48520199953822,98.49015421834831,1831892.0140273469,,-0.013044038951913528,97.2054448103442
2015-01-06,98.44427209524883,98.58787868579604,97.5209634962889,97.5681252611094,1255526.4953502242,,-0.001877117426515973,97.38497843290928
2015-01-07,97.40858691734883,97.59789701096688,96.66223240905379,97.45642269281973,1254928.8635807417,,0.0018648831493750517,97.63816753329795
2015-01-08,97.37906359030757,97.50583116000323,95.94324247047852,96.42323476006814,1350606.572309029,,0.011607467478891964,97.54246432175519
2015-01-09,96.42486907639389,97.10926103667522,96.37702027395757,96.68597065405604,951690.2184280222,,0.01123229102913692,97.77197561487698
2015-01-12,96.55612873819454,97.48763866179497,96.3637943451164,97.2054448103442,714958.0541070021,,-0.009601129266196606,96.27216276934195
2015-01-13,97.44263708205361,97.69475940738445,97.07170856218879,97.38497843290928,1012317.8588753144,,-0.016493903818111555,95.778719965308
2015-01-14,97.418892216267,97.8767689597962,97.00774742459774,97.63816753329795,1224962.1658211716,,-0.027587799052254502,94.94454538755896
2015-01-15,97.35924814133098,97.66485231462215,97.30276772518857,97.54246432175519,1214938.4448123542,,-0.009604539728930273,96.60561384791913
2015-01-16,97.64753108732168,97.86870464169614,97.55363099127077,97.77197561487698,1066355.5552854678,,-0.01270506238656921,96.52977656503184
2015-01-19,97.72788320415626,97.88260962339147,96.15053122127962,96.27216276934195,1064806.8708734815,,0.01662353898795854,97.8725468205932
2015-01-20,96.40913671815873,96.78344149557608,95.6499292423841,95.778719965308,1362487.078531647,,0.018570880974908555,97.55741517371284
2015-01-21,95.41181607922974,95.49236548164234,94.4720686715721,94.94454538755896,1285343.0594457358,,0.029503735938962716,97.74576418351836
2015-01-22,95.0239930439481,96.98575847960718,94.34596351910659,96.60561384791913,1101851.7806235335,,0.017742135698626926,98.31960375805807
2015-01-23,96.21945019916608,96.6666729738316,96.03820844711669,96.52977656503184,947979.1061999578,,0.020839353206731026,98.54139467383737
2015-01-26,96.85194440822275,98.05769690925185,96.66204957316134,97.8725468205932,1361947.6896796823,,0.006436405660755762,98.50249423498185
2015-01-27,97.75412447665803,97.85544950281486,96.98449114218536,97.55741517371284,997584.6800795345,,0.024891741360374864,99.98578912000362
2015-01-28,97.74821398514169,97.91710716142441,97.71426904131597,97.74576418351836,1182671.3283672333,,0.01651468674986467,99.3600048601353
2015-01-29,97.57526015816154,98.68461532746234,97.4490267334759,98.31960375805807,1325332.4494062553,0.13406984138736114,0.0059467118758698145,98.90428211335691
2015-01-30,98.58724566898042,98.74943863573829,98.080987533219,98.54139467383737,941994.3417802833,0.1344897567021085,-0.0034842513738160275,98.19805168406731
2015-02-02,98.49686573204741,98.9089219300486,98.16051442015323,98.50249423498185,1346830.846310315,0.12327131602132785,-0.022229142571584593,96.31286824697575
2015-02-03,98.62253581878277,100.77764500225126,98.54813182430166,99.98578912000362,1459242.3781388162,0.1289297631127476,-0.03639352688110542,96.34695361593623
2015-02-04,100.0160302015107,100.29312942995858,99.24200824293631,99.3600048601353,936027.8434927579,0.13144603607510968,-0.028106829637749575,96.56731013072552
2015-02-05,99.37586117901799,99.55192184393445,98.87981754330268,98.90428211335691,1309234.2280859016,0.1260270432144153,-0.019972854474707757,96.9288812797814
2015-02-06,98.94049429388758,99.1052166879679,97.74772214363247,98.19805168406731,1159564.629686923,0.12936961409007355,-0.014908108559854472,96.73410446919503
2015-02-09,97.9771845455412,98.15315326000086,96.16647534387246,96.31286824697575,1676701.2569256905,0.14617755551180442,0.0026920501232590155,96.57214731581145
2015-02-10,96.2394989255401,96.48118633744508,95.91678890102382,96.34695361593623,1088334.9498899577,0.1459662589709877,0.0031016453178147607,96.64578769350481
2015-02-11,96.40607133676629,96.61812476481049,96.09570304509747,96.56731013072552,1067415.4018046109,0.14588248856516822,0.011852945933142012,97.71191723661396
2015-02-12,96.40005159976917,97.27913820495884,96.35165124348468,96.9288812797814,1211631.8595851723,0.1466429503146017,0.016182478939991807,98.49743085976843
2015-02-13,96.81827339755361,96.8562482688951,96.37747306728595,96.73410446919503,1982764.5072149795,0.14642352174456202,0.017874051965708126,98.46313487933367
2015-02-16,96.78926034104063,96.86132569124146,96.46745126085888,96.57214731581145,1049396.271589802,0.1356868546697135,0.01216191699182434,97.74664975518857
2015-02-17,96.57437170739225,96.88191033969795,96.36770318638503,96.64578769350481,1257361.1149834427,0.13422927738816623,0.007164609064241434,97.33821698003445
2015-02-18,96.57900326494347,97.78010147911976,96.48230981550711,97.71191723661396,1241554.1920064082,0.13458538292805924,-0.000527207833112886,97.66040274845834
2015-02-19,98.0927021724531,98.69945469720525,97.5751074744413,98.49743085976843,1622758.60039475,0.12337195720283807,0.0026271894365912374,98.7562022696546
2015-02-20,98.62114885094886,98.6480968081664,98.41224591177243,98.46313487933367,1432462.3707854967,0.12329790548151041,0.005811338442293534,99.03533748020666
2015-02-23,98.33400740454687,98.61065277226686,97.17175183715004,97.74664975518857,1393990.9141717248,0.11667992665144203,0.02471752317272191,100.16270483556838
2015-02-24,97.82912277640753,98.10667482267725,97.14817958166319,97.33821698003445,1478420.7703689095,0.1170755397638171,0.01887733600128083,99.17570320773214
2015-02-25,97.25055640771463,97.87075516711408,97.22587084978127,97.66040274845834,747390.7209009376,0.11749238376738101,0.021498025477459493,99.75990857488365
2015-02-26,97.59152558638029,98.90557091571503,97.35537704062035,98.7562022696546,1460679.2078201056,0.12247729654863197,0.011865898274420195,99.92803331975438
2015-02-27,98.67572869858934,99.35971664196009,98.63864057128102,99.03533748020666,1151501.8474160086,0.12261793738833691,0.015706721308629934,100.59085792571439
2015-03-02,98.76127461551935,100.48868154253391,98.59486939539379,100.16270483556838,1076063.7414348512,0.12873538673917126,0.012161103432705378,101.38079384917327
2015-03-03,100.27553448508432,100.31684877614103,98.50961414467012,99.17570320773214,1056921.448315347,0.12253461721066486,0.020866556976101736,101.24515866936123
2015-03-04,99.20357073581877,100.30833486172648,99.1207424719652,99.75990857488365,1354527.3414491152,0.12239054533234256,0.024633629022145387,102.21735715400047
2015-03-05,99.9725815882925,99.97818104590135,99.81158061650564,99.92803331975438,827739.8310463313,0.1211358330450661,0.022165095248044997,102.14294769623655
2015-03-06,99.73519379801003,101.09215510598642,99.39012514673676,100.59085792571439,941310.6266779484,0.11940294512989595,0.001844292277778825,100.77637686820194
2015-03-09,100.4948432536836,101.73874070943928,100.15015498766188,101.38079384917327,842609.2672372551,0.0939037242672466,-0.008626274465422856,100.50625529590785
2015-03-10,101.34356172850102,101.60965978509174,100.883214921374,101.24515866936123,808515.601785954,0.09462584433878585,-0.0014024609980350933,101.10316628308757
2015-03-11,100.9928850379329,102.64673296843698,100.63349305387084,102.21735715400047,747088.091114298,0.09791390305227642,-0.01685785178268373,100.49419209748068
2015-03-12,101.99404348124223,102.65817032209569,101.54436676113679,102.14294769623655,704850.216108095,0.09866535163835935,0.0038408053315122093,102.53525887432463
2015-03-13,102.1707135673522,102.52508356015363,100.6043170816673,100.77637686820194,1199074.8207304196,0.11298810558747038,0.033767274181965234,104.17932041697557
2015-03-16,101.03363921171153,101.24323256708614,100.14007356585442,100.50625529590785,969685.5805923822,0.11348604245252195,0.02589467720203764,103.10883233358096
2015-03-17,100.62490374467227,101.18712822616578,100.19235637955582,101.10316628308757,935075.1064179195,0.11420888395381149,0.012002643188236961,102.31667151318446
2015-03-18,101.46025756887005,101.63120705055627,100.48037858255125,100.49419209748068,793954.0187574411,0.11291660036654988,0.017336244813942026,102.23638401406193
2015-03-19,100.58768726643711,102.84717369726157,100.57695429698329,102.53525887432463,1139156.6131059108,0.12961172180224168,0.004908589852806289,103.03856240559
2015-03-20,102.0414196361964,104.63479804343692,101.64629099009026,104.17932041697557,1603845.3767819032,0.13835432134247172,-0.01090551972788556,103.04319078293054
2015-03-23,103.88866411682076,103.96527899523944,103.04281869765751,103.10883233358096,1071081.6274753115,0.14163924900188044,0.0014611735770329037,103.2594922349455
2015-03-24,102.91042067219563,103.08798014760355,102.07401525241988,102.31667151318446,1193683.738220342,0.14441909759940422,0.013149967973492549,103.66213246673719
2015-03-25,102.35379461392104,102.54951140254965,102.22416539053641,102.23638401406193,875744.6058515247,0.1448589179154562,0.0010627177210698058,102.34503243109177
2015-03-26,102.26458844189978,103.3365091555641,102.0707527533648,103.03856240559,1183898.8915878236,0.1425901855472428,-0.011389973557537791,101.86495590438362
2015-03-27,103.15034202815652,103.45344144137229,102.72817642970176,103.04319078293054,1064945.799267884,0.14276024671233195,-0.022289045667509777,100.74645639784387
2015-03-30,103.18141735032995,103.35220046851506,103.13997457032778,103.2594922349455,1294290.8494092312,0.13842510831825872,-0.02115134746051006,101.07541483608833
2015-03-31,103.30414867790661,103.81218348426741,102.86501313828059,103.66213246673719,1471982.397370851,0.13183654653816435,-0.026431514789361454,100.92218527934588
2015-04-01,103.64057523987968,103.88896154195254,102.13697460468934,102.34503243109177,1212034.003593139,0.14121270251810983,-0.01976297278795447,100.32239034017378
2015-04-02,102.22467051302804,102.46502867597782,101.52092613277772,101.86495590438362,781115.6923896834,0.14279727040624873,-0.011835709506881398,100.65931187736805
2015-04-03,101.81628005726554,101.94654263461787,100.72437750240135,100.74645639784387,1208052.8003649812,0.1471987307658827,0.0017358977605144155,100.92134194588465
2015-04-06,100.72645501708759,101.0814303269526,100.71483294463754,101.07541483608833,1161136.0802316603,0.14488392669526406,-0.013899472197258622,99.67051991774774
2015-04-07,101.34305890685737,101.47228529449949,100.68754514949416,100.92218527934588,418644.71876040235,0.1449053030169251,-0.02515144877087483,98.38384610644768
2015-04-08,101.04506169285084,101.30637051198767,100.09337730024373,100.32239034017378,810365.6516055668,0.14153871013282476,-0.01876234393736209,98.44010714799315
2015-04-09,100.45258073431938,101.06428415346561,100.29236703012955,100.65931187736805,963022.33905593,0.14234460796237247,-0.024910326321327614,98.15185557122253
2015-04-10,100.2647316772026,101.34497846132965,100.0782368122077,100.92134194588465,1104721.123509529,0.13454476348274125,-0.019626652804807576,98.9405938069175
2015-04-13,101.05165751942612,101.12695077593253,99.3470695043284,99.67051991774774,568524.2279012868,0.14145349241754132,-0.012990115351546705,98.37578836686757
2015-04-14,99.27541032476127,99.29977645862616,97.75796957124251,98.38384610644768,1300500.7105964227,0.14603450515828437,0.0013006114525708767,98.51180526344169
2015-04-15,98.40615562319076,98.77824159252377,98.31315388366171,98.44010714799315,704636.973158886,0.14509203090312772,-0.01490336441489748,96.97301835812505
2015-04-16,98.59813502811718,98.71121969925626,98.1256512572574,98.15185557122253,1071585.3795084811,0.12134392356907303,0.00817293819819409,98.9540446208442
2015-04-17,98.1422477120264,99.25659721895508,97.77139303783778,98.9405938069175,745315.3495562027,0.10803452501869219,0.009363680828598842,99.86704194831752
2015-04-20,99.2738204242986,99.45308338324118,98.14169804924815,98.37578836686757,1008584.6942876457,0.10487558923098252,0.01390017287048595,99.74322883143736
2015-04-21,98.11308314709504,98.83545751735574,97.97810165010681,98.51180526344169,872351.8870284358,0.10366395115891909,0.006967394411733885,99.198175864924
2015-04-22,98.23669290814655,98.24443552692033,96.95339265103031,96.97301835812505,1199810.2275887232,0.11441705388851862,0.030950743251949575,99.97440535169397
2015-04-23,97.13293528494961,99.04885545050337,96.76833209764686,98.9540446208442,1217211.434347852,0.13629911016710022,0.0018757019930408791,99.13965291955897
2015-04-24,98.98043479953225,100.34317029513845,98.79777619557827,99.86704194831752,1628469.646848046,0.14189474696443613,-0.010254715264179981,98.8429338688616
2015-04-27,100.12873794721676,100.63495875416712,99.52589576303428,99.74322883143736,700210.2426297549,0.14125681997675732,-0.0014145818692776757,99.6021338683492
2015-04-28,99.53253641428891,99.72949524805374,99.08032639373278,99.198175864924,951789.3342767389,0.14024678612045446,9.279371384929291e-05,99.20738083206959
2015-04-29,99.29366258981233,100.73537282175165,99.2133369236518,99.97440535169397,881437.6517296024,0.13870015501765032,-0.01594852895332355,98.37996065335118
2015-04-30,100.09789666519397,100.48546970807631,98.47489593465302,99.13965291955897,1227040.836417442,0.14054017103649868,-0.012534274102954712,97.89700933539342
2015-05-01,99.34276742930992,99.46926764064945,98.20939757020881,98.8429338688616,1063172.7363551047,0.13604475525768703,-0.011382258576464133,97.71787803710988
2015-05-04,98.90925554841267,100.01226078927455,98.71763286754964,99.6021338683492,1442767.9455949145,0.13872234673352635,-0.0313398245522154,96.48062046788887
2015-05-05,99.88276031016927,100.28911955914,99.13018832558657,99.20738083206959,1338243.388718906,0.13918505060867514,-0.03228481765948621,96.00448863143102
2015-05-06,99.53710500693111,99.80447996146549,97.82698250584079,98.37996065335118,1095615.4157773575,0.1406081460716819,-0.030880964614410256,95.34189256964797
2015-05-07,98.41876854531252,98.67522522555926,97.80555757795696,97.89700933539342,1355319.4751500145,0.14031832451632587,-0.025873064775774668,95.36411367150417
2015-05-08,98.02595607470553,98.25513204409353,97.62425654368941,97.71787803710988,706358.6831272512,0.1395406817072897,-0.01688878493622037,96.06754181051733
2015-05-11,97.55425210531128,97.75364402411564,96.47771072028594,96.48062046788887,1974097.086189836,0.13981871512070762,-0.007170720471420866,95.7887849076044
2015-05-12,96.53349266986807,96.61248383095052,95.37385191599193,96.00448863143102,785882.5979059868,0.13399921588565336,0.0014041479365445309,96.13929313604184
2015-05-13,95.88310707960025,96.01942943061424,95.30572407937147,95.34189256964797,803685.7336844264,0.13531576619512298,0.0157591259660943,96.84439746449888
2015-05-14,95.10925153435375,95.5532859455919,94.9254511368673,95.36411367150417,960491.4133349102,0.13535810531582484,0.03256699053898071,98.46983585920232
2015-05-15,95.348269440883,96.36155190197023,95.21851481741041,96.06754181051733,1293173.2376786333,0.13476681928945056,0.02103823968572538,98.08863378114543
2015-05-18,96.516909701982,97.21578471988457,95.34520859592786,95.7887849076044,1354878.5905986615,0.1339530232897118,0.018559511798247108,97.56657799123684
2015-05-19,95.76509861525473,96.2335882571948,95.62718500506543,96.13929313604184,697717.8530239548,0.13479830653762231,0.019003716682837624,97.96629702488745
2015-05-20,95.84315782333027,97.02682364717135,95.73198004180178,96.84439746449888,855927.8626709066,0.12656772771332275,0.01353696900531376,98.15537707131409
2015-05-21,96.93809189262345,98.73754346114433,96.64956538217128,98.46983585920232,2003523.4193043192,0.119198355988066,0.005112673165296622,98.97327994659082
2015-05-22,98.57271172826364,98.84331209447456,97.80120571476692,98.08863378114543,987452.2048306884,0.11440397671069487,0.016522972231877597,99.70934955337411
2015-05-25,98.01971418868322,98.28375924648965,97.39788368849824,97.56657799123684,697062.4795145569,0.11549003951140238,0.048159602798760304,102.26534563372908
2015-05-26,97.86985326795697,97.9885450720099,97.50872789054728,97.96629702488745,1112740.9336599137,0.1156597286179873,0.04262186151730418,102.14180297004529
2015-05-27,97.86051132832213,98.53700685426644,97.72461482411455,98.15537707131409,1306085.7643662624,0.11179301099750304,0.036965858370678895,101.78377483845287
2015-05-28,97.85307621209779,98.98680811058689,97.70910355171502,98.97327994659082,1314254.4733418133,0.11271680340213157,0.026319233669636954,101.57818082855555
2015-05-29,99.19044371122759,100.04918224657652,99.13807620357088,99.70934955337411,816868.5919535062,0.11517088867678475,0.01675369010729888,101.37984909659168
2015-06-01,99.85991354178546,102.40812762150102,99.65186699348298,102.26534563372908,1375927.603477984,0.14409692377843739,-0.008556337136471637,101.3903288591091
2015-06-02,102.30717079284527,102.77557381418036,101.89005139299475,102.14180297004529,774493.6377798849,0.1430754337703403,-0.011955511310417277,100.9206454893705
2015-06-03,102.10442983539355,102.80767901178359,101.25074558399923,101.78377483845287,1047800.8493623445,0.13965477070805188,-0.007731253282843187,100.99685869509291
2015-06-04,102.16329734873015,102.34315245501313,101.23458270150587,101.57818082855555,507176.84284041345,0.13819972808858125,-0.016931925646038626,99.85826662350658
2015-06-05,101.6719515109371,102.22369620238435,101.04926463632162,101.37984909659168,1240528.475146222,0.13824413226864923,-0.009324067438345907,100.43457654672574
2015-06-08,101.64521470161483,101.78464431379139,101.24706046446292,101.3903288591091,917174.7857192915,0.12744296740628586,-0.002836373341827514,101.102748033214
2015-06-09,101.47542491330226,101.9431176188376,100.54683384338946,100.9206454893705,902126.8802737665,0.12721268572087688,0.007951559909401551,101.7231220480747
2015-06-10,101.10545096975238,101.20222901447731,100.87612652606546,100.99685869509291,1504050.2952911127,0.12249917631420523,-0.006468120620172435,100.34359883079453
2015-06-11,100.62999225921273,100.68040783724193,99.28293705340454,99.85826662350658,1202445.3610784952,0.1322586523887825,0.019570356477602857,101.8125284985641
2015-06-12,100.08657001834922,100.49463496836097,99.824012291539,100.43457654672574,2473902.6373413317,0.13156862906485978,0.012151088176942215,101.65496594235886
2015-06-15,100.19331543301638,101.23923230354052,100.0298562996038,101.102748033214,2949483.029278583,0.1309692564638907,-0.0016296005521033718,100.9379909391999
2015-06-16,101.49698997094009,101.77547174689316,101.4541753195255,101.7231220480747,1174403.314141768,0.13149505220484772,-0.00987322241588795,100.71878703925555
2015-06-17,101.50281835327742,101.65210947830671,100.29394927331411,100.34359883079453,1154767.9294060965,0.1425203569783735,0.018769028224919104,102.22695066943967
2015-06-18,100.51980677662733,101.96297939125762,100.50450022927171,101.8125284985641,1112779.027828569,0.1397077626543745,0.014629358335193077,103.30198046098167
2015-06-19,101.84403619742582,102.28999431190576,101.47254859564447,101.65496594235886,1060720.8252967638,0.13871715576357624,0.0006006513518235224,101.71602513507172
2015-06-22,101.41999026191942,101.64950205864146,100.3522664096916,100.9379909391999,1071786.396657159,0.14002944832323602,0.022795817010133446,103.23895491002042
2015-06-23,100.7602059435527,100.79893672722227,100.56163163531608,100.71878703925555,1865934.5050951315,0.14039556341068354,0.03269838794276447,104.0121290109898
2015-06-24,100.46061212517641,102.4844403507608,100.30767027496779,102.22695066943967,1259216.8636801927,0.14842529554843178,0.030043574777476323,105.29821370615038
2015-06-25,102.25962324062156,103.4418962553911,101.97493706338905,103.30198046098167,1149530.39118811,0.14984168965636183,0.015076268238503054,104.85938882798003
2015-06-26,103.40574100455831,103.57750721832431,101.47762592523733,101.71602513507172,1728100.370574755,0.1606903624345359,0.017912372432741686,103.53800045966923
2015-06-29,101.77743310913928,103.52930131563629,101.76592341586286,103.23895491002042,990005.4215139152,0.14247553703827062,-0.0014563088589407691,103.08860710539717
2015-06-30,103.39936552688903,104.63464737788142,103.37426222882897,104.0121290109898,1284233.4755003613,0.14441438263776213,-0.006510151423827937,103.33499430121353
2015-07-01,104.17429163415076,105.64859135561323,103.76369403354292,105.29821370615038,1173297.8725414725,0.14884440651321817,-0.029509992206511626,102.19086424032228
2015-07-02,105.09610250516134,105.81538050706797,104.71856482059697,104.85938882798003,1228138.0914534873,0.14975640957048866,-0.041296614397454356,100.5290510815982
2015-07-03,105.10054028849402,105.2385635938135,103.01944953403147,103.53800045966923,1812211.3917105808,0.15769812659479238,-0.021426077049548686,101.31958728426416
2015-07-06,103.72269495015942,103.88807746069706,102.82837349953721,103.08860710539717,1349863.2842170438,0.15885547902938005,-0.015817124104177127,101.45804181308435
2015-07-07,103.34896235637507,103.39727048677376,102.99200307507837,103.33499430121353,879914.9848335636,0.1575749532991634,-0.02326659699493694,100.93074063333309
2015-07-08,103.3494818595096,103.36346777434922,101.95086383502145,102.19086424032228,1005369.0044525871,0.16352745587616643,-0.004592538146370395,101.72154879808805
2015-07-09,102.1761918278723,102.65097894034885,100.4362994742937,100.5290510815982,1051871.9935165069,0.16920680067878155,-0.0012183527896398871,100.40657123177309
2015-07-10,100.70115980873678,101.61875686436882,100.52738679172772,101.31958728426416,954328.6153002776,0.17024943170575685,0.009612274074136895,102.29349892631893
2015-07-13,101.00231740299127,101.77782146212135,100.80995653939519,101.45804181308435,776051.7002388479,0.1687402438480149,-0.0042722087563392686,101.02459187844946
2015-07-14,101.37239205750151,101.88609558948946,100.32238121407067,100.93074063333309,1124396.8136797177,0.16827312746278303,-0.001054973245289359,100.82426140233768
2015-07-15,100.87095290192461,101.72405555898402,100.42211767877593,101.72154879808805,2669504.6675544083,0.16302990036769774,-0.0017724034504572606,101.54125717401246
2015-07-16,102.00181208344468,102.24505630939427,100.15138268390656,100.40657123177309,1462902.5186199336,0.16119686794539675,-0.0024052724349654664,100.1650660736999
2015-07-17,100.21132629683981,102.5119214932248,99.80407958812428,102.29349892631893,2016143.8488514025,0.17524566458105073,-0.012120549416380189,101.05364551760805
2015-07-20,102.27378686875011,102.71499655668627,100.84851430859837,101.02459187844946,863830.7127779846,0.17923667088354855,-0.0069867274758729225,100.31876058663345
2015-07-21,101.03135494945691,101.39848928916524,100.65738188170567,100.82426140233768,1104405.1727084962,0.1792061548075116,-0.008154078588581748,100.00213245122731
2015-07-22,101.02486736471924,101.8412105072912,101.0030208390032,101.54125717401246,1327638.920249795,0.17261008481413503,-0.022297601089948604,99.27713072737444
2015-07-23,101.67062804319157,101.80639923926097,99.88487537817872,100.1650660736999,1600234.966192962,0.17378315836129027,-0.01256913480202515,98.90607785576582
2015-07-24,99.87797583349715,101.14503834217048,99.57454135195684,101.05364551760805,1115472.712021716,0.16935899828922754,-0.01619701772224247,99.41687783026214
2015-07-27,101.55449789948823,101.77672795718604,100.19878966701846,100.31876058663345,1232045.5668340526,0.16100216585785715,-0.001988431158077675,100.11928363734324
2015-07-28,100.43381749813605,100.52557027562256,99.58419107768626,100.00213245122731,1089115.061914318,0.15761893730367776,-0.011603465872353946,98.84176112016688
2015-07-29,100.26797433994246,100.92301051514337,99.24413183927678,99.27713072737444,1478165.1625922846,0.1491994968978797,-0.0061368792747823475,98.66787896135376
2015-07-30,99.2733953012498,99.3595001799582,98.74262319025848,98.90607785576582,1204140.208718105,0.1491587734641026,-0.01232476918714931,97.68708327498729
2015-07-31,98.66663430883376,99.64846484609293,98.58420711283883,99.41687783026214,1494873.9727113924,0.14711259053852882,-0.004868154447564721,98.93290111428975
2015-08-03,99.36720212264206,100.71458885806418,99.286893848077,100.11928363734324,2089887.0633944192,0.1502315441752654,-0.020708479178448425,98.04596553677816
2015-08-04,99.94245042025005,100.0182314865127,98.8202446068414,98.84176112016688,851049.1284392125,0.15469737128008304,-0.01122354708106732,97.73240596065908
2015-08-05,98.6246606520623,98.67511556206199,98.49504107978429,98.66787896135376,1356224.3391687702,0.15108351752020283,-0.00863186509300462,97.81619114114645
2015-08-06,98.80572738295618,98.86680918043045,97.343586339608,97.68708327498729,1736688.736036671,0.14453210876618958,-0.009508119991803454,96.75826276555941
2015-08-07,97.56059853700914,99.08214684318946,97.4884722607993,98.93290111428975,1459233.5565355548,0.14963753013700296,-0.024111109291820143,96.54751912296628
2015-08-10,98.85404856519682,99.19134548544864,97.3658132772628,98.04596553677816,972504.829856449,0.151812118366559,-0.026199041121430566,95.47725525388974
2015-08-11,97.57920243427351,97.8229090162724,97.45150211064077,97.73240596065908,840794.1818859257,0.15136047688584697,-0.017673624527400067,96.00512011355096
2015-08-12,97.87537564821842,97.90579514356966,97.54761792904067,97.81619114114645,1044991.7274769422,0.14759212236547928,-0.014715157442024673,96.3768104881253
2015-08-13,97.74699643435467,97.90375707175836,96.63748011482296,96.75826276555941,1009292.4517089489,0.14568021835252448,-0.004974826337995175,96.27690721153465
2015-08-14,96.98065657514586,97.00369184619328,96.2760948374312,96.54751912296628,918238.7641701336,0.12370747796597854,-0.010372843646731855,95.54604680262389
2015-08-17,96.68193926211319,96.87679929722098,95.30833718038576,95.47725525388974,669637.5993779807,0.12243928763073908,0.0060658591219255875,96.05640683360797
2015-08-18,95.47331370064884,96.2234917801104,95.31758887211264,96.00512011355096,1054702.3837854196,0.12595018364097976,0.004348868239973047,96.42263373128758
2015-08-19,96.26265185200532,96.5338773462922,96.09844222703545,96.3768104881253,944438.4193989327,0.12319468920243984,-0.008869383501513672,95.52200759525341
2015-08-20,96.47809210438501,96.52520954434355,96.12577882477544,96.27690721153465,864340.2465337405,0.11621949419145021,-0.0274579054848606,93.63334499294564
2015-08-21,96.35653962983392,96.36056215078905,95.51433588125032,95.54604680262389,791030.3185324859,0.11043243499887836,-0.024361661421815728,93.21838636022541
2015-08-24,95.55861556326501,96.21300060622555,95.2055782065023,96.05640683360797,653378.998323683,0.1126738153794671,-0.03208226268444947,92.9746999570478
2015-08-25,96.25500331856774,96.7912784170335,96.02057587197193,96.42263373128758,766947.6933452717,0.11454383546318929,-0.04253139965945918,92.32164415984454
2015-08-26,96.52255999248638,96.71096832874079,95.3408344022686,95.52200759525341,1540847.607190739,0.11609388757041578,-0.0358417453424299,92.09833212442669
2015-08-27,95.51611743562485,95.57728436999825,93.37061881372854,93.63334499294564,1616340.2583999396,0.13228229714993825,-0.0083357662838911,92.8528393127055
2015-08-28,93.48268377022744,93.98118232264972,93.15348326566755,93.21838636022541,1089530.2412378713,0.12905960497410016,0.0065109285679954,93.82532461504063
2015-08-31,92.89443113904666,93.0701666046905,92.71123532570716,92.9746999570478,1054421.5481939823,0.12331166835919641,0.014104785022264421,94.28608811245151
2015-09-01,92.86808656391123,92.96194855630003,92.16282132802705,92.32164415984454,1546965.9681292353,0.11931745020843855,0.023036848454488723,94.44844388542411
2015-09-02,92.18997296444672,92.81222878742393,92.08596110178766,92.09833212442669,1152061.9457830573,0.11922158863774945,0.02135625474914904,94.06520756724768
2015-09-03,92.13209317721683,92.87343087770441,92.05224739531316,92.8528393127055,1060665.5133973851,0.12335588674868492,-0.013741666607462788,91.57688655131399
2015-09-04,92.49903837317392,93.96071376440148,92.09667103562089,93.82532461504063,1615851.7257056981,0.11983075241024718,-0.03208979738569029,90.81448895849735
2015-09-07,94.20778007886913,94.28660246966695,94.0369994659408,94.28608811245151,1050864.3398307264,0.12020750745868214,-0.028451940669490416,91.60346592751769
2015-09-08,94.33585644152026,94.82067492356168,93.9052092303321,94.44844388542411,1342727.1721912536,0.12078416076433274,-0.02863132874271257,91.7442594393029
2015-09-09,94.38868702316921,94.56723157198634,93.6985974438284,94.06520756724768,935754.3556587737,0.12067477651366824,-0.00011526971643949224,94.05436469744458
2015-09-10,94.02685093807091,94.25866953150981,91.43221510359267,91.57688655131399,1503803.4698621521,0.14605192624947547,0.02935269545901753,94.2649150133397
2015-09-11,91.5727732556816,91.68939567976757,90.69633348207573,90.81448895849735,911551.9850153656,0.14738030938195068,0.033266758463092794,93.8355926276289
2015-09-14,90.78891900502127,91.85214817728809,90.56339425181699,91.60346592751769,1213413.8122666902,0.14971381307597614,0.03459109143602346,94.77212979327311
2015-09-15,91.60072074874265,91.76907529159725,91.53039741793097,91.7442594393029,1211565.1018621672,0.1476991444072862,0.03730672836891036,95.1669376056118
2015-09-16,91.5957062069482,94.58396245167303,91.42917220699248,94.05436469744458,2316396.41575538,0.1760181236879749,0.005449010952713662,94.56686796083149
2015-09-17,94.12803597389545,94.43735280836819,93.53194383612406,94.2649150133397,1156510.5707810232,0.17643212121199922,-0.013907618157788404,92.9539145696578
2015-09-18,94.24927404405929,94.46634811195183,93.58937645718817,93.8355926276289,1447976.9314571132,0.17525199561468488,-0.011396135589349377,92.76622949093749
2015-09-21,93.79119761457133,94.87733328372354,93.73348518741142,94.77212979327311,1718815.513036763,0.17817324725085842,-0.006260359196004428,94.17882221899687
2015-09-22,94.65822476395772,95.26258558884393,93.93375807266005,95.1669376056118,1883496.9853327856,0.1782939861097995,-0.011452452348296949,94.07704278755018
2015-09-23,95.01343380765968,95.16592170241891,94.43839145114043,94.56686796083149,1157122.7673941052,0.1766373604168621,-0.00831369247602598,93.78066810218418
2015-09-24,94.93133646337728,95.10900501725739,92.7009601921182,92.9539145696578,1540209.3153915093,0.17291979678902245,0.013724153456590837,94.2296283576026
2015-09-25,93.01457307174815,93.12936893846104,92.72206865726329,92.76622949093749,648858.1644913424,0.17236781203500282,0.0029063166918750216,93.03583753214932
2015-09-28,92.88048693286699,94.34240808617179,92.75497405488063,94.17882221899687,1097784.064327482,0.1804794247032167,-0.00525928723803859,93.68350874120699
2015-09-29,94.28085481583423,94.34308514936492,93.59083760201706,94.07704278755018,822561.5286311504,0.1783237699727242,-0.010562713369341004,93.08333394995006
2015-09-30,93.92477508603034,94.76804983980546,93.77589799693023,93.78066810218418,797014.4777701368,0.17852868461952234,-0.00817932661716081,93.01360538740086
2015-10-01,93.641375631957,94.43627996639236,93.46902639204829,94.2296283576026,1243172.3566801574,0.1771040239563335,-0.021337532856994468,92.21900056641988
2015-10-02,94.16780103446318,94.57980220239907,92.76545124734784,93.03583753214932,1262571.0590021813,0.17936796755801387,0.006791233151552278,93.66766559628007
2015-10-05,93.2491977527937,93.91862435478095,93.047624861381,93.68350874120699,744682.7996306475,0.18031267776537815,-0.006856185406732274,93.04119723572406
2015-10-06,93.73396153852896,93.89223430785539,92.84583230573135,93.08333394995006,1047385.1600676225,0.18143315076224656,0.0022243589124106844,93.29038469341853
2015-10-07,92.94454594937432,93.23680973904067,92.53359813829316,93.01360538740086,1270201.1669323957,0.18099230952219114,0.006206289497697082,93.59087474965963
2015-10-08,93.37185292657351,93.52668666032923,92.1286946673696,92.21900056641988,1761972.850956156,0.1564286381947712,0.02257944531104128,94.30125444634824
2015-10-09,92.01521994342436,93.96820896090036,91.75279529490993,93.66766559628007,1158365.5311680473,0.16182862798229378,0.014553106951360695,95.03082115158702
2015-10-12,93.7470297618487,94.00932193431343,93.0365974098746,93.04119723572406,845382.7228902022,0.16209667025221738,0.010180202402719107,93.98837545537504
2015-10-13,92.79476985014895,93.56525146958926,92.77955127546316,93.29038469341853,872386.5519902731,0.1622134305290901,0.0050675951760392746,93.76314259686175
2015-10-14,93.31092526870722,94.24428081722073,93.22628429471591,93.59087474965963,1133194.7716064448,0.13504653539221875,-0.005121668842969607,93.11153328246803
2015-10-15,93.80007432817614,94.81234494582768,93.51536246141166,94.30125444634824,1003301.6937605448,0.13764595311272326,-0.001701480949080958,94.14080265843334
2015-10-16,94.28823117509332,95.13132019695873,94.20750015909097,95.03082115158702,1253976.8603336662,0.1390936539914934,-0.003190008556309798,94.72767201900031
2015-10-19,94.955787752289,95.25149967556804,93.49595572312704,93.98837545537504,2200986.269101148,0.1403668199523775,0.00293637909894362,94.26436095660587
2015-10-20,93.65391754221068,94.09792126507327,93.63761044258958,93.76314259686175,775219.3438189047,0.13947932236844818,-0.000733496211767326,93.69436768696356
2015-10-21,93.75921168951864,93.76108198385238,92.54912439911944,93.11153328246803,1285480.0308935945,0.13984053051848797,-0.009294456196083711,92.24611221502394
2015-10-22,92.97431439509361,94.17413556156059,92.75451619772943,94.14080265843334,1122932.8651100444,0.13169704876890234,-0.022732096560314052,92.00078484213637
2015-10-23,94.0529017001551,95.03958485964317,93.87805080109365,94.72767201900031,946465.9284755571,0.1327186370800363,-0.027554195818084826,92.11752719479746
2015-10-26,94.93722578250521,94.99365067719486,93.87250398806316,94.26436095660587,1235699.986982289,0.12314217641405142,-0.02527523638061313,91.88180695116021
2015-10-27,94.351325665396,94.4694696805006,93.55905065516109,93.69436768696356,996957.6256724066,0.12500734318284892,-0.018737455891016053,91.93877360519244
2015-10-28,93.87645308834209,93.9279507136929,92.05232086023756,92.24611221502394,1086375.3718167571,0.1360395401272275,-0.01176451113522392,91.16088180068918
2015-10-29,92.24496543623012,92.41199055585415,91.90786739717777,92.00078484213637,1128875.6415619734,0.13455044121944484,-0.011602589848821565,90.93333746984338
2015-10-30,91.8848073771693,92.22072229533238,91.81229340848671,92.11752719479746,811050.044940651,0.12766052845483192,-0.01071294024855296,91.13067763011514
2015-11-02,92.011819870873,92.16174933760998,91.72896469258907,91.88180695116021,751588.1494072373,0.12475460479334448,-0.012424919448388638,90.74018290101965
2015-11-03,92.13527774034802,92.33264555876434,91.67748395449819,91.93877360519244,1602919.082020603,0.12315494750031912,-0.0148892885950348,90.56987067191116
2015-11-04,92.06277329389705,92.4877242817092,91.13254549488383,91.16088180068918,1347046.288199191,0.12628966511530457,-0.017443558827121453,89.57071159626659
2015-11-05,91.20432315664809,91.21181613702134,90.67728332906832,90.93333746984338,995620.266878793,0.1232719314446424,-0.01425937538387878,89.63668487595196
2015-11-06,91.03632026808302,91.35290154043922,90.86026701258102,91.13067763011514,677794.1645277694,0.10780618440178173,-0.012547386044867048,89.98722583735976
2015-11-09,91.17838728452611,91.25517130275598,90.52325906773949,90.74018290101965,1153782.2709183416,0.1065581773622835,0.006145098948143968,91.29779030351911
2015-11-10,90.62695291283184,91.03251805194564,90.4691898309677,90.56987067191116,884634.3836505719,0.10556449849572129,0.0017897279325966853,90.73196609930434
2015-11-11,90.87896090647432,90.91375160794921,89.31015178150801,89.57071159626659,1283900.4144711827,0.10924563171768223,0.020302092278307038,91.38918444852762
2015-11-12,89.96820625241648,90.07248355467517,89.35774033250074,89.63668487595196,671822.5946613308,0.10369169416290623,0.021673566320489668,91.57943151035973
2015-11-13,89.74973673915211,90.2623512564616,89.54640022447586,89.98722583735976,1291380.5977676539,0.0994797067882216,0.00787976284285552,90.69630383584463
2015-11-16,89.97303691612345,91.39487462157797,89.88132977943664,91.29779030351911,1310191.9363495253,0.1118602721087189,-0.0020651710633606823,91.10924474883551
2015-11-17,91.29566932875754,91.3927520678865,90.70053580110617,90.73196609930434,1095732.5752141133,0.11310376818117078,0.007350259939912451,91.39886963499356
2015-11-18,90.5376185537322,91.59245915303342,90.48413738879796,91.38918444852762,1002474.7926588536,0.11542635691406812,-0.009005168262709695,90.56620946517681
2015-11-19,91.26430763129655,91.93931523714672,91.04213988877898,91.57943151035973,828121.7147908899,0.10719394517767207,-0.018271699450878365,89.90611966192013
2015-11-20,91.8436061256749,91.98846039789413,90.44035016460076,90.69630383584463,1994784.6832285128,0.10709787910817223,-0.022223432263053122,88.68072067103945
2015-11-23,90.93545254677723,91.37984967236514,90.81353722490597,91.10924474883551,845793.0704056018,0.10912012782896564,-0.03216654451168122,88.17857517219643
2015-11-24,90.76851699653493,91.67510034452191,90.38918807266359,91.39886963499356,1423890.0892691598,0.10913549304413143,-0.036831983119154144,88.03246801148771
2015-11-25,91.2915420643743,91.34844972717208,90.56049181446353,90.56620946517681,1597751.5791344112,0.10010298394526947,-0.030956390538524614,87.76260651537898
2015-11-26,90.1918392981665,90.67501049167696,89.878015256028,89.90611966192013,568207.0538457913,0.10250212286151694,-0.037818933259010645,86.50596612284934
2015-11-27,89.9189148354803,89.94687876629808,88.52084521397019,88.68072067103945,1495423.6741055676,0.11115309748612022,-0.019488694245143323,86.9524492204426
2015-11-30,88.67498181127215,88.8858095172638,87.90072987020042,88.17857517219643,744188.1409818965,0.11194903722016504,-0.01320142746890185,87.01449210774958
2015-12-01,88.51790630691166,88.72402682289317,87.86587998060101,88.03246801148771,1145080.708866234,0.11152480087725573,-0.007698021044493464,87.35479222013657
2015-12-02,87.72692729816195,88.12426877710658,87.65387256360992,87.76260651537898,569350.8796724789,0.10909002306663682,-0.010456638667272422,86.84490465054965
2015-12-03,87.38545386639954,87.53468200837393,86.44208678090753,86.50596612284934,1419727.3235298647,0.11771345579477104,0.01040095115039441,87.40571045071077
2015-12-04,86.47730102993218,86.98334912541284,86.12951748596981,86.9524492204426,1557060.3932234913,0.11973751144068881,0.015444488481023644,88.29538532082452
2015-12-07,86.84257735964408,87.36331220217065,86.65171925619528,87.01449210774958,673690.0038920745,0.1199621789846788,0.0020729600897897438,87.19486967712226
2015-12-08,86.99003122331891,87.74573254019165,86.6032186809211,87.35479222013657,797859.6728483955,0.12182845700806783,-0.020928163658508137,85.52661683219858
2015-12-09,87.44566099903686,87.46356155719,86.64965572101694,86.84490465054965,863043.9553849632,0.11792767483679624,-0.005579686692845698,86.36033729172952
2015-12-10,86.8459350070207,87.47962228047923,86.46011294899007,87.40571045071077,1159884.6673425564,0.12108445629152512,0.002146206005941176,87.59330111143365
2015-12-11,86.9975248082845,88.31403752223294,86.99723095554607,88.29538532082452,1324010.3084778953,0.12653650080640746,-0.006447787436863139,87.72607544461992
2015-12-14,88.23603122232343,88.39034404109908,87.16341884197878,87.19486967712226,642300.8057295043,0.11881029613354434,0.014897364784991485,88.49384345808214
2015-12-15,87.05627870427102,87.28009167669327,85.50505431507594,85.52661683219858,1460016.9438769538,0.13255833215557708,0.031186262572804102,88.19387236169113
2015-12-16,85.22444088384822,86.53990839606635,84.89215982996707,86.36033729172952,779209.6750521509,0.1353726276384423,0.027868726704624036,88.76708992983188
2015-12-17,86.3559156253569,87.7482590081523,85.97261637109534,87.59330111143365,977426.3405185014,0.1475671150282665,0.00414453448142571,87.95633456823188
2015-12-18,87.60031853829916,87.90242655328156,87.4340279885775,87.72607544461992,1270491.238095103,0.1453833098850336,0.0052995585936697065,88.19098492163138
2015-12-21,87.79487423858122,88.99017666441335,87.47008976150472,88.49384345808214,1655657.5170309802,0.14848029628073234,-0.007287207287408393,87.84897047714362
2015-12-22,88.43144167825517,88.57203935232168,88.04419118383542,88.19387236169113,1433143.8973679575,0.14761385533933707,0.004991293173426614,88.63407383474811
2015-12-23,88.33857965682935,89.05869158782319,88.16239065632735,88.76708992983188,1390726.1676749573,0.14767898539120336,0.0005632651724960525,88.81708934005317
2015-12-24,88.95493543493356,89.20165852356898,87.5830171693133,87.95633456823188,1201353.1671859967,0.14886782099452844,-0.004164470635527717,87.59004299571383
2015-12-25,87.84186029055773,88.36509153499888,87.76966100060064,88.19098492163138,846699.8090381543,0.14167409208446846,-0.008134512817782436,87.47359422437351
2015-12-28,88.28653336744675,88.42192639265177,87.48780314498802,87.84897047714362,1008151.8346058853,0.1409076509504573,0.0016643286525515055,87.99518003580589
2015-12-29,87.85413037815343,88.82918920524325,87.27357260383218,88.63407383474811,2293798.757965578,0.14437975261617683,0.003618756140428614,88.95481893368881
2015-12-30,88.64404157218614,89.03532451354442,88.464301255601,88.81708934005317,1586970.2704540368,0.1439036399058783,0.009046956580624155,89.62061369093006
2015-12-31,88.8697733048471,89.04062464644072,87.41164380128625,87.59004299571383,990322.3450289234,0.14321950259830474,0.01761120456187859,89.13260916049508
2016-01-01,87.54811722334343,87.64452772220218,87.32148649618034,87.47359422437351,1121065.0510012822,0.1423655060387172,0.01586978679556772,88.86178151495633
2016-01-04,87.58303811853801,88.07103996938177,87.39027291418816,87.99518003580589,2073769.267019237,0.1437620804804623,0.006819029173790625,88.59522173562301
2016-01-05,87.91851149125156,89.16906371340674,87.68596511943943,88.95481893368881,1230970.0041436902,0.14798105354903593,-0.000694004466773479,88.89308389200781
2016-01-06,89.08123589415374,90.06136735520379,88.93194104200283,89.62061369093006,1066732.0376604344,0.14743254391624533,0.0037293999165126657,89.95484480014683
2016-01-07,89.46748242280542,89.62826237517322,89.08390052270981,89.13260916049508,982573.2517982057,0.1482991350231655,0.015964502565668504,90.55556692812253
2016-01-08,89.15167086405712,89.46935767372797,88.61373837984937,88.86178151495633,1507452.5918232065,0.14485444380814472,0.027410425324694287,91.29752074139135
2016-01-11,88.81464689283857,89.05245829616379,88.55538706017938,88.59522173562301,1022135.5822286532,0.13744840665575606,0.03183892786277731,91.41599860945027
2016-01-12,88.67852308213253,89.22550823005999,88.32559469346971,88.89308389200781,1352625.1462916392,0.11556209067742942,0.037741853806110504,92.24807366863429
2016-01-13,89.0791486192066,90.00470638223723,88.99393148914176,89.95484480014683,771446.6177331315,0.11776767707729922,0.03432528256803602,93.04257026627569
2016-01-14,89.845748428128,90.63747287583672,89.43379267566974,90.55556692812253,1192131.6018983861,0.1101619188633458,0.007687344220357772,91.25169874216866
2016-01-15,90.56065330650286,91.79117496643137,90.35513255172151,91.29752074139135,1867686.6756947744,0.11254827643258378,0.0034852644834280078,91.61571674785635
2016-01-18,91.07536220514055,91.53663177128132,90.91624825210886,91.41599860945027,1447704.73766866,0.10971026008616609,0.00708855468060432,92.06400591427541
2016-01-19,91.62832084428206,92.34133136925938,91.40261815773117,92.24807366863429,1363557.8402321017,0.11105434885934572,-0.004066694415639338,91.87292894259257
2016-01-20,92.22936920707376,93.49576963837161,92.01599417126171,93.04257026627569,2194844.8646269664,0.11236653135030156,-0.01867817251145898,91.30470508793265
2016-01-21,92.69356390578372,92.94851394752675,91.18533786974804,91.25169874216866,2336161.75434319,0.13039897561243244,-0.016541443768899988,89.74226389860847
2016-01-22,90.94223830315657,91.83242331991384,90.70712822473062,91.61571674785635,1376071.0610096564,0.13059002126756816,-0.025328031032327836,89.29527103101769
2016-01-25,91.76257437272166,92.1655946995169,91.5132557891134,92.06400591427541,912640.8275038961,0.12911109416217645,-0.011359200414276849,91.01823242015399
2016-01-26,92.23047704067206,92.3139261977675,91.59130880288339,91.87292894259257,1029700.0579130282,0.1275993439497283,-0.014338862235666716,90.55557567129753
2016-01-27,92.00466336340813,92.2251181626541,91.04369691049459,91.30470508793265,1132934.1639300282,0.13071748295196658,-0.014368825802765772,89.99276368555124
2016-01-28,91.25611452094381,91.33745257861986,89.56105814972176,89.74226389860847,1765895.5204782074,0.13622028226724728,0.006759680722562056,90.34889294988297
2016-01-29,89.82141264740225,90.16735620347913,89.17925343220917,89.29527103101769,1137404.636761065,0.13774526410475704,0.02145011106122685,91.21066451187538
2016-02-01,89.10896501828725,91.21823210813749,89.02538443185576,91.01823242015399,1508403.795536594,0.15147553531420788,0.002262743272163137,91.22418331320688
2016-02-02,90.8148172983301,91.15965849937672,90.48776828237067,90.55557567129753,869084.3639250902,0.14925102279552366,-0.004795201301511454,90.1213434569794
2016-02-03,90.37939321101409,90.54926850929094,89.43077221513596,89.99276368555124,911096.0694041989,0.14919859527207324,0.007346951104455268,90.65393612010378
2016-02-04,89.92412751934226,90.58211309237534,89.90185614766362,90.34889294988297,714417.8474074645,0.1481684161127307,-0.0008003735700177206,90.27658008388552
2016-02-05,90.23341679246563,91.45270647996217,90.16239379613775,91.21066451187538,857410.6437795855,0.15064266338710308,-0.023596350376217656,89.05842571400552
2016-02-08,91.13245596923463,91.30176652895075,90.93121105503245,91.22418331320688,1020384.0924286228,0.14984995525924175,-0.015938810411156856,89.77017835046506
2016-02-09,91.1234609732676,91.1638993183475,90.07401476962184,90.1213434569794,802343.7708320646,0.15716962681241253,-0.010506397954900604,89.1744927583901
2016-02-10,90.29241389607148,90.85676534291704,90.11843660898626,90.65393612010378,990452.6719228607,0.15286105952622536,-0.015162748018458405,89.27937332983322
2016-02-11,90.63075167755964,90.66815221312879,90.07642269287183,90.27658008388552,1146463.2519410427,0.15182528651002525,0.0004889478662009061,90.32072062508544
2016-02-12,90.05348661180584,90.12242175623129,88.869967753567,89.05842571400552,1370958.8136689186,0.1555630145534336,0.017362167621675084,90.60467302937458
2016-02-15,89.19096731962271,89.77964551991212,89.1592511485062,89.77017835046506,998983.9264523494,0.15876761338915799,0.013466677459448073,90.9790843877879
2016-02-16,89.76423277556945,89.83526126474189,88.98461324725275,89.1744927583901,1808507.7699981858,0.15546353505830862,0.021843397628848793,91.12236666206252
2016-02-17,89.39659675453117,89.81000388386919,89.26617415553754,89.27937332983322,913939.3660556797,0.15113509801577746,0.027817906656266045,91.76293860345245
2016-02-18,89.18835216660528,90.37389614987764,88.87072821948108,90.32072062508544,1068083.0371007493,0.14406395210892398,0.007620961585681707,91.00905136736031
2016-02-19,90.12275153883468,90.7137085771368,89.68888757178927,90.60467302937458,648158.9504393849,0.1437475440647252,0.008957586758050473,91.41627224872
2016-02-22,90.78192487038946,91.57087960435956,90.71893831822712,90.9790843877879,1123128.4206902157,0.14339279234463104,-0.007048093128163124,90.33785532830777
2016-02-23,91.15927195538379,91.64005645215717,91.11758227753455,91.12236666206252,1179046.7976389886,0.1434644412610964,-0.0002494854724196527,91.09963295536784
2016-02-24,91.19890222517552,92.24086832558957,90.88069980621754,91.76293860345245,1046865.8401891779,0.14402943229362386,-0.018143332612939322,90.09805308682928
2016-02-25,91.9301357802923,92.29546392746862,90.57918965085474,91.00905136736031,802112.6179038739,0.13279679602054745,-0.015499299229963959,89.59847484758244
2016-02-26,91.12905219579827,91.88274811414787,90.69157928775921,91.41627224872,2206128.135824374,0.13163597952124692,-0.016772373737129587,89.88300436490928
2016-02-29,91.32997446326536,91.33921354217318,89.79786305595627,90.33785532830777,1692997.4600226136,0.12079046830860939,-0.0021401411054992048,90.14451957073702
2016-03-01,90.2985967173935,91.38462243709544,90.2467921063796,91.09963295536784,976711.4594777718,0.1232648184017463,-0.005800031941510686,90.5712521743668
2016-03-02,91.16715731145685,91.2098065512706,89.79253738761952,90.09805308682928,1269389.8816644712,0.12771667186236746,0.012542769745650384,91.22813222122876
2016-03-03,90.11399581573158,90.71664044641152,89.35666863220314,89.59847484758244,1281978.15343141,0.1283520429148997,0.006624664236508648,90.19203465955093
2016-03-04,89.39079936606554,90.05347619123586,88.81566990619558,89.88300436490928,818166.8017113778,0.1237310426445562,0.006348111715247962,90.45359171791985
2016-03-07,90.00128241939468,90.2180653489068,89.5002638614674,90.14451957073702,731712.0164021354,0.12436985887740133,-0.006530893611254918,89.55579530378284
2016-03-08,89.93161793001772,90.94867381947311,89.72235539787609,90.5712521743668,1276959.4577862779,0.11786218156953182,0.005029196983370232,91.0267528425822
2016-03-09,90.58410409474679,91.61059996856518,90.46196976350564,91.22813222122876,1241521.0568678412,0.11880626765920635,0.0074741761633465575,91.9099873525033
2016-03-10,91.24578659562802,91.26161254815486,89.76185174148738,90.19203465955093,1075957.3366947027,0.12500760994285806,0.021575873042277705,92.1380065487901
2016-03-11,90.26280883319093,90.61181642404985,89.99270474723923,90.45359171791985,1006304.3215490461,0.11468584273819442,0.013690516168795908,91.69194807785969
2016-03-14,90.25517808610039,90.39636538737098,89.34721035245781,89.55579530378284,1163015.9608187606,0.11739156097315562,0.008998512565847383,90.36166425316839
2016-03-15,89.67407676613968,91.5378129722599,89.60013159188128,91.0267528425822,1241944.419558559,0.12837240252624157,0.00789741832526314,91.7456291885704
2016-03-16,91.18828429072285,92.16653909964845,90.81823480272578,91.9099873525033,1353161.4281727148,0.1319923052164791,0.01259631292316743,93.06771431395978
2016-03-17,91.91023293170008,92.76613428954187,91.9050939696393,92.1380065487901,1510744.722417409,0.12651170027723674,0.01553631271711109,93.56949143166334
2016-03-18,92.0841125332317,92.5073499946156,91.5589757548725,91.69194807785969,1224970.3984289416,0.12790684816582673,0.021437647292932516,93.65760772035473
2016-03-21,91.77046236679662,92.0087755916744,90.1759997895762,90.36166425316839,2407234.9143237774,0.1378594703671375,0.027928157716327284,92.88529906394069
2016-03-22,90.24111578510605,91.91028684813583,90.23035047170511,91.7456291885704,1575016.9679675316,0.14855753834435081,0.0057619080301432035,92.27425906612257
2016-03-23,91.65570628853592,93.24098032747659,91.20681511076337,93.06771431395978,1380192.0729385966,0.1551034945498148,0.003911479927123596,93.43174681036211
2016-03-24,92.98593604943254,93.87311731592922,92.85836306454308,93.56949143166334,867957.8143327344,0.15216235951033416,0.015178465891496185,94.98973276584348
2016-03-25,93.55818003613989,93.97830304024157,93.23205524664402,93.65760772035473,1181436.649698155,0.1517415805263325,0.006317599878595592,94.2492990115184
2016-03-28,93.54342672125216,93.74079643635035,92.87113139191685,92.88529906394069,1763731.7953330756,0.14817232039856634,0.016163124908184834,94.38661575484527
2016-03-29,93.12632398684595,93.28104032139873,92.11380933704919,92.27425906612257,916323.4255718141,0.14834747465881135,0.023690879436809587,94.460317412779
2016-03-30,92.45342652664321,93.63346826214365,92.41405162142716,93.43174681036211,1037065.9838122134,0.14730029943708936,0.007658044895065386,94.14725132206024
2016-03-31,93.50655176740625,94.99137812716162,93.26760891018291,94.98973276584348,1288288.7004133272,0.15347422571463057,-0.016185697850833014,93.45225765236417
2016-04-01,94.99227408335737,95.19450180404466,93.66490447600874,94.2492990115184,1340976.9183510903,0.15814857541819594,-0.003798550768402631,93.8912882643368
2016-04-04,93.99930108835791,94.65875213058447,93.99108187966388,94.38661575484527,1630201.1628215932,0.15817318786998966,-0.010617212467952108,93.38449300124512
2016-04-05,94.1148639591729,94.55166444668089,93.88065930794545,94.460317412779,1390163.533388858,0.15800497291458732,-0.00985351002352075,93.52955172832723
2016-04-06,94.31369646036569,94.57166223726514,93.9123674765395,94.14725132206024,1618160.6266565055,0.15793218961137004,-0.0037378693787040174,93.79534119425436
2016-04-07,94.17825241444777,94.22028457604435,93.3346266738195,93.45225765236417,1896616.797904469,0.15418478990982162,0.014733392979291215,94.82912648915843
2016-04-08,93.45249600892268,94.36938973742281,93.37557062139085,93.8912882643368,1159679.3810272864,0.1544833429745414,0.009150025676504692,94.75039596275558
2016-04-11,93.99061086693692,94.24720385332425,93.10983617617133,93.38449300124512,1184328.4241326724,0.15067085056095786,-0.009986301790953278,92.45192727153952
2016-04-12,93.4454794946265,93.64016921909015,93.38365884685304,93.52955172832723,1125674.4248503593,0.14089822711555725,0.00023433017870000405,93.55146852489747
2016-04-13,93.95382378123169,94.05712809904178,93.48972443828659,93.79534119425436,2745297.5772857727,0.1375982742667039,-0.005361734166499987,93.2924355087146
2016-04-14,93.71135682778,95.01157032648071,93.6510209173822,94.82912648915843,1790920.5151702461,0.14204318175477282,-0.010817081737999557,93.8033520767821
2016-04-15,94.64866551430077,94.96117653980156,94.51162194983651,94.75039596275558,1063969.4375386909,0.14038016059396935,-0.01938221961625497,92.91392297947833
2016-04-18,94.8351919435444,95.10746367016613,92.3650281599361,92.45192727153952,1814114.156914813,0.1584009379343283,0.009071002833414665,93.2905589657743
2016-04-19,92.17117122891838,93.59332335319007,91.81734122843402,93.55146852489747,1245098.0133931227,0.15477752334041742,-0.00011067483190163596,93.54111473184433
2016-04-20,93.67827158296774,93.69915132878474,93.27752205250374,93.2924355087146,1180171.1290170914,0.14687689226809034,-0.0020700532678024075,93.09931519772854
2016-04-21,93.44810846870301,94.07916729497168,92.80318507597413,93.8033520767821,1167843.153298057,0.14691733092519882,0.007090557590439861,94.46847014685883
2016-04-22,93.56505072673535,93.87234409684653,92.86150687457435,92.91392297947833,1072598.9796155945,0.15079493070680214,0.014775327930285576,94.28675666078942
2016-04-25,92.49319531335522,93.59725277699809,92.49041886632571,93.2905589657743,1275448.4701860151,0.14856265355246123,0.011669670933637466,94.37922909011999
2016-04-26,93.4883204499981,93.6904175915224,93.3882854808076,93.54111473184433,1055727.8215057442,0.14653289922714918,0.02273370001836761,95.66765037354179
2016-04-27,93.32269508139652,93.80359601564753,92.89134215283501,93.09931519772854,1003430.9807973584,0.14076235965249437,0.03389525336018928,96.25494007401566
2016-04-28,93.11352919746156,94.65878720151218,92.67472355463593,94.46847014685883,1104310.5496923989,0.13778498077995063,0.008028737016204435,95.22693264999111
2016-04-29,94.26362190717215,94.71135887983375,94.1794256606546,94.28675666078942,886583.156874878,0.13506401669455023,0.017344499297881955,95.92211324549206
2016-05-02,94.58010307484386,95.01764883909092,94.34681114177724,94.37922909011999,909321.8409565872,0.135008997347194,0.021247076615658722,96.38451180152458
2016-05-03,94.69477654431506,95.85882854130614,94.63787671690635,95.66765037354179,718771.9428238816,0.1434253075890389,0.014726648201322634,97.07651420484007
2016-05-04,95.56431263845032,96.43213935088336,95.32303552826394,96.25494007401566,1013847.0132424871,0.1438633233697355,0.018505602478259275,98.03619573159406
2016-05-05,96.2543677040525,96.39041923473263,95.1480019937844,95.22693264999111,1884982.5230818528,0.14690082699280962,0.028184269815520135,97.91083421350282
2016-05-06,95.06366016696421,96.19601129856922,95.03413168977242,95.92211324549206,1302554.6797817026,0.14805978835055728,0.024867618003177494,98.30746771573848
2016-05-09,96.1292278496662,96.71068526675356,95.6595858856927,96.38451180152458,1626175.865170948,0.14653611053490515,0.0270776143953233,98.99437444576775
2016-05-10,96.52344507680458,97.27721373143235,96.07069729239109,97.07651420484007,820518.6320794239,0.14785566613484047,0.020432249927631485,99.06000580517663
2016-05-11,97.06254914670933,98.05749289235929,96.7983925408828,98.03619573159406,1253470.3021086524,0.15053795314651783,0.012194848846937445,99.23173232006963
2016-05-12,98.09976280131292,98.29025728240427,97.8789302152636,97.91083421350282,1006112.4271378486,0.1473366361040841,0.01970239095329629,99.83991174774064
2016-05-13,97.68664720498833,98.40302181043484,97.57272724986669,98.30746771573848,832522.3011971125,0.1472693574293547,0.018046605469517862,100.08158380031178
2016-05-16,98.02685770761177,99.00260360168822,97.62734159090772,98.99437444576775,724919.8213156372,0.11099929188020034,0.00806829810529619,99.79309056954352
2016-05-17,99.17067906560155,99.25601545092175,98.8418262455096,99.06000580517663,714861.946746743,0.10674305043398646,0.0050067530795068205,99.55597479429767
2016-05-18,99.20402217318926,99.84755407181353,99.02964450997908,99.23173232006963,865978.8522423164,0.10475732080876135,-0.001607125048846747,99.07225451741759
2016-05-19,99.15097714148074,100.3218559163931,99.06796167429127,99.83991174774064,821894.0706537697,0.10497803458711741,0.01638661875455716,101.47595031803951
2016-05-20,99.8758035591597,100.3309226191128,99.8031917666593,100.08158380031178,852979.817530535,0.09390995088833262,0.019052026715717263,101.9883408086266
2016-05-23,99.88249253565324,99.92891476036449,99.52036734340906,99.79309056954352,1214527.538849995,0.09678537062583656,0.025119874593837466,102.29988048998193
2016-05-24,99.70176034779452,100.03113562565598,99.42630156706339,99.55597479429767,1319416.6733365883,0.09891974004870874,0.025653614262273194,102.10994536917516
2016-05-25,99.44353238005166,99.7831748736881,98.91616337552603,99.07225451741759,1221002.971959768,0.09906388575047592,0.011215388218169586,100.18338831347972
2016-05-26,99.12779833667611,101.99582858839327,99.08641518024095,101.47595031803951,1908161.5258173104,0.11788933626728897,-0.00544738721096627,100.92317152405637
2016-05-27,101.68159500408628,102.39683406860178,101.46007318840495,101.9883408086266,789290.8523690865,0.11613343793536327,-0.01438883022557913,100.52084788774278
2016-05-30,102.23707185333,102.78826520586819,102.09027938611702,102.29988048998193,1284791.2812726677,0.11566043117164951,-0.021301872878212613,100.12070144032799
2016-05-31,102.21172623665028,102.2623146873635,102.09858226078154,102.10994536917516,1523315.9743099243,0.11163785667072272,-0.012303850313709508,100.85359988581178
2016-06-01,101.7659640225866,101.86444828951484,99.91657988831273,100.18338831347972,2127581.0507028643,0.1358321731376494,0.010129544340643726,101.19820038759704
2016-06-02,100.07152714810617,101.11256026167597,99.99067339983385,100.92317152405637,1018030.3901262911,0.12832904633984565,-0.001872624408459922,100.73418032968124
2016-06-03,101.04995297106687,101.08644996614187,100.51880846458097,100.52084788774278,743262.8233928559,0.1294914079920496,0.0067860252295204315,101.20298489760178
2016-06-06,100.63260503504617,100.70135313179807,100.01114577159204,100.12070144032799,1492504.325763631,0.13104679744028136,0.005812962255808296,100.70269929882568
2016-06-07,100.41357724727798,101.32732707592119,100.32731367958256,100.85359988581178,1194653.7297260615,0.13112231915206293,-0.012112045818604034,99.63205646302366
2016-06-08,101.22383550340098,101.24962063156069,100.34170657372182,101.19820038759704,945572.7361637788,0.1278957011432124,-0.01494966465280978,99.68532122833462
2016-06-09,101.22364478411082,101.65134099776257,100.30923153946236,100.73418032968124,928453.3835940511,0.1294188810431885,0.006922577185072942,101.43152046818851
2016-06-10,100.28191921840553,101.4075796264482,99.61126999488836,101.20298489760178,840078.5418854532,0.1295969215417583,0.0005321692251429866,101.2568420116569
2016-06-13,100.72271129254754,101.34901022514238,100.3766306216277,100.70269929882568,804482.7652693152,0.12979675789216133,-0.006768304979119177,100.0211127177507
2016-06-14,100.7948133393762,100.86356573789173,99.40831386529916,99.63205646302366,1161891.3201250555,0.13609500103914104,0.016628192367496464,101.28875746386008
2016-06-15,100.04498450492598,100.33501753721674,99.4574729402582,99.68532122833462,734924.0560103664,0.13599666490684503,0.023601943198761965,102.03808851771612
2016-06-16,99.79480159371661,102.06865893919071,99.45860598479311,101.43152046818851,1293077.3088677507,0.1479908070185639,0.0015267803245095912,101.58638411792442
2016-06-17,101.48752818028287,101.77408347811061,101.11490802668953,101.2568420116569,961694.6712818315,0.14813161151130658,0.008746570239378526,102.14249209252951
2016-06-20,101.0829345449869,101.1746695257083,99.3168385311418,100.0211127177507,1044238.4305231973,0.15461261384721892,0.01936929334518611,101.95845099069274
2016-06-21,99.71006451968223,101.37523992132596,99.48067429994838,101.28875746386008,1083069.7847506346,0.16045834480546364,0.011486466782133498,102.45220741187228
2016-06-22,101.40854766979486,102.13898557929426,101.1210757395237,102.03808851771612,1092448.6274500696,0.1605106779100188,0.01209446670747849,103.27218478218838
2016-06-23,101.933024741744,102.07129092855679,101.3744411962737,101.58638411792442,1158234.8218817837,0.13722429744871964,0.02343345079749226,103.96690365184695
2016-06-24,101.72744755660432,102.21493287654967,101.47004526052393,102.14249209252951,773477.6572005565,0.13743607642442413,0.023533434533256736,104.54625574325274
2016-06-27,102.07864987823817,102.14294387080035,101.93956455957276,101.95845099069274,1048653.169380856,0.1371373556454649,0.03148075277141826,105.16817977928751
2016-06-28,102.06530220930676,102.64183262945737,101.94153271159733,102.45220741187228,1219035.3219073275,0.13807830110632952,0.023022669425973197,104.81093071507705
2016-06-29,102.60288127407853,103.30191291487343,102.55342030815979,103.27218478218838,1261924.7472887642,0.12070635251344908,0.01916810001275393,105.25171634862897
2016-06-30,103.55800225943759,104.05409639944641,103.36076785651993,103.96690365184695,1499751.203384941,0.12030668157365992,0.012440515419234854,105.26030551981785
2016-07-01,104.17056602822372,104.64860896854627,103.92231099778476,104.54625574325274,977594.017101861,0.11929079124472952,0.009044241096277439,105.49179728590781
2016-07-04,104.54040267655441,105.54303253745371,103.93651660422985,105.16817977928751,682843.4900865275,0.11789586372869804,0.00243756318175703,105.42453386220991
2016-07-05,105.51183986288048,105.96967156947552,104.44976221971082,104.81093071507705,902686.8784945767,0.11820755952027026,0.007176281841642762,105.56308349397332
2016-07-06,104.77368070901962,105.60276582429185,104.5008056557106,105.25171634862897,1059523.792562694,0.11837017907031924,0.01174565643068104,106.48796684759947
2016-07-07,105.01675708543797,105.43730986048081,104.9434726681342,105.26030551981785,582001.477968225,0.11606762778404547,0.010258944928360103,106.34016519728802
2016-07-08,105.51672781025582,105.93411321415294,105.27174223016385,105.49179728590781,932748.2002612456,0.11571293534164767,0.011531436421582608,106.70826923930873
2016-07-11,105.38942402349335,105.64231933041565,105.35751911473979,105.42453386220991,1116043.0039307824,0.11321800832905117,0.015356877538726277,107.04352551830918
2016-07-12,105.64701015555838,106.05062566714783,105.22126025103083,105.56308349397332,855868.5128701428,0.10253249969460243,-0.0016505583678695368,105.38884546317423
2016-07-13,105.44789297198388,106.53078763029194,105.11829977779915,106.48796684759947,1122363.9263121819,0.1041450107434959,-0.006671563944231518,105.7775255674845
2016-07-14,106.8002000799117,107.27288416002382,106.0566028563177,106.34016519728802,548440.4633004535,0.09073654372711575,-0.013980479967521386,104.85347864800441
2016-07-15,106.25768019576428,107.08835678035807,106.09243218865495,106.70826923930873,1054858.5130809264,0.08948439002748478,-0.018887637944566493,104.69280208422535
2016-07-18,106.72729186918963,107.21908399274339,106.45433856223539,107.04352551830918,828238.4767988576,0.07022832677080511,-0.016670158595854967,105.25909297125952
2016-07-19,106.70196535328165,107.1300890740822,104.80609364474641,105.38884546317423,913399.521563048,0.08938124657727815,-0.0020045523771374807,105.17758800247725
2016-07-20,105.26566026730193,105.98521836830705,104.80922115229474,105.7775255674845,557148.2633519691,0.08735745023281569,0.0028572391966761312,106.07975725966332
2016-07-21,106.03362232392237,106.41294214527797,104.62722950786738,104.85347864800441,1463977.1970372237,0.09262172455813457,0.02530754938129065,107.50706323668888
2016-07-22,104.74008969858939,105.02385824173415,104.56222686729518,104.69280208422535,552961.699148115,0.09207239677409527,0.04051106743801847,108.93401924973453
2016-07-25,104.82748390346505,105.74999757657687,104.77910758552116,105.25909297125952,664646.6914400801,0.0924595353836763,0.03319188261052308,108.75284042885171
2016-07-26,104.89889401508816,105.30734971155319,104.87030261721081,105.17758800247725,613078.6826022504,0.09200380144378408,0.02295566705793295,107.59200969461855
2016-07-27,105.25113616794332,106.23894302191337,104.89020037070158,106.07975725966332,802279.4591420532,0.09257689999125208,0.022928424842925788,108.51199900134732
2016-07-28,106.43756925463681,107.68979029953145,105.88942800452439,107.50706323668888,1614967.4916533455,0.10049370798747337,0.015735762580250112,109.19876885948136
2016-07-29,107.88287650424228,109.0344365021317,107.60164147672701,108.93401924973453,1109409.9841989758,0.1078809017549961,-0.0007560306092505575,108.85166179679304
2016-08-01,108.94613448094297,109.00467413043437,108.49167875814582,108.75284042885171,825007.5348550305,0.10764350358254257,0.008569823576468405,109.6848330847668
2016-08-02,108.71654631604169,109.05234419825761,107.37518177630028,107.59200969461855,972810.2300429165,0.11505686198538716,0.02426559843140108,110.20279419629557
2016-08-03,107.82905491731857,108.91302081643862,107.79787801107042,108.51199900134732,1178506.97337107,0.11750239291017155,0.02026984303992685,110.71152018905333
2016-08-04,108.47644993564944,109.39820840147986,107.86793418629769,109.19876885948136,1239895.2355217603,0.11855306154075604,0.015265072009359892,110.86569592945479
2016-08-05,109.16500070847773,109.2578416019777,108.71248388297803,108.85166179679304,1131650.852303902,0.11988138225239518,0.021564318157649476,111.19897366376794
2016-08-08,109.0299909502846,109.70585377444823,108.50423730572533,109.6848330847668,727443.6193178243,0.1214354344017485,0.01834134653220132,111.69660061770116
2016-08-09,109.5882176975313,110.38687585252208,109.54500454226628,110.20279419629557,897006.8728278414,0.12177831731059142,0.01091794529326462,111.40598227449561
2016-08-10,110.05294160386295,110.76433513312283,109.83808146868597,110.71152018905333,1073023.129855381,0.11967830709132792,0.005448138205403907,111.31469185197366
2016-08-11,110.79186803918607,111.21490193839145,110.62227911764366,110.86569592945479,896890.6860359452,0.11904773568868166,0.014321824642148595,112.45349498538621
2016-08-12,110.91828355649797,111.34780739287817,110.61009650225884,111.19897366376794,999656.1640618384,0.11899025909450581,0.007246980478664566,112.0048304551568
2016-08-15,111.63898645645239,111.88846700501016,111.26811235707702,111.69660061770116,871651.9746854976,0.11924043513332261,0.0006876592212696764,111.7734098151004
2016-08-16,111.57625857073356,111.60144855601428,111.01226880817688,111.40598227449561,1595588.1198698042,0.10145815594037057,0.008679862644007663,112.372970898359
2016-08-17,112.01012707233457,112.01485314214321,110.99366698303177,111.31469185197366,729152.7772615475,0.10219348946860977,0.01589788162964001,113.0843596466762
2016-08-18,111.43366838270431,112.77383904449839,111.42888252034349,112.45349498538621,1518831.7076557432,0.0963635524115061,0.00830952794931128,113.38793044496502
2016-08-19,112.19370228755416,112.61885216325942,111.87810230284192,112.0048304551568,1035946.772620318,0.098445518380494,0.01619582876709913,113.8188415102965
2016-08-22,111.71832895366065,112.08513214323736,111.51477811956045,111.7734098151004,1053027.4371242274,0.09998560605104954,0.02662831040361091,114.7497468665269
2016-08-23,111.68649960109312,112.37980387541066,111.58945267940254,112.372970898359,1187926.4008041525,0.09926291120807075,0.024305567961207863,115.10425977953189
2016-08-24,112.67390429585848,113.5634507212676,112.30370609215308,113.0843596466762,1742407.6661031828,0.09800063294773463,0.022840892787201472,115.66730738127526
2016-08-25,113.28241335481536,113.52170700036477,113.2076859689088,113.38793044496502,649626.8225097967,0.0902313585258544,0.03118111660537881,116.92349272581207
2016-08-26,113.49918049609342,113.94468850544064,113.220026244134,113.8188415102965,1012098.6524040913,0.08130786317622152,0.02399402148823704,116.54981323926079
2016-08-29,113.78261178990583,114.9456687330146,113.18997672416153,114.7497468665269,919997.0349609433,0.08258795436897724,0.01942341715389584,116.9785790682194
2016-08-30,114.95075281172058,115.24319259807362,114.32487105521662,115.10425977953189,800142.4381572001,0.06576287050569922,0.013794102889333582,116.69201978193134
2016-08-31,114.85235986393035,116.08038232705289,114.44132892213221,115.66730738127526,952780.1751895061,0.0631853813534001,0.017939404522429925,117.7423099984082
2016-09-01,115.68125652748431,116.94987444894696,115.4945455926779,116.92349272581207,990540.4011348689,0.06801879144816324,0.016287762299687758,118.82791478257937
2016-09-02,116.9387946679113,117.22105031515979,116.35878988245436,116.54981323926079,721522.4746305554,0.06804106379831289,0.017606308124635595,118.60182516301995
2016-09-05,116.48730764166186,117.3903989461931,116.30921722780063,116.9785790682194,799161.7662947397,0.06620715009984518,0.01780692475198875,119.06160782328175
2016-09-06,116.90615686985201,117.1561770247982,116.55401747888662,116.69201978193134,978797.2282272481,0.06890610654775461,0.012299795969877403,118.127307816562
2016-09-07,116.47074392681695,118.09552102867029,116.32988153951602,117.7423099984082,1049998.0496123785,0.07206171134002008,0.010224763823655447,118.94619731019354
2016-09-08,117.36232708223908,119.1543306505293,117.27716276011664,118.82791478257937,824994.0219941622,0.07491216502922148,0.005396860560457295,119.46921246935085
2016-09-09,118.34386933235372,118.62040026170416,117.69253808204546,118.60182516301995,826586.1107525396,0.07731573444626841,0.0011806299932715092,118.74185003506416
2016-09-12,118.25274898536341,119.17509761963585,118.10026649192525,119.06160782328175,739764.0944365327,0.0772179562187652,0.0007000430541364011,119.14495607485276
2016-09-13,119.37434366611167,119.39999270154523,117.75942867412947,118.127307816562,997153.9370047755,0.084367119776979,0.008010194157812789,119.07353048751239
2016-09-14,117.72045316726438,119.42882280958904,117.35430761443419,118.94619731019354,1232368.766701288,0.08426449899512845,0.005259013814705282,119.5717370050545
2016-09-15,118.85795717643003,119.79984276905992,118.69169332531318,119.46921246935085,691103.3632309661,0.08038761793095262,-0.0030511054449146036,119.10469930468595
2016-09-16,119.24563466972171,119.64322046432069,118.71507187559791,118.74185003506416,899429.8646742194,0.08312113333219515,0.013726349679558103,120.37174219024311
2016-09-19,118.88634050004659,119.77780437617773,118.82394349474272,119.14495607485276,848192.3936454151,0.08099392280083867,0.02252128668275044,121.82825378741822
2016-09-20,119.04838972276718,119.51471849693506,118.79618865849179,119.07353048751239,1154009.478061738,0.08165473458470963,0.03874243730199556,123.6867292767521
2016-09-21,119.21153396439692,119.8758257217378,119.19782893007414,119.5717370050545,1125932.652326128,0.08081418284297494,0.03415287340437989,123.65545540172992
2016-09-22,119.98101564349676,120.21155809387855,118.68039197999248,119.10469930468595,1827646.9725365213,0.08425743917110784,0.040713375981676014,123.9538537086621
2016-09-23,119.07575622240707,120.7064335573383,118.89431595710107,120.37174219024311,1459207.0035699455,0.08904306941627464,0.024825025404455303,123.35997374809445
2016-09-26,120.42041290333559,122.14831957019128,120.26228582300136,121.82825378741822,1219811.1919113996,0.09316685606265629,0.00849982969735752,122.86377319693773
2016-09-27,121.49939861116557,123.69119065645074,121.17308739527785,123.6867292767521,1793015.4750265835,0.10280693464595599,-0.017483560664484754,121.52424484205031
2016-09-28,123.40482385859421,123.69244784345794,122.81083858425175,123.65545540172992,886333.4807881294,0.10358318297627919,-0.018162543503802198,121.40955781351353
2016-09-29,123.88774268011684,124.10751642083773,123.47550401096672,123.9538537086621,974214.568307975,0.09974468110774991,-0.02700279981960585,120.60675261009838
2016-09-30,123.97485415151154,124.07920652095252,122.85265058528384,123.35997374809445,1450801.9800053618,0.10119688108323142,-0.0262383776826689,120.12320816596782
2016-10-03,123.41409190057033,123.82816243999076,122.65725679290391,122.86377319693773,918702.5251098202,0.10402580634455232,-0.02491196100509563,119.8029956701167
2016-10-04,122.62049429710618,123.07059368873485,121.46936625444395,121.52424484205031,923000.24805929,0.1132539874426043,-0.018851932321149123,119.23327800290922
2016-10-05,121.794140239152,122.60259992100508,120.95365869064938,121.40955781351353,757864.0690367811,0.11063600491611271,0.0059522502476527794,122.13221788407644
2016-10-06,121.59821360492009,121.60832683599966,120.16668818281842,120.60675261009838,513397.3590677936,0.11036622549691025,0.005995934108790291,121.3299027518237
2016-10-07,120.8258506514263,121.19695642752554,119.82105100962536,120.12320816596782,1467949.4325535041,0.11129129549851442,0.007215619629443948,120.98997154476197
2016-10-10,120.50245866934775,120.9229603954424,119.45011234898287,119.8029956701167,722490.2695752234,0.11120685330860089,0.01606172089775204,121.7272379492847
2016-10-11,119.58768284988822,119.83043785128105,118.44076276939569,119.23327800290922,1366528.3086307128,0.10870359573886476,0.02292760896803525,121.96701197693696
2016-10-12,118.88890841463852,122.14732219428615,118.35362873724357,122.13221788407644,1023215.4638952677,0.13635945597718527,-0.004221168752693405,121.61667718224703
2016-10-13,121.91263624329159,122.19787193469763,120.95280575023236,121.3299027518237,886390.2689511797,0.13865396145876308,-0.011632445073126552,119.91853932233532
2016-10-14,121.05014551644639,121.0831961813069,120.12109376187372,120.98997154476197,656885.80103438,0.13696609630667897,0.006932649542630287,121.82875261565462
2016-10-17,120.55463108865428,121.97627193352254,120.45115276416573,121.7272379492847,864293.4342829824,0.13793055207706006,0.013045116533195289,123.31518395359711
2016-10-18,121.64733083471356,122.19231421370995,120.74531977671778,121.96701197693696,1675205.168677388,0.13781009691379378,0.014368567284648304,123.71950319503509
2016-10-19,121.9925426679081,122.181143639105,121.56650977641507,121.61667718224703,1036351.4327780204,0.13808452124275886,0.00433528796755267,122.14392049948897
2016-10-20,121.80907011598809,122.16004507083272,119.87487905439426,119.91853932233532,1167795.5048214304,0.14703601399642943,0.02776610431041293,123.24820999391164
2016-10-21,119.84361911298514,122.13315193446364,119.38966870967236,121.82875261565462,1090064.589181322,0.15300974407944112,0.008302697272106307,122.84025986766072
2016-10-24,122.20374959449899,123.90553274906583,121.34512577066431,123.31518395359711,1144260.489425242,0.1531102907589883,-0.00802864316573837,122.3251303447163
2016-10-25,123.2832353180184,123.85988176970812,123.06953132775413,123.71950319503509,999803.9418192785,0.1435633661694629,-0.023290143869375446,120.83805816617506
2016-10-26,124.06986787940887,124.51281299296811,121.95695870962798,122.14392049948897,1114743.8494895978,0.1505805305316683,-0.016689005552652736,120.10545993205022
2016-10-27,122.00058555986531,123.50527183284947,121.83184693144621,123.24820999391164,1358760.6609934631,0.15411956588694,-0.02204135634300597,120.5316522787982
2016-10-28,123.40411269645648,123.443751401849,122.49850435626496,122.84025986766072,988189.4099126435,0.15362846586004536,-0.015396214164031696,120.94898491877291
2016-10-31,123.03373769060721,123.23218001096156,122.0084285419897,122.3251303447163,1075499.8994855129,0.15368661199697478,-0.02020498106760671,119.85355340200879
2016-11-01,122.58093990962264,122.71900362674062,120.198211698616,120.83805816617506,1522930.4418615254,0.15490729634988473,-0.022258767863384543,118.14835188039201
2016-11-02,120.8955981858528,121.43534015241623,119.47373712202234,120.10545993205022,1770387.269638577,0.1562761916920639,-0.03566100474473011,115.82237855554538
2016-11-03,120.08817071255898,120.55710178700866,120.08558704131231,120.5316522787982,1191299.8751551793,0.15515809201002514,-0.04344119153668602,115.2956136859217
2016-11-04,121.10834333265913,121.42839017592104,120.90603009104463,120.94898491877291,1383271.4696370347,0.15485491603828141,-0.0524174967287504,114.60914189744744
2016-11-07,121.01179207577839,121.4864083885454,119.85159966345276,119.85355340200879,976049.7227486155,0.1581530279314096,-0.04389883318570109,114.59212225450048
2016-11-08,120.12786528430999,120.3904422676844,117.8813273418537,118.14835188039201,1255823.0540959635,0.1653926955356886,-0.03251824663949199,114.30637463389594
2016-11-09,117.74760188710236,118.20860162800332,115.56657735285673,115.82237855554538,1377580.991863174,0.15131985095186098,-0.008033197272949266,114.89195453998649
2016-11-10,115.87412790043572,116.00282062630401,115.19418006175316,115.2956136859217,1067267.4440090077,0.15078680278286924,-0.0018103775402388278,115.08688509641665
2016-11-11,115.30508212933606,115.45817716355687,114.54597747128086,114.60914189744744,1140287.5765953397,0.15128356845992988,0.004445119648266438,115.11859324596674
2016-11-14,114.59207029203343,114.68681530465453,114.28880141711585,114.59212225450048,1508067.4263032882,0.14808067442409895,-0.008706797676124922,113.59439183075277
2016-11-15,114.9782329181974,115.33663364964005,114.2323870313485,114.30637463389594,747787.9004902596,0.14694742669788444,-0.0054747280378114604,113.68057831978717
2016-11-16,114.19286846552004,115.71520708100634,113.9181627479734,114.89195453998649,809656.8124173584,0.14989304922423716,-0.013799703878333847,113.30647958933167
2016-11-17,114.47005624798358,115.26540136338593,114.31190884865434,115.08688509641665,978325.0485429454,0.14463655301398926,-0.020986183835905114,112.67165056868156
2016-11-18,115.45846923497872,116.36719207271338,114.74272162819639,115.11859324596674,946798.5401670428,0.1286711823532973,-0.01742594279223264,113.11254322574023
2016-11-21,115.3183227072751,115.50663691182511,113.49561957411132,113.59439183075277,1408487.4785112364,0.12078868162883602,0.020601924953721706,115.9346549664136
2016-11-22,113.64762747106676,113.9003783358946,113.52028204714537,113.68057831978717,1136559.4616957929,0.11907443350411943,0.011452588754486959,114.98251523265594
2016-11-23,114.10656960274834,114.3408564145373,113.00551799100174,113.30647958933167,1446590.580059418,0.11473092173395559,0.009018272376875691,114.32830828433318
2016-11-24,113.37268381007955,113.4905674685316,112.59348508183415,112.67165056868156,1280822.330626497,0.10443649071785663,0.016340234295433298,114.512731737427
2016-11-25,112.71583311166478,113.74786714439122,112.69769454189603,113.11254322574023,879939.6885464613,0.10855326910694953,0.01085517957560822,114.34040019470939
2016-11-28,113.16347825250186,116.41179895916231,112.74855339918987,115.9346549664136,1692651.3627699364,0.1496946519445853,0.0026288382817931666,116.23942842557578
2016-11-29,116.10110834249839,116.64859327690274,114.47015021256715,114.98251523265594,1209622.5519647123,0.14699843657452774,0.0030908169256231854,115.33790513688777
2016-11-30,115.0507011632262,115.29028530729126,114.31908576553461,114.32830828433318,927814.201738309,0.1468824235895248,-0.009276288848862224,113.26776587308593
2016-12-01,114.25116458838149,114.7193646541901,113.90939261016887,114.512731737427,871326.7935836619,0.14599714692394072,-0.019635735807919774,112.26418999038769
2016-12-02,114.71986964590367,115.16269885651707,114.07200124174842,114.34040019470939,850433.0382401124,0.14435392203830993,-0.030650730618947852,110.83578338947866
2016-12-05,113.97010684394999,116.44624932857197,113.67079431080502,116.23942842557578,1034804.5532861241,0.1576552655780728,-0.04077809963382051,111.4994054318593
2016-12-06,116.40376244079314,116.77955425375934,115.00985244864721,115.33790513688777,1407573.8813406008,0.15229937595840357,-0.035423857977398665,111.25219156590798
2016-12-07,115.19635855517794,115.28316185209724,113.15270917113452,113.26776587308593,1654638.61695931,0.14959548987633778,-0.0173751971535121,111.29971610990322
2016-12-08,113.37611679694677,113.85506093037515,111.9715494488881,112.26418999038769,1290083.8302377374,0.15169261639762394,-0.01234364234457408,110.87844098104303
2016-12-09,112.09985018078505,112.45480209339057,110.73571936046712,110.83578338947866,1534493.9275294447,0.1562879822816252,0.005661158017322698,111.46324227322026
2016-12-12,110.90464307364456,112.55768740576728,110.57420002412611,111.4994054318593,905681.7348262232,0.15855885329794656,-0.0015075883328393713,111.33131022911171
2016-12-13,111.36303332016453,112.19218559188512,111.13006465014044,111.25219156590798,996046.2242441159,0.15853474724895558,-0.004411998832331121,110.76134702662492
2016-12-14,110.95437816524453,111.69993043933718,110.88495981114309,111.29971610990322,1243988.7057443347,0.15687671632084585,0.0074224134265372665,112.12582861712714
2016-12-15,111.13914034670997,111.20318467930281,110.28736294414942,110.87844098104303,1175096.0068320518,0.15658276996977463,0.01568266374862448,112.61731028792043
2016-12-16,111.02296634893052,111.72116918240856,110.96492423549768,111.46324227322026,1237431.657576734,0.15846195656644627,0.001434159417530223,111.62309833183484
2016-12-19,111.5752688201447,111.94759706615389,111.08071804527893,111.33131022911171,1193035.61196088,0.15234101990993285,0.01837508240197816,113.37703222849183
2016-12-20,111.27697978091297,111.33410263195283,110.31497521737032,110.76134702662492,1067294.1554581027,0.15288830201596748,0.03301024088417637,114.41760577262967
2016-12-21,111.0194596399048,112.43330389054253,110.83714772889586,112.12582861712714,1110032.4272198472,0.16000791576719098,0.018809160504684064,114.23482132430738
2016-12-22,112.34252613171891,112.7045261221703,112.31861563471297,112.61731028792043,1134150.121768917,0.1596898905993008,0.00695595263379567,113.40067096402868
2016-12-23,112.7663263053018,113.08420830621051,111.15314018172414,111.62309833183484,1885845.2524688437,0.1619624701413654,0.0014184088932476246,111.78142552720057
2016-12-26,111.32190917305967,113.4162256601507,111.12387517651368,113.37703222849183,1637270.3161937275,0.14506401231248658,-0.014310579880247642,111.75454115220059
2016-12-27,113.11994859339549,114.44841842347891,113.02432237525665,114.41760577262967,1123179.70257527,0.14683877885524516,-0.020411524917769097,112.08216796137016
2016-12-28,114.34305436184798,114.41280666716388,114.1762213193086,114.23482132430738,1044307.2971226833,0.145524353785509,-0.016049130803610034,112.40145173454654
2016-12-29,114.0589171963082,114.30937008777688,113.25835192336996,113.40067096402868,1443267.115742147,0.14763831863524962,-0.009980037127384267,112.26892805753738
2016-12-30,112.99206702168546,113.03811519932623,111.6531262315048,111.78142552720057,1315361.3963069776,0.15560093503412947,-0.0068953778600897575,111.01065036045104
2017-01-02,111.61142288785518,111.81646511698804,111.1035708621962,111.75454115220059,1711008.0770838165,0.14099804474474,0.0009498944911814355,111.86069617520556
2017-01-03,111.6652360815778,112.24385566923962,111.41415443905566,112.08216796137016,1050266.2605045375,0.1402407080326748,-0.01153593380661122,110.78919549086632
2017-01-04,111.79010278986678,112.65068880601603,111.28798042899345,112.40145173454654,1166979.8625330164,0.12642919950997825,-0.013032350988580466,110.93659656391594
2017-01-05,112.41688755776681,112.95024776260668,112.26714409135629,112.26892805753738,1277923.7179676744,0.1224521058085684,-0.0006783195844578538,112.19277384490987
2017-01-06,112.27967552490611,112.29959357310157,110.59214160574226,111.01065036045104,1206413.6100613617,0.12046002273664612,0.01650304928006685,112.84266459396184
2017-01-09,111.15001028966684,112.09792668932916,111.08473743770223,111.86069617520556,1325318.0044255254,0.12168102520115191,0.003287115309086319,112.22839518208814
2017-01-10,112.16797087750017,112.17906389118913,110.63029453766866,110.78919549086632,1275142.4111677809,0.1263294466264035,0.00937951443707341,111.82834434944465
2017-01-11,110.80776522999895,111.42941699389405,110.49834004484876,110.93659656391594,730608.1187628907,0.12642753129821985,0.00013657624340024377,110.95174786753026
2017-01-12,111.02962514522625,112.4814574473366,110.69528504629915,112.19277384490987,2441415.824851811,0.13189589344312694,-0.0027517750515912986,111.88404456887461
2017-01-13,112.122982326768,113.18031096851328,111.91893158804237,112.84266459396184,1117104.960541505,0.1321509774744615,-0.009817559793796171,111.73482498701934
2017-01-16,112.71804778463627,112.98011374049106,112.12540548452922,112.22839518208814,903489.6014507925,0.13378909011897913,-0.004069792215569135,111.77164893301025
2017-01-17,111.84644470261102,111.92788657404833,111.00476476103483,111.82834434944465,1170209.6388861837,0.1330446508364255,-0.005416169361766809,111.22266309700208
2017-01-18,111.81946591423102,111.92401705190458,110.75462377479654,110.95174786753026,1278671.854736341,0.12848257313141526,0.0007627628450834756,111.03637773840069
2017-01-19,111.33754386913974,112.52428913331474,111.15173036302613,111.88404456887461,1616087.7840856612,0.13126868602514516,-0.014850634655314998,110.22249549922327
2017-01-20,111.88073571377589,112.63933505281418,111.6080625177314,111.73482498701934,669830.9132462938,0.12744637930599062,-0.004909836239628929,111.18622529406947
2017-01-23,112.07029129960722,112.531664512139,111.64868354177057,111.77164893301025,1219970.713623773,0.11333724515685592,-0.0050531802312244745,111.20684664621061
2017-01-24,112.08984688327824,112.44547679224185,111.17972404969956,111.22266309700208,1271352.43855026,0.10797720849381832,-0.00465361292240607,110.70507587474945
2017-01-25,111.26578921378456,111.95800019282915,110.55359783363879,111.03637773840069,1215214.8993354272,0.10797950099264647,0.002370825684427036,111.29962563464863
2017-01-26,110.78782116354495,110.88470425495014,109.98489844568287,110.22249549922327,1313608.9530675635,0.10799971055824406,0.020898369759996926,112.52596596603564
2017-01-27,110.30436168712816,111.2344361957421,110.12247747208941,111.18622529406947,1831662.2107942987,0.10235289669975764,0.011992279735210554,112.5196016104981
2017-01-30,111.26695010968362,111.6799328918288,111.12328328722977,111.20684664621061,1031320.0296715125,0.10236443239696415,0.00783810030457821,112.07849706477944
2017-01-31,110.87238380113746,111.43986678635308,110.47415079555536,110.70507587474945,1602185.9174506261,0.10272857762342735,0.013839846582826887,112.23721714079619
2017-02-01,110.60824772496134,111.38719876102009,109.9299651814619,111.29962563464863,1034380.0185485266,0.10422990188181766,0.016650573496635346,113.15282823142635
2017-02-02,111.57044012209398,112.58255843516751,111.4766226773407,112.52596596603564,1659888.6621297689,0.11184669071231394,-0.003742242988998168,112.104866458819
2017-02-03,112.37538582104993,112.95482544762568,111.62544986915606,112.5196016104981,1325282.9108304246,0.10353958458775192,-0.007617931832503366,111.66243495560889
2017-02-06,112.42585358447666,112.51341251989192,111.86740340175572,112.07849706477944,1407567.3174902229,0.10134738274518491,-0.0054189172752300285,111.47115296085329
2017-02-07,112.26159041816085,112.54759419992155,112.20847834924736,112.23721714079619,913031.74660529,0.09469295245595419,-0.020107091722084913,109.98045312111464
2017-02-08,112.2564356859922,113.86861621871931,111.6101574699082,113.15282823142635,976387.194202067,0.09835828347334148,-0.03453818857144886,109.24473451257658
2017-02-09,113.06397036150308,113.10764861082939,112.02898143008689,112.104866458819,965060.58319542,0.09685378712117436,-0.013866535949026093,110.55036029800702
2017-02-10,112.27382391456088,112.80805967495218,111.24331681088184,111.66243495560889,1273387.2579586625,0.09525614642889765,-0.022989805146656495,109.09533733377823
2017-02-13,111.81692105865486,112.22563091922096,111.052135396899,111.47115296085329,1211140.865207388,0.09359872447818447,-0.01696002620617676,109.58059928540447
2017-02-14,111.26735902370852,111.75532066179726,109.62690990442516,109.98045312111464,877550.8755124989,0.10400268795241492,-0.011941784496845909,108.66709025107681
2017-02-15,109.71693170084411,110.13235887992894,108.8625488389873,109.24473451257658,902542.6079738425,0.1030485433275639,0.006190333165339901,109.92099581576853
2017-02-16,109.42971607849574,110.75897008561455,108.88993173653469,110.55036029800702,1245395.2954907073,0.10788748718806974,-0.024341432529373708,107.85940616171513
2017-02-17,110.66458177385461,110.79544681105057,108.79143302746454,109.09533733377823,1832009.8105861142,0.11678917611165866,-0.01267776485436023,107.71225230035348
2017-02-20,109.4001846909362,110.0385246563518,109.36887981967068,109.58059928540447,1454308.7519917337,0.1183939836095459,-0.024089858626086147,106.94081814045728
2017-02-21,109.92740034228926,110.3791530687545,108.35939909405853,108.66709025107681,810877.001342302,0.12051407511431375,-0.0037392882724646137,108.26075267489811
2017-02-22,108.43952003797162,109.99701697006168,108.36462447627648,109.92099581576853,1441609.3256182487,0.12858520940628468,-0.016911210555196954,108.06209871109115
2017-02-23,110.05775069587015,110.5330351013519,107.75159369790615,107.85940616171513,1790447.9523732038,0.14232675825323712,-0.0010875047684363315,107.74210854319355
2017-02-24,107.65358904588041,107.77797003459763,107.04769094451711,107.71225230035348,1159917.4416197878,0.13754912582770867,-0.0005533462412381507,107.65265013040779
2017-02-27,107.22819710803023,107.23706975045364,106.460550092566,106.94081814045728,1496297.8541766538,0.13878652354045135,0.02210391163794978,109.30462853512401
2017-02-28,106.94289390662978,108.48118721729001,106.53992327075385,108.26075267489811,1435335.4223916286,0.1472451468991879,0.0065182112536503745,108.96641913131229
2017-03-01,108.31824297398128,108.71888717565447,107.87536069988091,108.06209871109115,1111583.8117922258,0.14527001542775786,0.02050020558777388,110.27739395091484
2017-03-02,107.97100086608602,108.39118861331812,107.58002681224326,107.74210854319355,1108675.6771580302,0.1376506716419926,0.027007595354177516,110.65196381333399
2017-03-03,107.62553247985177,107.74848388096666,107.4459323183545,107.65265013040779,1134952.413456762,0.1375231295668202,0.01802610426659257,109.59320802623354
2017-03-06,107.67856430057047,109.9483391848153,107.53683308998163,109.30462853512401,1443226.3465509317,0.1506527669641153,-0.0012107688377676062,109.17228589706991
2017-03-07,109.32201409491704,110.12859102531847,108.56990742935392,108.96641913131229,1299022.0018873357,0.1504607779243033,0.0047680317884477574,109.4859744816037
2017-03-08,108.89830600291604,110.53393054662367,108.72605068843401,110.27739395091484,2257535.1266956273,0.15431474010527138,-0.018807102661104858,108.20339568168089
2017-03-09,110.23386581124068,110.74369612085572,110.17806010649396,110.65196381333399,914280.6026553931,0.15211493323551908,-0.02019538977534463,108.41730427471639
2017-03-10,110.46175906177355,110.66616032387878,109.28397485717716,109.59320802623354,1205850.8487195058,0.15503215482780913,-0.009409119209807582,108.56203246732947
2017-03-13,109.9940454722323,110.54393814110196,109.11473139165666,109.17228589706991,1589241.2074383227,0.15536567714700492,0.012600611297800546,110.54792343615125
2017-03-14,109.52089343856368,109.8178646605389,109.17895439341223,109.4859744816037,1042745.8661047779,0.14876224936563895,0.026357982836058946,112.371803917779
2017-03-15,109.64708379376518,109.75111965402179,107.78730094929692,108.20339568168089,1945618.1661634196,0.15269439853404806,0.03859163106673935,112.37914120799672
2017-03-16,107.9095001082774,109.06406077628263,107.62667823711016,108.41730427471639,978086.0830030624,0.1459175759414433,0.032056948878307345,111.89283225537487
2017-03-17,108.3717756540019,108.92486902075922,108.34289038856768,108.56203246732947,1136342.155883382,0.13869981370183643,0.03298982405673745,112.14347481766849
2017-03-20,109.02978465056019,110.63584780046374,108.77797323321593,110.54792343615125,1687588.1911577228,0.15284931200017396,-0.004120359184005773,110.09242628454834
2017-03-21,110.68691082679295,112.76859803066654,110.6162734845352,112.371803917779,1093220.7741819613,0.15913481053751422,-0.0212849977412517,109.9799703252087
2017-03-22,113.09552063122538,113.19377915231381,111.82726145908723,112.37914120799672,836117.745262397,0.15490570091666298,-0.029040904961392555,109.11554924853237
2017-03-23,112.33923082251906,112.35112263574193,111.74642394134611,111.89283225537487,1357738.9405072746,0.13784034447277518,-0.03666821605656534,107.78992170705376
2017-03-24,111.99227689910366,112.18837401788865,111.96727549016639,112.14347481766849,1202173.881352938,0.1373103573010093,-0.04537218887103023,107.05527989758761
2017-03-27,112.18909158650405,112.2057709041545,109.79288010063634,110.09242628454834,1912665.749651555,0.15209979673927634,-0.023003534600584907,107.55991134724938
2017-03-28,109.74745385251528,110.25561165498408,109.39976868116506,109.9799703252087,798935.5072288305,0.14676457931440057,-0.022283753714118726,107.52920375299566
2017-03-29,110.03842726440472,110.0945445318656,108.13504304485501,109.11554924853237,1521851.4123714855,0.1497427433770209,-0.014333182410706136,107.55157617730877
2017-03-30,108.82724442062351,108.84112762588515,107.08401218794265,107.78992170705376,1461375.520802653,0.15600226103205195,-0.00076482599582961,107.70748117284377
2017-03-31,107.88673001147052,108.34162787443984,106.84215477242202,107.05527989758761,1427168.342328344,0.15789453949934346,0.00018215576096669572,107.07478063356287
2017-04-03,106.43561956570197,107.66851442006778,105.9616921005127,107.55991134724938,1173202.0077946312,0.14819566394624148,-0.008311706014057507,106.66590498523296
2017-04-04,106.98733537634702,108.22211584153699,106.96869862158188,107.52920375299566,860711.7951588818,0.14794478483567086,-0.012673401803036555,106.16644294827336
2017-04-05,107.45839448336257,107.60353024880695,107.26521006477769,107.55157617730877,1239968.8762766207,0.14028740361821604,-0.012611729090877155,106.19516483526372
2017-04-06,107.71081753907539,107.74155390335804,107.49836817135476,107.70748117284377,1315757.3131081997,0.1396073642744702,-0.012114141738047812,106.40269747966782
2017-04-07,107.8093467799408,107.98805761313021,106.9578924406566,107.07478063356287,895485.2700137048,0.13730626453175024,-0.006487073061372084,106.38017870856255
2017-04-10,107.14573312089779,107.38920581650376,106.39693254459954,106.66590498523296,1274273.2190811944,0.13730047386052835,0.0036187656594195428,107.05190389922443
2017-04-11,106.44647394022117,106.48877754905106,106.0647051938641,106.16644294827336,850146.9679533833,0.13700130734156984,0.005777209636283365,106.77978874552406
2017-04-12,105.98617188545064,106.31661880650817,105.79739620466174,106.19516483526372,1180067.9611965304,0.13165395426306326,0.011899239919129112,107.45880657988998
2017-04-13,105.98630343381578,106.69503320966835,105.75819199110882,106.40269747966782,938667.9370650859,0.1316474042798695,-0.007100996397772952,105.64713230815137
2017-04-14,106.92045278609199,107.69247701533708,106.06582141216096,106.38017870856255,956804.8724124924,0.13141268464537972,-0.0021722311824826646,106.14909636717374
2017-04-17,106.75815569893484,107.30364726420399,106.1733186050074,107.05190389922443,1048333.1812448322,0.11381019408498737,-0.013934760275862601,105.56016128131405
2017-04-18,107.21144797520593,107.30641137597962,106.4024974362198,106.77978874552406,878742.500606829,0.09159280571634867,0.003274030352012458,107.12938901485838
2017-04-19,106.67282825509135,107.5033232340749,106.53195417858193,107.45880657988998,1053240.2200558572,0.09655122326814858,0.0013949912284125787,107.6087106724846
2017-04-20,107.57317094185856,107.58274848453537,105.35857794146307,105.64713230815137,1793053.3151615092,0.10955376194542642,0.027097639038879295,108.50992016493038
2017-04-21,105.56556114795475,106.8010650298532,105.5357184030917,106.14909636717374,1520897.811352189,0.11144608331157817,0.03323439494860936,109.67689735927839
2017-04-24,106.00811072177181,106.41974660089956,105.52743884544472,105.56016128131405,838195.7389113334,0.09593402769972045,0.053255008447720575,111.18176856209317
2017-04-25,105.76039986294931,107.7471083411915,105.72931226349114,107.12938901485838,1076429.030986421,0.11327262140865378,0.02536961116346448,109.84721995834485
2017-04-26,107.20335574991896,107.96870948248501,106.71084036395351,107.6087106724846,1406148.4848906018,0.11223793088264733,0.017088264685803267,109.44755680295405
2017-04-27,107.43504811520525,108.56960556680657,106.98951056819101,108.50992016493038,927303.4693385939,0.10796367269418705,0.0005043163674858242,108.56464349370414
2017-04-28,108.93709894631921,110.34507029726939,108.13327622510354,109.67689735927839,1267785.2913943997,0.11047150590766901,-0.00041901743283534465,109.63094082730555
2017-05-01,109.69842421558377,111.3579086201206,109.29387572515317,111.18176856209317,1182678.9659056903,0.11856531342185984,-0.02931247892683564,107.9227553140685
2017-05-02,111.0324017512398,111.4838396895796,109.54023125258769,109.84721995834485,1510363.883224741,0.12806215294522333,-0.013365652320388777,108.37904020802034
2017-05-03,109.28865929379299,109.45341985684657,109.2488781369091,109.44755680295405,915400.2215267605,0.12913993146192632,0.0027986691823709275,109.75386430726427
2017-05-04,109.95623187408384,110.49465258551083,108.42503954031504,108.56464349370414,1057171.507104403,0.13296960511418346,0.013485765209557021,110.0287207859195
2017-05-05,108.48194580506268,110.1091987149769,108.07726882055846,109.63094082730555,1019347.8263661367,0.13476052727599946,0.007453271103426751,110.44804995061519
2017-05-08,109.50301339734438,109.50405831933574,107.47651232845439,107.9227553140685,1053193.3509923269,0.14654067815144853,0.03821918060258844,112.04747459054583
2017-05-09,108.17306895179388,108.67367655611368,107.8828408012839,108.37904020802034,1195485.5359422292,0.14566995102865538,0.038745406623429846,112.57823019033715
2017-05-10,108.3532614138955,110.30749575949469,108.17563209778471,109.75386430726427,1639710.3138067066,0.15132026055614187,0.04136401506385212,114.29372480378592
2017-05-11,109.64196705134644,110.04734596479283,109.46416432393409,110.0287207859195,598616.0922347336,0.1513454656745784,0.059637424988487675,116.59055036836902
2017-05-12,110.129627120318,110.50778687317096,109.91471582089254,110.44804995061519,1513449.8346846686,0.15133805564345965,0.05098219038438945,116.078933460782
2017-05-15,110.45281569115787,112.28474746157517,110.42264175431754,112.04747459054583,759473.1766301988,0.1571473702614188,0.03524322947127456,115.99638944921725
2017-05-16,111.77011118203906,112.84655724885933,111.52409071235813,112.57823019033715,1384039.0641736176,0.15627621730526367,0.033324869279562686,116.32988499515466
2017-05-17,112.84275020287227,114.57190586593508,112.54079389633915,114.29372480378592,1140178.8324821084,0.16210791072124853,-0.00021239376738291238,114.26944952898661
2017-05-18,114.09035217260603,116.66911986216822,114.06168321639936,116.59055036836902,1073261.0146887875,0.1545445060147275,-0.023831935142389682,113.81197193377453
2017-05-19,116.65103421507078,116.72665853694554,115.57322386872393,116.078933460782,1034936.319727687,0.15809240463503396,-0.01700208046352214,114.10535009396195
2017-05-22,116.3186304775693,116.86276338198465,115.50652847409708,115.99638944921725,681811.1120897471,0.15490350768609434,-0.017226244720440764,113.99820725787748
2017-05-23,115.94368163912307,117.29360899975113,115.48114610735989,116.32988499515466,1263872.998332958,0.15031835461432644,-0.009611847624599212,115.21173986639408
2017-05-24,116.33361548570497,116.56845763653827,113.59176283475843,114.26944952898661,1356983.2850043988,0.16917160832250455,0.02162286185637674,116.7402820505561
2017-05-25,114.5003548555512,114.81501119221677,113.42039111927286,113.81197193377453,854094.6220341034,0.16972019527476426,0.021489337029438227,116.25771575664439
2017-05-26,113.79362454924099,114.19629930521351,113.40075551069081,114.10535009396195,1279860.364977827,0.16686663565036003,0.033676048530350444,117.94796740129883
2017-05-29,114.19542611984951,114.47828682895108,113.42892405862717,113.99820725787748,1008678.9413914545,0.1612683243589505,0.03271432591926171,117.72758176432323
2017-05-30,114.40880879588008,115.45746041918913,114.27335864301999,115.21173986639408,1393762.9573980859,0.15645437216438607,0.03021422752463354,118.6927735882262
2017-05-31,115.1703739424213,117.13717779383686,115.08886002086803,116.7402820505561,1337962.9257958964,0.1592368622006128,0.007962431642946965,117.66981856636201
2017-06-01,116.81292365567255,116.95052710562561,115.8460574301967,116.25771575664439,1062994.4663252963,0.156101199142906,0.014310645581996795,117.92143872301024
2017-06-02,116.34922414013418,118.20762994920298,116.09043772351976,117.94796740129883,2052669.6956633416,0.15950578673991095,-0.004905374568781595,117.36938844156901
2017-06-05,117.61915164728374,117.74817066744986,117.6067919587331,117.72758176432323,918416.261181408,0.14420103636148432,-0.005370326936372294,117.09534616082031
2017-06-06,117.06881790675644,119.43824924183177,117.04403114307237,118.6927735882262,1349718.1125004687,0.14482691625453467,-0.012381803303205485,117.22314301214489
2017-06-07,119.04957187211801,119.15393028835477,117.5061720638979,117.66981856636201,1053184.3323099783,0.14873275751533302,0.005387682573611441,118.30378619729203
2017-06-08,117.1838251309742,118.10047041888457,117.09533046220369,117.92143872301024,714319.0978862746,0.14877188895393373,-0.0032007473073452086,117.54400199553929
2017-06-09,117.85005781908107,118.30251414585796,117.09406390441238,117.36938844156901,1176549.3296348073,0.15157291025655054,0.007620621596286625,118.26381613786978
2017-06-12,117.3366707335432,117.36980858761473,116.69276892201681,117.09534616082031,1200617.2642042884,0.14647426382811254,0.006037033237543676,117.80225465755487
2017-06-13,116.88554410884946,117.24753926242715,116.79821679336268,117.22314301214489,1363851.4814980854,0.1462234329442059,0.008159915558851427,118.17967396066716
2017-06-14,117.4385907834822,118.7803679446146,117.09810405106658,118.30378619729203,1533150.1758123417,0.1404784640117219,-0.004589836425990201,117.76079117007114
2017-06-15,118.21395350146456,118.54948927082341,117.54107938217517,117.54400199553929,1166461.321548971,0.12529445235335532,0.003948740649036164,118.00815277426946
2017-06-16,117.69895459972817,118.45171711517044,117.53022203816786,118.26381613786978,883580.9345061793,0.12548139249503878,-0.003816564666679012,117.81245463585137
2017-06-19,118.21697869952011,118.55544234455255,117.52775342285001,117.80225465755487,954397.9930247663,0.12655287392564527,-0.02203515029115788,115.2064642715384
2017-06-20,117.88530671663337,119.32625804529671,117.50221237488796,118.17967396066716,855578.4781883371,0.12662963386322357,-0.031058713682885708,114.50916530398601
2017-06-21,117.70236997741013,118.34810183074532,117.69656052049145,117.76079117007114,693827.1259550285,0.10770241087051513,-0.020483363548879807,115.34865407273087
2017-06-22,117.71320142228574,118.13387976560928,117.69702007199108,118.00815277426946,1014785.2714629986,0.10570560018020005,-0.018362125188371103,115.8412722997799
2017-06-23,118.13435178977356,118.39491944079639,117.6416609030954,117.81245463585137,918715.8660968336,0.10637706616745288,-0.011997497601860196,116.39899999388848
2017-06-26,117.99549757996196,118.13873433624222,114.63083090031442,115.2064642715384,1376980.9863259401,0.1356730802897332,0.013641301705302533,116.7780304090676
2017-06-27,114.9478202536254,114.9851528141971,114.11824685603948,114.50916530398601,1487352.2168814167,0.13211414749780812,0.042054066550264446,119.32474136229507
2017-06-28,114.57940789770106,115.36187971790471,114.3192986440363,115.34865407273087,1497028.1876641668,0.12556310122692568,0.035724657394535786,119.46944522039999
2017-06-29,115.28107614237538,116.29499359518891,114.82877036056806,115.8412722997799,1208905.5527297151,0.1259424947385557,0.041515969452592394,120.650535021927
2017-06-30,116.16886563183543,116.62445673087717,115.70304392834234,116.39899999388848,1161135.1256376496,0.11517019615761584,0.023241511831847195,119.10428872946162
2017-07-03,116.78040466794819,116.98733934518575,116.42710355568958,116.7780304090676,1136169.7804187282,0.11587706227503777,0.019035358053803186,119.00094203072211
2017-07-04,116.66638574068685,119.7968332009236,115.93636486741147,119.32474136229507,1623541.9932855535,0.1373244850991743,0.004488230798925574,119.86029834155114
2017-07-05,118.80305437784594,119.63612382152638,118.61892921215858,119.46944522039999,1047717.6603770622,0.13322810057174375,0.00669899450588507,120.26977037755258
2017-07-06,119.18719698180182,121.21220133651704,118.88481417345524,120.650535021927,963877.1390111828,0.13704978257007502,-0.003958877392424509,120.17289434644476
2017-07-07,120.58469106696978,120.68621805965209,118.69948502504414,119.10428872946162,1006572.2038322866,0.14450311352721895,0.015017298779308685,120.89291341920898
2017-07-10,119.32756573653447,119.84348563744489,118.95157395463302,119.00094203072211,611209.7075186357,0.14417803264120727,0.01561812503922777,120.85951362314383
2017-07-11,119.04298398241193,119.92271079559217,118.92517500449577,119.86029834155114,810360.3887922879,0.14594714019461785,0.016170389338052926,121.79848603190919
2017-07-12,119.47797348118924,120.70590600945677,119.33058211390576,120.26977037755258,750999.3382067105,0.14312012639995456,0.007922843810870495,121.22264898342317
2017-07-13,120.56801745717098,121.07604225257708,119.85173818917308,120.17289434644476,1210789.2399713274,0.14069615036156843,0.024456327230503616,123.11188197481815
2017-07-14,119.94545908798669,121.40091556564605,119.80497415288632,120.89291341920898,1552711.5007578037,0.1406348327087908,0.016790736268428974,122.92279444515295
2017-07-17,121.39246981611801,121.96396922853377,120.79642206239957,120.85951362314383,794522.1683330705,0.13949557576443958,0.02887188274679997,124.3489553293065
2017-07-18,121.26065153411632,122.14527457467625,121.10241441202089,121.79848603190919,1685943.454602257,0.1412441897593032,0.016376082132780745,123.79306804281609
2017-07-19,121.63374128910333,121.67619259441335,121.20191346380646,121.22264898342317,746436.081862685,0.1418709932227106,0.015886686675492534,123.14847522579602
2017-07-20,120.88273065653969,123.17384431410383,120.80137491793496,123.11188197481815,1199354.7977754069,0.15045789241244795,0.010032749538612329,124.34703265189869
2017-07-21,122.69632694344853,123.16685246834253,122.2173516506325,122.92279444515295,1040018.4717543504,0.1504172796136572,0.0038681416428376636,123.3982772252002
2017-07-24,122.87541458987371,124.67506812734995,122.86419364170642,124.3489553293065,1422782.0616009617,0.12340060515403929,-0.030013514905615324,120.61680610503267
2017-07-25,124.57358980536414,124.84664766336998,123.55667662545318,123.79306804281609,1182269.5977827853,0.1218337414520864,-0.03207030983073589,119.8229859957856
2017-07-26,123.46518711206832,123.73934476939331,122.98556896539789,123.14847522579602,1395805.4550172612,0.125276268352697,-0.031201171050403542,119.30609858567958
2017-07-27,122.91747952936358,124.49178987201505,122.23449681634433,124.34703265189869,1214772.0135083634,0.12731752247480757,-0.0364852777231921,119.81019663153933
2017-07-28,124.35954926595846,124.5033283423554,123.32444378919064,123.3982772252002,979452.0304902785,0.13324162594103175,-0.03654267086596341,118.88897459513281
2017-07-31,123.42774758903812,123.73962067181121,120.57389678563231,120.61680610503267,1235104.4198372054,0.16103953228418882,-0.02604685723257638,117.47511737656554
2017-08-01,120.51263103521615,121.36750524389043,119.79604305568009,119.8229859957856,1340638.1053616279,0.14464267441065237,-0.014557609562547036,118.07864974904041
2017-08-02,119.44955447728265,119.80239234119364,118.97154180377302,119.30609858567958,1253417.902082413,0.1454815995917697,-0.006460459258675222,118.5353263964553
2017-08-03,119.49134350751257,119.96415039578216,119.38911610267995,119.81019663153933,918534.2580273179,0.1417035009168575,-0.009188357692779814,118.70933768964646
2017-08-04,119.77635177175571,120.25881614210834,118.87548569931896,118.88897459513281,1121663.683450208,0.13678631606595892,0.0012296500519617393,119.03516642892139
2017-08-07,118.6518113778733,118.77337621151166,117.34049101243308,117.47511737656554,1934234.5747545334,0.14310676084595442,0.006249790907883135,118.2093122970481
2017-08-08,117.23036258829434,118.4395424133292,116.67223354005267,118.07864974904041,1450435.5643842255,0.1417799688088588,-0.014906331967597608,116.31853019759552
2017-08-09,118.2817106522147,118.83242060060707,118.24710442655001,118.5353263964553,1504042.6944403327,0.14196313266990604,-0.015086369545631584,116.74705865822632
2017-08-10,118.52064481188683,119.35689083404162,117.7704214716769,118.70933768964646,1243229.6592106128,0.14216740157593896,-0.01737650708552596,116.64658404216422
2017-08-11,119.12266446311205,119.18661643736651,118.9690384587128,119.03516642892139,1073816.8775502483,0.14063752748586333,-0.01703452313207443,117.00745913285759
2017-08-14,119.51348683004291,119.87133572603766,118.1492276119405,118.2093122970481,1331086.0969186851,0.14232610542803242,-0.0042021962854233985,117.712573564011
2017-08-15,118.23434822950672,118.41958546967267,116.30615094954234,116.31853019759552,2387280.297895878,0.14765048343609535,0.01501300965108432,118.06482141405196
2017-08-16,116.37338701206734,116.94870982559685,116.21780493860568,116.74705865822632,876574.9949142864,0.1487989297542862,0.015553207995615326,118.56284994441401
2017-08-17,116.75392563594228,116.91914735728737,115.89667255107855,116.64658404216422,866527.096369782,0.13397253496900333,0.014409088931475855,118.32735504518064
2017-08-18,116.30924422718046,117.70860693234255,115.94973649673939,117.00745913285759,1424267.6196253826,0.1354869088842112,0.011856562436556528,118.39476537760916
2017-08-21,116.98397153637949,117.7793080529603,116.70888244424721,117.712573564011,1245468.8718577193,0.12912503914491444,0.005339103667877376,118.34105319728188
2017-08-22,117.49797438480043,118.31306696972878,117.37498602096471,118.06482141405196,960356.80329357,0.13048339824838256,0.00886027787294097,119.11090853879962
2017-08-23,118.19164230401495,118.93495559642543,118.0573162338003,118.56284994441401,1491619.9155875668,0.13201092931927622,0.004989791924724374,119.15445389563895
2017-08-24,118.53573708724822,118.87595586144306,117.91980144229358,118.32735504518064,1131616.8311165923,0.12471096759436032,0.010757374596590541,119.60024672842542
2017-08-25,118.92743349432152,118.96962204020014,118.21785697117708,118.39476537760916,978440.5865202759,0.12358387155919856,0.00533867693549106,119.02683678081347
2017-08-28,118.43364385569096,118.68277105432615,118.2081923764927,118.34105319728188,1152798.7349336671,0.09699367470480086,-0.010828807264520512,117.05956074072814
2017-08-29,118.22187513269922,119.1401869442284,118.13399045825815,119.11090853879962,1973163.3089224903,0.09800658255964231,-0.03881042613378205,114.48816342122687
2017-08-30,119.28090958048824,119.50701050962248,119.03824562963116,119.15445389563895,1213805.398433631,0.09685278992736543,-0.05240856854233822,112.90973953152448
2017-08-31,118.78684491791232,120.01666021041657,118.74351746650228,119.60024672842542,1513392.4034513023,0.09658459908853516,-0.05473737890176189,113.05364270650739
2017-09-01,119.80797700906032,119.81790250208604,118.68902541100368,119.02683678081347,1464018.7020486689,0.09406988495509037,-0.04443220427701322,113.73821205452165
2017-09-04,118.99883503831519,119.2178396902532,116.49026821594646,117.05956074072814,1680399.3420713297,0.10291497566103537,-0.020240945389028098,114.69016456451145
2017-09-05,117.45439493093171,117.51281414414628,114.42289588065498,114.48816342122687,1624439.4882905146,0.1266538207710845,-0.002515898553128837,114.20012281652502
2017-09-06,114.54192115151942,115.20788741189551,112.64585557562256,112.90973953152448,1274872.3742739502,0.13209430057614358,0.006247538486927606,113.61514747479666
2017-09-07,112.95744234196964,113.50337111280658,112.37609059653951,113.05364270650739,868029.3660305594,0.13202100739210135,0.011877680724075468,114.39645777926899
2017-09-08,113.17794530678366,113.87452097713597,112.85578460905674,113.73821205452165,1079445.3500516857,0.13423797566279178,0.005931050378231051,114.41279912014694
2017-09-11,114.01132794136066,114.79916757939692,113.6294031008329,114.69016456451145,1679743.6174763276,0.13807369063139563,0.0028480426082169163,115.01680703993458
2017-09-12,115.00081623898605,115.32106775546517,113.6132143611807,114.20012281652502,1155237.9099412523,0.12759424530414068,0.019388241399568296,116.41426236555215
2017-09-13,114.09202421598198,114.1863190858481,113.52982757094415,113.61514747479666,1432464.0104653246,0.12723795840704802,0.05257638835513845,119.5886215914579
2017-09-14,113.52267836992459,115.16984917833818,113.2301764778384,114.39645777926899,966022.834930505,0.13053640869870195,0.05098934813102596,120.22945858993235
2017-09-15,114.41560593543011,115.39783202875431,114.23784548370534,114.41279912014694,1383287.5945837921,0.129744515110001,0.05504859348784108,120.71106278871792
2017-09-18,114.15358481012152,115.29072442030593,114.04007584047359,115.01680703993458,1633489.9835680502,0.1292272481516373,0.05831954271257067,121.72453463076354
2017-09-19,114.94457109539626,116.78626188386637,114.90266296344156,116.41426236555215,1537802.079326059,0.13695534390633893,0.056173756846957135,122.95368883319256
2017-09-20,116.16075446620987,119.75240546362411,116.10253986662165,119.5886215914579,2141560.5308571155,0.1686372515646434,0.02357726242888991,122.40819390622892
2017-09-21,119.71735159442771,120.57566233677595,119.44019316311449,120.22945858993235,853443.7118175235,0.1692244308513379,0.015930382394294895,122.14475984032902
2017-09-22,120.56244899257766,120.8164162342031,120.5419573003675,120.71106278871792,1229567.2743754976,0.1695876493708354,0.005553997099872143,121.38149168136894
2017-09-25,120.76323044388411,122.07542765948685,120.71268433416668,121.72453463076354,997573.2219847934,0.17146425074525945,0.0015490302820111435,121.9130896209703
2017-09-26,121.3138880805586,123.34903546253774,121.25810387666226,122.95368883319256,1867008.3808852741,0.17332869297341244,-0.0038522471128740188,122.48004084036768
2017-09-27,123.03744668321603,123.6231726523319,122.35118899234347,122.40819390622892,902000.9113037253,0.17463231287141776,0.0034727424970193432,122.83328604319045
2017-09-28,122.72405467263575,123.06857644992867,121.55831738299177,122.14475984032902,980568.6737620875,0.17483963453758886,0.014059903648229621,123.86210339482018
2017-09-29,122.56701357166557,122.68580419030822,120.98985003613416,121.38149168136894,1047326.7181283464,0.17556590568326413,0.024466641878613693,124.35128916902892
2017-10-02,121.29697077520751,122.23804166267266,120.89891605227693,121.9130896209703,827941.5991425526,0.16306151398667287,0.010030517147235907,123.13594095688596
2017-10-03,122.0815213723842,122.99949996047962,121.97684328295439,122.48004084036768,1425528.9639575353,0.1361441087333022,0.0026159326071064637,122.80044037292173
2017-10-04,122.47088067886834,122.86346735914334,122.16690883794871,122.83328604319045,1340638.6634394582,0.120126611006317,-0.009581816268414922,121.65632006467895
2017-10-05,122.99550346321067,124.0674040147124,122.17404334889355,123.86210339482018,1312081.2215350785,0.12043966284099211,-0.01457698302266952,122.05656761648176
2017-10-06,124.23741133264542,124.73253298749269,123.40438069851061,124.35128916902892,1315342.4639270988,0.12033476304887955,-0.0221327400101482,121.59905441592404
2017-10-09,124.48043889704637,124.90609249023129,122.67557843419107,123.13594095688596,1124779.0007501459,0.12947785904831285,-0.013438425997164605,121.48118772674562
2017-10-10,122.71761421284582,122.87637794483042,122.66621514213222,122.80044037292173,1266480.2069087978,0.12834254610280832,-0.018094730144285198,120.57839954277432
2017-10-11,122.91732321281611,123.33580668418328,121.05260752523904,121.65632006467895,1732793.1914598504,0.13293433920017006,0.016181480330832665,123.62489941492703
2017-10-12,121.80966719605527,122.41250229065768,121.6959854559932,122.05656761648176,998629.0928910752,0.1323191752732287,0.02095312672063443,124.61403434483557
2017-10-13,121.97139344830309,122.15108287281315,120.94030678877718,121.59905441592404,1018974.3195870786,0.1342491438857674,0.017469687035449377,123.72335184037682
2017-10-16,121.97072144425461,122.06588339371773,121.32352327568488,121.48118772674562,812700.2093335339,0.13472549355448316,0.0028506234242187123,121.82748484608139
2017-10-17,121.51222347188853,121.52815380001016,120.56701497865392,120.57839954277432,1902012.388486454,0.13457688554624364,0.0006897308302564742,120.66156618240196
2017-10-18,120.63783237800503,123.70819684132827,120.58237294907558,123.62489941492703,1464257.676543784,0.12964768710518382,-0.021808421352353946,120.92883551884393
2017-10-19,123.23458483233375,124.74314693035149,122.94396965202279,124.61403434483557,1500438.6778265508,0.13097126471537868,-0.019938221583914673,122.12945211560269
2017-10-20,124.51300396632828,124.5610142785942,123.55773549838068,123.72335184037682,776746.5658584106,0.13444545399708413,-0.008881234674411709,122.62453571797762
2017-10-23,123.86511485188032,124.14753539086877,121.4864033485329,121.82748484608139,1654610.7915330736,0.14380210096573903,-0.00598386334771106,121.0984858247671
2017-10-24,121.85745030199675,121.96536095101881,120.37347205934725,120.66156618240196,1203439.4372632771,0.1425733999000865,0.005087249313732167,121.27540165215723
2017-10-25,120.35644715408559,121.32383719636476,119.88716586876201,120.92883551884393,805951.1099674604,0.14234134063576828,-0.0036792649329900895,120.48390629493211
2017-10-26,121.01282644642677,122.53221887649016,120.71617112343463,122.12945211560269,944641.4184943679,0.1469448624153903,-0.021036667126331787,119.56025548512548
2017-10-27,122.31835620370626,122.82382877893491,121.928658815517,122.62453571797762,1065078.9349493969,0.1456471323601253,-0.03502799927886102,118.32924356927764
2017-10-30,123.20757677397519,124.26594857393785,120.81865987543733,121.0984858247671,1026475.0627463512,0.1518891086643669,-0.028179849667473,117.68594869926655
2017-10-31,121.17694816756982,121.80490385564428,121.09366017729751,121.27540165215723,811337.3513415637,0.15093154950713075,-0.0348498562558166,117.04897133721313
2017-11-01,120.91700819143291,120.95627616095396,120.28594959043899,120.48390629493211,1101951.844796538,0.15186690127019092,-0.03977108641744331,115.69213044576523
2017-11-02,119.95267294594149,120.61428494375406,119.05373034723301,119.56025548512548,1529539.8112185728,0.14949801656185682,-0.044560118908568036,114.23263628396951
2017-11-03,119.46683303066264,119.90694958015666,117.41543123588563,118.32924356927764,1020022.467660319,0.15087343066617992,-0.03163656158299499,114.58571316802897
2017-11-06,118.34063590982106,118.65397303457944,117.33951374349103,117.68594869926655,1195042.5212036073,0.1488478232008542,-0.018015248086318603,115.5658071371755
2017-11-07,117.99708168237122,118.35265146881362,116.96694730086784,117.04897133721313,1088757.1555006972,0.14927401503991228,-0.02124839724667482,114.56186829692537
2017-11-08,117.16734558987733,117.56392973613112,115.26682216104786,115.69213044576523,899524.1860026724,0.15089133076208538,-0.016655692383297338,113.76519790989225
2017-11-09,115.35898469829058,115.48860016587012,113.97339689225778,114.23263628396951,1668670.3100430942,0.15338378346070142,-0.010628146128244587,113.01855513292887
2017-11-10,114.45363022568405,114.86597286839688,114.34355268769545,114.58571316802897,1024937.332335716,0.1550092107873429,-0.005293124670117888,113.97919670281622
2017-11-13,114.46286280568826,115.63958142413841,114.31460237498297,115.5658071371755,873981.483210446,0.16019799001533136,-0.012539556248282957,114.11666319820067
2017-11-14,115.5493859892403,116.08860182714014,114.09796740975888,114.56186829692537,790574.7120434812,0.16077736969400147,0.000337110472846458,114.6004883025171
2017-11-15,114.89585759942894,115.2833135353296,113.57281576295728,113.76519790989225,970838.9982564783,0.12325840412419059,0.02402439063101336,116.49833746469405
2017-11-16,113.97303215246909,114.30387486675512,112.54100824663873,113.01855513292887,833714.3469781848,0.11481762578261308,0.03055733405061889,116.47210087604407
2017-11-17,112.91170491317565,114.02582256102383,112.54870000520984,113.97919670281622,794483.9263794079,0.12374597249416971,0.017668221892511715,115.99300644129183
2017-11-20,114.22593440124005,114.6671908380162,113.87533855816712,114.11666319820067,558082.7554126509,0.1175539617590773,0.024624063355536352,116.92667914271556
2017-11-21,114.13167861985004,114.84386058147003,113.82160641965984,114.6004883025171,800305.1945867756,0.11790762185672113,0.032355153160222416,118.30840465378132
2017-11-22,114.99080691263062,117.07445451141471,114.93921955195633,116.49833746469405,1262371.2783414342,0.13530504326290504,0.012343155520001092,117.93629456184233
2017-11-23,115.99251017386301,116.50965526571008,115.58445220548687,116.47210087604407,481393.76974761876,0.1282166262793944,0.016423227348013825,118.38494866843214
2017-11-24,116.51450510691197,116.80942430828328,115.73362918393347,115.99300644129183,900850.4103727976,0.12607646179761162,0.026840445705748506,119.10631043292585
2017-11-27,115.95731946763708,117.58583971001251,115.86769075087695,116.92667914271556,1210075.3802068513,0.12615397512682194,0.026227355772097338,119.99335675584142
2017-11-28,116.77428537660923,118.53474796785565,116.52804997529933,118.30840465378132,925260.630710208,0.13468616800654182,0.005481652856076824,118.95693025804961
2017-11-29,118.45526923842456,118.9819287411545,116.98458162877078,117.93629456184233,594813.9102059499,0.1334428804703425,0.0053709861555713,118.56972876717336
2017-11-30,117.91197136359291,118.54699211248833,117.62755152268944,118.38494866843214,468464.9228033966,0.1320870156205073,-0.002207422498038958,118.12362306931226
2017-12-01,118.20009537395988,119.49745178053837,117.8152632142498,119.10631043292585,530571.3105784995,0.12866881637556107,0.005472260989395794,119.75809124909883
2017-12-04,118.81535147527666,120.35506878415039,118.47888869974695,119.99335675584142,995902.507216932,0.12909961549304053,-0.0010401875302965546,119.86854116242557
2017-12-05,120.19664017221906,120.49121059689921,118.86589053369254,118.95693025804961,1059415.9154457545,0.1317062071160382,0.00896676917047734,120.02358959290211
2017-12-06,118.9432392053092,119.1955783139151,118.38595198195516,118.56972876717336,973069.7946250923,0.1243889375257934,-0.011758975354578594,117.1754702488011
2017-12-07,118.57724330812759,119.12357895839301,117.97797354769367,118.12362306931226,592346.5626654024,0.11490038957171773,-0.015338595646336217,116.31177257877185
2017-12-08,118.25628971697672,119.93352421757758,118.14479395553083,119.75809124909883,909504.4770497656,0.12269196894122283,-0.03411070151728213,115.67305874422138
2017-12-11,119.83191079694122,119.95755208372735,119.73359457024078,119.86854116242557,820335.3672650883,0.12045218043376409,-0.042321207454773635,114.79555976458948
2017-12-12,119.99212255243658,120.19164075395716,119.79137021147311,120.02358959290211,1080845.5618776178,0.11389630716313814,-0.04729928247284443,114.34655992534269
2017-12-13,119.71438488612338,120.17603917306513,116.21761547085411,117.1754702488011,1380086.6457606738,0.14373964025194416,-0.010432896685899973,115.95299067357362
2017-12-14,117.26724761244776,117.58816219498785,116.23996393808157,116.31177257877185,744786.4644722914,0.14436925345174875,-0.003359309450524095,115.92104534194077
2017-12-15,116.32361202714833,116.50274062717298,115.34122098995918,115.67305874422138,581219.1194420098,0.14388326864303017,0.002701944620342678,115.9856009430139
2017-12-18,115.71599597473526,115.99437440522361,114.59801498827123,114.79555976458948,918863.2075780408,0.1468887954484941,0.011513036573005175,116.1172052425778
2017-12-19,114.82984298881631,114.91961439328665,114.24267783069939,114.34655992534269,549485.2827791993,0.146866269582192,0.008853375074114656,115.35891290879647
2017-12-20,114.25498295623304,116.06453632381067,113.80969265522516,115.95299067357362,1317382.3708625203,0.1433217327533437,-0.012262152031001117,114.53115747348501
2017-12-21,116.41874929173187,116.53170344606913,115.88038053400018,115.92104534194077,875358.2357486059,0.14332198105395436,-0.00751283745120912,115.05014937111252
2017-12-22,116.20935957813595,116.48463345288006,115.69533871992854,115.9856009430139,1624493.4819195387,0.14258677809746037,-0.011431185517337905,114.65974802129439
2017-12-25,116.20243088500418,116.64583556933455,115.82772284573488,116.1172052425778,648430.3525513143,0.1395115331249765,-0.00824198219786032,115.16016930410318
2017-12-26,115.34257027675385,116.09590020368869,115.1145069053398,115.35891290879647,909069.4723745007,0.13342656518757678,0.005544312873464463,115.99849881470557
2017-12-27,115.61410775019016,115.6337541877097,114.31920379694895,114.53115747348501,882916.0985004548,0.13495291638086548,0.00437481980952148,115.03221065000744
2017-12-28,114.6998196471078,115.19040368540294,114.33651671553037,115.05014937111252,1412952.2209647135,0.13535107827751405,-0.020141496218389454,112.73286722262912
2017-12-29,114.93953406495844,115.29632738715732,114.59266095184748,114.65974802129439,815545.2024786334,0.13255172252960987,-0.012903172358574966,113.18027352998486
2018-01-01,114.65761425263531,115.3173974971869,114.0658936672791,115.16016930410318,743646.978281404,0.13010736480512533,-0.01166602801055816,113.8167075433009
2018-01-02,114.86331714822755,116.17442726811464,114.7242173295629,115.99849881470557,989775.1977675195,0.13163134101517351,-0.02096306458219588,113.56681479261512
2018-01-03,115.45402866878587,115.63126721685511,115.02544717561703,115.03221065000744,899478.2573592522,0.13388263029329348,-0.017935404589947024,112.96906141112355
2018-01-04,114.68539404829718,114.84606512302125,112.48340536761802,112.73286722262912,966387.119569729,0.14907951307185846,0.006945977090800914,113.5159071357378
2018-01-05,112.84717219068246,114.02545686842997,112.82642490996854,113.18027352998486,1277475.4609305265,0.13867235131378564,0.0002821719798058453,113.21220983184178
2018-01-08,113.15738389329728,113.88552281774845,112.631167442846,113.8167075433009,1504173.6295604312,0.14131752887179308,-0.013782726518542288,112.24800298999067
2018-01-09,113.47636283278212,114.04933085970403,113.35380107746579,113.56681479261512,1332957.6601528625,0.1406001188339732,-0.010691945823577464,112.35256456149622
2018-01-10,113.57955384477872,114.46920700397796,112.90242871312407,112.96906141112355,1389134.0037398392,0.11736844679439978,-0.004910369547409199,112.41434157217097
2018-01-11,112.72445028716449,113.68333457200804,112.64697068248466,113.5159071357378,864038.3875091248,0.11768510837305106,-0.013603129686228566,111.97173552952049
2018-01-12,113.56036964101494,113.97798225991923,113.1605632319911,113.21220983184178,1345034.2458613468,0.1167405980719872,-0.008066249026052463,112.29901195454843
2018-01-15,112.80019846196514,113.05106670613748,111.823139097366,112.24800298999067,1405781.3903485013,0.11747632920077913,-0.004485610433421439,111.74450217664804
2018-01-16,112.58880016822846,112.62710905796966,112.29039618150344,112.35256456149622,1346627.9644371986,0.11719409358296476,-0.01213132381592652,110.98957921925093
2018-01-17,112.23617227376064,112.6079130371791,111.59134391659708,112.41434157217097,839593.378705976,0.10341358214168019,-0.0009498405861928516,112.30756586807557
2018-01-18,112.08523223028641,112.24768661534013,111.38848641707833,111.97173552952049,1316550.1106605572,0.10364188151475098,0.001946529454697421,112.1896918108223
2018-01-19,111.70114148277702,112.97799074215199,111.63659907465194,112.29901195454843,872728.3751905216,0.1046638506287747,-0.017309537381452467,110.355168009221
2018-01-22,112.09780560984805,112.10628089859465,111.38241768630009,111.74450217664804,672726.8717753033,0.10478442481598417,-0.021797866637300656,109.30871042074992
2018-01-23,111.70767638346649,111.75231362377174,110.8079735385334,110.98957921925093,1391704.4685115144,0.10491958951566503,-0.009369984699868272,109.94960856012173
2018-01-24,111.07814471699581,112.93118393808312,110.9104797533905,112.30756586807557,1125334.188882713,0.11366155221550148,-0.03063379166390845,108.86715929299227
2018-01-25,112.38014272340202,112.50990339007174,112.01098351198162,112.1896918108223,599808.8817070929,0.11179947837333022,-0.02108127672021054,109.82458987260321
2018-01-26,112.22519873764396,112.54517730914847,109.93455730958857,110.355168009221,1788234.3887732653,0.12392385105415674,-0.014194075640213688,108.78877840720963
2018-01-29,109.99602340389896,110.01982048591164,109.16564894372134,109.30871042074992,1741634.7842270362,0.12441284096777254,-0.0031665750515129654,108.96257618541851
2018-01-30,109.55922183839009,110.09587983624047,109.20815687393093,109.94960856012173,970067.4894211694,0.123018558221518,0.015580840430142073,111.66271586645358
2018-01-31,109.65530909051603,109.65885497866988,108.7883198229528,108.86715929299227,1179616.8239142871,0.12406004846439501,0.029358874567844584,112.0633765672328
2018-02-01,108.8045260741726,109.89587641835433,108.6426605442136,109.82458987260321,1467323.4374576402,0.11245328755003889,0.015948545571885964,111.5761323491001
2018-02-02,109.80779608527183,110.23836067687895,108.51698497773094,108.78877840720963,1070039.7568466524,0.11420081563234696,0.017844677354092786,110.7300790576322
2018-02-05,109.17515783003702,109.3302902695035,108.59669903368247,108.96257618541851,880683.0167419456,0.11152170469104349,0.026398170698461954,111.83898887130535
2018-02-06,108.94567076124505,111.93742724120327,108.88101428291459,111.66271586645358,1770944.8499296193,0.14688765522297167,0.006050463499145398,112.338327053019
2018-02-07,111.99719578227369,112.32232028237108,111.9812355212627,112.0633765672328,1280953.7349918764,0.1466842145060053,-0.00497420179505359,111.5059507183523
2018-02-08,111.91915186768843,112.02277720558149,110.88747218794039,111.5761323491001,1397392.2578425414,0.14598624394434034,-0.007552099400547019,110.73349830687111
2018-02-09,111.64732323983439,111.69364801698696,110.33634048800647,110.7300790576322,858425.3831475874,0.14784030444912746,-0.017582903438251085,108.78312276985194
2018-02-12,110.39903431776271,111.96405155046179,109.87507620789522,111.83898887130535,1124692.152354369,0.15007179482756083,-0.03690030291809476,107.71209630390075
2018-02-13,111.78470095298047,112.47610536578459,111.56342875953345,112.338327053019,1163844.1317684106,0.15092810413897442,-0.03456216671592305,108.45567106482467
2018-02-14,112.4626581502115,112.91895557685599,111.4748932794736,111.5059507183523,1085578.6857593479,0.1531963680088235,-0.027022541218702067,108.49277656893506
2018-02-15,111.51099680177444,111.78413523960418,110.39339265643947,110.73349830687111,942587.3240850465,0.1544843276809398,-0.02827743680025907,107.60223880682697
2018-02-16,110.57532449368483,110.61095794837603,107.93766166577502,108.78312276985194,2608556.547960644,0.1652531689257424,-0.00229488685140955,108.53347781175214
2018-02-19,108.97059621573077,109.57559357091769,107.32008460637077,107.71209630390075,951844.005593613,0.16749539508062666,0.0009075976350279014,107.80985554777007
2018-02-20,108.06684105548437,109.51196146767884,107.97736936359321,108.45567106482467,785663.4715791749,0.16912666832100348,-0.004665792425130655,107.94963941630795
2018-02-21,108.55437140066795,108.64960109584446,108.06068150475961,108.49277656893506,700468.7996824994,0.16220452445752878,-0.0025309621917889435,108.21818545335688
2018-02-22,108.30208372591204,108.50920430467004,107.25614949619867,107.60223880682697,1302936.58034957,0.1638196834382378,0.008330325972724095,108.49860053148275
2018-02-23,107.83219739798369,108.77863306220506,107.70236417960565,108.53347781175214,1378842.8063191704,0.15880487104535368,-0.004095203386266455,108.08901114589418
2018-02-26,108.61726589617322,108.96437629687523,107.73379102169756,107.80985554777007,1298535.911727982,0.15706455368282327,-0.0013021818859808576,107.66946750674555
2018-02-27,107.34970174137275,108.03999587921061,106.92935118000348,107.94963941630795,1019302.5925297434,0.15538278573655437,-0.008934787371265296,106.98513234131848
2018-02-28,108.07152851638925,108.5070770027819,107.7327750305393,108.21818545335688,1152986.9941454653,0.15206846883467168,-0.011585797059076253,106.9643915185928
2018-03-01,108.15766941787359,108.67739417363998,107.76371936670675,108.49860053148275,1364630.6941098005,0.14872963568164538,-0.01647042608112792,106.71158235152313
2018-03-02,108.55698319815694,108.80994256329289,107.875157080724,108.08901114589418,1411627.1024462802,0.14557942547200237,-0.017904575325604744,106.15372330396238
2018-03-05,108.0535991223518,108.2775708463989,107.59572197903127,107.66946750674555,1144226.211850685,0.1459394641169105,-0.006573309166346908,106.96172280904777
2018-03-06,107.69975754408068,107.84765077680704,106.84822649593306,106.98513234131848,2170450.978737239,0.11219117825342842,-0.004159649656559128,106.54011167231798
2018-03-07,106.91527986009795,107.00325305713277,106.8161900938315,106.9643915185928,1271739.2155541638,0.11043131344819786,-1.2898023419749549e-05,106.96301188936592
2018-03-08,106.6881183991457,106.9124098090459,106.61262306972368,106.71158235152313,1834508.7397505941,0.11016819707729279,0.01201196200956911,107.99339782471064
2018-03-09,106.83758303011714,106.93170929504456,105.83819527998396,106.15372330396238,1063627.7467445391,0.10895351623578314,0.026112269383738784,108.92563792296231
2018-03-12,106.40452814603167,107.63252693448469,106.19398825803079,106.96172280904777,1081294.8345156088,0.10569929864470998,0.029192467442439973,110.0841994197382
2018-03-13,107.07183009258978,107.22025326845936,106.2315234759787,106.54011167231798,832132.9584316242,0.1028361013474892,0.0324920986022037,110.00182348586473
2018-03-14,106.6745749699062,107.48748038002218,106.64166886351912,106.96301188936592,1479503.7237545294,0.10374437966050387,0.04743195062040351,112.03647618751195
2018-03-15,106.9826740818519,108.01565563904086,106.78709382900308,107.99339782471064,1120502.960858196,0.10990463131236987,0.03276898185645871,111.53223151864592
2018-03-16,108.19762231511407,109.72459329264733,107.80119907207877,108.92563792296231,978364.3894750439,0.09670447982232312,0.027285420013738015,111.89771970395468
2018-03-19,109.2117609766613,110.52547366590498,108.73703126515362,110.0841994197382,1138567.1466589025,0.09614170647824222,0.011827204006313652,111.38618770414715
2018-03-20,110.1547163259358,110.25099252008404,109.8897299462273,110.00182348586473,1030942.5958127658,0.09383217798481559,0.004980028171859496,110.54963566578024
2018-03-21,109.5413375278171,112.10441436942831,109.46970200274141,112.03647618751195,1872761.0079181935,0.11301785862103149,0.0006508945446235259,112.10940011866124
2018-03-22,112.14112535732332,112.78900962022801,111.51710584138667,111.53223151864592,1466193.1263435504,0.10944604940380687,0.01750540915692378,113.48464886556455
2018-03-23,111.3344456775939,112.17453149564945,111.08615461468963,111.89771970395468,897955.3596086755,0.10661878810916753,0.006817158504091703,112.66054419542297
2018-03-26,111.71901816875024,112.02942422551392,111.00334413625043,111.38618770414715,1062489.742128576,0.10471933096833996,0.017440712551786808,113.32884218613455
2018-03-27,111.40249187474005,112.36371793775899,110.11497484689986,110.54963566578024,1553855.1047508311,0.10966691307295157,0.010706232152389639,111.73320572958019
2018-03-28,110.5958122078154,112.46067865703347,110.50174059143491,112.10940011866124,1248002.643002285,0.11883371185859602,0.005843789987850734,112.76454390861863
2018-03-29,112.25805925349437,113.61760077013315,112.115079796036,113.48464886556455,1490716.0940578612,0.12452152672532915,0.011591799250306956,114.80014013320574
2018-03-30,113.31573564789117,113.71658691765302,112.52559353400008,112.66054419542297,1943193.8716024063,0.12735249269323748,0.024634473790098532,115.43587741858335
2018-04-02,112.37872611465235,114.0925724099591,112.3700032279628,113.32884218613455,970164.021019184,0.12599220256421034,0.0145255366028465,114.97500443146747
2018-04-03,113.00983092594073,113.1956507204224,111.05901987972817,111.73320572958019,965626.9602226999,0.1358657519740258,0.03783045062651169,115.96012325227495
2018-04-04,111.87473421586145,113.30512939575354,111.25411977114592,112.76454390861863,1165345.132073139,0.1377609401710499,0.011130455665078864,114.01966466518635
2018-04-05,112.62284400880438,115.11462395304544,112.24595620660067,114.80014013320574,1482528.6483084953,0.14662384843323126,0.0027912742444173855,115.12057880761506
2018-04-06,115.38798516457561,115.66332697052721,114.68213102015292,115.43587741858335,2158850.666990903,0.1428610931945755,0.004717238468053608,115.98041598013582
2018-04-09,115.34718120508154,115.48928728554675,114.64733102133897,114.97500443146747,1239893.1991092847,0.14514701159429247,0.019518187524328656,117.21910812857136
2018-04-10,115.24346596483429,115.96441476731293,114.83354210889468,115.96012325227495,1304530.788103824,0.14323936407109125,0.01163655676318287,117.30949980876572
2018-04-11,115.90280573784379,116.43043547014912,113.9896148183691,114.01966466518635,1396258.2752309362,0.16152660611103914,0.029501027908243938,117.38336197456263
2018-04-12,114.34269554656515,115.2212961187224,114.19154459002917,115.12057880761506,1372673.7801302925,0.16153835288274523,0.033387541330915926,118.96417189059328
2018-04-13,115.31844931765347,115.984058057764,114.8058315905565,115.98041598013582,1206018.4277137779,0.16107633500842503,0.028420575112922064,119.27664610412721
2018-04-16,115.81966828762049,117.47121751355712,115.55398666813579,117.21910812857136,1565914.4175525238,0.1611033329356415,0.01167688922468968,118.58786266920562
2018-04-17,117.33472534535059,117.56154645703789,117.25567083181359,117.30949980876572,1132187.1130634546,0.1606999925841672,0.014778800153181448,119.04319346250915
2018-04-18,117.5705879732389,118.2514365478942,117.01578032075858,117.38336197456263,1478857.2462817999,0.15043307707306364,0.003777553065458683,117.82678385342349
2018-04-19,117.64277180780985,119.24650712899107,117.15104610008818,118.96417189059328,1864442.024984388,0.15303640103327093,-0.006308998991754966,118.21362705008056
2018-04-20,119.18302442448443,119.67742354923018,119.09763096858347,119.27664610412721,985558.5114275556,0.1530536892052837,0.0021499164395242243,119.53308092643778
2018-04-23,119.66382362909127,119.68544508024043,118.35409390093817,118.58786266920562,1675733.4904819364,0.15392553296267192,0.01528267821477236,120.4002028145567
2018-04-24,118.74264143629249,119.51087317844842,118.55916338670364,119.04319346250915,786479.6479597021,0.14865061029505047,0.006638272254297473,119.8334345907343
2018-04-25,119.58164163735486,119.59463275619407,117.5499035662964,117.82678385342349,852613.1198658054,0.15122425160919026,0.023434832577615694,120.58803480618738
2018-04-26,117.8120745721851,118.44393170123475,117.45675000416462,118.21362705008056,931023.110389677,0.14685391887808055,0.0235969017722919,121.00310239572765
2018-04-27,118.03841918417564,119.76645462960593,118.01551811958684,119.53308092643778,1058843.19052259,0.1458609510743331,0.01635791728819802,121.48839317743594
2018-04-30,119.78134469090475,120.96649907691155,119.71507480439853,120.4002028145567,1433651.7623593716,0.14628774068911693,0.004130940145124606,120.8975688458445
2018-05-01,120.0219723258642,120.03636096105217,119.81080690755861,119.8334345907343,1385036.7567184048,0.1350663320826304,0.009801297923327512,121.00795778433367
2018-05-02,119.72444538757881,120.69449530738447,119.6013427701004,120.58803480618738,1141257.3165135623,0.1338228682417225,0.016287236849880316,122.55208069033736
2018-05-03,120.70618814842406,121.21006541509784,120.19054724367176,121.00310239572765,1568480.5519676018,0.12213594693930026,0.025097842765215317,124.04001923375887
2018-05-04,120.95553683158326,121.66593333539505,120.53098472911232,121.48839317743594,995797.4520033568,0.12177893470854384,0.020737813127996496,124.00779677237017
2018-05-07,121.51354557359093,121.71337831054682,120.55231915836285,120.8975688458445,1368971.9421690842,0.12244027932673252,0.02697902809654984,124.15926775254111
2018-05-08,120.68841994535487,121.57254725705104,120.55936358561901,121.00795778433367,1376058.578645772,0.12044293068051419,0.026974403671402802,124.27207528506037
2018-05-09,120.6454326990765,122.93782367380588,120.35667849477946,122.55208069033736,1281814.6518455984,0.10336937492508375,0.015754194519566944,124.4827900083106
2018-05-10,122.35999037986055,124.38703674423208,121.8431776158203,124.04001923375887,2172683.0494132694,0.10564127258249058,-0.013103816275610414,122.41462161089652
2018-05-11,124.32524507508508,124.52694507496932,123.7622352368962,124.00779677237017,1840015.805324793,0.10560373973939005,-0.003555674732099501,123.56686538280333
2018-05-14,124.19433221024354,124.56261037102135,123.3967790602606,124.15926775254111,1496914.185305358,0.10220548626040754,-0.0010795219010063528,124.02523510378933
2018-05-15,123.85814348333271,124.63075452678261,123.30077779116357,124.27207528506037,1512563.0999080478,0.10216867912791114,4.204360726434153e-05,124.27730013138758
2018-05-16,124.34705347854057,125.07741989565332,124.25434136724864,124.4827900083106,2798620.5963847446,0.10192335797724758,0.015848988409217224,126.45571630429933
2018-05-17,124.67501186057109,125.09257540195838,122.22889522573901,122.41462161089652,1929409.7479033086,0.11578317491009436,0.021439897279039277,125.0391785236866
2018-05-18,122.15295660569407,123.5783764818556,121.80197502055756,123.56686538280333,1013271.2095443304,0.1191499534057311,0.015607333566354242,125.49541466858152
2018-05-21,123.54987323783511,124.40343779794972,123.43046221924165,124.02523510378933,1557525.7415731805,0.1158690849836405,0.022852850068248554,126.85956520629551
2018-05-22,124.00948036012953,124.33698791602895,123.5373880437903,124.27730013138758,894513.4559235456,0.11572175079130388,0.031380333798422866,128.1771632930773
2018-05-23,124.0001628627494,127.06712283279461,123.64851739233451,126.45571630429933,2252850.1298435703,0.11818403195277881,0.004137338328668916,126.9789063862444
2018-05-24,126.65353972979591,127.30737891742362,124.59680884066296,125.0391785236866,2710845.2268699836,0.12930571642664393,0.014719952141441173,126.87974924736038
2018-05-25,125.03471259168467,125.87845163789198,124.94257873732155,125.49541466858152,2266817.1959304013,0.1255913125869761,0.005038810088882517,126.12776223012207
2018-05-28,125.58993741173863,127.01549439346695,125.43612448909863,126.85956520629551,2232458.658378803,0.12805131256431218,-0.010085238572444477,125.58015622599345
2018-05-29,127.04848290301975,128.58740055499595,126.85175887203381,128.1771632930773,1586027.6583060932,0.1277614773886751,-0.013378659009709915,126.46232473254733
2018-05-30,128.19765543996616,128.45333870962972,126.54330822689217,126.9789063862444,1419828.3675938079,0.13492862302411868,-0.009719521540115128,125.74473217048303
2018-05-31,127.24673236757435,127.46659142788883,126.56368869322684,126.87974924736038,1848419.4623629043,0.1354190313691983,-0.00698360253257746,125.99367150918373
2018-06-01,127.0020148823669,127.31331531370361,125.72716058671291,126.12776223012207,1811928.3022866824,0.1384206646689856,-0.013217933311799657,124.4606138801978
2018-06-04,126.49880343259512,126.90349953825638,125.52944928801314,125.58015622599345,1628724.8859660132,0.1380940988384356,-0.010808325628786752,124.222845004989
2018-06-05,125.54116016993413,126.6627243610954,125.25558755896894,126.46232473254733,2021651.5448280955,0.13919230957798923,-0.017432379686587285,124.25778547176107
2018-06-06,126.49737875653751,126.59110822819439,125.55387501181868,125.74473217048303,1371754.8363562298,0.13606450902547607,-0.014650200235092226,123.90254666567742
2018-06-07,126.05281633373758,126.58961124688472,125.5272512497963,125.99367150918373,1340278.8992910841,0.1299929385188072,-0.02321051729609802,123.06929321742092
2018-06-08,125.69700236706704,126.14928257114745,124.42588237844552,124.4606138801978,1533712.7102965924,0.13792703302618772,-0.005772409175655913,123.74217629062798
2018-06-11,124.55457932483708,124.94605253743131,124.03763145883062,124.222845004989,1240142.5390354414,0.13807280793098456,-0.010081746873329078,122.97046172576391
2018-06-12,124.24566561681051,124.50786260144174,123.96770104553934,124.25778547176107,1017367.564877472,0.13803971832003936,-0.012057586068799253,122.75953652871692
2018-06-13,124.07265360149461,124.43748054646157,123.68257870444592,123.90254666567742,882603.0679109824,0.13825745418790594,0.00021967746525031195,123.92976526306698
2018-06-14,123.6996825675859,123.85593218572558,122.88649130381144,123.06929321742092,1329961.3266925637,0.1266528233933108,0.019905310683101973,125.51902573446347
2018-06-15,122.68811939071438,123.94062392303717,122.60716468860036,123.74217629062798,1699679.810658551,0.12362478323267646,-0.000987731545585957,123.61995223958627
2018-06-18,123.75654036270672,123.83368364177895,122.57694897081186,122.97046172576391,1357496.9401822393,0.12480833826410083,0.0013062715866798413,123.13109454591718
2018-06-19,122.78754655602609,123.00757627432476,122.65492175435824,122.75953652871692,1040557.5338750883,0.1245492427332197,0.010235649979646766,124.01606017628852
2018-06-20,122.57732597757547,124.3500794004115,122.54747301747153,123.92976526306698,1084422.5030860193,0.11169652953739288,0.016604344551318206,125.98753778565894
2018-06-21,123.89502932540897,125.62376616356052,123.62391796292573,125.51902573446347,1212661.081575388,0.11505580344904835,0.009284450787448995,126.68440095178364
2018-06-22,125.2210931992292,125.44364036061285,123.61201112707947,123.61995223958627,1450950.856313144,0.12637759446753383,0.03248940895088359,127.63629142238688
2018-06-25,123.51308166704095,123.62093879164807,122.84774831109993,123.13109454591718,1498876.1832073522,0.11908689771839501,0.04498426609726458,128.67005646781817
2018-06-26,122.8923129086173,124.04736007187616,122.53047718407322,124.01606017628852,1222207.3236574507,0.11534751620759194,0.04649413691587445,129.7820798578922
2018-06-27,123.74060872284255,126.02699791847674,123.68585515486348,125.98753778565894,1350932.5175330732,0.127131327360474,0.035662020625645274,130.48050795674538
2018-06-28,126.11234938188632,127.44322299069785,125.79063377892676,126.68440095178364,916848.1489785227,0.12881828796190908,0.028057966389909872,130.23890761581467
2018-06-29,127.11770104816358,128.1132429768955,126.71458866547718,127.63629142238688,1046070.0689523439,0.12951293838650874,0.022225739788350296,130.4731024230909
2018-07-02,127.6725089727173,128.8219456178748,127.60350363443065,128.67005646781817,1166966.1809322776,0.13070701245444327,0.025394876570896674,131.93761667018873
2018-07-03,128.1505688286184,129.82550534135677,127.71055546133078,129.7820798578922,1729634.1668800218,0.13177698172005897,0.016312313501893216,131.89912583146187
2018-07-04,129.94193465750354,130.49450853450202,129.32510676732724,130.48050795674538,1536829.0556236363,0.12981280570574857,0.0262576463682771,133.90661899262676
2018-07-05,130.37141458486695,130.84952354755455,129.46768784545165,130.23890761581467,2201874.9031860353,0.1304852022915699,0.04805003929479312,136.4968922444655
2018-07-06,130.3788332687293,130.60092215038975,130.17968659279236,130.4731024230909,1556230.0358934347,0.11979161309120766,0.028645357373078717,134.21055106957462
2018-07-09,130.89239143284976,132.0422403503484,130.46739663149694,131.93761667018873,1663318.2327350131,0.12258054226832987,0.033753494838965725,136.39097233353138
2018-07-10,132.47585175369696,132.88772631600457,131.39542592706107,131.89912583146187,1575396.22756043,0.122768649819716,0.04381302205042781,137.67802513994786
2018-07-11,132.28490608265903,134.33440001118527,131.7215901830633,133.90661899262676,1160324.6957558473,0.12795543401078444,0.017122357850343883,136.19941604154818
2018-07-12,133.75467162632884,136.74172517045844,133.69495694651408,136.4968922444655,1459400.7929358382,0.13256585514556582,-0.00654302895910952,135.60378912568152
2018-07-13,136.42358963054744,136.75083883299388,133.70293066063877,134.21055106957462,993171.8605476636,0.15378545016930578,0.0003846587459332973,134.26217633184007
2018-07-16,134.42247564090198,136.5040226360594,133.86186648542164,136.39097233353138,1618242.8235608123,0.15442307571496053,-0.02047315742553013,133.59861848552586
2018-07-17,136.46719801416225,138.0871746680306,136.158238966065,137.67802513994786,1385876.3553032856,0.15282908691932137,-0.04257150283346289,131.816864702597
2018-07-18,137.7486106020055,137.84962390448788,135.8424569714756,136.19941604154818,1278029.420523039,0.16286492455754417,-0.026513827279069035,132.5882482491125
2018-07-19,136.05457167856042,136.25521431304182,135.44110548050764,135.60378912568152,1298721.4136736135,0.16304149984978927,-0.0030091602891801905,135.19573558838215
2018-07-20,135.57357786460022,135.62442405763963,134.15580450591824,134.26217633184007,1754692.8086816594,0.15582631849517575,0.00030502121068787247,134.3031291434144
2018-07-23,133.59782175739767,133.70148434177923,133.22636930001204,133.59861848552586,883458.3368982134,0.15654825044516985,0.01864343332848417,136.08935542203835
2018-07-24,133.61452982450325,133.7985953741749,131.69261540347782,131.816864702597,1904469.6664227885,0.16778731694909024,0.03823787285618363,136.85726121539565
2018-07-25,131.69668506172877,133.43121441821012,131.578417359496,132.5882482491125,902332.4816193448,0.1612953466878993,0.041104309824962604,138.03819668429307
2018-07-26,132.3931542022298,135.45436848177425,132.08344586724172,135.19573558838215,1703793.0073429984,0.17213527958950828,0.02691169146327388,138.83408151168703
2018-07-27,134.889909678151,135.2628015798576,134.08763585898419,134.3031291434144,1485265.6102048012,0.17483716128418367,0.04060224333421303,139.75613747344156
2018-07-30,134.30370385743063,136.41947410942686,134.02405664059592,136.08935542203835,2351759.319134241,0.17795106582984757,0.01848633989944659,138.60514950306674
2018-07-31,135.97603209661872,137.25099913703352,135.58588361369075,136.85726121539565,1886075.0607267548,0.1769755808508218,0.009005128284139907,138.08967840925635
2018-08-01,136.80009531268337,138.22355673840943,136.46318070305088,138.03819668429307,1077665.967347698,0.17799663496172605,0.004707086403743732,138.68795440310302
2018-08-02,137.53034459871395,139.14757446317097,137.47083813604334,138.83408151168703,1527516.9892162008,0.1773641830994817,0.002794739231601895,139.22208656597115
2018-08-03,138.57744540672098,140.57238216589542,138.38201817177966,139.75613747344156,1013271.8677241593,0.17766777595150343,0.007697222336112253,140.83187153641092
2018-08-06,139.779422197565,140.21614328022147,138.52962288920503,138.60514950306674,852158.3130137654,0.17986372687712748,0.0005375784088277324,138.67966063879192
2018-08-07,138.7404566982264,139.473930289809,137.57778207203168,138.08967840925635,1156764.6732213541,0.18098450685886258,0.013792510521655421,139.99428175164803
2018-08-08,137.26052838389901,139.19807927124063,137.1471516974675,138.68795440310302,1535219.253846462,0.17474052787689862,0.02459382929386078,142.0988222788077
2018-08-09,138.81238144340946,139.3993776153154,138.51972772470037,139.22208656597115,1110613.4375804407,0.16233936009685043,0.011776119458085876,140.861582488576
2018-08-10,138.96694228736382,140.98441374234054,138.80243486966015,140.83187153641092,1228696.3606368967,0.15196880836031948,0.00839339378989612,142.0139288923841
2018-08-13,141.2443409784448,142.25174114439858,137.63722602669176,138.67966063879192,1006609.5801582169,0.15519231414561757,0.020135554783150322,141.472052542893
2018-08-14,138.7779693989773,140.10037064397036,138.33362786060064,139.99428175164803,858260.6902804924,0.15522388023561418,0.016809961655901873,142.34758025993875
2018-08-15,139.4809101573459,142.88887621066374,139.36871890868727,142.0988222788077,1065717.7502584823,0.15658868150565614,0.010780377345622316,143.63070120334177
2018-08-16,141.84940394029636,142.42429715765311,140.49482146939545,140.861582488576,1179158.3487377684,0.15971435545673535,0.016569793251459908,143.19562978748516
2018-08-17,141.13910707571281,142.14415696672535,141.04307876496708,142.0139288923841,926222.5172951726,0.15474364468032611,0.0075572095187621535,143.0871579076064
2018-08-20,142.05995691301996,142.0606403634549,140.77713293525633,141.472052542893,1035203.1913354124,0.1540407523352914,0.020459820092315395,144.3665452860112
2018-08-21,141.20657758141556,142.93834048206827,141.19115110722188,142.34758025993875,1040241.0473769199,0.14183255844801246,0.029307924952473474,146.51949245936322
2018-08-22,142.25941653144855,143.71105121616773,142.09807436993694,143.63070120334177,1256036.2246523125,0.14285367902512763,0.021199211774613813,146.6755588554877
2018-08-23,143.6697606200885,143.67001633972097,142.728802708994,143.19562978748516,1459872.0781175871,0.13226359477249394,0.017274050457583234,145.6691983217396
2018-08-24,143.05682314323386,143.40643518808545,143.00307731095185,143.0871579076064,737775.1939906577,0.12825387703812038,0.008204755602942093,144.2611530681579
2018-08-27,143.4728717113691,144.3940517294233,143.08283459903174,144.3665452860112,1034381.6755952507,0.12458378295623106,0.0031776207207301344,144.82528741169224
2018-08-28,144.44668564515095,147.1035489557122,144.11313949528184,146.51949245936322,1331884.5839564158,0.13136707007516574,-0.00267373162132567,146.12773865923404
2018-08-29,145.62537350383374,146.75912371759208,144.95865598602978,146.6755588554877,1179124.3113289273,0.13014965121895994,-0.015346698206165521,144.42457331951186
2018-08-30,146.5524638313891,146.57047166419656,145.55452684409505,145.6691983217396,1580503.4435053673,0.13433287116690898,-0.007227308845614178,144.61640203617537
2018-08-31,145.5092035300722,145.56868657567097,143.52743279530506,144.2611530681579,1318501.3310044957,0.13992342931246424,-0.010177230471723697,142.79297406526666
2018-09-03,144.82476496769007,145.36432839529928,144.70584487080492,144.82528741169224,754606.8137870663,0.1351316777925959,-0.00491701761365726,144.11317892258597
2018-09-04,144.49122372918455,146.23455164801393,144.28293445492628,146.12773865923404,1315047.600905619,0.13524089725544852,-0.002698655364430147,145.73339025340925
2018-09-05,145.84282604373755,146.26235196475082,144.06919712282422,144.42457331951186,1447179.8516578646,0.1445317630929138,0.027284429347381733,148.36511538627383
2018-09-06,143.88801700429312,145.3216177518946,143.80846874126817,144.61640203617537,650704.2353088342,0.1443962801842528,0.02278439882927108,147.9113998174218
2018-09-07,144.767944450941,145.97922674493498,142.59493798152894,142.79297406526666,1117372.1764876738,0.1484696126045283,0.04572531360240806,149.3222275846215
2018-09-10,142.77917304775997,145.22669638051778,141.96089618748664,144.11317892258597,1212718.0935025641,0.1385763745601733,0.04342913609192878,150.37188978265544
2018-09-11,143.9744752054936,146.40633663625573,143.27462344924174,145.73339025340925,860641.3729300871,0.139979531852188,0.027416111208145688,149.72883308733682
2018-09-12,145.57881144455533,148.4603799542694,145.3994465012892,148.36511538627383,874492.4913187482,0.1440545680658489,0.007890084176501722,149.53572863552793
2018-09-13,148.43730962659964,148.73404580606626,147.28767475085996,147.9113998174218,696785.977007049,0.13971257178263033,0.01223075705453791,149.7204682141853
2018-09-14,147.8588466420726,149.51361370641965,147.68983860238936,149.3222275846215,1144623.4979322099,0.14052783086007706,0.01190122621255374,151.09934519366848
2018-09-17,149.39457199891498,150.7798095966448,149.05530790511233,150.37188978265544,1149713.7526885418,0.13928009187997648,0.009216190753726927,151.7577458028908
2018-09-18,150.3429866997722,150.796000163633,149.68206117925877,149.72883308733682,1608939.909090267,0.1411351757319782,0.021664397736245178,152.97261807992476
2018-09-19,149.62099599362887,149.8668080084895,148.29532035849675,149.53572863552793,699566.7047017701,0.1396249327659145,0.030206162463777497,154.05262914883204
2018-09-20,149.71375940741882,150.0086373363359,149.39029622007524,149.7204682141853,743847.8584482268,0.13838116692537916,0.025819630534143823,153.58619538687458
2018-09-21,149.64525340435713,151.5658443821599,148.61026678054483,151.09934519366848,744683.1457284245,0.140005660883247,0.005862321909150259,151.9851381954556
2018-09-24,151.09729632321825,152.2275880893105,150.93327632250666,151.7577458028908,918629.7862941107,0.13825812318611824,-0.01305443117408156,149.7766347551732
2018-09-25,151.66390015577483,154.00234637973716,151.55926475214866,152.97261807992476,925359.4343114553,0.13209290140778587,-0.017549696649086677,150.2879950370055
2018-09-26,153.23387580379196,154.2144035839683,152.74239202271957,154.05262914883204,1103412.9068879208,0.13312576132926054,-0.0279643051018863,149.74465442556635
2018-09-27,154.2502440330231,155.13168009525458,153.21108000655218,153.58619538687458,1239150.7837681898,0.1302181007331165,-0.028145526938958443,149.26343098716117
2018-09-28,153.46120110248543,154.0598710936966,151.48891275024116,151.9851381954556,1361350.58487459,0.13119611139501194,-0.024938719134821485,148.1948235213321
2018-10-01,152.09702238576324,153.18660577703633,149.25534055007063,149.7766347551732,664554.2554196744,0.14449173506024202,-0.025501916212298692,145.9570435650867
2018-10-02,149.90534029784985,150.3590724933494,149.85967922435287,150.2879950370055,542271.3469400348,0.14210525113281103,-0.03405741142971552,145.16957495708314
2018-10-03,149.6677953302571,149.9736971538721,149.60803044189714,149.74465442556635,914029.4933571911,0.13496280925130402,-0.01624438237083914,147.31214500108828
2018-10-04,149.3729322628679,149.49515675580733,148.43340237482042,149.26343098716117,790478.7239379535,0.13615101257256845,-0.005722697091344764,148.4092415848068
2018-10-05,148.71114465215956,149.03279193182829,147.81392115534206,148.1948235213321,1354587.85741102,0.1298260084122266,-0.018349358725279763,145.47554354330964
2018-10-08,148.13589770214958,148.1857802165833,145.3792594198828,145.9570435650867,1405335.0970976616,0.1399028943134588,0.004109650310580859,146.55687597450543
2018-10-09,145.87590348980933,146.27081512376358,144.7994676622692,145.16957495708314,1014281.0999536038,0.1356311504056624,0.018283302222329878,147.82375416951066
2018-10-10,145.1736247999833,147.50967273463138,144.6906597539168,147.31214500108828,1031339.3422687436,0.13014817357566244,-0.009190461433728259,145.958278413736
2018-10-11,147.08747387082158,148.57247751497005,147.0479074017306,148.4092415848068,1254249.6030336667,0.1325415757221379,-0.03201090333150913,143.65852769893297
2018-10-12,149.2108272914551,149.4399179161377,145.04554235362292,145.47554354330964,1311086.9853340674,0.14536206408208036,-0.00619996542677792,144.5736002028994
2018-10-15,145.31219967997106,146.67481655949658,145.25496428589025,146.55687597450543,1192372.4930856621,0.14567418646812963,-0.02301766012020401,143.18347961504537
2018-10-16,146.53243864608953,148.2746793980901,146.13570526178117,147.82375416951066,1216699.1323564732,0.1492820167290465,-0.03266725654767688,142.99475766821453
2018-10-17,147.74014295484707,148.34717985722997,145.84407300404226,145.958278413736,1949093.8837096172,0.15527539755056516,-0.02646734937875983,142.09514966423734
2018-10-18,146.30594301973207,146.58655060239462,143.64781173385546,143.65852769893297,1263644.662799363,0.16329912927851034,-0.005166300776183852,142.91634453577655
2018-10-19,143.80503082955778,144.8988691456971,143.30162830259215,144.5736002028994,1000842.2603302794,0.16100535052670392,-0.003650828871403111,144.04578672923597
2018-10-22,144.0323016962483,144.7534908410048,142.52208632084358,143.18347961504537,1087598.1726196515,0.16114761930808558,0.0015293880393936199,143.40246271620737
2018-10-23,143.19882820323096,143.30602739490516,142.58376355721356,142.99475766821453,1166496.6470293473,0.1561345115646168,0.014049021075710266,145.00369403241135
2018-10-24,142.93237623128616,143.62415722081255,141.70181610776226,142.09514966423734,1110244.5156473303,0.15148434081384457,0.02276211670072037,145.32953604350104
2018-10-25,141.90622079084721,143.51766737159372,141.7561888169661,142.91634453577655,1026708.7592785653,0.15540013396779426,0.020674341059970125,145.87104578575338
2018-10-26,142.62521391230257,144.37216943226989,141.7871499323154,144.04578672923597,1102553.094673285,0.15823519528034016,0.022680909520367054,147.31287618483185
2018-10-29,143.81956020092426,144.02866525686386,142.78149474140199,143.40246271620737,1543372.8388950715,0.1521112184962947,0.01547060152537516,145.62098507464728
2018-10-30,143.00236464181808,146.13860973703933,142.92785173449485,145.00369403241135,736835.5729593219,0.15822348926760144,0.003633791200216674,145.53060717978522
2018-10-31,145.20821740296105,145.86801107899672,144.96374769342492,145.32953604350104,919469.373077763,0.1586701237138713,0.004389758451966097,145.96749760266832
2018-11-01,145.254930284291,146.3663658605151,145.02958855669007,145.87104578575338,968870.9975862342,0.15955542762931138,-0.003134662549812317,145.41378928142683
2018-11-02,146.03315390586104,147.4080454961068,145.83359445745725,147.31287618483185,1209088.7169209206,0.16241591654827547,-0.01695374421476392,144.81537136245302
2018-11-05,147.06446521075412,147.464816060414,145.36782712398065,145.62098507464728,843110.7428542315,0.15849083626409913,-0.0016755213822940984,145.37699400044397
2018-11-06,145.25643030796348,145.70807012336428,144.81823472698798,145.53060717978522,655017.7350969323,0.15726363384787426,-0.01743619433560817,142.99310723121943
2018-11-07,146.04209509181524,146.09499253789298,145.41323915396595,145.96749760266832,635106.4246443192,0.14806726351752186,-0.021792081887936243,142.78656194193383
2018-11-08,146.40369822660318,146.5969852331072,145.15590713266167,145.41378928142683,1062135.431827056,0.14550270838120533,-0.030879003441687147,140.9235563817369
2018-11-09,145.5983273204036,146.32213667946573,144.81172257334657,144.81537136245302,1116378.1068306388,0.1282845863661444,-0.028922277676789232,140.6269809800408
2018-11-12,144.5563889264727,145.91714011049376,143.9758993970313,145.37699400044397,1107573.2421112393,0.1260822231258585,-0.035322232382316465,140.24195403531766
2018-11-13,145.54170646889142,146.49573355816605,142.66370692918167,142.99310723121943,1369018.1283246134,0.13344542927316383,-0.007660516816980212,141.89770612856242
2018-11-14,142.9560509416178,143.52454078598598,142.60136976836327,142.78656194193383,1269906.945370956,0.1269739193607936,0.0035849678532406948,143.29844717637042
2018-11-15,142.62657758219828,142.7103106985853,140.4777853623833,140.9235563817369,1140486.1287951497,0.12312348932045247,0.021002128290442235,143.88325099201148
2018-11-16,140.75032932130904,140.9705655164257,140.61002814292885,140.6269809800408,1175893.2881428457,0.12009527046244464,0.012528991675627266,142.38889525410832
2018-11-19,140.93131866320027,141.34631625572385,140.10098049837325,140.24195403531766,968818.4861675198,0.11624119483160548,0.0028468572205482268,140.64120285478688
2018-11-20,139.9406728889258,142.0197480837245,139.61819264704724,141.89770612856242,800689.0553382216,0.12480290273496283,-0.019635789118819247,139.1114326945778
2018-11-21,141.91314885243216,143.86542028097398,141.7817354056644,143.29844717637042,1283165.2619056595,0.12775946395322244,-0.030714092643407742,138.8971653941389
2018-11-22,143.18182989353912,144.1644904486108,142.89862227649894,143.88325099201148,1191647.972434089,0.12696011636491117,-0.03929158858865078,138.2298494892358
2018-11-23,143.56956165068263,143.73458700830875,141.78999467001566,142.38889525410832,1290911.7013860971,0.1291422497866015,-0.031068166183760293,137.96513339363165
2018-11-26,142.09399665795294,142.74279385838045,140.58326681398017,140.64120285478688,1311270.072545242,0.13512078361348456,-0.017593643824832306,138.16681162466378
2018-11-27,140.30347976748058,140.94647819972263,138.62156163686714,139.1114326945778,1128564.6764429598,0.13154063786740322,-0.009212245940105612,137.82990396351488
2018-11-28,138.87428304705074,139.2677813399859,138.81979570338268,138.8971653941389,1518814.930285572,0.13058726705112148,-0.004114570939929507,138.3256631537696
2018-11-29,139.15696574735796,139.2123547340743,137.94776641796582,138.2298494892358,1289449.1574641454,0.1289281113701587,-0.002812308415775955,137.84110452020576
2018-11-30,138.1057261092714,138.38771328357257,137.89475313221976,137.96513339363165,1491660.5792853513,0.12021606245112132,-0.011369506231394433,136.3965379497976
2018-12-03,137.82082901798262,138.57398666751965,137.79533066303046,138.16681162466378,904614.442568194,0.11719260920151861,-0.018432726288339474,135.6200206038538
2018-12-04,138.25021028665606,138.90079534616294,136.88522520710262,137.82990396351488,935479.4010770381,0.11696325034784814,-0.022255461452911574,134.76243584879637
2018-12-05,137.97901103890294,138.39522334343786,137.8414746796263,138.3256631537696,815487.8446758816,0.1173654762017257,-0.017228579548809186,135.9425084624831
2018-12-06,138.30537146537196,138.53564359583297,137.25291215308266,137.84110452020576,1309233.3869780153,0.11733277803755392,-0.015605830497920081,135.68997960741734
2018-12-07,138.2623699107745,139.0017191648405,136.2620680933808,136.3965379497976,1040892.4257998283,0.12052263743168273,0.002334629364906693,136.7149733125668
2018-12-10,136.33632261011348,136.58926526980073,135.13273191984774,135.6200206038538,1658732.3314933188,0.11808105333701183,0.00027719004526272073,135.6576131235035
2018-12-11,135.70151451986112,135.9991043598812,134.29854050241445,134.76243584879637,1739227.9335651493,0.10844097720133877,0.0013997328136088338,134.9510672522958
2018-12-12,134.90112508608348,136.3236297835453,134.1921928303969,135.9425084624831,2192928.3584858053,0.11608048375637833,-0.012008365297148993,134.31006116145483
2018-12-13,135.88632159518073,136.15577277087192,135.50427821369752,135.68997960741734,1563878.4461438188,0.10908749515358265,-0.00997302039733794,134.3367406730782
2018-12-14,135.3138669693386,136.85295784754663,134.94485897274467,136.7149733125668,1704267.9230236458,0.11408282732181277,-0.034869565912132416,131.94778153946882
2018-12-17,136.7316386222842,136.80621772117686,135.29937104082018,135.6576131235035,956648.2393945763,0.11622689555913439,-0.028193605140469757,131.83293594480082
2018-12-18,135.56401388675604,135.95469217134269,134.89960623922522,134.9510672522958,922375.091866753,0.10530826341263033,-0.017016192172507272,132.65471395804576
2018-12-19,135.13958241630644,135.351294621865,134.22042543445656,134.31006116145483,1136246.311144252,0.0948197835913834,-0.021138001092989467,131.4710149418245
2018-12-20,134.97471587957915,135.17125787557987,134.27645578919726,134.3367406730782,1828457.767817794,0.09181040895655684,-0.016077989884464516,132.17687591542452
2018-12-21,133.8356036450128,133.92718665575305,131.5867381193398,131.94778153946882,1390640.9303632565,0.10240779417412087,0.012631877151763948,133.61452970632317
2018-12-24,132.29402673127763,132.89831440438402,131.81278653507684,131.83293594480082,939015.4408305486,0.09775829751513561,0.00894314114590089,133.0119364986337
2018-12-25,131.61479424750482,132.93372736889637,131.53284463414994,132.65471395804576,963202.0193109747,0.09882254615132131,0.010765647659925603,134.0828278689463
2018-12-26,132.91626392793918,133.0613878927153,131.07301124596538,131.4710149418245,1113224.2547424373,0.10145505742351017,0.01705790308013455,133.71363477254909
2018-12-27,131.39717851254042,132.49729381540743,131.23779774233154,132.17687591542452,1206138.1503752244,0.10505145468539841,0.02872744608175193,135.9739799915393
2018-12-28,131.91025564174348,133.8240399868246,131.83312065052672,133.61452970632317,881022.0667021713,0.11488900219102623,0.01554423575986319,135.6914654570215
2018-12-31,133.0922023702327,133.71859940958274,132.9610888996411,133.0119364986337,969068.2822508784,0.11475027673909709,0.02130027048639871,135.8451267239743
2019-01-01,132.66079243357296,134.14566393864874,132.47636158825625,134.0828278689463,1415975.794528329,0.11998784603086246,0.027788181083379104,137.80874576994015
2019-01-02,134.59887315544455,135.193885675839,133.34755528306465,133.71363477254909,1250372.2687523663,0.11862501427190564,0.029465185275501682,137.653531794983
2019-01-03,133.317700985112,136.16183672649953,133.1409188292433,135.9739799915393,918999.324969116,0.13537240420037758,0.004588900493171177,136.59795105538092
2019-01-04,136.14998427646415,136.29710029836596,135.59542823250572,135.6914654570215,1052164.923054259,0.13047482082947726,-0.0008788591738786433,135.57221176778756
2019-01-07,135.31421472857022,136.07244521228594,134.43551055390714,135.8451267239743,1114549.4062388353,0.12892254127679129,-0.012915441526531568,134.09062693310653
2019-01-08,135.89868700534262,137.9611800356297,135.82095064834232,137.80874576994015,2282217.363814563,0.13606115096882357,-0.03476088275588052,133.0183921154963
2019-01-09,137.45016943108402,137.77729900543594,137.32430812816267,137.653531794983,924948.7533251566,0.13322908022715418,-0.05273447912441165,130.39444449613893
2019-01-10,137.14704962034276,137.29251542689042,136.52446625898995,136.59795105538092,1121866.6316052733,0.13624733779658088,-0.04597819770988554,130.31742345499134
2019-01-11,136.60293017375744,136.85464528170303,135.51847352563757,135.57221176778756,1374820.0051591774,0.1362026371660755,-0.03707524904691639,130.54583825265556
2019-01-14,135.49554546342776,135.83947298087816,133.7653382650248,134.09062693310653,1320160.4772140358,0.13893331594153152,-0.02246223007875292,131.07865241953087
2019-01-15,134.29319548521286,134.48718291960594,132.73805829580812,133.0183921154963,1634719.2963476458,0.140518092372726,-0.017006349012742117,130.7562349140664
2019-01-16,132.7014775692329,132.72008036783436,130.14777985743905,130.39444449613893,1311293.3167624893,0.15552075689553965,-0.012672662529690792,128.74199970529287
2019-01-17,130.13278334790525,130.6423984213463,130.06757044937277,130.31742345499134,1185826.7395705874,0.15543616428803597,-0.023720313551661598,127.2262533093943
2019-01-18,130.56948491420818,130.62746441261703,130.40387496026904,130.54583825265556,987185.1304861165,0.1432356888815182,-0.021079545898673446,127.79399126332791
2019-01-21,130.58533355091365,131.5828912913999,130.30355177395893,131.07865241953087,993215.2143507947,0.1441393381220377,-0.031165637754908326,126.99350262082223
2019-01-22,130.7949739135566,130.95234842821313,130.40728110730254,130.7562349140664,1380659.9436174843,0.1422455827993406,-0.030498958047304736,126.76830599099877
2019-01-23,130.7551474875788,130.92324384652682,128.64434971062036,128.74199970529287,1733042.0537559064,0.14892923686751966,-0.02778157537445536,125.16534413662217
2019-01-24,128.3873821083859,128.46468786918007,127.041751580002,127.2262533093943,1090034.9229230555,0.15160330412349937,-0.021107775690624497,124.54079009258103
2019-01-25,127.53646392203369,128.03786026551978,126.9541656315457,127.79399126332791,1443337.2952770018,0.14606243484202544,-0.031015838944553065,123.8303534122229
2019-01-28,127.84030547966623,127.90026430271546,126.930797450368,126.99350262082223,1364291.2940896696,0.1465646700758106,-0.01997214946646797,124.45716940520887
2019-01-29,126.84762179512467,127.12974116869064,126.56222881999629,126.76830599099877,1258395.6925245624,0.141446466799299,-0.008311055802156297,125.71472752596276
2019-01-30,126.78919865190538,127.26034584750629,124.80009224713851,125.16534413662217,1397929.374433344,0.1457303211306083,0.009351131098431109,126.33578167862396
2019-01-31,125.35840006109648,125.69662972486047,123.83854345008007,124.54079009258103,1057307.3339398105,0.12477024929392007,0.03120693410074238,128.4273263218546
2019-02-01,124.26693713919302,124.5354169736954,123.52718454128481,123.8303534122229,1404249.5425637877,0.12455724506753685,0.04109965726978948,128.91973849706218
2019-02-04,123.79485413254226,125.30362965278754,123.58340278940994,124.45716940520887,1040596.953662667,0.1276701709536398,0.027039085406870278,127.82237743825362
2019-02-05,124.49093197241997,125.8438500363213,123.85432331115538,125.71472752596276,1134709.10399361,0.11987280432034572,0.03164376405058178,129.6928147014775
2019-02-06,125.53558097093006,126.44840375637078,124.71792829260619,126.33578167862396,1179703.8285315423,0.12403597212855211,0.014649005248499769,128.18647520750744
2019-02-07,126.22952042205974,128.91556286790038,125.99520687990268,128.4273263218546,1646434.595195844,0.14346757534655832,0.0008227542332097659,128.5329904482457
2019-02-08,128.74024383522308,129.6651282326799,128.4599896873253,128.91973849706218,1582757.24005493,0.14442831384028026,0.0008320862541610907,129.02701083935563
2019-02-11,128.57555051925263,128.89689644539592,127.68763350368552,127.82237743825362,1410600.3986814693,0.14279755715706294,0.030656859005317783,131.74101004110267
2019-02-12,127.87862471868367,130.13352747428368,127.68342444916846,129.6928147014775,1175298.2808851337,0.15315198808238295,0.02700362793595512,133.19499121564294
2019-02-13,129.57790178031198,130.03873334638467,127.85712018702121,128.18647520750744,1386180.402343223,0.142487880552758,0.03279189986526121,132.3899532665928
2019-02-14,128.49979111611592,128.79971728613452,128.21020750772863,128.5329904482457,1274968.298836263,0.14303540495022807,0.011788977571411952,130.04826298982658
2019-02-15,128.66388768266185,129.11603688282324,128.54250415495562,129.02701083935563,963408.5390548804,0.14369236737541716,0.005899445547884685,129.78819866400872
2019-02-18,128.73251201554697,132.03942306788352,128.648291265536,131.74101004110267,1587147.8821704534,0.16232598117370514,-0.014445061214434562,129.8380030866075
2019-02-19,131.44260200965783,133.37134692574998,131.33445448293702,133.19499121564294,1400050.3530516159,0.1663017308488938,-0.014336229064498496,131.28547731133162
2019-02-20,133.13903358000192,133.65615395723077,132.3684283067163,132.3899532665928,1153038.8231299818,0.15713974018908614,-0.006778485536677925,131.49254988317375
2019-02-21,132.0772401528285,132.1099983402332,129.71428457592904,130.04826298982658,1463111.7677575573,0.16494644449654083,0.012140748666829904,131.62714626534387
2019-02-22,130.23649420998046,130.42726259143134,129.32172833973056,129.78819866400872,1055313.1666363832,0.16481952241925915,0.023751963941373022,132.870923278692
2019-02-25,129.1137568070936,130.0265741976329,128.85735888317583,129.8380030866075,807655.0635079528,0.1627026014617028,0.016966494952035616,132.0408989105588
2019-02-26,129.98238885781353,131.31062432848952,129.90797372957076,131.28547731133162,920479.0881502309,0.1660457597851933,0.003098561560569202,131.6922734447895
2019-02-27,131.0874771705092,131.67081423535305,130.90750957851446,131.49254988317375,1233718.626017173,0.15706299615684316,0.009958277942984317,132.80198924234213
2019-02-28,131.35658415359538,132.1185467154676,130.85084115091837,131.62714626534387,1151240.7057311824,0.15468439293139472,0.013384328563164516,133.38888723879094
2019-03-01,131.24130791628465,133.38058585262178,130.90140437614215,132.870923278692,1323449.0578506957,0.15295664276493406,-0.007443325975009185,131.88192168412826
2019-03-04,132.9986516153295,133.58148526260788,131.99797555050097,132.0408989105588,1174185.3889096729,0.1567183558831867,0.0032618901279952706,132.47160181520678
2019-03-05,132.04984311519846,132.29549711654408,130.98009000659522,131.6922734447895,1047002.8701685108,0.15558982024685497,0.017063314178607625,133.93938008147305
2019-03-06,131.74198863197932,133.06039938236856,131.56025458431859,132.80198924234213,1008746.2951580326,0.15684055020463203,0.007239891205656823,133.7634611963515
2019-03-07,132.15836396531049,133.45899190765547,131.83734708304578,133.38888723879094,1424301.7428074242,0.1481367073326273,0.009775153136204473,134.69278403821804
2019-03-08,133.34823529264526,133.6472946730877,131.68288405495278,131.88192168412826,1145981.2784782622,0.15514039132476323,0.030269081696142175,135.87386634582936
2019-03-11,131.942388459208,132.4753116524025,131.9007640191481,132.47160181520678,1341479.3930774308,0.15117520811336266,0.02785866062212694,136.16208321224616
2019-03-12,132.38707760290058,133.94678281114335,132.15497832665224,133.93938008147305,1612644.5583001878,0.14766986927137313,0.019031692054355842,136.48847311713496
2019-03-13,134.07985836311462,134.50425379715327,133.7373270621826,133.7634611963515,861972.9958537113,0.1397065432427619,0.015544482091124578,135.84274492336502
2019-03-14,133.5527488513799,134.96172337319052,133.21804017981714,134.69278403821804,1035058.4117012664,0.14073063320122436,0.014611644003446944,136.66086704841763
2019-03-15,134.92968966244234,136.18408576594496,134.63074057560607,135.87386634582936,2144217.5839675707,0.1424846810237786,0.0018609356339209793,136.12671886543092
2019-03-18,135.63726084715847,136.48030806299477,135.34427135495153,136.16208321224616,1515238.222112111,0.12479590993515988,-0.012033349464137033,134.5235972811883
2019-03-19,135.9710767180613,136.60307027254746,135.75337411596624,136.48847311713496,1063222.2949458405,0.11987684858279155,-0.019253582376909217,133.86058105647564
2019-03-20,136.51484191579308,136.98461639779947,135.34189723747463,135.84274492336502,1213128.110920733,0.11890397804151401,-0.004343827379608367,135.25266748864576
2019-03-21,135.89700042744826,136.97826325807912,135.31687565023924,136.66086704841763,936458.4271911752,0.09628049529510121,-0.0009507991846078312,136.5309300074602
2019-03-22,137.0701964962757,137.27911499176793,135.7401601280728,136.12671886543092,1711305.0549689336,0.09769187040817062,-0.001578757348889237,135.91180780764194
2019-03-25,135.8312303256225,136.1878344194473,134.4266504894244,134.5235972811883,697329.1351814375,0.10981310554876354,0.004955418382463828,135.19021798803067
2019-03-26,133.95950104995472,134.46622224248782,133.7691762903892,133.86058105647564,1502021.4453898543,0.10643119630656274,-0.004935076806772298,133.19996880756275
2019-03-27,133.89631432116397,135.4601236378265,133.38018072869866,135.25266748864576,1507783.1647465052,0.11155716506663393,-0.0006438324503726944,135.1655874323171
2019-03-28,135.60471850043768,136.7009323237433,135.2901747480106,136.5309300074602,798003.0189113751,0.11510024609820685,-0.00424882459326914,135.9508340343026
2019-03-29,136.79688117773856,137.12932328407334,135.74719397050336,135.91180780764194,1032740.1908992546,0.11355692447009175,-0.014374791871518466,133.95810385752526
2019-04-01,135.78426254303633,136.52191547679146,135.03271077758174,135.19021798803067,1242321.8555973996,0.11279240540227199,-0.007212672545938159,134.215135214269
2019-04-02,135.44924205101898,135.80108674332664,132.85694886170344,133.19996880756275,1417873.712430276,0.12567036580347038,0.0043459599373933955,133.77885053566249
2019-04-03,133.25580127245803,135.89798082943608,132.87891749173502,135.1655874323171,1004667.8932710837,0.13271149766254806,-0.007697996358266845,134.12508323250012
2019-04-04,135.09420382938495,136.1446152523266,134.86685192920362,135.9508340343026,1518814.3041044904,0.1332887611674372,-0.01372576224791544,134.08480520894196
2019-04-05,135.98064831688228,136.07587810216344,133.13867859971336,133.95810385752526,1101063.0907288184,0.13785122579470932,-0.0063635164395926536,133.10565926141123
2019-04-08,133.96873694142602,134.43666316056851,133.91285445652736,134.215135214269,1986634.42188212,0.13725027509541313,-0.0009672002840742655,134.0853222973627
2019-04-09,134.29561431707074,134.303632516386,133.39361499727744,133.77885053566249,1089188.8610236295,0.13219478566011053,-0.003795264894337236,133.2711243606197
2019-04-10,133.81182557846606,134.25401031639382,133.6163120965242,134.12508323250012,1103834.1908320182,0.13241646375706798,-0.005196944312177654,133.42804264407462
2019-04-11,133.91832091897945,134.57565220489244,133.3178765766602,134.08480520894196,858657.91124364,0.12997157957387268,0.001519910795166446,134.28860215184682
2019-04-12,133.7956072721001,134.42597247748793,132.83388543901935,133.10565926141123,1294506.1085403606,0.12777305839800493,-0.00019182173660314827,133.0801267027
2019-04-15,132.64207659588524,134.4449180653146,132.3409327934389,134.0853222973627,1156814.5885418425,0.1307869001671667,0.00022626759002553065,134.1156614600967
2019-04-16,133.99621488580868,134.27195191274757,133.20674370324986,133.2711243606197,1393087.5165699574,0.13154902215040465,0.0026101506297233623,133.6189820697935
2019-04-17,133.24505296537538,133.74902257738117,132.8437140678153,133.42804264407462,1292077.9686505154,0.1310924463802946,-0.009486421143380164,132.16228803921604
2019-04-18,133.64425168676314,134.36682009644622,133.28844943854452,134.28860215184682,905787.9095857103,0.1313983938376253,-0.02621092469337405,130.7687737136663
2019-04-19,134.29218772671257,134.4009630654719,133.06090478051684,133.0801267027,1526397.3403329102,0.1341866325338356,-0.020298578460704597,130.37878930926473
2019-04-22,133.11725595240776,134.7453888060613,132.655776969993,134.1156614600967,1073564.133905569,0.13147308322007734,-0.04157632147836132,128.53962560394865
2019-04-23,134.32007480163492,134.62981063272187,133.57562543129833,133.6189820697935,950556.246416396,0.13094951229752444,-0.03754346483370263,128.60246251534107
2019-04-24,133.55483035849588,133.6376913479487,131.8512031233613,132.16228803921604,1086397.8445568595,0.1302153159367533,-0.034238143715358715,127.63729662757872
2019-04-25,132.33975586625868,132.76603753971327,130.43803238602962,130.7687737136663,715145.8926856014,0.128004371147082,-0.01859663134713263,128.33691503719663
2019-04-26,130.52524652107172,130.6795889055157,130.3279249107605,130.37878930926473,912069.2512189181,0.12773474045856367,-0.013590771264095913,128.60684100607276
2019-04-29,130.43578388692288,130.4999679276528,128.50772313020175,128.53962560394865,1083240.8795477778,0.13436123713393555,0.005871513821185559,129.29434779225224
2019-04-30,128.3413694578344,128.8521733079439,128.0499227824925,128.60246251534107,881818.3345308449,0.12661273600856748,0.00951137141208358,129.82564830083305
2019-05-01,128.90745679407385,129.25013893175367,127.55061134874552,127.63729662757872,785889.6485713724,0.1119935800006242,0.02039266101764725,130.24016075091382
2019-05-02,126.92783908798994,128.6626210117944,126.76390688812921,128.33691503719663,807890.5447225402,0.11166304130866701,0.009663205590652701,129.57706103207119
2019-05-03,128.802842522313,128.90818052955453,128.45124615656852,128.60684100607276,911882.8598831444,0.10373203598931943,0.012017922826746297,130.15242809627537
2019-05-06,128.7732782268949,129.9366942417759,128.75833141982633,129.29434779225224,1340789.4721815044,0.10614146360304234,0.007010681183201584,130.2007892434137
2019-05-07,129.2485825882969,130.62252678122252,128.50378320031464,129.82564830083305,1073246.7831587465,0.10804637876376678,-0.010200861471399203,128.50131484708166
2019-05-08,129.37487667184809,130.3614634237149,129.18660839474097,130.24016075091382,1004985.6806326325,0.10836896251282072,-0.008659168798953676,129.1123892145688
2019-05-09,130.2143127895436,130.31170903356622,128.88155045134255,129.57706103207119,1566316.4921390966,0.10902937325980545,-0.011523513839283517,128.08387797601443
2019-05-10,129.37270573106443,130.31730330060475,129.15184671127034,130.15242809627537,851605.3383783319,0.10897407164283761,-0.00895661681661064,128.98670267006557
2019-05-13,130.75476600935906,131.04570432353535,129.81877336981645,130.2007892434137,1025437.7153145149,0.10451141261734881,-0.0025378045248533043,129.8703650913323
2019-05-14,130.02696137761149,130.53790968314715,128.42332529504586,128.50131484708166,910795.8682841946,0.111323019789061,0.010533523137055578,129.85488642016546
2019-05-15,128.86054255256994,129.3525069805866,128.74154359775017,129.1123892145688,839064.96157495,0.1132980222822275,0.006591710610794443,129.9634607205395
2019-05-16,129.30352358606982,129.49152498248196,127.6181987646669,128.08387797601443,856298.8308010532,0.11121926867629092,0.0322446800497036,132.2139016408763
2019-05-17,127.89361146643087,129.06876045466944,127.77635452393514,128.98670267006557,1401871.124726592,0.11304663404165828,0.02894772601427631,132.72057439844355
2019-05-20,129.18814664633985,130.246710306099,128.4626513986095,129.8703650913323,1445567.9668142619,0.11207346004806447,0.016610218658896114,132.02754025281
2019-05-21,129.97487249341395,130.18844134639974,129.83357609204432,129.85488642016546,1066907.137276938,0.11189617090706748,0.021128136289598975,132.59847815832111
2019-05-22,129.75176561225376,129.97080928983897,129.56248116068735,129.9634607205395,1715085.78392308,0.10629906153613311,0.016228433331572978,132.0725640783833
2019-05-23,129.6455887707268,132.57499905304667,129.56427583135292,132.2139016408763,2277748.370566559,0.11785991983500402,-0.002872955270456945,131.83405701532945
2019-05-24,132.28802957531678,132.93164555008434,131.68759476361922,132.72057439844355,1217000.75406711,0.11761331865850146,-0.009248036074892663,131.49316973852626
2019-05-27,132.39069400191758,132.832942443302,131.48181257077357,132.02754025281,1492651.7540406089,0.10624011945451095,-0.0021464365642036576,131.7441515129295
2019-05-28,131.6444297324782,133.1044490810984,131.34678931300286,132.59847815832111,1063784.2172694984,0.10669400013169872,-0.003927502789804693,132.07769726543046
2019-05-29,132.47576472316027,132.99209031517293,131.31897781447748,132.0725640783833,1548350.584986006,0.10339800006521427,-0.005193405925852046,131.38665764145614
2019-05-30,132.06724439693951,132.15761764586478,131.55799239754964,131.83405701532945,1044512.8625561607,0.10312623286171596,0.008039754461397708,132.8939704633826
2019-05-31,132.37521618054186,132.54033680531134,131.45741095813827,131.49316973852626,1160004.0200588075,0.10402041703141207,0.012352574090494839,133.11744886011542
2019-06-03,131.08519702426653,131.76009920153697,130.87471382881185,131.7441515129295,945872.8338034067,0.10288243552380587,0.016872155256838273,133.96695929143607
2019-06-04,131.9997361359175,133.21615049265915,131.67629687753617,132.07769726543046,1387755.2020528063,0.10239299099778415,0.02049793774988018,134.78501768212476
2019-06-05,131.8090175677031,131.8641995454142,130.76315309027018,131.38665764145614,2029364.063455631,0.10421987794807715,0.027335985888665038,134.97824146070184
2019-06-06,131.70270674376786,133.26604311179725,131.58306887941984,132.8939704633826,1791798.336292773,0.10899585616719784,0.021373329243007166,135.73435704850695
2019-06-07,132.5221241744611,134.13179408978695,132.17222510966877,133.11744886011542,1231017.9396768378,0.10837539903358329,0.024754102999398064,136.41265190021582
2019-06-10,133.38293415186038,134.2708533525622,133.04681786662192,133.96695929143607,1494483.8116574872,0.10989272872332166,0.022865310636215108,137.03015543062395
2019-06-11,133.8947831276295,134.97298328846264,133.3476409670883,134.78501768212476,1514901.619665935,0.0965980633041774,0.003672844732902858,135.28006212439277
2019-06-12,134.79142921369757,135.043434930557,134.44691592039825,134.97824146070184,1424068.0456490705,0.09624619981516788,0.01960673203162444,137.62472367112173
2019-06-13,135.08893933386017,135.78954437386457,134.87859337148657,135.73435704850695,1332550.7298039447,0.08893326701435696,0.01648803613687866,137.9723500325387
2019-06-14,135.71403076715214,137.0202535282039,135.226870197874,136.41265190021582,1193306.7950379958,0.08796286009490638,0.012284210176749522,138.08837358692585
2019-06-17,136.3215122994046,137.17816046220744,136.1778712263465,137.03015543062395,1341560.843397136,0.08693015974040835,0.010898106855283807,138.52352470690303
2019-06-18,136.93521107483315,137.06041565727887,134.70998571777284,135.28006212439277,1345285.1273079338,0.10256906620949235,0.03481884955469439,139.99035825525172
2019-06-19,135.31116572505292,138.01618881367415,135.0781023342791,137.62472367112173,1302949.5663884322,0.11580076306829906,0.020517315984706297,140.44841361399003
2019-06-20,138.07193690715383,138.3800137879631,137.23548213485287,137.9723500325387,855163.0662207822,0.10250648063022698,0.034254589520817946,142.69853624812595
2019-06-21,137.94323053136463,138.30202484170638,137.46361733522446,138.08837358692585,1009530.9884066803,0.10240669083176615,0.03261143306229575,142.59163333883717
2019-06-24,138.25296431188002,139.2790520985078,137.86365100138684,138.52352470690303,1115353.3375769109,0.09882098289039878,0.03088566931312786,142.80191648308934
2019-06-25,138.65194106485063,140.13960324010145,138.15709741062608,139.99035825525172,1002487.7900297891,0.10284017475496247,0.01458019990875914,142.0314456639121
2019-06-26,139.85415554028214,140.9991039679882,139.33333190714978,140.44841361399003,1152332.2572553174,0.09974666636230753,0.006620008017349743,141.3781832381387
2019-06-27,140.72123621297047,143.00052571299992,140.17065140082747,142.69853624812595,1487597.36587689,0.10786448481210653,-0.01139038701448214,141.0731446938597
2019-06-28,142.33267874527988,142.81670464572716,142.17157060053054,142.59163333883717,767979.4044307022,0.10656890166670806,-0.003978737266254417,142.02429869341586
2019-07-01,142.63487439745685,142.94495095731736,142.59937810120806,142.80191648308934,919567.3955040668,0.10669729096551056,0.008649717275427626,144.0371126870573
2019-07-02,142.78137599030856,143.5382114918066,142.03110685624017,142.0314456639121,1245866.8601761512,0.11179136853860498,0.02218099461721068,145.181844395658
2019-07-03,141.8000062357188,142.14385214308786,140.90435793228775,141.3781832381387,799060.4309856051,0.11114440052147172,0.03869828321801494,146.8492762139366
2019-07-04,141.72826058045433,142.15007684385318,141.07184512132724,141.0731446938597,676024.0938641105,0.10900366407658907,0.04065870288385365,146.80899576885824
2019-07-05,141.6778764367799,142.37328553243228,141.66122578964718,142.02429869341586,980064.0629228248,0.10966195894313081,0.03678659326499001,147.248888803196
2019-07-08,142.14564103601055,144.94305596249902,141.82323085770983,144.0371126870573,1035846.422762621,0.11590658032221787,0.025763013539444435,147.74794277139642
2019-07-09,143.89840049091984,146.00948913190297,143.42952009639046,145.181844395658,1398144.9941464968,0.11660500711987308,0.021973047086311537,148.37193189864135
2019-07-10,144.15811307583354,146.9836057883103,144.1398798354162,146.8492762139366,622154.129013059,0.11938476361141521,0.01831207234844867,149.53839078428354
2019-07-11,146.97286509757058,148.158831628961,146.77321125082548,146.80899576885824,1952282.109526671,0.12032093494568107,0.01731571772659901,149.35109889931726
2019-07-12,147.0279588809148,147.62307733134347,146.7773124950406,147.248888803196,1130869.249797691,0.12030101926183148,0.004416836810332114,147.89926311554245
2019-07-15,147.10331435324127,147.79194028606736,147.0659404226966,147.74794277139642,1162014.8845707998,0.12028472486521906,0.005065554153599328,148.49636797658783
2019-07-16,147.6673637296476,148.5701104328826,147.01678058774073,148.37193189864135,799805.9151912287,0.10313648344508561,0.003123079238338544,148.83530919870617
2019-07-17,148.63363412737252,149.6489897257912,148.49979047633735,149.53839078428354,1117368.4273662549,0.09263467934079031,-0.0029744747037494523,149.0935926236563
2019-07-18,149.78022768894652,150.6542350610922,148.62363108856627,149.35109889931726,726221.0538474609,0.09447978343936231,0.006072739405730276,150.25806920289227
2019-07-19,149.38217506724266,149.5726926972054,147.743824548786,147.89926311554245,1169382.3760934025,0.1058933861466786,0.015830039082406433,150.2405142309206
2019-07-22,147.72674999264964,149.28590886099926,147.11084179556875,148.49636797658783,884188.5132581721,0.10590595458016544,0.0001093508009915034,148.51260617337041
2019-07-23,148.37241671879138,149.16372903881864,148.14622211591833,148.83530919870617,860538.2681672906,0.1025871696373469,-0.005596229292484489,148.00239268161238
2019-07-24,148.9118570351976,149.31384937539278,148.5590444147332,149.0935926236563,921518.0623438921,0.10269552369123708,-0.0036931824882413533,148.5429627782696
2019-07-25,148.93668126292457,150.6012473136537,148.72180393608252,150.25806920289227,1300832.069228613,0.09253237455171666,-0.013781941132683717,148.1872213384273
2019-07-26,150.19596208646922,150.48741280062472,149.82281246138382,150.2405142309206,847344.0481306274,0.09225559683059589,-0.008145241241592438,149.01676899824886
2019-07-29,149.68445335590278,150.10677720893233,147.91733998901586,148.51260617337041,956718.1169375366,0.10502799853103378,0.004471827859458655,149.1767289831373
2019-07-30,148.7930828105708,149.43451471336664,147.82484616128863,148.00239268161238,894374.3596022559,0.10341988583975964,0.0061671312718807325,148.91514286583234
2019-07-31,147.81808628925933,148.71537779455537,147.79206588725435,148.5429627782696,686353.0160955407,0.10045547560929417,0.004180204878846183,149.1639027959936
2019-08-01,148.09597385169124,149.01255598264598,147.67365602775337,148.1872213384273,1051680.948999989,0.10060460811994215,0.00869931338496932,149.47634841649807
2019-08-02,148.12362574311604,149.38731669809385,147.8970969135495,149.01676899824886,1181090.467249309,0.10004233387860728,0.007176390781591824,150.0861715655905
2019-08-05,148.6696200203936,149.69501154159707,147.69552723274052,149.1767289831373,1080220.5316821279,0.08993622327176692,0.00590015638318353,150.0568950128696
2019-08-06,148.45192928717134,149.02674380498146,148.27765792551423,148.91514286583234,829452.0295458931,0.08766184549553446,0.013735185939345973,150.9605200422788
2019-08-07,148.78331330019049,149.29865780153253,148.2713565102817,149.1639027959936,1372791.8313458073,0.07901075943101521,0.034194121246249765,154.2644313737636
2019-08-08,148.85958685677832,149.53753750304566,148.15391952314351,149.47634841649807,1138953.8362501622,0.07903338333999949,0.04066442984888563,155.55471890074836
2019-08-09,149.52383260734638,151.12657724403533,149.43523724566845,150.0861715655905,806500.4346150217,0.07950440038707385,0.041856807150084,156.36829950470582
2019-08-12,150.24709635888772,150.324771179526,149.99708353311442,150.0568950128696,759699.665578409,0.07907271420787325,0.04263898907193697,156.45516931949214
2019-08-13,150.41720429144732,151.2633573685653,150.30379497534236,150.9605200422788,1343886.862921164,0.08035654417890885,0.04448442953949017,157.67591265934436
2019-08-14,151.18271952262492,154.4507556205567,150.95599293529918,154.2644313737636,1905898.5574628543,0.1073944634919224,0.03376994965281166,159.47393345447523
2019-08-15,154.44874245929051,155.72055181958868,153.9789863016973,155.55471890074836,994181.4189314139,0.10943775572394304,0.02725008421838271,159.7935980913606
2019-08-16,155.55414691829844,156.8066165053355,155.42213436791977,156.36829950470582,724939.4344485925,0.10060368434180174,0.022870958675827113,159.94459242088732
2019-08-19,156.72328856307465,156.84179105719747,155.6595053687445,156.45516931949214,903490.1211910024,0.10079790784229489,0.02302946481465229,160.05824813640584
2019-08-20,156.32789336227086,157.80590541437996,156.18052780866904,157.67591265934436,1223930.1632135238,0.10243456530204817,0.013843554152950244,159.85870769485985
2019-08-21,157.61766085925956,159.72198090888918,157.38523149398975,159.47393345447523,1352128.9291395452,0.10662825725495179,-0.010651700760859972,157.77526483616086
2019-08-22,158.92400552028388,160.00602523679123,158.65804754655278,159.7935980913606,872005.9440728644,0.10542241807907801,-0.011740868567368445,157.91748245826304
2019-08-23,159.83672670611665,160.16199352365535,159.74417529064522,159.94459242088732,1303217.616898402,0.10505918982354459,-0.00926298323223862,158.4630283432054
2019-08-26,160.453885449171,160.61649878715724,160.01515510227577,160.05824813640584,1168257.772074488,0.09038185917597626,-0.0012677461201364704,159.85533491333507
2019-08-27,160.21820757370253,160.53833111454162,159.80138876833922,159.85870769485985,1103051.812656521,0.0883806451325296,-0.007067701877184196,158.72887400640064
2019-08-28,160.12991947975834,160.76311745038632,157.35719125011562,157.77526483616086,1658286.8043233429,0.10685312416647064,0.004275577251401375,158.44984516932817
2019-08-29,157.76229275930547,158.15868678043444,156.60009666830686,157.91748245826304,979251.6748615409,0.1052578172638571,0.005433202865767983,158.77548017651014
2019-08-30,158.09871871247398,158.82705990960145,157.6692801023673,158.4630283432054,730990.9930472686,0.10488601269189078,0.0026827032859739752,158.8881376300471
2019-09-02,158.49157771735358,160.17470162872542,158.42456340805526,159.85533491333507,1209910.6536196258,0.1064721555798786,-0.012971845097691559,157.78171627079968
2019-09-03,160.18485847497644,160.40189489888175,158.6086432872414,158.72887400640064,1000908.6634039392,0.11146643264545666,-0.014278167826746735,156.4625165043867
2019-09-04,158.2307663361852,158.78967989319617,158.1476669348428,158.44984516932817,844070.4450922242,0.11275517932388876,0.009917153074196383,160.02121653845512
2019-09-05,158.52805142146872,159.53628505106434,158.30962133006304,158.77548017651014,887438.5986155187,0.112759698080549,0.016403166687245285,161.37990084369287
2019-09-06,158.80483266766072,158.93953221202736,158.5961815941762,158.8881376300471,1161994.315894077,0.11298430920733864,0.017025401473030444,161.59327196250078
2019-09-09,158.82923418760404,159.34723551366156,157.51982309486087,157.78171627079968,1303239.4574808816,0.1178743006670807,0.023306839009324065,161.45910933053807
2019-09-10,157.93995182736322,157.9641467638025,156.41193394467942,156.4625165043867,1141687.023392848,0.12317507789374986,0.016140761196412612,158.9879406194738
2019-09-11,156.08384726134778,160.3056935964001,155.68936658446952,160.02121653845512,1210179.9457893795,0.12505406580476647,-0.003014140535654297,159.53889010312184
2019-09-12,159.84656958167184,161.62986572426,159.68634454652758,161.37990084369287,1156827.763596626,0.12514208020374232,-0.008997716319004367,159.92785027631226
2019-09-13,161.22612300590308,162.1630305140406,160.3789046086925,161.59327196250078,1176887.430326635,0.12451732030710229,-0.007067080541670712,160.4512792945497
2019-09-16,161.04791966075373,162.16642761676863,160.64962923263994,161.45910933053807,1092094.9366260795,0.12477928344636988,-0.01069587482871015,159.7321629071836
2019-09-17,161.38878526479087,161.6622506873017,158.54605162903619,158.9879406194738,837533.6177865001,0.13601011033930635,0.0036321713087974494,159.56541205583665
2019-09-18,158.8132311305284,159.96415443919878,158.47611674773535,159.53889010312184,1019966.0889579052,0.13033092308849606,-0.0006739048948071202,159.43137606416926
2019-09-19,159.61728701717263,160.23207524804968,158.9684609071632,159.92785027631226,1075845.3247176236,0.13042610231409196,0.00427749106858788,160.61194022748765
2019-09-20,160.15419380368726,160.6449999598104,159.93579594042157,160.4512792945497,1456274.8369742807,0.13089323204867168,-0.0013345448871872057,160.2371498601245
2019-09-23,160.5408165240257,160.88824443211206,159.21159860078762,159.7321629071836,1367763.071754385,0.13191321356991867,-0.0008559479665271041,159.59544048715424
2019-09-24,160.01996595309046,160.39649685083722,159.2634024506919,159.56541205583665,984056.8673513698,0.13189117457908614,-0.014914075471179067,157.18564145784612
2019-09-25,159.91710169815863,160.19340064532528,159.03810861251665,159.43137606416926,884128.4265684525,0.12276927599863796,-0.004789338157834222,158.66780529122912
2019-09-26,158.7233476680942,161.13046802802427,158.5181814574014,160.61194022748765,911458.9325309164,0.12516285111730288,-0.007441751111934347,159.4167061427098
2019-09-27,160.75885394826363,161.2599161703181,160.07995433003342,160.2371498601245,876794.4988028512,0.12526734658037755,0.002611664702816041,160.65563556849403
2019-09-30,160.71794830704795,160.7334546871459,159.12716647086128,159.59544048715424,971690.360186381,0.12235662334370762,0.005170190960304133,160.42057939086666
2019-10-01,159.3720375672881,159.61245762408564,156.95352923561964,157.18564145784612,1139786.292500194,0.13146124817244836,0.025086659943909018,161.12890419316432
2019-10-02,157.28226557937168,159.03268519158215,156.71425943067638,158.66780529122912,836498.8094130273,0.13591408242973127,0.00875556130435129,160.05703098748333
2019-10-03,158.8210169337672,159.65593532524085,158.60716768420164,159.4167061427098,1053381.3784282117,0.13674819970921848,0.008217439063179066,160.72670321109027
2019-10-04,159.46521900532036,161.04568743322247,159.0203640554811,160.65563556849403,893858.4709338001,0.13934507420183048,0.012536557979535345,162.66970425853756
2019-10-07,160.58731720790155,160.68756055044068,159.90959264388877,160.42057939086666,564657.4135907671,0.13673398171559578,0.014181273546539197,162.69554750970286
2019-10-08,160.82738146335754,161.47042212196473,160.35029264069613,161.12890419316432,1074207.8151753803,0.13276388459483923,0.01235525723811981,163.1196932529672
2019-10-09,161.26016382179085,162.51485979840177,159.46318787487002,160.05703098748333,1020109.5627868817,0.10932193524080824,0.023321271671892463,163.78976449013894
2019-10-10,159.6538112661915,160.92004725090808,159.56148562211683,160.72670321109027,1008143.9251793019,0.10591916268584659,0.01385711102929199,162.95391098285842
2019-10-11,161.2079195037636,163.1549792175674,161.03900039158518,162.66970425853756,1351581.1579468774,0.11449426765002793,0.011021692156405027,164.4625996620486
2019-10-14,162.49840865280234,163.12113995095584,161.89354121032193,162.69554750970286,767994.2700735149,0.11441205886642868,0.017362596973491184,165.52036473049532
2019-10-15,163.36964020439734,163.4288030547462,162.25553964398932,163.1196932529672,661634.5719598245,0.09832376363586023,0.018063851661969554,166.0662631950348
2019-10-16,163.38018858730786,164.0291300113183,162.99187323802462,163.78976449013894,843384.28599745,0.09853748638429184,0.018343877623997695,166.79430388600943
2019-10-17,163.73938356639192,164.44826880548337,162.7284069084981,162.95391098285842,1222757.8591419405,0.10102152614214434,0.032590738443478484,168.26469927404264
2019-10-18,162.84260631622558,164.8686709759395,162.56391960448443,164.4625996620486,1102466.898709448,0.10499746576483053,0.02026463688267932,167.79537452498147
2019-10-21,164.26181267094086,165.52526591359776,164.21890702703064,165.52036473049532,833821.690050423,0.10423074677649498,0.013785909224603543,167.8022134534932
2019-10-22,165.75523275776314,166.68689747570372,165.6620821815326,166.0662631950348,1426358.3401020675,0.10379702762662717,0.009486620320878547,167.64167078207316
2019-10-23,166.67718907296475,166.9140799744247,166.640484929573,166.79430388600943,1146146.6426254571,0.10354468697995618,0.0025455971289309876,167.21889498710368
2019-10-24,166.70088809478816,168.53133037620762,166.56306063454588,168.26469927404264,1499361.2341816083,0.10458661003208007,0.001715070369575411,168.55328507401308
2019-10-25,168.68572776756673,168.73423210652004,167.4734603832904,167.79537452498147,885479.9185801201,0.10486943032437789,4.754301279641382e-05,167.8033520226197
2019-10-28,167.45339847632755,168.01585487702914,166.65999472073474,167.8022134534932,1121179.1060796203,0.10258769618373496,-0.013187414080676363,165.58933618102796
2019-10-29,167.6644413493283,167.82452112748575,166.69134371466663,167.64167078207316,751448.9144376965,0.08019112062066688,-0.014360878216594486,165.2341891639454
2019-10-30,167.3902329757659,167.71244806741734,167.08611939845593,167.21889498710368,1533079.6262304059,0.07916622878784203,-0.014033656141320239,164.87220251452314
2019-10-31,166.91543864105628,168.7793390828018,166.2987254294282,168.55328507401308,1008874.9563826526,0.08112384422734885,-0.0203174858029207,165.12870609748617
2019-11-01,168.3741639468859,168.97025129870138,167.44536010349034,167.8033520226197,1661710.7487215272,0.08277744509833472,-0.027686816406117254,163.15741142283835
2019-11-04,168.21083644255197,168.6101002129216,165.1885121098584,165.58933618102796,1180639.7865476334,0.09860723658214456,-0.007963307612236847,164.27069735971233
2019-11-05,165.43107533622842,165.84153817801058,165.18613141434537,165.2341891639454,770784.0375856383,0.09887673492449352,-0.010623092378687193,163.47889110833933
2019-11-06,165.31782121719337,165.60006389212555,164.33175313796812,164.87220251452314,970582.2012270264,0.09533615130894607,-0.005811752164018746,163.91400613477282
2019-11-07,164.81960072066636,165.41073144979967,164.44293990388715,165.12870609748617,934359.9751859008,0.09480989851497858,-0.013275919796080227,162.93647063930544
2019-11-08,164.83372541641134,165.25904859491666,163.1050054175238,163.15741142283835,1191236.731632708,0.09711030526635542,-0.007781276943187976,161.88783841922358
2019-11-11,162.6419528310625,164.95387414815534,162.2232947410071,164.27069735971233,1140976.6133048052,0.09994260235818844,-0.016347332429301975,161.58530966157986
2019-11-12,163.79279891828548,164.60422386305302,162.18426398553711,163.47889110833933,1481470.2711031819,0.10133411745575696,-0.013937689475196136,161.2003730883219
2019-11-13,163.8168804570799,164.52734821838436,163.80418238483063,163.91400613477282,1064679.3560900814,0.1007091297981427,-0.003627633058472024,163.31938626737173
2019-11-14,163.61689249608145,163.87515874515563,162.8862255258934,162.93647063930544,756160.2291211894,0.10133827692394945,0.013313907149764104,165.10579168070743
2019-11-15,162.9972619701081,163.0690656505975,161.18276981692927,161.88783841922358,1575267.7932663024,0.0975931488625124,0.013847639109641374,164.1296027818929
2019-11-18,162.77580321225187,163.22776283790552,161.38433954664782,161.58530966157986,833916.2349043391,0.0938441291124518,0.016346186793471773,164.22661331638903
2019-11-19,161.21000088848746,161.5726720964621,160.6265276116968,161.2003730883219,1285710.5612833262,0.09239949956979877,0.005823418299901961,162.13911029091545
2019-11-20,160.6424430038033,163.61182899806872,160.18673198488173,163.31938626737173,1198378.9957373554,0.10423647072767407,-0.01136535315004017,161.46320376619522
2019-11-21,163.67705891494825,165.12099853585462,162.9951389677823,165.10579168070743,1435262.2611840472,0.10712807116893677,-0.028410621076696896,160.4150335956988
2019-11-22,165.12584445677135,165.31587330686787,163.5100925255188,164.1296027818929,1325172.5445765054,0.10841467482942883,-0.035821360466539165,158.25025711741284
2019-11-25,163.90185663002524,165.06374995798785,163.53997624971527,164.22661331638903,831135.2661811863,0.1085077988030789,-0.04904673999264053,156.1718333131882
2019-11-26,163.7469110676294,163.81324413854517,161.79569923521146,162.13911029091545,988459.3092634885,0.11612253800859987,-0.03525573599367704,156.42277662424925
2019-11-27,162.52307321279704,162.87564345781442,161.16760834013536,161.46320376619522,1261676.8746512022,0.11643476683466109,-0.028775365484167925,156.81704106557828
2019-11-28,161.49915796298689,162.44494902638456,159.93458806510128,160.4150335956988,724188.378969059,0.11167197936422665,-0.03042612447099291,155.53422581649755
2019-11-29,160.4024092379294,160.8533533414471,157.51330006629578,158.25025711741284,1864790.5068193404,0.11824481567678627,-0.013022960990471733,156.18937019224066
2019-12-02,158.49243879557451,158.7107605885237,155.43997680637025,156.1718333131882,1429657.5005881083,0.11817532769870366,-0.005141154281615656,155.36892982368232
2019-12-03,156.78720439117734,157.502910412393,155.91360256316312,156.42277662424925,638165.8335422417,0.11923763932592626,0.007548676632178619,157.6035615828932
2019-12-04,156.5727502209088,157.31139727471265,156.24831590188006,156.81704106557828,976727.0608184831,0.12067357900523376,0.009254292672519204,158.2682718596376
2019-12-05,156.73006819183396,156.74343076874206,155.30191838602437,155.53422581649755,1180423.6795740908,0.12130854642596416,0.023488946705156,159.18756095752897
2019-12-06,154.92154862901393,156.62136476776942,154.61050990189608,156.18937019224066,1359024.7088185572,0.11898035788875577,0.013787908669989468,158.34289496367444
2019-12-09,155.93225946673746,156.09126693924924,154.74320992109185,155.36892982368232,762536.0208019555,0.11453514652737393,0.003668176725079686,155.9388505158621
2019-12-10,155.40458334446436,158.11475357847866,155.0422580804502,157.6035615828932,1308176.7599104727,0.12928131646555724,-0.006369378310057017,156.5997248761594
2019-12-11,157.9040858621982,158.27674310536423,157.79367570721803,158.2682718596376,671204.9306314517,0.1301083831515883,-0.008514050329729184,156.92076782742538
2019-12-12,157.86151474917196,159.2939785775821,157.76312814715118,159.18756095752897,1404814.5760301538,0.13171510793447605,-0.018786732284957197,156.19694686672457
2019-12-13,159.3631039551023,159.38371858359798,157.85458246392864,158.34289496367444,846878.0082969251,0.13117150166249494,-0.015815942937346006,155.8385527723948
2019-12-16,158.2925033177326,158.3525581135213,155.73647903797618,155.9388505158621,1034835.2374855703,0.1404281654723688,-0.008633619506296264,154.59253381425893
2019-12-17,155.94495700880023,157.8205905912812,155.70814997479098,156.5997248761594,987580.7600867029,0.14198403084794867,-0.012066823737711174,154.71006359870472
2019-12-18,156.66890748755455,157.46085089280984,156.55562989063267,156.92076782742538,1165690.7706341513,0.13201193009342252,-0.004871151992595801,156.15638291654315
2019-12-19,156.66962264387294,156.79175473110894,155.9445333274115,156.19694686672457,792834.9330837813,0.12309432691010966,-0.006558703337405047,155.1724974300173
2019-12-20,156.28896625034957,156.37741102964378,155.14438568724526,155.8385527723948,1290669.3142132107,0.12252660082043787,0.0033169618790414024,156.3554633112258
2019-12-23,155.74308225401214,155.83755863716382,154.1256999712643,154.59253381425893,1170899.281245024,0.12338569363467561,0.014672423564636494,156.86078095031212
2019-12-24,154.12903914167225,155.26957662730936,153.99531216463114,154.71006359870472,856619.7836550056,0.11847632565217762,0.006911340421847045,155.779317514921
2019-12-25,155.32901570380403,156.49766512780167,155.26277760199156,156.15638291654315,960858.7075446008,0.12519786513931874,0.001058890429661563,156.32173541594403
2019-12-26,155.8706464962369,155.8942100377029,155.12345544369848,155.1724974300173,993982.3016544598,0.12510146665513883,0.01540702773387137,157.56324440145565
2019-12-27,154.94625361886008,156.87605438510073,154.52870107767853,156.3554633112258,1055256.1857189073,0.12092741952197884,0.004688748988749936,157.08857483171184
2019-12-30,156.2065167053396,157.01904144789333,155.91082276949572,156.86078095031212,836537.7071271277,0.11200855919930319,-0.005219272736994962,156.04208175279442
2019-12-31,157.14280479827093,157.72198659718674,155.17103187634916,155.779317514921,932278.8231560951,0.1146697685288156,-0.004381729167585391,155.0967347356593
2020-01-01,155.17453404137495,156.85480052469146,155.07597650642327,156.32173541594403,1331702.3816854912,0.11502047484479899,-0.003944349843649886,155.70514780329708
2020-01-02,156.17859427023726,158.09609786520502,155.82690080989147,157.56324440145565,801270.944440021,0.11429499371864654,-0.010026525626765537,155.98343249362813
2020-01-03,157.6264477351878,158.3221424904806,156.68431358092855,157.08857483171184,766173.2724753323,0.11420479477573763,0.004017342548201297,157.71965344721957
2020-01-06,156.65442679201493,157.12662717358413,155.78629183438628,156.04208175279442,993165.0783738132,0.11522029758789652,0.00318648554231582,156.53930759029257
2020-01-07,156.42842175674252,156.68221336469583,154.52520198177518,155.0967347356593,1119260.7117388933,0.10427153533274909,0.00844776112274137,156.40695490162335
2020-01-08,154.92815291282398,155.96529841666228,154.67511314080747,155.70514780329708,1067045.3907102002,0.10408918758620614,-0.0008589857728446004,155.57139929657538
2020-01-09,155.5231656130506,156.95654500112832,155.3586814721435,155.98343249362813,1107193.9606991669,0.10165564949272266,-0.004087450244440016,155.34585797435346
2020-01-10,155.95223311460794,157.74920145214094,155.57861000618024,157.71965344721957,971140.5712109954,0.10889932293585115,-0.017998398350747458,154.88095229673468
2020-01-13,157.98298539461214,158.1149119422094,155.80011799647596,156.53930759029257,879875.5075372085,0.09767810864913909,-0.018253787741798644,153.68187229629123
2020-01-14,156.36444428092253,157.02249682662085,155.7519534555283,156.40695490162335,601213.9908290146,0.09655814583134846,-0.010164325056425061,154.81718377091764
2020-01-15,156.36083887196568,156.77559767774363,155.39659087689554,155.57139929657538,760422.202238856,0.09798661637666421,-0.008687948094121767,154.21980305455685
2020-01-16,156.12331992654867,156.33472965807218,154.79996186466232,155.34585797435346,815256.7019982934,0.09682525320028407,-0.01976383321143249,152.27562834726146
2020-01-17,155.48155614872636,156.3149941605907,154.65929645248187,154.88095229673468,1281796.015427118,0.09705172091539442,-0.038313798320056325,148.94687472681932
2020-01-20,154.5613235747786,155.02125013509806,153.38845781396142,153.68187229629123,641308.0033848552,0.09678846934954156,-0.026023491382569208,149.6825334169316
2020-01-21,154.09888279001925,155.1172105188504,153.70776455597576,154.81718377091764,1294360.6100662,0.10051796515552139,-0.023998628423278046,151.10178370406103
2020-01-22,154.92148551103978,155.05183787038376,153.02500823786835,154.21980305455685,1103975.3693882618,0.09510680073955632,-0.01950585470230981,151.21161398395583
2020-01-23,153.7351661415977,154.2813713054959,151.6129935189205,152.27562834726146,937949.3707047794,0.10246346113663456,-0.01586565215389557,149.85967619638794
2020-01-24,151.72449761917017,151.9971661081156,148.8064391854334,148.94687472681932,1898832.3701371397,0.12152491576302347,0.021192583412004584,152.10344379342484
2020-01-27,149.3783664128219,150.036111313685,148.64585621155334,149.6825334169316,954902.6514337392,0.12271879219934499,0.02883619596535625,153.9988082831332
2020-01-28,149.04173643260768,151.97041157843162,148.47343778546968,151.10178370406103,1090983.6693652356,0.12824917212788306,0.019947252412593208,154.11584912359902
2020-01-29,151.0202717167511,152.01921127434514,150.13131018634462,151.21161398395583,768771.4493236631,0.1272005435796784,0.0165587265231375,153.71548574703837
2020-01-30,151.37872292421113,151.66295591824343,149.19369576869062,149.85967619638794,1360701.9219948337,0.12443755994026487,0.02306962731710671,153.3168830761009
2020-01-31,149.96847967004177,152.21747789072043,149.43116702583316,152.10344379342484,960342.7294566935,0.1389364733145062,0.003249223567276749,152.5976618876624
2020-02-03,152.02375601788916,154.61046808326654,152.00974298941907,153.9988082831332,1531049.5351079586,0.14604949877679674,-0.017917595151408672,151.2395199825166
2020-02-04,153.86852080244114,154.1223714153745,153.75874075591366,154.11584912359902,899608.4331115806,0.14468021061503233,-0.032685136696782635,149.07855152785345
2020-02-05,154.52033446394333,154.81248605780274,153.47951114231014,153.71548574703837,890707.4664490066,0.14401929610330513,-0.028238823335753782,149.37474130105818
2020-02-06,153.69856599955065,153.99160281072426,152.92164117147814,153.3168830761009,652415.6572899616,0.14389409588845137,-0.02943153862200032,148.80453131044194
2020-02-07,153.6963235452682,153.9619788975915,152.2230995859982,152.5976618876624,790032.7640473492,0.13726931894321426,-0.019135603997245565,149.67761345887453
2020-02-10,152.29161091665026,153.2001642177729,151.16738351544473,151.2395199825166,940997.2231962293,0.13816178556942182,-0.004197323204784387,150.60471883581354
2020-02-11,150.98886459516348,151.27694959719125,148.7931982012354,149.07855152785345,1321985.5451868724,0.1451427981420539,0.013278279446232943,151.0580581944799
2020-02-12,149.3668014641687,149.61457127038682,148.593048145405,149.37474130105818,1058244.1156659408,0.1454744720168612,0.015390215444744726,151.67365075168448
2020-02-13,149.43727373542606,149.97279083444278,148.79448070913182,148.80453131044194,1496288.4655622889,0.14560049192047253,0.012017416273877757,150.5927773066388
2020-02-14,148.8419062106782,150.66671763890622,148.30458067224617,149.67761345887453,581105.8819706776,0.1482593255613476,0.006044160229875528,150.58228893744536
2020-02-17,150.1663442352646,150.6597263887394,150.08043707029316,150.60471883581354,1202891.1490839813,0.14893509951183298,0.0019079353859370318,150.8920629081695
2020-02-18,150.73823116217662,151.21298508182633,150.52806542460362,151.0580581944799,808386.0235478841,0.1464677935601717,-0.00583806786598684,150.17617099903634
2020-02-19,151.19321378989636,151.964252180424,150.74374395677953,151.67365075168448,654542.8185927856,0.14725428160899648,-0.004306433984857305,151.02047818748005
2020-02-20,151.5303370983478,152.06887063670595,150.09066385908915,150.5927773066388,950280.2997818296,0.14263456901154756,0.006511403865512744,151.57334769891153
2020-02-21,150.60001195110374,150.73619970409524,150.2787121060467,150.58228893744536,822828.3116793594,0.11828223888443422,0.02100279251404924,153.74493750828913
2020-02-24,150.99419248355443,151.81659504875574,150.63237994395092,150.8920629081695,1182227.5975954686,0.11730954203842987,0.028324337011898404,155.16598055040106
2020-02-25,151.14321035546163,151.2148647274141,149.88594052250542,150.17617099903634,1121864.6455328735,0.1135567147956924,0.02369116791671777,153.73401988326424
2020-02-26,150.18232017385597,151.7548181554274,149.9643102977472,151.02047818748005,878649.0442395109,0.11544776819054864,0.006804131349509079,152.04804135753332
2020-02-27,150.67512882224162,152.0952762447355,150.51925417279278,151.57334769891153,1128185.7863382655,0.11114483163845909,0.009880207452046097,153.07092381837788
2020-02-28,151.4189529156403,153.82780379312348,151.0570808057426,153.74493750828913,975126.2009645513,0.11005544887949897,-0.006740127632288595,152.70867700666503
2020-03-02,153.9219566010113,155.65983072719868,153.73274584190344,155.16598055040106,1303761.8605721963,0.10595623674134291,-0.019925334729477773,152.07424644930668
2020-03-03,155.12509285748888,155.33012434526492,153.52311407713563,153.73401988326424,623029.4736843937,0.11130199055447824,-0.01429207450293013,151.53684181745768
2020-03-04,153.59817239903046,153.64881557713787,151.6016077375291,152.04804135753332,1376596.820550819,0.11757982193448167,-0.0098598444397201,150.54887132238392
2020-03-05,152.4952288764143,153.5117690639597,152.19857754288822,153.07092381837788,874158.4919464606,0.12002842073928743,-0.01013921888303393,151.51890421715513
2020-03-06,153.5063178870422,153.63851862892466,152.27720445216661,152.70867700666503,1152116.5553110058,0.11911725448908136,-0.004643425299630355,151.9995856723792
2020-03-09,152.66058814520326,153.3821034876871,151.68232059101754,152.07424644930668,1374733.271145102,0.11551774697579173,0.0004751011032830821,152.1464970915757
2020-03-10,152.06254230725173,152.06826917907182,150.5838343521974,151.53684181745768,792486.6432615329,0.10314939233256881,0.007739071060498759,152.70959620456657
2020-03-11,151.37962510330843,152.42587840484623,150.05312108930707,150.54887132238392,1128605.7579057731,0.1062654455894509,0.014698210980780946,152.76167039599875
2020-03-12,151.09299511957178,152.1984246564297,149.94334306724357,151.51890421715513,1193096.389979296,0.10708657603626745,0.012074253007250402,153.3483818020544
2020-03-13,151.1468494762201,152.61127587261527,150.7239822738122,151.9995856723792,855476.6554311978,0.10585744584797771,-0.0041231893194295655,151.37286260417713
2020-03-16,151.79112403936998,152.49401210933192,151.32094855739422,152.1464970915757,1007253.9592150071,0.10392744932852893,-0.005588412279837973,151.2962397388948
2020-03-17,152.00371788048136,152.82721846717104,151.94337528852896,152.70959620456657,818935.8399708581,0.10417479517832333,-0.013127557964335623,150.70489212868083
2020-03-18,152.38209339452575,153.21783708628257,152.17608416138134,152.76167039599875,1010288.1780310728,0.10334559545227229,-0.007325398268899885,151.64263032012565
2020-03-19,152.6916049662939,153.88521101668283,152.5282536010944,153.3483818020544,987417.7086373186,0.10006395478276738,0.0024747168973697775,153.72787563368428
2020-03-20,152.74407517496596,152.9742441957204,151.10588692050896,151.37286260417713,1449134.2769677201,0.11144378447896633,0.022198922958648115,154.7331771191573
2020-03-23,151.30558404342932,152.250373490752,151.2113196630166,151.2962397388948,574224.3148750324,0.11127455351847292,0.023007692475121244,154.77721709544952
2020-03-24,150.94821004571446,151.43356595319557,149.45737651469665,150.70489212868083,997375.6974679754,0.11082487236244618,0.01993622747165391,153.70937913924928
2020-03-25,150.900013395545,151.9514199033016,150.57013104351256,151.64263032012565,1181619.7436141265,0.11123416994589001,0.001825191558491479,151.9194071688934
2020-03-26,151.3521610574794,154.52592247210976,150.95358285410043,153.72787563368428,1112377.1955798252,0.12072468329946527,-0.01345024803746675,151.6601975761384
2020-03-27,153.71136069569187,154.95062252367646,153.33361121161428,154.7331771191573,1321187.7166795766,0.1119397304655366,-0.023439517975556656,151.1063060326578
2020-03-30,154.7662068346049,154.90845475092084,154.17681053095413,154.77721709544952,960800.531964493,0.10689731365550013,-0.01092898887298177,153.08565861202226
2020-03-31,154.6764541200541,154.84885346661827,152.93031038659345,153.70937913924928,876105.6814001049,0.10455424027178233,0.012005049649447486,155.55466786740172
2020-04-01,153.88305364530814,153.89585498412876,151.78558106305763,151.9194071688934,1384304.375277827,0.10552223756336171,0.029073489557487342,156.3362344667979
2020-04-02,151.87896057115174,151.91709189856084,151.14940999849685,151.6601975761384,927344.2607417913,0.10257369035188811,0.03489060550988343,156.9517137013184
2020-04-03,151.85450979918326,152.21790402073722,150.7918218270455,151.1063060326578,1778028.9966420517,0.10299411858465124,0.035651350686704664,156.4934499400006
2020-04-06,150.9958903582256,153.14777236663517,150.87095793541386,153.08565861202226,959306.45577214,0.11264719587827024,0.013216134823889059,155.1088593158426
2020-04-07,152.9259914360913,155.57568794084375,152.76135895580333,155.55466786740172,2256529.4680902804,0.12462766690362048,-0.015298141108202934,153.17497060832656
2020-04-08,155.45249453314028,156.56738118490549,154.78020010135467,156.3362344667979,1116648.1638835804,0.12167520813043488,-0.008744282327274422,154.96918629463724
2020-04-09,156.61497147200046,157.38413687200355,156.47569641187542,156.9517137013184,1368104.6856682552,0.12076004759256782,-0.010006220874157479,155.38122018744548
2020-04-10,157.5926829754089,157.98864488420384,156.38758066981828,156.4934499400006,1178213.4800111225,0.12176738029337549,-0.011120052162234217,154.7532346136198
2020-04-13,156.16278566655834,156.3899516616599,154.704705124076,155.1088593158426,1419095.9846782126,0.12718516726349213,-0.0028800694961496065,154.6621350215445
2020-04-14,154.6720949035323,154.94653551594592,152.72146398988204,153.17497060832656,985619.4788838058,0.13531283193904736,0.02327152020745693,156.73958503211486
2020-04-15,153.35635746971494,155.08110446424257,153.24953837361292,154.96918629463724,862050.6947584612,0.14137093092347686,0.007290368275582049,156.09896873409244
2020-04-16,155.4845433233243,155.81296420850464,155.06544077936903,155.38122018744548,1409263.3705952507,0.14109078032367373,-0.0016062682387864013,155.1316362685545
2020-04-17,155.6015014785148,156.42225180007546,154.59066113938917,154.7532346136198,1092315.1281466892,0.13306765609197038,-0.0018709220942151328,154.46370336782994
2020-04-20,154.65613203961328,154.87896171037386,154.59671054991264,154.6621350215445,1190565.9137962947,0.13308149768118752,-0.008558426667917396,153.33847048065905
2020-04-21,154.68605369310367,157.49352631850633,154.3342166613301,156.73958503211486,1423425.8743679584,0.13849181182945253,-0.02102331042112815,153.4444000807059
2020-04-22,157.01031553273842,157.55450444916482,156.00725473721673,156.09896873409244,1899562.2605132565,0.1391574188773608,-0.00963654435762884,154.59471409770623
2020-04-23,156.4644569027603,156.9781422197406,154.94041954505627,155.1316362685545,1455086.9943114968,0.133747536489615,-0.015762000713010482,152.68645130707907
2020-04-24,155.2092455943723,155.49248067536365,153.90285970270264,154.46370336782994,622224.7685899697,0.13277627469200287,-0.020945366958667444,151.22840441899598
2020-04-27,153.9060437862943,154.05047652179672,153.1392980670905,153.33847048065905,1139821.6626456676,0.13521638823615298,-0.004543264483280907,152.64181325380366
2020-04-28,153.18978164234346,153.52095059405704,152.7240499804496,153.4444000807059,828763.0169935555,0.13306900577845887,-0.017757451066213625,150.71961865488825
2020-04-29,153.2204298977262,154.81257760557907,153.17375258912756,154.59471409770623,958064.9335630089,0.12821091427205553,-0.01844214509319253,151.7436559496757
2020-04-30,154.46087602049937,154.67666644130657,152.4187302888927,152.68645130707907,803378.8188541862,0.136383102041756,-0.00732640538712126,151.56780846768245
2020-05-01,152.59936130748056,153.3176736173383,150.76421150545926,151.22840441899598,1346631.7187782887,0.14024285959262595,-0.0023983077881711834,150.8657121588852
2020-05-04,151.68770226338424,153.10100012322835,151.6710530311354,152.64181325380366,856360.5400312098,0.13619547467434376,-0.007654862698469822,151.47336113130032
2020-05-05,152.52036009761161,152.54194647713467,150.5590953808809,150.71961865488825,1141795.498244502,0.1287299331515594,0.021034129381841904,153.88987461405705
2020-05-06,150.77913156091842,152.2710929468607,150.21069282328668,151.7436559496757,892783.5443617955,0.13007444325260428,0.018455081410132523,154.54409747369812
2020-05-07,151.60351142753143,151.63028925046194,151.4813919224335,151.56780846768245,961778.1251493997,0.1285197621823548,0.011298477689042574,153.28029397003164
2020-05-08,151.6348307776031,152.3834456205304,150.65971461712584,150.8657121588852,1275079.9760455438,0.12887635219573634,0.01204642444707682,152.68310456206166
2020-05-11,150.7424326398436,151.66852906668433,150.24950264321032,151.47336113130032,836380.8774887467,0.12763332171963027,0.010962771612264666,153.13392899472484
2020-05-12,151.15467074322694,153.95657979969715,150.86682755385553,153.88987461405705,1333889.2735072402,0.13393584769827896,-0.001489727285117648,153.66062066894116
2020-05-13,153.59267277318833,154.90081886476315,153.19896570481473,154.54409747369812,1667317.1193244548,0.1279631764602984,-0.027065020985567734,150.36135823237686
2020-05-14,153.96897960345734,154.16005799386699,152.87727422577203,153.28029397003164,1453885.910949959,0.13061117016269208,-0.025415569855458675,149.38458795117106
2020-05-15,152.77483121045645,153.66524727832737,151.82784691674962,152.68310456206166,983833.6238516208,0.13056204050137807,-0.023063157943306267,149.16175000627248
2020-05-18,152.94400351851306,153.49516754861085,152.46752067578024,153.13392899472484,978981.8897242304,0.13118455003480023,-0.03630024869854842,147.57512928803047
2020-05-19,153.13975331251842,153.8168851059197,152.74678355332256,153.66062066894116,1006528.2457297349,0.12158983724417154,-0.04225514522397611,147.16766882736874
2020-05-20,153.34648924576894,154.1259291250154,150.15073794170152,150.36135823237686,1892836.2695119726,0.14153511073503874,-0.025355487083806638,146.5488727558122
2020-05-21,150.2238475495005,151.12833635681147,148.9900182188562,149.38458795117106,986241.861066151,0.1416614138569005,-0.04054636516894661,143.32758589749025
2020-05-22,148.99660332471382,149.4456579865292,148.94624584397377,149.16175000627248,997011.2871934619,0.14136572102069894,-0.04020685680935887,143.1644248823369
2020-05-25,148.81834222326256,148.82927532902215,147.070767703566,147.57512928803047,995901.6330205934,0.143602989571575,-0.010993363420765956,145.95278225990063
2020-05-26,147.23805138127793,147.41217611364686,147.0581779126479,147.16766882736874,565274.089924118,0.143307500004278,-0.01163847968274434,145.45486090376457
2020-05-27,147.14301737100766,147.20041659287386,146.29777680377896,146.5488727558122,1169012.9921400081,0.13892401051358216,-0.017924774367773177,143.92201727781276
2020-05-28,146.9429864842925,147.68334324514035,142.67015133718797,143.32758589749025,1594898.3535747535,0.1515016981753455,-0.008267845033975485,142.142575628196
2020-05-29,143.67824060104542,144.50810328871253,142.9884112154047,143.1644248823369,992867.8281987368,0.149694360415443,-0.0026604465478282657,142.78354358238687
2020-06-01,142.8191023874219,146.25334038183038,142.65424550514905,145.95278225990063,1499113.5945545624,0.1641245503658438,-0.019258423863113272,143.1419617151388
2020-06-02,146.09043811163943,146.1949929459824,145.3559595477219,145.45486090376457,927343.9285510019,0.15957674060841184,-0.02330439361942982,142.06512357140383
2020-06-03,145.20807675368218,145.40416442236278,143.7874322876033,143.92201727781276,796984.1910282553,0.15915924649121008,-0.0017483705622639567,143.6703882595426
2020-06-04,143.77863104010757,144.57763981960036,142.00278560242577,142.142575628196,1409492.2600499326,0.1627478418273927,0.021078970704292876,145.13879481569546
2020-06-05,141.93041984548887,143.0156241675238,141.60895982375692,142.78354358238687,1280069.5022061137,0.16486842214513536,0.020022763843748015,145.64246475631052
2020-06-08,142.71164179764867,143.46576486135987,142.26858359016555,143.1419617151388,956556.5929723277,0.16413371427928086,0.012575428508684094,144.94203322128033
2020-06-09,142.84475564029808,144.05677482293652,141.2312689927098,142.06512357140383,1595367.903436438,0.14907060379813056,0.030045467487142208,146.3335366227253
2020-06-10,141.55650171145342,143.93409518301468,141.03896652469393,143.6703882595426,999148.5617505527,0.15614376496556107,0.01690569621815108,146.09923619900223
2020-06-11,143.63901654844292,145.1496218249344,143.49108075194746,145.13879481569546,1125391.545170596,0.16251007320590174,0.015117026460475191,147.33286181736582
2020-06-12,145.28886539740236,146.51369337669186,144.96832770611317,145.64246475631052,650505.3562065742,0.163874000939851,0.015444438864641752,147.8918308993351
2020-06-15,145.83332026504146,146.19183449622165,144.64768706345302,144.94203322128033,1577586.738306765,0.1628830105729665,0.016780066773750102,147.37417021705653
2020-06-16,144.39680786490845,146.66617210621303,143.94492850449686,146.3335366227253,1438743.2270269801,0.1673669306565031,0.021449596475570765,149.47233193412592
2020-06-17,146.9607361568258,147.2882674021803,145.67924240208262,146.09923619900223,1415483.3592878042,0.15141852906695172,0.01809600057581462,148.74304806138545
2020-06-18,145.8895954445608,147.6728251039512,145.49116354164173,147.33286181736582,1396233.3589876024,0.15400556160710974,0.026922081516444152,151.29936913326395
2020-06-19,147.09186023546619,148.05342487423377,146.84143342524231,147.8918308993351,1116908.203586546,0.15476183208904665,0.03245392655775947,152.6915015178347
2020-06-22,148.024474006476,148.1707548864588,147.22892072642924,147.37417021705653,809345.9970523679,0.15050467850776908,0.040543833603401414,153.34928405177624
2020-06-23,147.51900334580654,149.69129569063875,147.08653950085588,149.47233193412592,903880.9330834816,0.1582994431677807,0.02197659526633755,152.75722487655787
2020-06-24,149.1185925112747,149.23808142014178,147.9772584842153,148.74304806138545,744511.0731181685,0.15860140920422358,0.021158040642766274,151.89015951759717
2020-06-25,148.3356538667245,151.61254882735685,148.2680486407655,151.29936913326395,1868529.4648272162,0.1443075227632349,-0.0005677653360343093,151.21346659610623
2020-06-26,150.77570220604724,152.83465299080038,150.00021964947013,152.6915015178347,1531214.6216500385,0.1452771383336288,-0.012713708916992528,150.75022621343842
2020-06-29,152.36515917369636,153.52916629769285,152.07004730590347,153.34928405177624,756960.5905804478,0.13221940185109882,-0.016763175477761294,150.77866309382725
2020-06-30,153.3087668038547,153.5189863509127,151.9640432024822,152.75722487655787,1759887.869896593,0.13249553125338667,-0.014696170198148839,150.51227870077508
2020-07-01,152.37093641182005,152.67645167662724,151.63559757720446,151.89015951759717,848232.1362932618,0.12717399140126312,0.0004436120202604421,151.95753981811845
2020-07-02,152.0870277524437,152.58621618922334,150.9029948754305,151.21346659610623,966114.2591185216,0.11745262477828135,0.010487280345722327,152.79928461234812
2020-07-03,151.51261618802351,151.97093229477588,150.63265275145346,150.75022621343842,1032090.3090368523,0.11932883265630416,-0.006506742990286973,149.76933323573996
2020-07-06,150.3234136911145,151.4291187176825,149.955850325587,150.77866309382725,812692.5497671476,0.11967350682744869,-0.008361231351707854,149.51796780879855
2020-07-07,150.11664876254576,151.32706959857867,149.86924457181996,150.51227870077508,1434196.5277754096,0.11484396267064059,-0.013719083332266346,148.44738820674985
2020-07-08,150.18619665230574,151.99040292344824,149.65729968670274,151.95753981811845,975089.9970201821,0.11334918025160771,-0.017357801902263437,149.31989094440024
2020-07-09,151.31962616733745,153.22252333778147,150.8525421242626,152.79928461234812,863967.9703985121,0.11048372147352689,-0.029592692345515426,148.27754239220005
2020-07-10,152.71593279105443,152.80239936923923,149.01261025695018,149.76933323573996,1248249.3886031448,0.13604355417462138,0.0008839407325746951,149.9017204498776
2020-07-13,149.62024851916496,150.17749295594027,149.49820484452863,149.51796780879855,912798.9692775396,0.13458431513930175,-0.0002757033454561242,149.47674520486785
2020-07-14,149.67107665320196,149.9496792961859,148.29565302112815,148.44738820674985,1094174.816747426,0.13450231841873136,0.014922859618140327,150.66264774163875
2020-07-15,148.95722785086383,149.60254273554395,148.84973408126228,149.31989094440024,1393811.303539709,0.13538421068664344,0.0239748521337102,152.89981325041398
2020-07-16,148.84418115042266,149.5537471093755,148.10166876253408,148.27754239220005,997918.5222450057,0.13539664364416387,0.03228343172383563,153.06445030819677
2020-07-17,148.15058378775439,149.90874211080222,147.86801612028003,149.9017204498776,1120690.0091598518,0.1401121900955233,0.02301117517000173,153.35113519743436
2020-07-20,149.49107457560083,150.0317986124368,149.41576145554194,149.47674520486785,1441826.816884958,0.13986660752606686,0.03328586388605026,154.4522077998869
2020-07-21,149.5369921263511,151.6838884715241,149.4663875660126,150.66264774163875,1550386.6774173214,0.13344458934513528,0.018666616736034758,153.47500964346813
2020-07-22,150.28196095616227,153.79654525296345,150.15902999954358,152.89981325041398,1419154.733149184,0.1411837190089258,0.00730011617831372,154.01599965078447
2020-07-23,152.86152465368193,154.1178170757812,152.6597916991314,153.06445030819677,800097.3187216311,0.12831224336308358,-0.0035427691436098474,152.52217829666128
2020-07-24,153.22051181376105,153.80488826734492,153.18041194854501,153.35113519743436,683276.884172052,0.1243819628757139,0.0010637678857954302,153.51426521030766
2020-07-27,153.00029372931235,155.17860835025382,152.895333007941,154.4522077998869,1397339.4670564162,0.12603323171060055,0.007661289671645255,155.635510904267
2020-07-28,155.15520341430675,155.4901845414329,152.9421194334377,153.47500964346813,1347247.9247773092,0.12743217341743643,0.016469689223891804,156.00269535592986
2020-07-29,153.48002768403094,154.09124903794785,153.01872567020894,154.01599965078447,838438.4102137472,0.1259190291971489,0.005059884388964209,154.79530280306818
2020-07-30,153.80770255976896,154.40317250489747,152.27526547873984,152.52217829666128,863107.354216032,0.13008723713347534,0.01402389764645684,154.6611337139083
2020-07-31,152.1807436518493,153.59708095219034,151.52583252013724,153.51426521030766,1139394.8296345302,0.13107693355470168,0.007122969451095251,154.60774263170802
2020-08-03,153.69925401408153,155.73964292072912,152.98741366381435,155.635510904267,877978.4118194162,0.13874283651661845,-0.013879570846246025,153.47535680447953
2020-08-04,154.9477553134374,156.3200930259879,154.84078754922487,156.00269535592986,1038195.6816809921,0.13817778520148552,-0.029478216386976452,151.4040141452762
2020-08-05,156.25504854022032,156.49503248100558,154.3220480525745,154.79530280306818,1106238.8672247995,0.13894831877416708,-0.03212431839808272,149.8226092092948
2020-08-06,155.0313240663229,155.2677393971347,154.64319619181387,154.6611337139083,1363144.5860871307,0.13800683764785612,-0.031341417782557945,149.81383450745665
2020-08-07,154.7820818135254,155.05915055133985,154.58248847161406,154.60774263170802,901671.071282846,0.11510337683886104,-0.026505084157373404,150.50985140187308
2020-08-10,154.70936243379631,154.73232770994974,153.23069380007115,153.47535680447953,1010350.9037031182,0.11892768158408268,-0.023575109182650378,149.8571585109677
2020-08-11,153.72606400841275,153.91806134360405,150.9043611395672,151.4040141452762,864005.1967083793,0.1267959086251948,-0.0022578776573811687,151.06216240449976
2020-08-12,151.64202138265898,151.86785999210764,149.58322871054213,149.8226092092948,938899.4348730816,0.13164181430195834,-0.004152631645124805,149.2004511011371
2020-08-13,149.90396492633005,150.55475361023514,148.63670505450162,149.81383450745665,737867.3630046843,0.12889794633999976,0.005444403485437066,150.62948147021572
2020-08-14,149.9587767645138,150.74006433594636,148.92190118179158,150.50985140187308,858543.5712055066,0.123994837308542,-0.0031418354877508214,150.03697420948257
2020-08-17,150.58780162925225,150.69273755225905,148.92509491407267,149.8571585109677,929694.1797138567,0.12460041294702691,-0.006586436285274999,148.87013388454287
2020-08-18,150.54964090207966,151.24729669427632,149.77672042962237,151.06216240449976,1134732.773929915,0.12468981302640801,-0.023604022658471724,147.49648770026621
2020-08-19,150.23951330429756,150.5453069747401,149.05431283060088,149.2004511011371,834080.2856729329,0.1194342908642783,-0.00576023315609997,148.34102171579926
2020-08-20,149.0787085181124,150.81483995783026,149.02619373225136,150.62948147021572,1089703.881528169,0.12525126372955347,-0.009264641117362027,149.23395338269984
2020-08-21,151.28437210801764,151.41243196736286,149.94437654777477,150.03697420948257,668994.4378288166,0.12532087056794083,-0.002830489638631528,149.612296108571
2020-08-24,149.41226250963,150.22373064262484,148.36741612589734,148.87013388454287,1374656.323522028,0.12350685803403758,0.0006671618794444889,148.96945436285844
2020-08-25,148.82024505783104,148.89039694687207,147.40717811292032,147.49648770026621,1258007.8071961382,0.12532926492500363,0.027358495068906752,151.531769631695
2020-08-26,147.8047881913482,148.50730589516834,147.70817404837717,148.34102171579926,764746.5213239935,0.12683998606443492,0.025994827923808916,152.19712104934345
2020-08-27,148.4653028357411,150.10498313283438,148.4098497063074,149.23395338269984,960253.3932691378,0.12620103105666955,0.025359361987722595,153.01843122739064
2020-08-28,149.8716512122149,149.8731692100984,149.52570332722135,149.612296108571,546431.9393181896,0.12380966452647403,0.023870494411318388,153.18361558669517
2020-08-31,150.01241998465426,150.227696605875,148.8080052299932,148.96945436285844,728465.0784086304,0.11054143797596407,0.03430886087926899,154.08042664785435
2020-09-01,148.945446862598,151.65415434095812,148.7534488848446,151.531769631695,1135733.9826392243,0.1295185794159116,0.01987599845622534,154.54361485096365
2020-09-02,152.05609732536854,152.45945532053435,151.7982863777144,152.19712104934345,812846.1051276631,0.1288256072675082,0.02028302862125342,155.28413961165967
2020-09-03,152.131260828621,153.25161691671906,151.79022563627368,153.01843122739064,942053.8865228913,0.13069678440250915,0.016998513553233785,155.619517104504
2020-09-04,153.35987566410355,153.59584887565225,152.73733486219567,153.18361558669517,709975.516878676,0.13081718042726762,0.025351298965442526,157.0670192220409
2020-09-07,153.46598546428635,154.43883968082355,153.07723678372707,154.08042664785435,1104776.8988018276,0.12996728707124228,0.03399536429314254,159.31844688219098
2020-09-08,153.65415702179115,154.93063979375856,153.48543009302767,154.54361485096365,1346339.515697712,0.11964455621351083,0.03359457920110187,159.73544256009893
2020-09-09,154.36336969104244,155.78354325894372,154.0242648342577,155.28413961165967,1095842.5325397106,0.11221650069735525,0.03291749883182393,160.39570509592727
2020-09-10,155.56406098859168,155.78186520743452,155.25145976329324,155.619517104504,720453.6513439704,0.11200119185952512,0.02660432315610306,159.75966902694896
2020-09-11,155.7755742959506,157.36235762435754,155.27159182617038,157.0670192220409,1233451.4841181345,0.11468747397907036,0.0216201229389974,160.46282748728328
2020-09-14,157.0669904319298,159.4545661990549,156.68564204924942,159.31844688219098,1508671.3268177088,0.11970123577900212,0.006712858732748295,160.387929109632
2020-09-15,159.39879783754174,160.19737417176927,159.289551301024,159.73544256009893,1364167.1699930774,0.11826718639486496,-0.001321056766734774,159.52442297281755
2020-09-16,159.44592301874013,160.5035877742276,159.18839327748196,160.39570509592727,450200.6689179249,0.10386459242718678,-0.013865151725080072,158.17179430872105
2020-09-17,160.18491054390307,161.2009692190849,159.74449245303498,159.75966902694896,1065640.6910573822,0.10472513317693938,-0.013216960558054214,157.64813178265197
2020-09-18,160.23502407396765,160.62785646956576,159.81421186860305,160.46282748728328,1301149.9945075011,0.10157235574766035,-0.0245258962894791,156.5273328220136
2020-09-21,160.21797057232368,160.58462351345216,159.92276474574234,160.387929109632,1006734.2002880836,0.09394676624436901,-0.040072717522787515,153.96074893235686
2020-09-22,160.06464577640364,160.150178932373,159.0733130886722,159.52442297281755,990292.3723342147,0.08768782701813876,-0.041971310775141046,152.82897384000037
2020-09-23,159.25453696667458,159.65269284515014,158.16541946451562,158.17179430872105,920762.786011406,0.09777188338983459,-0.045127879808733895,151.0338365860253
2020-09-24,158.167194179163,158.21080814360846,157.4562805047325,157.64813178265197,1394586.939743533,0.09983081001055244,-0.054767238425934894,149.01417896190827
2020-09-25,158.32643325598423,158.8737990710422,155.35317528859855,156.5273328220136,869925.4813136382,0.10581602612538038,-0.04758186081997584,149.0794710571545
2020-09-28,155.99799137658064,156.68719809588254,153.8225437675884,153.96074893235686,1200364.9391983815,0.12310056129803519,-0.026778828050886383,149.8378605101116
2020-09-29,154.1274023019003,154.85316910682465,152.50890933978891,152.82897384000037,616103.3804510351,0.11242538910473643,0.0008116443689283326,152.9530166160267
2020-09-30,152.78233483940284,152.87413468662976,150.61048821259286,151.0338365860253,2684360.1588432076,0.1193050008211206,0.023892409642811474,154.64239887966406
2020-10-01,150.8658022300625,151.2925627029513,148.9201986083823,149.01417896190827,958707.6434181068,0.12572961818670222,0.02709215009748034,153.0512934649971
2020-10-02,149.53664306293982,150.0454726038211,148.91147347092925,149.0794710571545,1252095.8071807078,0.12558949508531528,0.017689147151032536,151.7165597578826
2020-10-05,149.2617148760759,149.89723020987122,149.24901188843367,149.8378605101116,1055814.10113824,0.12503583664052784,0.0003164747960231473,149.88528041645307
2020-10-06,150.27285933702194,153.06941558473994,149.96262920027948,152.9530166160267,1018795.3340355096,0.14724574523979078,-0.02256650667969784,149.5014013448812
2020-10-07,152.8226820532409,154.71915201480329,152.70357947802353,154.64239887966406,1811068.5815077436,0.15181533983177456,-0.03999003410988644,148.45824407363162
2020-10-08,154.99651834225628,155.12683716546007,152.75408954257594,153.0512934649971,779975.615788382,0.15567041823962985,-0.02759465758478119,148.82789542892263
2020-10-09,153.00717742907526,153.25120598416402,151.59368524549166,151.7165597578826,1284398.459764435,0.15330772092394965,-0.024963503088269667,147.92918294982505
2020-10-12,151.74432062138152,151.77704151206427,149.87609681849082,149.88528041645307,2295401.3462632457,0.1451424973166335,-0.02841569285497958,145.62618632465666
2020-10-13,149.66353975700636,150.1431639082887,149.0717808253836,149.5014013448812,1030995.7719105667,0.1436369499071232,-0.02588804400718303,145.63110248772938
2020-10-14,149.54067206117037,149.68282591104938,148.11814442761624,148.45824407363162,966435.9782572585,0.14144296767394035,-0.005970880678486168,147.5718176125304
2020-10-15,148.11427303658752,149.46446437237356,148.07823733051498,148.82789542892263,1149333.094801275,0.1432012760356901,-0.0030934891431581013,148.3674979502142
2020-10-16,149.11284886516242,150.04268056051802,147.54676747670052,147.92918294982505,1249626.605573005,0.1403281662139218,0.010964851216120008,149.55120443139208
2020-10-19,147.80882991814536,148.0826213396181,145.6183581272338,145.62618632465666,2186254.9318615557,0.14540163705228684,0.02647506805437505,149.48164951810105
2020-10-20,145.32598828953672,145.9814445534142,145.02312329227564,145.63110248772938,1172946.9459816501,0.14636984867730843,0.04086282231493943,151.5820003522142
2020-10-21,145.57746673250364,148.22511139437256,145.30542921434898,147.5718176125304,1026347.174311433,0.15848221693947648,0.03662773840677147,152.97703954425396
2020-10-22,148.2411146370536,148.90561684924532,148.0896471269586,148.3674979502142,1715073.4876235835,0.16153933500001377,0.023283045110038092,151.8219450978525
2020-10-23,148.13104144376499,150.11809217814175,148.11400307850158,149.55120443139208,647610.7101900366,0.165258821699678,0.02374643982391844,153.10251310801667
2020-10-26,149.22902799114163,149.6802566682624,148.38597540531734,149.48164951810105,1066686.9731051538,0.15658740461751264,0.023984949690427415,153.0669593614348
2020-10-27,149.41644112538003,152.04979880799215,148.91667171669025,151.5820003522142,1601537.3014326827,0.16410030789613556,0.021807993415115856,154.88769961774537
2020-10-28,151.87030120788114,153.25255804578958,151.73155490829774,152.97703954425396,787272.8680335549,0.16165012475731996,0.0046024059014730945,153.68110197384232
2020-10-29,152.92423222282002,153.60957867075828,151.51921303103737,151.8219450978525,1269404.7286534968,0.15616169933216573,0.010577917873849207,153.42790516454562
2020-10-30,151.78445322820582,153.36371711180763,151.37527478948172,153.10251310801667,1366740.3600748277,0.15835817803219726,0.003123580396431347,153.58074111660525
2020-11-02,153.4315848689396,153.52038566464637,152.76010024573213,153.0669593614348,1169092.0312544329,0.1578311562199343,0.01353365717493804,155.13851511424264
2020-11-03,153.25056562830176,155.1555169193934,152.94545304003134,154.88769961774537,1056185.1190595154,0.1458246235114445,0.003025821415373109,155.35636213622664
2020-11-04,154.8450575316087,154.98853194831054,153.09833416998697,153.68110197384232,1383761.861691396,0.1433546164926323,0.01238742009681415,155.58481434493362
2020-11-05,153.59145201096592,154.08309931698187,153.08150994874563,153.42790516454562,1213943.773984277,0.13854797373260577,0.011528931170793566,155.19676492286672
2020-11-06,152.983094189875,153.97223928374066,152.61723557255274,153.58074111660525,891308.284672593,0.1345228156317279,0.0024339337683580986,153.95454646857843
2020-11-09,153.69341292032954,155.31733300477396,153.026148861699,155.13851511424264,1835164.364648145,0.12969700626460762,-0.00845319961169011,153.82709827852074
2020-11-10,155.8146003705917,156.51471362811697,155.0668987467468,155.35636213622664,1083366.2773147684,0.12870654702253734,-0.008309563952227594,154.06541850967022
2020-11-11,155.40436522606626,155.9173099539196,154.73836505997716,155.58481434493362,1425348.8483429358,0.1243508654028978,0.009672102955622819,157.08964668760927
2020-11-12,155.1267920117995,155.2013845471915,154.89250124750782,155.19676492286672,1190119.467371389,0.12554323479185125,0.011273412993910048,156.94636214916096
2020-11-13,154.87391911789246,155.1368399587676,153.89858090726426,153.95454646857843,1243006.276842413,0.1274187175134448,0.020771009426546305,157.15233780453693
2020-11-16,154.45146590820602,154.9877330857291,153.3493457842288,153.82709827852074,1453396.0036618607,0.1099666726507923,0.03387881107520019,159.03857747934498
2020-11-17,153.88213175272003,154.41724837095322,152.8913777832348,154.06541850967022,1067290.8311822256,0.10959825757598365,0.018872987248253814,156.9730931886001
2020-11-18,153.9871282106891,157.14249874835232,153.42783146118776,157.08964668760927,1131522.7062048456,0.11943807392827187,0.0020142348884830685,157.40606213458693
2020-11-19,157.7677314690153,157.98780262432513,156.49615232764157,156.94636214916096,1014665.6051459315,0.11996841689715136,-0.001345475582024025,156.73519465120177
2020-11-20,157.027538202403,157.71041749709588,156.9494750860248,157.15233780453693,993357.191392109,0.11850744278810553,-0.007383143692566985,155.9920595129032
2020-11-23,156.83268402746265,159.94296901352521,156.33916208067689,159.03857747934498,1493632.3619755642,0.12255308025537268,-0.010470870071908056,157.37330519813767
2020-11-24,158.86036809946287,159.1232603198101,156.27350232476095,156.9730931886001,1108444.6564678133,0.1280590255601734,0.004261851121187377,157.6420891418022
2020-11-25,157.22749110309127,157.7085526245262,156.15724001126898,157.40606213458693,1024132.2453194502,0.12511339159407917,-0.0011051137099850061,157.23211053728724
2020-11-26,157.74908327366362,158.1509879650337,156.26082839181453,156.73519465120177,993385.9954427222,0.12248990089280276,0.002748658980547658,157.16600625154769
2020-11-27,156.67030585773514,157.57463963883234,155.0887609803131,155.9920595129032,1033326.6323692094,0.12169672161658927,-0.004874968443525418,155.23160314533726
2020-11-30,156.21036465410472,157.83507718909405,155.59696898641315,157.37330519813767,867159.3194913745,0.12474916487826963,-0.02632936392522267,153.22976617346077
2020-12-01,156.93624864363576,158.14151982424573,156.25516013466648,157.6420891418022,1008330.1340279016,0.11848467893613988,-0.023617515172716264,153.91897470963698
2020-12-02,157.9260138846889,158.0557533872999,156.23981425610395,157.23211053728724,1518264.3310919418,0.11480665785611571,-0.028090631857688342,152.81536120397695
2020-12-03,157.39528308325643,157.64124925543513,156.9963511870935,157.16600625154769,995108.1402684277,0.11448976967474706,-0.009908059155142812,155.6087961644298
2020-12-04,157.1743077874706,157.58893091768402,155.21805161991236,155.23160314533726,1324874.5568118375,0.12417837261561185,0.022069519863924025,158.65749009446205
2020-12-07,154.27923760815884,154.53928061097966,153.11145959288436,153.22976617346077,1334093.2369549822,0.12749092899444367,0.04219178288098879,159.69480319875612
2020-12-08,153.61023121260388,154.2499177647869,153.25626355149427,153.91897470963698,623221.5730642967,0.12860029313504162,0.03512828319629824,159.32588404252098
2020-12-09,153.81319429081475,153.8992862179425,152.19273807116406,152.81536120397695,1518198.2094894587,0.1305462986592439,0.0342751948941451,158.05313749206243
2020-12-10,152.74364645972128,156.30790520008932,152.25274800023192,155.6087961644298,1165126.2471562037,0.1469099097898348,0.014412099648955401,157.85144564100554
2020-12-11,155.6606378100103,158.73041176495252,155.3804635703874,158.65749009446205,1516280.0945884555,0.15872012826731946,-0.023251032572548236,154.96853962439695
2020-12-14,158.11898796826213,159.9853754490638,157.86547534749985,159.69480319875612,1237029.8087726324,0.1594068161011159,-0.03429070829692016,154.2187552857335
2020-12-15,159.25680608261132,159.515675949976,158.88676003382645,159.32588404252098,1010766.2573923559,0.16011336951306,-0.02641410000003197,155.11743420882834
2020-12-16,159.59797791989132,159.59952331539043,157.90793382135715,158.05313749206243,1307188.4399365631,0.148769712241467,-0.0209323379732137,154.74471580035177
2020-12-17,158.27355001463843,158.76796942439208,157.73769596314,157.85144564100554,850375.0800142003,0.1488161852514413,-0.013656398756894395,155.69576335497973
2020-12-18,157.6551631515548,158.24552542532248,154.89363515704684,154.96853962439695,1740433.93497736,0.16267810082857104,0.00811496034963577,156.2261031788899
2020-12-21,154.63550672627292,155.2545599659281,153.85112272813058,154.2187552857335,1251274.7212052806,0.15615897801403464,0.013268997494795931,156.26508356327045
2020-12-22,154.20630087321697,155.59218992363773,153.53912446042588,155.11743420882834,1114109.2885691172,0.152015208956085,-0.001689321934760346,154.85539092475562
2020-12-23,155.2313679930876,155.4860949968943,154.3025655610403,154.74471580035177,991497.312357996,0.1516285075344333,0.005815395466773454,155.64461751912427
2020-12-24,154.62813499956033,156.20874574168627,154.15291876258297,155.69576335497973,833937.367171394,0.15297965510292702,0.008021785010859483,156.94472129571503
2020-12-25,155.55565760734376,156.23556965525745,154.91957063998214,156.2261031788899,691967.6350756085,0.15256753448327012,8.246836981617989e-05,156.2389868909418
2020-12-28,156.44398380576084,156.92447254468644,155.18107562453312,156.26508356327045,811742.7664358703,0.14904967316090592,0.004981257968877495,157.0434802560273
2020-12-29,156.23027010832502,157.1382503214163,154.54261237976186,154.85539092475562,719618.127154828,0.15195889286796763,0.007421367903277298,156.00462975261405
2020-12-30,154.66236296229104,155.96007424178438,154.07258204598259,155.64461751912427,1294735.632032439,0.15323231970865903,0.0013022218246863115,155.84730133695263
2020-12-31,155.47220274008464,157.11202206811978,155.14101751666018,156.94472129571503,1561710.5440941942,0.15639671699711202,-0.021763415409161047,153.52906812988138
2021-01-01,157.08630415194978,157.23136331146745,156.0180173341563,156.2389868909418,896611.9853734598,0.15061044911267535,-0.019799594086871486,153.1455183699571
2021-01-04,156.3819804259832,157.21046590995803,156.31006460914136,157.0434802560273,709898.9321330726,0.14296244204211317,-0.034453529715232856,151.63277804244268
2021-01-05,156.5971672044232,156.83369225201105,155.52839038113063,156.00462975261405,957552.9092102421,0.145059740665468,-0.033068348564622374,150.84581427825975
2021-01-06,155.9480014192811,156.62480116963096,155.66820812662203,155.84730133695263,967657.4890619934,0.14224021655954794,-0.02665816227427409,151.69269868790445
2021-01-07,156.3468698410811,156.62338456677705,153.205642197202,153.52906812988138,1527897.7764624238,0.13749150919569456,-0.0017122091602188583,153.26619425306953
2021-01-08,153.27585265617967,153.65391403609206,152.6502197764376,153.1455183699571,1154879.3020026037,0.1148862367949721,0.006836954126355543,154.19256725370943
2021-01-11,152.29079569494078,152.8506030058477,151.2731561287218,151.63277804244268,1239636.658502807,0.11396924547176362,0.009966508495905968,153.1440274130605
2021-01-12,151.5766044645634,151.88833860153602,150.71148223782419,150.84581427825975,741130.842782068,0.11434259426156165,0.02209779706402437,154.17917447013824
2021-01-13,151.31205799082517,152.5051133612194,151.19069353406846,151.69269868790445,1057069.665728538,0.11618808216558661,0.01570479404970282,154.0750012796416
2021-01-14,151.4598962789404,153.49627927074204,151.25667457878586,153.26619425306953,793774.2737061556,0.12426272665927877,-0.0003981442102043431,153.20517220520762
2021-01-15,153.10246524346778,154.47138814165797,152.96367280198666,154.19256725370943,833696.4210279381,0.10973055906656831,-0.004760258926105765,153.4585707091008
2021-01-18,153.92577060430278,154.6874894168177,152.87014062623217,153.1440274130605,1282154.553862347,0.11103697856868945,-0.010363985121888075,151.55684499144553
2021-01-19,152.96980813052022,154.24977627468968,152.4649883065221,154.17917447013824,1324721.830609802,0.1117689091864052,-0.018296959434968896,151.35816436914112
2021-01-20,154.35084092896975,155.79991648724865,154.0312077301263,154.0750012796416,672914.8484075392,0.11150159608066361,-0.005817780254968707,153.17862677941264
2021-01-21,153.40081094180027,153.54389307439922,152.48393991985648,153.20517220520762,1262505.2062077096,0.1104611288507556,0.004013525276518992,153.82006503634668
2021-01-22,152.82779369540268,153.52096297476217,152.6333114036588,153.4585707091008,1307740.9601403256,0.10975258314335401,-0.0013207986744488975,153.2558828323254
2021-01-25,153.84840682127532,154.00905416729915,151.36698726655868,151.55684499144553,726227.123977883,0.11697753132636009,0.003539445320700274,152.0932721572706
2021-01-26,151.02799275735717,151.48074206597127,150.76331397811862,151.35816436914112,1314094.3657696913,0.11355644143674462,-0.00499042658841542,150.6028225612996
2021-01-27,151.6757694402883,153.19577576909782,151.6117838635482,153.17862677941264,740241.3814514257,0.12100724141606137,-0.01602773991752615,150.7235195884684
2021-01-28,152.97904893377404,154.8331375660479,152.8208987677164,153.82006503634668,705371.4097082263,0.11769988161100566,-0.02468635506780592,150.02280829430643
2021-01-29,153.50310746735963,153.71654052844565,151.8477345989655,153.2558828323254,1220139.4347518794,0.11740770819079695,-0.023718381651143927,149.6209013130253
2021-02-01,153.08356046554348,154.02995155029657,152.04461045730156,152.0932721572706,1321612.9001302833,0.11735401329781658,-0.017153668196228766,149.48431463180606
2021-02-02,152.0614401061627,152.3831483522166,150.47275298531352,150.6028225612996,864224.6735253711,0.11968945430566752,-0.005110992493176925,149.83309266573755
2021-02-03,150.74940270756323,151.33393395597986,150.5323209597458,150.7235195884684,1076863.1660947485,0.12000684798028996,0.006355066700649337,151.68137760880975
2021-02-04,150.72209069316128,150.90580480830857,149.61839086302572,150.02280829430643,906972.0540775022,0.11013588527737275,0.039229615790369765,155.90814542348437
2021-02-05,150.12651254972917,150.19441561896116,149.55084395213015,149.6209013130253,731921.9590009246,0.11016749669812058,0.04937526305016693,157.008472673159
2021-02-08,149.71965150118203,150.48019654987135,149.38507281239163,149.48431463180606,823403.5986684244,0.1052225511469352,0.0528488342344009,157.3843863964254
2021-02-09,149.6364738088998,150.65739684749693,149.26212349049138,149.83309266573755,1013870.1952448193,0.10434261425774939,0.05173428248697154,157.58460020760342
2021-02-10,149.90038690434068,151.87516909569044,149.4040492812855,151.68137760880975,1295798.7648045933,0.11186589126241925,0.049117173941785275,159.1315382165513
2021-02-11,152.27586324344497,155.99762344514423,151.68510699961436,155.90814542348437,1556535.1324885339,0.14551239544767877,0.02085849304076759,159.1601543897991
2021-02-12,155.88524940914482,157.41267999852457,155.82032091895476,157.008472673159,1093388.6382806997,0.14603156720925264,-0.00021836549918397008,156.9741874396476
2021-02-15,157.08444887792322,157.78773857148792,156.79203095244372,157.3843863964254,740348.9596968393,0.1431828996814616,0.007760531719672281,158.60577291923605
2021-02-16,157.50365192641078,157.96260980021776,157.39156617892576,157.58460020760342,1558751.3466109973,0.14177925327891616,0.013172664199282869,159.66040922911642
2021-02-17,157.4923725227004,159.5821259077924,157.35867572765662,159.1315382165513,1342904.6102012994,0.14486459624923714,0.004435873886574626,159.83742565145656
2021-02-18,159.07291304239277,159.579210733519,158.95470652436973,159.1601543897991,808462.5845834586,0.14242612290268356,-0.0006869494364512008,159.05081941143553
2021-02-19,159.2270386827446,159.65787913794284,156.63652950254513,156.9741874396476,1211258.839154871,0.15293223184426907,0.010987912083928242,158.69900601068053
2021-02-22,157.15811954707166,158.78122743703463,157.0960078815396,158.60577291923605,1328567.155444233,0.14740608351617962,0.007242896259673559,159.7545380786754
2021-02-23,158.84700131167358,159.8729334525286,158.57896562719662,159.66040922911642,1290237.8149560904,0.14751629748529937,-0.008715356402549168,158.26891185930782
2021-02-24,159.380918179639,160.19411412949103,159.1225563434318,159.83742565145656,865390.3219696793,0.14340781145171544,-0.016887555489622175,157.13816225644922
2021-02-25,159.5414120516112,159.67576065863275,158.88130325976135,159.05081941143553,949391.9185234328,0.14533876378742278,-0.01411010425887449,156.80659576708075
2021-02-26,158.9650277354835,159.25054305730615,158.5962940280479,158.69900601068053,1151939.5939372666,0.14471443093340983,-0.017363844627940495,155.94338112770248
2021-03-01,158.60787272479246,160.13591404064695,158.1950506998825,159.7545380786754,808359.787931218,0.14126890226013675,-0.034328029952072736,154.2704795105311
2021-03-02,160.0073960427765,160.28504314220564,158.0701269109564,158.26891185930782,1505355.8617632117,0.14070148468707422,-0.030335233681376694,153.4677874335585
2021-03-03,158.92358486770954,159.1917259314843,157.02525214408712,157.13816225644922,1116505.4882126485,0.14475918442352054,-0.024053242082839765,153.3584799992423
2021-03-04,157.1807716699428,157.54127727347253,156.70006161083137,156.80659576708075,1086592.0339080375,0.14345801703602354,-0.03946988638537674,150.61745724767638
2021-03-05,156.01759448538144,156.3791178822116,155.50466717889347,155.94338112770248,1258860.2075252982,0.145087866932252,-0.03931460403966869,149.8125288460597
2021-03-08,156.58778581594706,157.39303775041864,154.20294119565577,154.2704795105311,1044582.1296273576,0.1518271635288903,-0.017348553934704358,151.59410977620993
2021-03-09,154.14848863304522,154.91162938577008,153.12651727434613,153.4677874335585,1255222.5124625904,0.15370292698815552,-0.005593699641182059,152.6093347260584
2021-03-10,153.36459075973676,153.41943524830018,153.07789431927,153.3584799992423,1094692.691117626,0.14808966391277884,-0.013883257916922576,151.2293646676656
2021-03-11,153.14953882650843,153.40125347959858,150.4270461594887,150.61745724767638,1307882.6186489486,0.12328060634863411,0.0067486265213696495,151.63391821423932
2021-03-12,150.74539105207685,150.86543944229575,149.02113570630124,149.8125288460597,777797.0457699958,0.1194000224446785,-0.003809253722031447,149.2418549129459
2021-03-15,149.81665087828355,152.08968054536982,149.7854653341158,151.59410977620993,1591357.357493884,0.12876226090169396,-0.015084843704906814,149.30733632365133
2021-03-16,151.84595009260474,152.95344936390518,151.7113947945317,152.6093347260584,741209.39911915,0.13190350548705132,-0.013641269607646,150.52754964641673
2021-03-17,152.77715152391534,153.44970098569036,151.11189279516188,151.2293646676656,923941.7922697989,0.12721513089579117,0.007734423455436623,152.39903661290197
2021-03-18,150.7174944958995,151.71018414501742,150.48100202728753,151.63391821423932,1003709.4028566139,0.12822001639908082,0.0082290402239511,152.8817198265396
2021-03-19,152.0121404233554,152.23314948852283,149.1030128038664,149.2418549129459,980010.7983964471,0.13079412471899027,0.021779709896099675,152.49229921730569
2021-03-22,149.21096559313256,149.47116213997182,148.34875849602562,149.30733632365133,639254.7759404479,0.12228436364638062,0.024922825960622452,153.0284970814898
2021-03-23,149.4441835560649,150.5739708507358,149.42644388068447,150.52754964641673,1078624.3388343002,0.12398410256439656,0.032510194351266675,155.4212295406417
2021-03-24,150.59146584738127,152.51633295698963,150.36397189197635,152.39903661290197,899981.5278085201,0.13489082174401468,0.00664499307716282,153.411727156161
2021-03-25,152.33984982534741,153.74835316745816,152.03726894493707,152.8817198265396,770467.1090344507,0.13589419132453814,0.005339975123643592,153.69810440727318
2021-03-26,152.9769016966928,153.29420389907384,152.28474261535123,152.49229921730569,973639.5082608481,0.13590826250514074,0.001981321348677234,152.7944354652538
2021-03-29,152.53837428202556,153.21161562643186,152.16796255591646,153.0284970814898,605694.8673527873,0.13371228113643427,0.0038007182252566274,153.61011527933104
2021-03-30,153.1029725317756,155.4547615004977,152.05693844203066,155.4212295406417,962766.3552970637,0.14477892754919364,-0.016084189201734045,152.92140507874387
2021-03-31,155.05599538790176,155.85753468983097,153.28338608350643,153.411727156161,1068225.2964239442,0.14948498569890628,-0.0022644417402204464,153.06433523774928
2021-04-01,153.5357434481571,154.1121496505234,152.71912299952754,153.69810440727318,867424.4509538731,0.14981489437124426,0.0005955258343697256,153.78963559914135
2021-04-02,154.03558680415085,154.4821953885268,152.37341630099604,152.7944354652538,1183434.486124923,0.1499714723034595,0.01971496730188438,155.80677276436117
2021-04-05,152.86773012314183,154.2015532737287,152.23100385916723,153.61011527933104,1276721.1846130472,0.1469294893904301,0.018120842784365765,156.3936600283961
2021-04-06,153.5549049841929,153.80971588634193,152.737023038614,152.92140507874387,1227232.570218325,0.1466246555347574,0.014101973201140039,155.07789863504502
2021-04-07,152.5650576779113,153.1673767525205,152.0403260350125,153.06433523774928,439547.8312079834,0.14665560201282085,0.012964560051751839,155.04874700372056
2021-04-08,153.0460669564428,153.96190045144013,152.85058453336245,153.78963559914135,751480.4890946171,0.13138810393793646,0.007962653287079124,155.01420914656356
2021-04-09,153.96590186390046,156.15119621196393,153.78126673020327,155.80677276436117,1310590.7839588737,0.13569541093508017,-0.007791027310587895,154.59287794257946
2021-04-12,155.3923686098308,156.8821401901255,155.26406594619525,156.3936600283961,758299.3483407572,0.13081530165494526,-0.026082411146414963,152.31453628684284
2021-04-13,156.45577530164462,156.6687236399381,154.7683504604131,155.07789863504502,1458012.4534960112,0.1339524219237566,-0.01513471048986037,152.7308395358277
2021-04-14,154.70299462130663,155.84657098375993,154.13414357031434,155.04874700372056,767563.6901675749,0.12888278713287715,-0.007973922279422063,153.81240034559113
2021-04-15,154.80347204738223,155.5902014497722,153.8117277306142,155.01420914656356,1218172.4887086912,0.12887699418063078,-0.021667422688664728,151.6554507542359
2021-04-16,154.92762105448023,155.45460292926361,154.22918761542275,154.59287794257946,1068413.35275658,0.11358112750168835,-0.02722911346696333,150.38345092789655
2021-04-19,154.0925488237294,154.81182055680782,152.10755891446115,152.31453628684284,1463566.6428480968,0.12784989561461024,-0.03081513341034403,147.6209435308291
2021-04-20,152.52252655893568,152.97601252517663,152.28844764953877,152.7308395358277,889310.8745619175,0.1252500987010579,-0.02733190659738738,148.5564144950939
2021-04-21,152.38918730163377,153.9079883512434,151.69492367476877,153.81240034559113,1060950.380824224,0.11996213679995682,-0.020885297691785487,150.59998257568537
2021-04-22,153.95967706648568,154.1660310281528,150.9196950026199,151.6554507542359,1687237.7092674037,0.12997311573164072,-0.004127128276952163,151.02954925507416
2021-04-23,151.36064150104283,151.5282291530599,150.1535655990544,150.38345092789655,1457231.0584762695,0.13289076605376932,,
2021-04-26,150.741184272313,151.43335336713238,147.4658302210298,147.6209435308291,1900060.5928806593,0.14583962558403632,,
2021-04-27,148.24662774343804,148.76639920976018,147.56751209197716,148.5564144950939,1024501.7598818198,0.13441908181667225,,
2021-04-28,148.44120352460854,151.11310702860175,148.02172594421887,150.59998257568537,1504730.8591424092,0.13950532655470377,,
2021-04-29,150.9445548860143,151.04400288428624,150.14479771739974,151.02954925507416,842424.9390148848,0.13980698388111823,,
