Debt_Ratio,Current_Ratio,Operating_Margin,Interest_Coverage,ROA,Cashflow_to_Debt,company_id,asof_date,label_end,default_next_year,oracle_probability
411.07652407949456,140.4562898739371,5.074296055598777,1.3429168405514926,,7.234401167261936,COMPANY_001,2010-06-30,2011-06-30,1,0.4816043525244135
137.00264507759806,118.16733466939912,-0.9068259906916971,3.1376614963318814,1.5873108247875383,2.9187957322292597,COMPANY_002,2010-06-30,2011-06-30,0,0.1515726995259855
168.14994413196482,122.59049123896801,3.693351819765266,4.047765401126074,5.122623860969487,12.163116196788271,COMPANY_003,2010-06-30,2011-06-30,0,0.045559087108376056
252.40563247468566,135.256482610078,-0.15270437282807414,3.900604616867674,,6.263143552193305,COMPANY_004,2010-06-30,2011-06-30,0,0.14018595143812676
315.23075264836234,131.63087247181974,8.11175024704117,0.7650261427873695,3.4292503123462557,7.273940343857651,COMPANY_005,2010-06-30,2011-06-30,0,0.2972955548403218
149.8283591419555,188.7160764269898,,3.333877160176111,3.289413239178393,3.869046477931253,COMPANY_006,2010-06-30,2011-06-30,0,0.05383280207417224
191.63348530345047,164.2548358930872,10.16312432336434,4.3958697404235645,4.471066012489729,9.030215049272217,COMPANY_007,2010-06-30,2011-06-30,1,0.024025971537635086
288.9138642026751,107.30023159212601,,1.0320998254474447,1.2193727480271048,5.501120721746261,COMPANY_008,2010-06-30,2011-06-30,0,0.5031065900599913
129.83072413793664,204.02998406150104,12.678065613834494,4.57829689607868,5.862747262250899,15.397402477868843,COMPANY_009,2010-06-30,2011-06-30,0,0.0074196006509302135
169.8658241812183,158.33701539379567,9.114523950231645,1.7555207710586096,2.342015944189905,11.95225594040464,COMPANY_010,2010-06-30,2011-06-30,0,0.04577606237793502
127.21524068228881,150.65489941786404,14.045566863554576,4.077135418376874,3.484904556407894,15.353941749785562,COMPANY_011,2010-06-30,2011-06-30,0,0.012794589946306573
192.7057551439744,165.8033138851589,1.7524182162352124,1.9824569523214775,2.2304832945364734,17.185458432856855,COMPANY_012,2010-06-30,2011-06-30,0,0.07648041806249414
166.6932348332751,163.34145426831623,0.47566694896041106,2.3015028883648383,1.4371437758486583,12.635103717047075,COMPANY_013,2010-06-30,2011-06-30,0,0.09682820988166786
145.13622225560061,174.8287476886124,10.421745534247272,1.9501245726454879,4.1238855618799075,13.787066181707914,COMPANY_014,2010-06-30,2011-06-30,0,0.02441181097642466
119.6040621397337,214.40152242604213,8.313211656787105,6.3192793394730815,3.8960021829714098,24.243807187998392,COMPANY_015,2010-06-30,2011-06-30,0,0.006732477166724551
224.6015911831228,93.79193610446069,-0.5337516571981777,1.7881341105335125,2.235612861510884,7.106331168675043,COMPANY_016,2010-06-30,2011-06-30,0,0.22005240376404828
60.5082499618706,187.8721956681301,15.361221280798201,6.109816832617712,5.203107114213532,21.100493878360155,COMPANY_017,2010-06-30,2011-06-30,0,0.003111661491743838
134.31701164154376,93.47041371373328,5.625396638171985,1.6328924382948382,0.2157658468930166,11.652401252770439,COMPANY_018,2010-06-30,2011-06-30,0,0.10414422753346933
222.54046281157022,178.45267599431463,0.8369467813032232,2.579740085009016,3.3805907820896257,11.061860784984152,COMPANY_019,2010-06-30,2011-06-30,0,0.08653094349900699
146.44975340328574,169.67336629255618,3.197243414174457,3.595853958657409,2.960891043172506,9.988865442278513,COMPANY_020,2010-06-30,2011-06-30,0,0.05049431408518946
171.98665385075842,144.96624391268938,5.945537778683419,1.5658499461593574,3.3643368083316587,13.017620605633649,COMPANY_021,2010-06-30,2011-06-30,0,0.05937435371760051
128.36096215367442,171.90772754675234,7.26097678855138,3.406212435903442,0.42849069901275927,3.8358324092674962,COMPANY_022,2010-06-30,2011-06-30,0,0.05509264753725125
77.04536143044835,175.59369451167967,10.939466990787137,5.997566710428895,5.157956596928458,15.205544320669915,COMPANY_023,2010-06-30,2011-06-30,0,0.007202732649408507
57.20168041575695,342.9741586171105,16.380855745668264,7.546657026521991,5.648183397295162,17.441765525309563,COMPANY_024,2010-06-30,2011-06-30,0,0.0009285339037239857
255.38484024833602,91.4105460433839,1.60107965581237,2.618750951147916,-0.22638086583530503,5.694309882120399,COMPANY_025,2010-06-30,2011-06-30,0,0.24250148490375034
310.91675864823594,95.28646365751595,-2.184392209935403,0.9521959414885772,1.0716406942582366,4.503272321968054,COMPANY_026,2010-06-30,2011-06-30,0,0.6748632968007858
86.89580833136267,209.92733159833563,10.86796761681023,6.4071325681911055,6.168712519973362,16.564221418791604,COMPANY_027,2010-06-30,2011-06-30,0,0.004797383245091176
147.8388767566819,269.24050637186394,11.673274401769067,4.040039629441294,5.342095040294594,11.43894248200462,COMPANY_028,2010-06-30,2011-06-30,0,0.008185017683780832
172.6741991052532,138.78246501927563,5.3757504544200945,2.768992585622965,-0.15582079722228892,9.02305904633295,COMPANY_029,2010-06-30,2011-06-30,0,0.09110510911346219
122.10635037430384,177.95725028274748,6.20626720500038,4.039862488191497,2.2989006545586372,12.297724898411925,COMPANY_030,2010-06-30,2011-06-30,0,0.03003498476387053
126.9560715887997,150.171742255062,11.03743298632741,1.0177819287250585,2.1531337438264258,9.057200984621886,COMPANY_031,2010-06-30,2011-06-30,0,0.04390562001237078
281.30357278744145,109.82931772710357,3.386971689626266,3.062191048915723,3.622166434603712,7.310219781952883,COMPANY_032,2010-06-30,2011-06-30,0,0.12667069421366417
121.84171199108317,113.43204839211457,7.312434338610117,2.4001138661152424,6.956096600717926,9.124005256735783,COMPANY_033,2010-06-30,2011-06-30,0,0.03435060557614596
135.39651384258755,143.06829597356656,12.466310710769655,1.1433770261734302,2.7995320043323906,,COMPANY_034,2010-06-30,2011-06-30,0,0.034601500566563026
259.5870662218079,173.07908029545027,0.13422555649182755,1.3257511741795116,1.281456462742072,0.5332218634759984,COMPANY_035,2010-06-30,2011-06-30,0,0.4732037900340202
289.92579768087415,119.05204909742697,4.618497674618508,3.762491828125472,2.637614316685082,3.256259532156727,COMPANY_036,2010-06-30,2011-06-30,0,0.12780899720736993
189.29454852785736,229.2328663932447,4.789096327811047,1.656415248424723,1.2245131944113274,3.189651617442668,COMPANY_037,2010-06-30,2011-06-30,0,0.07945236930954586
148.05641690877297,186.40540762422563,8.34845156728012,3.9007285768370012,4.684498503461364,11.439941640628007,COMPANY_038,2010-06-30,2011-06-30,0,0.020574362279911638
70.93925481280193,215.13320376416914,6.27140581751462,6.00233556770484,6.348706849367165,24.459915104112966,COMPANY_039,2010-06-30,2011-06-30,1,0.0052994188048848
109.23533937897281,199.7140717489227,6.918444694489375,0.8920707756117481,6.301122380046838,16.53955927293174,COMPANY_040,2010-06-30,2011-06-30,0,0.021636970703385622
257.27931395708964,143.02649009066886,5.433690961963087,2.696626250240543,1.707880494544489,7.849671047019599,COMPANY_041,2010-06-30,2011-06-30,0,0.10370344426406573
243.46364463454935,203.78748908558342,4.965884901576029,6.148147324284741,2.978113923836747,11.837559483503629,COMPANY_042,2010-06-30,2011-06-30,0,0.03038348585571654
113.78744113851627,260.9901805736183,18.187459218730105,3.7892642215577963,8.29806192970745,17.328362272198877,COMPANY_043,2010-06-30,2011-06-30,0,0.002281798960588603
43.5011337586948,268.37775563574786,15.501659149260194,8.743604666491677,8.291884655622928,22.185843168107777,COMPANY_044,2010-06-30,2011-06-30,0,0.0007292702543554675
138.38869583059181,137.50053357516447,2.1784444724972616,1.1664453327558664,1.1249375248072622,5.949344519197723,COMPANY_045,2010-06-30,2011-06-30,0,0.13561253522076588
217.08500123615318,185.43081684539385,5.806007920951128,4.610972663291785,3.0800144962743787,5.61448905036494,COMPANY_046,2010-06-30,2011-06-30,0,0.04613272059234948
145.12167428679766,125.49512181127979,9.675258751404805,3.1742524018151035,4.861678226387247,5.241468085368841,COMPANY_047,2010-06-30,2011-06-30,0,0.036109021724092055
136.9628279189599,229.13882655562506,8.99705007291041,4.626471419720077,4.6816370637793,9.758506887479918,COMPANY_048,2010-06-30,2011-06-30,0,0.013498473955722562
176.44542855872496,169.9672830010625,4.72859249995919,5.338570498291411,2.1194230567451604,10.701528382327691,COMPANY_049,2010-06-30,2011-06-30,0,0.038783087906787465
107.25640363816524,124.4099478471322,7.650694822454184,4.420702180647949,1.4611819708314706,10.85831051942069,COMPANY_050,2010-06-30,2011-06-30,0,0.0366888275833968
214.9865955367681,134.74609318437282,4.384993113971092,4.124711919532583,4.042284566067392,2.616974762102177,COMPANY_051,2010-06-30,2011-06-30,0,0.07591212333995863
49.249940013858186,267.1570173401026,19.308976363168853,6.555558996739915,8.319051568325298,21.447769583958486,COMPANY_052,2010-06-30,2011-06-30,0,0.0007818718160810678
238.64948911451447,110.15301635578615,3.036885649771033,0.4686279744692874,0.09333542745120416,8.591546367926641,COMPANY_053,2010-06-30,2011-06-30,1,0.4677389189460042
370.39288532548494,83.71808351534878,-4.108284852805677,1.0172548238869832,0.9233447088953076,8.115181609775982,COMPANY_054,2010-06-30,2011-06-30,0,0.7486785698734278
311.235142244022,199.72419320538097,0.09834530052222323,1.6148532646709848,0.9757945844288429,6.30994577611774,COMPANY_055,2010-06-30,2011-06-30,0,0.19727620447144711
80.45503225468359,271.5959176108359,11.808699424067974,4.231751729004098,4.502385113643176,13.99793921826688,COMPANY_056,2010-06-30,2011-06-30,0,0.005878578266227567
203.61868693658775,112.42773693388342,4.526699557384111,1.9559660112429407,-0.033679203616033826,3.579035245535275,COMPANY_057,2010-06-30,2011-06-30,0,0.17023602773789057
70.03058425537155,301.16650602892986,13.449516708944815,5.167286224963689,7.149477039328337,17.749316762289634,COMPANY_058,2010-06-30,2011-06-30,0,0.002129258813588568
204.96992325602272,174.49228023296558,7.893210089716405,3.587585047908809,2.1119865714718014,16.05226798782325,COMPANY_059,2010-06-30,2011-06-30,0,0.0343006114235978
430.79442749259385,82.56653201760294,-1.1634462805271717,0.008998333929022495,-0.172594563461435,3.1186995160447153,COMPANY_060,2010-06-30,2011-06-30,0,0.8261332405055258
118.34673726929873,149.93071860803562,5.160674691879909,1.8182860476765743,4.0451623847127545,12.861237867833792,COMPANY_061,2010-06-30,2011-06-30,0,0.04524229049146125
187.73202397799395,127.14263675820236,10.647062144525336,2.5261988349575173,1.2409224073242813,5.537904311452698,COMPANY_062,2010-06-30,2011-06-30,0,0.06405728025292637
,103.18189286838273,6.6313226310802555,0.4274287199049587,0.748302499785671,4.158935803418527,COMPANY_063,2010-06-30,2011-06-30,1,0.4194165284271243
255.10030628073105,114.08836673849207,1.0850788065527741,2.565260208613731,1.6022939903671423,0.04535826383439279,COMPANY_064,2010-06-30,2011-06-30,1,0.22997129388008
117.66543373955182,176.37310724624868,5.269032308344258,5.707498129215766,6.9238904299957635,17.453661922539364,COMPANY_065,2010-06-30,2011-06-30,0,0.011534135902179967
119.66063267453664,123.30261823766075,11.03583840378942,0.5357347201870859,3.300271352005692,9.671675190983887,COMPANY_066,2010-06-30,2011-06-30,0,0.04634940757692115
419.1099716139272,154.77873490606174,2.6763247506277854,1.9301321735745036,2.2365534712144832,12.991168026884882,COMPANY_067,2010-06-30,2011-06-30,0,0.19227082048945404
47.20776804738357,269.58685275824496,19.38794193930728,6.118199547696941,6.472552622680676,12.295154692529945,COMPANY_068,2010-06-30,2011-06-30,0,0.001475513428898625
218.3289576320772,98.41447461419322,7.328827233709088,1.7762659710507203,1.9374704403927039,5.506639330734817,COMPANY_069,2010-06-30,2011-06-30,0,0.1189361145687894
366.7948943580653,101.84066568387544,-0.3563008630926867,3.123293351806387,-1.3215393006884844,,COMPANY_070,2010-06-30,2011-06-30,0,0.37626563441333155
141.72822733611315,189.69586771219457,9.8596575534708,6.409035899766541,2.846242843719402,8.231677081530288,COMPANY_071,2010-06-30,2011-06-30,0,0.015342445175594178
110.6289860109883,206.92983349280976,12.145531560027344,3.916670515840262,2.11950033947672,18.31490957201557,COMPANY_072,2010-06-30,2011-06-30,0,0.011145037602017419
144.895395825925,116.33904687120575,4.202254006132192,0.6110434672049847,2.398144128355927,7.358646015778185,COMPANY_073,2010-06-30,2011-06-30,0,0.11807478589460879
173.56311490214568,130.68531035614217,1.6127475630725727,1.4162515920000063,1.8397207590424585,1.9715233395328888,COMPANY_074,2010-06-30,2011-06-30,0,0.16999158971346187
,208.18183299257535,6.3558195676900695,3.480755223496838,6.790619983493322,14.281244024523287,COMPANY_075,2010-06-30,2011-06-30,0,0.015276014342991575
194.73288990565896,166.21320701102505,3.547929455806273,4.0032849507624135,2.141481859697271,13.42294194822308,COMPANY_076,2010-06-30,2011-06-30,0,0.05377725360847515
196.97319941372794,107.58101590380701,6.111180403873634,1.685286261529117,-0.8013790238282041,,COMPANY_077,2010-06-30,2011-06-30,0,0.14116671201711692
88.63596807133173,170.40969134157103,10.49054257474156,6.629179526353567,3.3687013754865585,19.904546313282776,COMPANY_078,2010-06-30,2011-06-30,0,0.007460481551514079
125.73095019358206,117.5309141490969,2.2264607467202495,4.134097060043874,2.9428005953747927,8.476039231608574,COMPANY_079,2010-06-30,2011-06-30,0,0.0665320482909812
97.98717005346442,128.68663584161644,4.99237925949204,5.212620231039646,2.9606175020643404,11.45834567986545,COMPANY_080,2010-06-30,2011-06-30,0,0.031944523765112955
77.58563089161892,242.06773623203168,16.386744796181397,5.129774693246086,3.7010341860975737,16.091022214439185,COMPANY_081,2010-06-30,2011-06-30,0,0.0037889778858012785
242.18913030937753,122.71570357643506,7.7609748627391095,2.519820226404078,-0.23875070924888808,3.98485930826957,COMPANY_082,2010-06-30,2011-06-30,0,0.12921165885924768
308.2581062855498,119.29551066663146,3.108265658735171,1.547344860518895,0.10090321401463631,2.492813079801453,COMPANY_083,2010-06-30,2011-06-30,0,0.2760959934211694
308.12360382535104,104.07873214433049,0.3255139486366613,0.9089538604983113,0.7825458576311715,4.9870181174382875,COMPANY_084,2010-06-30,2011-06-30,1,0.6078950468257857
71.2196412419571,234.03689954371845,14.993835065441303,5.6544229178377465,3.8661641099595947,22.150211442146336,COMPANY_085,2010-06-30,2011-06-30,0,0.003121016552831157
324.70778463914854,91.35894682496341,1.0555112929050767,-0.5906423149726021,-0.2550565120789661,4.081951416122877,COMPANY_086,2010-06-30,2011-06-30,1,0.7188512715773271
90.6192856741733,240.1441056829798,13.334264671367382,3.803999524045517,7.831582992972175,12.370691978576255,COMPANY_087,2010-06-30,2011-06-30,0,0.004911992538415436
316.0381327115866,129.77135017745601,6.653982470007119,5.822050754484659,4.177586785422645,12.100620858059642,COMPANY_088,2010-06-30,2011-06-30,0,0.047735012471008066
378.95197998971554,92.47451029868883,4.733423136514775,0.7951599518239985,-0.5758678021760701,6.090452205272161,COMPANY_089,2010-06-30,2011-06-30,0,0.6201007317164018
245.59450259074575,123.71542044714505,9.329974892402841,3.7740464439316974,2.9497025911694035,8.494862224401967,COMPANY_090,2010-06-30,2011-06-30,0,0.05488849448876613
199.68991132043433,167.80351692823143,-0.16744961589428975,2.2778014872485324,1.6543800707748084,9.46246189579675,COMPANY_091,2010-06-30,2011-06-30,0,0.12364628477467501
250.10459395166993,116.02996769248597,8.388545892928649,-0.593567755349482,-0.32708741451013024,1.4000008136233955,COMPANY_092,2010-06-30,2011-06-30,1,0.468909322516215
318.68643500209276,151.68277859139948,0.43160429182659676,1.1627657866962648,2.2374300627775336,7.01492129971397,COMPANY_093,2010-06-30,2011-06-30,1,0.47080881858111734
248.47267848988344,180.59720730171264,5.115455656767544,2.5206690635514297,3.701034745915463,2.8647155165408726,COMPANY_094,2010-06-30,2011-06-30,0,0.08365656501412666
286.9375705155739,135.4416961328904,4.087657787188185,0.544942915906705,2.6110162279550138,1.0170496051251323,COMPANY_095,2010-06-30,2011-06-30,1,0.4487408860579091
166.60904728331218,149.00355160859522,9.467596242098791,3.171710074716531,4.017729168381864,10.758160533186919,COMPANY_096,2010-06-30,2011-06-30,0,0.031137600841335458
106.29636295359187,252.8653909342509,2.889035895173169,1.211403524177694,4.156903502877804,15.27579395268567,COMPANY_097,2010-06-30,2011-06-30,0,0.029631920248646786
61.34279292036569,254.48774833975025,10.6986925849192,6.959017891866171,4.546611262435536,26.25827705342192,COMPANY_098,2010-06-30,2011-06-30,0,0.0025225173308562336
279.54703920743253,82.99094962251772,0.6218490709823303,2.4011600649759233,3.7399297849874995,11.470198113594556,COMPANY_099,2010-06-30,2011-06-30,1,0.1733955681038933
103.72815470444124,198.16077799286086,8.882622650708527,4.264490134840932,6.616179815658002,13.652883895913412,COMPANY_100,2010-06-30,2011-06-30,0,0.010456918642691462
174.73691204807298,170.52488484031636,2.7711870816131565,2.1772171714617934,1.7400436751753787,9.262673881727626,COMPANY_101,2010-06-30,2011-06-30,0,0.08686475318493814
138.9423312656103,149.4190817135719,8.159234924377358,4.041628021968517,2.929767687049296,10.082531689740627,COMPANY_102,2010-06-30,2011-06-30,0,0.03170583824144559
333.0617905809537,94.49770926323465,-5.988517858685506,0.8993105529657179,-0.9530740888733393,5.008925995792911,COMPANY_103,2010-06-30,2011-06-30,1,0.8078730601698239
163.33421821042538,203.67088525260166,10.580090304496043,6.431955972540411,4.6327929190120996,12.148715874027085,COMPANY_104,2010-06-30,2011-06-30,0,0.00988959434736047
894.8030508947172,89.2462529692074,-10.317385951372788,0.1794663728754789,-0.09354845246188737,-1.7731425226277415,COMPANY_105,2010-06-30,2011-06-30,1,0.992933657616879
140.1374150817058,174.40872233818845,11.459202563948901,5.266910704443867,2.947917560697004,16.789058706919388,COMPANY_106,2010-06-30,2011-06-30,0,0.012307296623801452
129.56264370804126,231.53866106558422,7.125373859049028,3.941058576461072,6.527979556299378,16.890745937839778,COMPANY_107,2010-06-30,2011-06-30,0,0.010645697344396975
127.17571067249875,192.41590135434282,8.476174872556708,4.971654105775704,3.2232467154533406,9.019311972199306,COMPANY_108,2010-06-30,2011-06-30,0,0.019534029788753297
97.33225486928596,193.67362697833113,1.0006416375150131,3.7964539907547334,3.147250044130712,9.09516619162242,COMPANY_109,2010-06-30,2011-06-30,0,0.04404010448831044
,145.55745939759223,6.92910630763792,1.6800247414136609,0.46595085735917485,5.239135184402119,COMPANY_110,2010-06-30,2011-06-30,0,0.10543488026347704
98.89294232637278,176.5303523663031,11.159779168573902,4.580627835355916,3.3143857223668247,10.559215927956648,COMPANY_111,2010-06-30,2011-06-30,0,0.014713077073284694
68.73176434465019,199.04001634119095,12.188455178012791,7.190423909827482,6.03153599103128,10.475658821933383,COMPANY_112,2010-06-30,2011-06-30,0,0.0047011048480619586
128.52606600629136,109.76908883020144,6.773586792962198,3.6694706500775265,2.7668076582812136,5.717362148481936,COMPANY_113,2010-06-30,2011-06-30,0,0.05608937573619748
318.92690952782533,124.66872519035152,-0.057286986992489464,1.5170406321593268,2.970009293970984,4.403222622154395,COMPANY_114,2010-06-30,2011-06-30,1,0.2588079767337218
155.47826148267998,157.8412587574777,10.239534055655374,3.355231724626832,1.6334139660026437,15.343959925936353,COMPANY_115,2010-06-30,2011-06-30,0,0.028118731335947007
217.02222428521463,98.67045450090498,,2.4482011228533618,1.69659124361556,5.105544425793221,COMPANY_116,2010-06-30,2011-06-30,0,0.13399262240106993
331.13425417646346,108.04543062071886,1.1774701459451453,0.2823949994807697,1.0281480081659802,-0.7632466679993122,COMPANY_117,2010-06-30,2011-06-30,1,0.6758661321474932
209.37201632884617,98.65750073830723,0.137345476313113,-0.6035446712594394,1.5979918132808217,3.691637648824219,COMPANY_118,2010-06-30,2011-06-30,1,0.3145401988313043
37.8679325570741,270.24763384868413,17.590053674086256,5.838089241568702,7.110039593726569,23.183723423112795,COMPANY_119,2010-06-30,2011-06-30,0,0.0010685013022051321
189.21636241524703,143.2351389872965,7.633952811794766,5.455286275777272,2.0363956922263626,10.543099908235206,COMPANY_120,2010-06-30,2011-06-30,0,0.03577816230300971
357.47906736266384,130.27583426811262,2.8655520982270914,0.6588051310563041,0.011061855259629327,1.9175674853980258,COMPANY_121,2010-06-30,2011-06-30,1,0.6189493194558618
84.82412599443309,279.0993268252982,5.596736045882357,3.4816464925913966,3.2030191387834233,12.50444754070309,COMPANY_122,2010-06-30,2011-06-30,0,0.014976110020364404
218.62049593053734,146.14666856130964,1.572270481163639,1.7801172222061357,1.8004084059062495,-1.964705247118494,COMPANY_123,2010-06-30,2011-06-30,0,0.19821201497385174
379.3198936535175,80.5573325986076,0.30857192214110707,0.4749674133831479,-2.09391675827989,3.057721872696019,COMPANY_124,2010-06-30,2011-06-30,1,0.7968214356729337
106.41235602789149,257.69004244875134,14.89701780813416,6.378321768288553,4.7240704348383975,15.083301847449794,COMPANY_125,2010-06-30,2011-06-30,0,0.0033066384711939586
248.27908622527528,157.99261330806158,1.4921733628885647,1.4508710215925071,0.5771684028032646,3.8818423072640136,COMPANY_126,2010-06-30,2011-06-30,0,0.43296911988068887
131.38141630013186,156.7225453113207,9.887466098303808,4.531164122359669,3.295995182349004,12.375099635864188,COMPANY_127,2010-06-30,2011-06-30,0,0.020041812948983297
128.77067173258143,192.88302463972414,5.680799507210006,5.305907998344359,2.344920898766714,15.103574346339922,COMPANY_128,2010-06-30,2011-06-30,0,0.021229772937020032
190.91104404952742,111.08384986389298,3.328788354743525,2.0820589097332105,0.2749560269814284,-1.6196759397213691,COMPANY_129,2010-06-30,2011-06-30,0,0.20444905739211422
126.74926726470437,163.43848653441364,7.54672661783552,1.9826573277297,3.6834999865003044,10.791035545620696,COMPANY_130,2010-06-30,2011-06-30,0,0.03772975643763316
125.11843798566602,189.98781908490184,6.339580527428266,3.006829203147111,3.1648127885327137,3.2872900903016316,COMPANY_131,2010-06-30,2011-06-30,0,0.04286414643284825
123.33643092435122,251.02782346645955,10.892099978004781,3.148381541036159,2.6216065113736615,15.083103147121689,COMPANY_132,2010-06-30,2011-06-30,0,0.012534498977827163
105.84416314039993,109.93880985333662,4.36060974850405,4.338092319234322,2.456888243142153,6.887929165494204,COMPANY_133,2010-06-30,2011-06-30,0,0.05713438959491945
63.13766385663811,224.45349050148803,12.206901355880227,5.794106667442417,4.331060017653318,15.553338238982136,COMPANY_134,2010-06-30,2011-06-30,0,0.005068341757756983
894.9086809622489,79.53662744054549,-6.7918309147430005,-1.2319385864435763,-3.751679404972637,-8.269917886261668,COMPANY_135,2010-06-30,2011-06-30,1,0.9963316756787891
136.82868238989062,148.9139442595312,6.3529175351547105,6.720514247873435,5.66924683388636,14.163806726304017,COMPANY_136,2010-06-30,2011-06-30,0,0.01451408691309866
276.6291595500247,82.52714646736241,-1.6723260875021841,1.3718153823631798,-0.024278068230984884,2.609848802464502,COMPANY_137,2010-06-30,2011-06-30,1,0.6792177044857897
127.27305547851748,113.8442841498765,,3.1018880348736433,3.79922744045632,8.209527575201456,COMPANY_138,2010-06-30,2011-06-30,0,0.06765886768414052
361.63800477051996,80.56176783513042,4.352318950302518,3.3117747983278467,1.9257823206613303,4.579360518633711,COMPANY_139,2010-06-30,2011-06-30,0,0.2205544473401674
121.29384546042664,146.62783137893774,9.405557342527096,4.711982461149681,,12.294202300515401,COMPANY_140,2010-06-30,2011-06-30,0,0.025518941478592214
184.53214443679738,128.36162227552032,5.909855042376874,3.911788950375085,4.190500655635645,11.521825820827178,COMPANY_141,2010-06-30,2011-06-30,0,0.04432446043518664
174.1931054939675,118.17776464992171,7.505291646347849,3.630334089735552,3.0204764163745867,1.3218070040176935,COMPANY_142,2010-06-30,2011-06-30,0,0.06839476206332555
262.16943956913366,126.56344003915012,3.6825667977823384,2.3225390615562085,0.12481540170028671,5.507449851025362,COMPANY_143,2010-06-30,2011-06-30,0,0.1805993028602015
239.9290752314007,97.94626249478867,8.416646233336436,-0.011131331388110066,1.7163560781556337,,COMPANY_144,2010-06-30,2011-06-30,0,0.36275038479802296
199.90372167103786,,1.5080649130495614,1.4909233177409495,1.7477773819495592,10.242674392187151,COMPANY_145,2010-06-30,2011-06-30,0,0.15657084026927431
140.7478924495149,161.12488868607687,6.7235449917910985,4.110761169602681,3.2931446197010557,13.78264624672003,COMPANY_146,2010-06-30,2011-06-30,0,0.0281259801745625
155.3488064397711,127.19942195277773,5.925871641143091,2.1494341528476095,3.950632314162021,,COMPANY_147,2010-06-30,2011-06-30,0,0.05395132101839911
90.22171420221659,221.2487610488412,10.320147423752255,4.186690005757263,4.912696297988639,16.776005112025807,COMPANY_148,2010-06-30,2011-06-30,0,0.008221163321867028
60.42552524285377,238.4969339756084,11.743418517886486,7.261648790311823,5.072595345051827,13.712844983831674,COMPANY_149,2010-06-30,2011-06-30,0,0.0036551970627192974
133.96650092559398,256.4721522468734,8.449895686170711,4.300020339084198,5.582237286137525,2.241380309633735,COMPANY_150,2010-06-30,2011-06-30,0,0.015345269130072907
,77.72593210186528,0.014985782278702509,2.415311411978655,2.210139912055682,8.467858254756042,COMPANY_151,2010-06-30,2011-06-30,1,0.2099907117943837
128.6363829538552,243.6107768852514,7.575040537117195,4.24719252930886,3.6721620758659963,14.361747895023523,COMPANY_152,2010-06-30,2011-06-30,0,0.013867439153422662
221.55260138870173,101.6671283411649,3.3360920913800474,4.125963188703001,1.9263182140030657,3.6453253983561877,COMPANY_153,2010-06-30,2011-06-30,0,0.12378707768117465
222.48907251361115,118.5036533503569,-4.364369284366856,1.091329759475891,-0.05500203059970621,-4.220528279466822,COMPANY_154,2010-06-30,2011-06-30,1,0.8044516680550731
123.47275874999532,201.66762925300594,1.2485144576808027,4.366162401580735,6.761150295428296,19.431396484080523,COMPANY_155,2010-06-30,2011-06-30,0,0.01806640915480545
93.49923075161716,188.56084853741146,3.2909444801741543,4.2765976706891875,3.772506740487011,13.420523024749347,COMPANY_156,2010-06-30,2011-06-30,0,0.02593784727031237
140.29687161302132,113.04201251058123,11.354992526310042,2.7531227674682293,1.550645988202725,3.1400574516620674,COMPANY_157,2010-06-30,2011-06-30,0,0.0552106691487837
84.29918354611523,147.06214367254552,12.635615744071249,5.170179695127592,6.688005835867951,16.54844898930803,COMPANY_158,2010-06-30,2011-06-30,0,0.006800950550950201
469.6706179362195,91.2250115983206,2.244099993371302,0.9536734506779599,-0.9753914859471758,-1.7787983174322888,COMPANY_159,2010-06-30,2011-06-30,1,0.8089898948241332
113.56210503836344,93.67754503353326,3.7036426279499697,1.4811975098523178,4.015527683465031,16.342891173864796,COMPANY_160,2010-06-30,2011-06-30,0,0.06535238543459587
135.30235525687965,124.14912736687994,4.778925315537534,1.1633167563529185,3.2082342687201018,9.558082980871253,COMPANY_161,2010-06-30,2011-06-30,0,0.08029937865680285
409.26411801810184,81.24873031515051,-0.13008312580664017,0.12150508076467831,-0.7611054847574454,-6.949435083764181,COMPANY_162,2010-06-30,2011-06-30,1,0.9113322700357447
167.0520658714493,132.49162291249868,5.267603562444682,3.497108510285189,3.2109611123538175,6.431158173945086,COMPANY_163,2010-06-30,2011-06-30,0,0.06264706623327865
245.26503530558224,110.26239712447465,0.6478055911672178,3.582437939073876,3.6552022588610167,1.1582018926244269,COMPANY_164,2010-06-30,2011-06-30,1,0.160422749543066
122.22493639074808,195.18715459689264,7.834036092865918,3.1405500991608952,0.49853689835052206,9.627829877566313,COMPANY_165,2010-06-30,2011-06-30,0,0.037116763811823994
111.75336685799152,173.33752959652972,10.912901520455696,3.8500024357552887,5.661647030363962,9.604878781996334,COMPANY_166,2010-06-30,2011-06-30,0,0.014472951265442523
101.8917598714505,136.06315196616833,4.490846797572998,1.4277360452525665,3.6503187356791296,8.159866003846012,COMPANY_167,2010-06-30,2011-06-30,0,0.06541677674589033
240.4012647644583,109.78034431367266,7.3009243842099405,2.845794520476538,2.3779646994486074,6.449521270639939,COMPANY_168,2010-06-30,2011-06-30,1,0.0942554149434332
180.28844488047022,134.8488370588822,,3.797736244936159,3.8463109408251035,9.501316790367255,COMPANY_169,2010-06-30,2011-06-30,0,0.027439800935886997
483.1882488309876,91.13910799696745,-0.023886397860027553,-1.1052848097773607,-0.06812474623547632,1.7186849912900801,COMPANY_170,2010-06-30,2011-06-30,1,0.8637375108328941
391.52426687907047,91.60017844913418,-0.6409011758510985,-2.2551397752840034,0.1794833587106266,-7.57960644891299,COMPANY_171,2010-06-30,2011-06-30,1,0.9300955185087421
248.76588979123844,86.34986576683808,4.011118204387628,2.8560653059331926,0.7981422900564015,7.517209088213129,COMPANY_172,2010-06-30,2011-06-30,0,0.1659364590633343
167.37848164293152,205.6646608849029,10.02360063545581,3.3629729776032624,2.2686027851789135,8.078872507172003,COMPANY_173,2010-06-30,2011-06-30,0,0.027988974771287433
143.36350775975563,196.84290084731936,7.481146030170604,4.782884290925527,4.638596682813709,11.56188657496401,COMPANY_174,2010-06-30,2011-06-30,0,0.017710224662813107
100.67982140797021,,14.284428330407286,2.9153102675019724,8.0887580611017,17.724292633834065,COMPANY_175,2010-06-30,2011-06-30,0,0.0024427862442764005
76.23998775692569,215.65765743994044,8.16463485927972,3.247550658316748,5.54766907191627,23.082498682090684,COMPANY_176,2010-06-30,2011-06-30,0,0.008501044687579335
80.64102153391786,165.25688134968584,12.397045064547973,5.326268500618871,4.809072461128533,13.540832514959169,COMPANY_177,2010-06-30,2011-06-30,0,0.00844138194136923
145.32548828698592,119.21738646060473,-2.1247492347955124,2.1608622848243364,1.9657381178822484,7.61957363000046,COMPANY_178,2010-06-30,2011-06-30,0,0.1636723124684505
142.11156789400798,220.20857238640096,12.017655620812485,2.947762984573596,1.6873799964069711,12.05941152262625,COMPANY_179,2010-06-30,2011-06-30,0,0.01889040365151391
165.0203048329488,95.05028391525678,2.852654664385047,4.174297389155871,2.666649997508093,4.87830738268647,COMPANY_180,2010-06-30,2011-06-30,0,0.09604265354035471
198.91286918255102,100.5516711625656,0.7883140138080957,1.1317578710386127,3.914982792170667,12.901136464024344,COMPANY_181,2010-06-30,2011-06-30,0,0.13516414910901087
82.62205064207915,205.37500138833136,8.311775036176938,6.151147693523736,,4.144654658233535,COMPANY_182,2010-06-30,2011-06-30,0,0.021356367102696616
480.9649022903019,77.42019452668848,-2.5813809757143744,-0.5604223330901823,0.16758591938802508,4.368963884441616,COMPANY_183,2010-06-30,2011-06-30,1,0.8747343648825683
190.67824355801895,159.53191043930218,6.6148298862252135,1.7836312250152007,3.0968074017935385,3.297919371762201,COMPANY_184,2010-06-30,2011-06-30,0,0.0786705529821808
220.3804500085619,183.8772492852218,2.240729269827745,1.9457718975657676,2.4293196841410283,5.403856472239372,COMPANY_185,2010-06-30,2011-06-30,0,0.11068864102884311
163.072717803709,110.21075700327174,4.9195773472553945,2.1170410787709857,4.493734205996603,11.896281950582173,COMPANY_186,2010-06-30,2011-06-30,0,0.06433834200318936
214.76672493114566,162.52723168942597,5.234621361461558,0.9042646877449267,2.170016531505975,2.4436449736160073,COMPANY_187,2010-06-30,2011-06-30,0,0.12559578606171642
293.8882536213214,129.2881468216542,1.6156480182328554,2.7820096569762196,0.17219891826153422,7.731927948599287,COMPANY_188,2010-06-30,2011-06-30,1,0.2022253660973039
312.29367994483374,94.92716135840907,5.630216641132788,-0.7951273909376315,0.5812355921760834,4.0889171103362045,COMPANY_189,2010-06-30,2011-06-30,0,0.5857462732605042
157.3407491102942,194.11596684490834,5.6285216999673695,2.456534176013821,4.279177653977326,3.994522870251492,COMPANY_190,2010-06-30,2011-06-30,0,0.0477138725196101
89.99906252645488,289.9219413878285,12.724463973169692,4.18590092750391,4.068899676543019,25.449487453520653,COMPANY_191,2010-06-30,2011-06-30,0,0.003362536683475756
173.51104982094765,92.88877981393061,3.546947766384071,4.651252804521839,2.2301993267563263,12.29586965067202,COMPANY_192,2010-06-30,2011-06-30,0,0.0694824026563375
125.34671557693753,115.4934967583109,8.344605381621179,4.084142987648147,2.73098716303192,6.099611965660678,COMPANY_193,2010-06-30,2011-06-30,0,0.04257894719853158
184.18513594644853,113.5744229132032,6.230755091416795,4.388361000022406,0.5787021344336417,6.24484010386191,COMPANY_194,2010-06-30,2011-06-30,1,0.0789336576800893
174.16337153480856,106.3334045541106,2.6845827161305023,1.2280792194496106,2.8218171928239277,7.303316373153491,COMPANY_195,2010-06-30,2011-06-30,1,0.1368609694708775
77.49512802796613,241.03243905449122,12.047020386704569,4.470530837520796,6.982112514036339,14.55654030187539,COMPANY_196,2010-06-30,2011-06-30,0,0.0047458535629396805
286.14418492805845,103.01601118262664,-1.926616173227675,-1.043971946098509,,1.5671030106580883,COMPANY_197,2010-06-30,2011-06-30,1,0.7032454673673147
443.4882682764475,68.89387851669305,3.189274908434256,1.3836448623735933,1.1892205785291172,-7.264842218342785,COMPANY_198,2010-06-30,2011-06-30,1,0.7791110416562993
370.70681333156034,93.6221818503197,4.917983713459594,0.8609722855112284,0.254939558995342,2.8873644587594027,COMPANY_199,2010-06-30,2011-06-30,1,0.6102191398252166
198.19916448263183,117.05374385696248,8.275289407150495,2.7827112387260544,3.5379961068160264,7.687875367916374,COMPANY_200,2010-06-30,2011-06-30,1,0.06008567221443203
133.60360870984286,144.97204495004928,4.927950176027383,4.2856916723829,0.46970849616337373,7.975883419741431,COMPANY_001,2011-06-30,2012-06-30,0,0.05980276896701692
184.08340371379808,154.00935513065295,4.515098043511019,2.4930866018486246,-0.2995303721568494,6.976664543896231,COMPANY_002,2011-06-30,2012-06-30,0,0.10802158691562738
193.1430659573106,116.72679624312524,5.570379131580372,0.14928676092012672,1.8807966202679853,4.896825261309681,COMPANY_003,2011-06-30,2012-06-30,0,0.152740496317239
114.95679725776817,213.03816364388814,8.725629095210964,4.930692820493511,4.7202634016113905,8.57227590429369,COMPANY_004,2011-06-30,2012-06-30,0,0.013818773728836081
242.0149715602463,94.77307431978426,6.629922203908517,2.5039493823773786,1.5069478094214268,3.9256800036196706,COMPANY_005,2011-06-30,2012-06-30,0,0.13798322560208237
202.97483141311037,122.59377377735233,8.115671709230668,3.485305555662197,4.031814066661781,11.554195829077045,COMPANY_006,2011-06-30,2012-06-30,0,0.04358115909415803
91.12276279403336,252.86991858231482,16.143541738552102,4.294118356338388,4.671978240432889,21.14668077175923,COMPANY_007,2011-06-30,2012-06-30,0,0.0032477863755599793
208.61927100456,93.58940446327901,0.3399121724819576,0.9138505811217355,3.8348449210168964,4.770223394656693,COMPANY_008,2011-06-30,2012-06-30,0,0.2048041970605284
115.32878818219008,148.73238780097984,11.082544898491525,5.313546718485161,6.48270168035107,17.89329455814727,COMPANY_009,2011-06-30,2012-06-30,0,0.008413838469380543
91.59779620371987,162.36052884086922,9.602960479817828,2.4746909790217666,6.190020138999676,10.09058333923813,COMPANY_010,2011-06-30,2012-06-30,0,0.019078354527283136
179.02743283005643,175.37509167768192,10.245826704811721,-0.5177092753600752,1.7162817277898479,10.827453795858192,COMPANY_011,2011-06-30,2012-06-30,0,0.0637694348279213
287.4573648579011,115.56870190866917,3.3435002875993853,1.1947272306447718,2.188282607858077,6.368950250226265,COMPANY_012,2011-06-30,2012-06-30,0,0.42792170733304064
117.67425588642402,213.038313529359,11.237561439960142,3.471724768848768,5.311200257284115,11.119277490270298,COMPANY_013,2011-06-30,2012-06-30,0,0.01191095105535047
98.02021688091476,162.76246664922994,10.248956400345271,3.284672394568492,4.4979497959183545,,COMPANY_014,2011-06-30,2012-06-30,0,0.014227405402583446
,274.4161845662924,14.50315659998099,6.1032114782727165,10.119165957368434,19.680671663558037,COMPANY_015,2011-06-30,2012-06-30,0,0.001077093203893734
220.99048593940793,119.34405667438244,-1.4595931760183771,2.4873654001450127,1.2060434095365147,1.6833526760514874,COMPANY_016,2011-06-30,2012-06-30,0,0.2449133258587793
121.03844028924591,222.6308497607085,3.8572628376011266,2.597924359691291,4.943772469873443,13.627922923743796,COMPANY_017,2011-06-30,2012-06-30,0,0.02599901608891272
232.75113146777977,167.46928602669087,3.4018149143192424,1.226419886239738,2.113625488915553,10.134498897695504,COMPANY_018,2011-06-30,2012-06-30,1,0.2741310373345911
151.4062045904659,158.1792412443798,10.544734981014095,1.712928465208424,2.7335945859510478,11.437019825804057,COMPANY_019,2011-06-30,2012-06-30,0,0.03655267678427787
82.41956545691205,189.31054301425257,12.906063878928975,5.824091893102818,6.896611862983798,,COMPANY_020,2011-06-30,2012-06-30,0,0.004578812422007089
130.22392669287316,127.61956249332547,12.784811400324799,4.256048930293439,5.844069888989745,11.682114951748982,COMPANY_021,2011-06-30,2012-06-30,0,0.014231487681808543
210.8374334189401,158.38507635570835,2.901698324130606,3.9676640060380666,4.185398055651141,8.118990780301663,COMPANY_022,2011-06-30,2012-06-30,0,0.06190109736187089
144.05964321628645,184.5632545818199,7.591696678981427,4.129831541730863,4.039743546682265,13.320457767702994,COMPANY_023,2011-06-30,2012-06-30,0,0.021221971730192066
72.63375542484039,195.31428045017896,13.91980837534645,5.918943030532237,3.81953536630808,12.56511148066563,COMPANY_024,2011-06-30,2012-06-30,0,0.006183365915174713
199.95557779783087,137.60740828320942,3.8515811302109446,3.351115784331474,2.0674587389492376,14.737924207467909,COMPANY_025,2011-06-30,2012-06-30,0,0.06712008787204678
303.5980407934451,110.97067543302208,0.2031568043895604,2.0711579338320805,1.5988213907119557,6.766796410634603,COMPANY_026,2011-06-30,2012-06-30,0,0.2521673212093017
80.51860519229437,220.16049782951,13.025238527751577,4.957459439660145,6.5688719010629955,18.123344517695468,COMPANY_027,2011-06-30,2012-06-30,0,0.004123366170054045
67.25833722339742,334.6012679572598,12.852578323857163,5.759332220251712,4.429059527417541,10.26915043002777,COMPANY_028,2011-06-30,2012-06-30,0,0.003070728331271912
254.49557125327726,106.54851453436245,4.797932433323315,-0.15451754963077113,-0.4297253180641516,-2.2007571210673618,COMPANY_029,2011-06-30,2012-06-30,1,0.5953937155528557
99.79287151537446,,6.996675221794664,5.827692191155438,4.581771346346347,14.562443621804823,COMPANY_030,2011-06-30,2012-06-30,0,0.011861566645156736
250.38718794720268,115.64336223416532,1.6922426346432435,3.501685150349711,1.5178995311971752,8.551403932266087,COMPANY_031,2011-06-30,2012-06-30,0,0.14233341706128377
329.22268246509924,150.88783318204645,2.1241980884127285,1.3622028852722727,0.7303902613129734,16.323794527328577,COMPANY_032,2011-06-30,2012-06-30,0,0.3854091629603306
250.8305030577492,150.15595663788892,1.4323898221298306,1.7416651042908193,3.222655148648401,13.99457257472805,COMPANY_033,2011-06-30,2012-06-30,0,0.11097169065408657
226.63021414811638,180.5003438554381,7.167458281313667,2.6361913518855613,4.71140076611845,14.919741442894585,COMPANY_034,2011-06-30,2012-06-30,0,0.03523314447566657
129.72397821333388,111.74177280703029,6.626208308215818,,2.321273662514435,19.12350632540925,COMPANY_035,2011-06-30,2012-06-30,0,0.05038265233187353
402.5025637130973,107.92103625570282,-3.0061604693034907,1.6330727787502741,0.5190694619085894,0.7718578855140668,COMPANY_036,2011-06-30,2012-06-30,0,0.5239776772858263
85.31272330251508,155.36117659219994,5.325433989724156,5.528534818130425,4.3289080169691205,9.118806774511329,COMPANY_037,2011-06-30,2012-06-30,0,0.022252065494997374
99.57546707452528,228.74261857121994,11.866847744091823,2.647095563269188,5.360791427544993,19.4820378283841,COMPANY_038,2011-06-30,2012-06-30,0,0.007845861329325729
98.3709316739238,152.59789496362617,9.424069247689282,5.542217458696657,4.944615213881412,14.883287552893181,COMPANY_039,2011-06-30,2012-06-30,0,0.011764958880733598
268.0871529697326,173.92185137750909,8.521280837963051,4.032460633605936,2.946557311504669,9.428675741691048,COMPANY_040,2011-06-30,2012-06-30,0,0.04479252046866284
162.97918264908975,127.79467207690413,3.3346766530533727,0.7891357226805997,2.771966696718227,5.916156527387732,COMPANY_041,2011-06-30,2012-06-30,0,0.12568678942443118
129.58536060596106,138.29847446009975,7.280187357172002,3.266730643522184,3.6799610907444475,8.64577330242599,COMPANY_042,2011-06-30,2012-06-30,0,0.03935787274242577
123.23403237510192,172.45111779254245,6.331314824427455,2.7879947043803717,5.9380622270467605,12.07485715132268,COMPANY_043,2011-06-30,2012-06-30,0,0.025275905524320113
189.92975640889875,171.2126657451917,13.598678230535452,6.343137874453157,4.285200033332623,11.591005158628874,COMPANY_044,2011-06-30,2012-06-30,0,0.010696825461023251
97.31205763500252,169.5153299299465,11.399746181546202,5.041930992078314,5.830480249735452,8.901351911522273,COMPANY_045,2011-06-30,2012-06-30,0,0.010867220092281835
253.5171660262734,163.20298073099173,0.7630425832306198,1.2829545557011333,2.275425361359797,-2.370238252758063,COMPANY_046,2011-06-30,2012-06-30,0,0.46738965403099525
84.86271525549468,,14.371967998492579,4.555616824385616,6.409961984646205,12.547585187393793,COMPANY_047,2011-06-30,2012-06-30,0,0.004553379325275481
228.02636038220578,111.57838961480391,5.129356370167812,2.228258634773233,-1.2228164495917406,0.741970823249483,COMPANY_048,2011-06-30,2012-06-30,1,0.20844437323715076
231.26993650684716,124.67624285156212,4.710006217152869,3.201452986540465,0.48942487538947455,8.184516551474417,COMPANY_049,2011-06-30,2012-06-30,0,0.11543876589012439
117.46775570273724,167.38582866198112,10.98579390889903,5.068051874304738,3.49386295745219,8.937667152868386,COMPANY_050,2011-06-30,2012-06-30,0,0.0162697699974737
119.81136172655629,247.2210583062458,4.072763030385214,5.30407015480911,4.466311971773778,11.815507492463217,COMPANY_051,2011-06-30,2012-06-30,0,0.015448602303721476
99.38418689366883,168.2690497583562,8.53133054364674,3.8148797926732056,6.691166236373501,10.154789155109567,COMPANY_052,2011-06-30,2012-06-30,0,0.015657552210752813
179.33014495966094,103.56798142252516,4.7904340328253925,4.1124486781045615,2.332691828923465,-4.772456569563266,COMPANY_053,2011-06-30,2012-06-30,0,0.12000358347281227
293.7195399794156,106.19240654728006,2.2953565861953904,0.8571207915560148,-1.5886051603255762,-0.09928200499356543,COMPANY_054,2011-06-30,2012-06-30,1,0.6611694920876098
225.37514695560182,,2.082760181086172,2.7442574042838768,1.7049859767286022,3.457175682464346,COMPANY_055,2011-06-30,2012-06-30,0,0.1532957565881192
,116.53513346602067,0.2479542279258764,2.549877565508014,1.118863603901456,8.680391815149118,COMPANY_056,2011-06-30,2012-06-30,0,0.17668541998953496
189.32334383419413,178.25173749729356,12.080937657114779,3.1585932818928266,3.323926194770631,15.314349626537048,COMPANY_057,2011-06-30,2012-06-30,0,0.020226996672114087
90.92099340462248,157.29867304007695,11.900670693564127,4.852010902599121,6.872575831715631,25.289579708208784,COMPANY_058,2011-06-30,2012-06-30,0,0.005169330364504542
120.11494915691544,157.57330775171954,7.375354155429725,4.673057763846352,5.409309708715433,21.348186842498745,COMPANY_059,2011-06-30,2012-06-30,0,0.013038680298011677
117.78126841013521,147.4776335867234,5.671689684292326,3.430783708137969,1.9099575744034472,13.929976155803603,COMPANY_060,2011-06-30,2012-06-30,0,0.040510323280022624
186.00526095032436,150.7789218268299,4.075429368689186,4.5508127039848425,1.0529948821160435,14.530760099768433,COMPANY_061,2011-06-30,2012-06-30,0,0.05340679264777497
220.4308044403519,131.39723625264403,6.775962992286875,2.0119651293396443,1.7056112831958252,-1.86619894616629,COMPANY_062,2011-06-30,2012-06-30,0,0.13511905085469075
291.79207540558264,90.53701224516946,-2.430983115614101,-0.0837181108250098,1.509178779523185,1.5154856087140294,COMPANY_063,2011-06-30,2012-06-30,1,0.7232004677115127
66.25235865644427,294.57780495534547,13.536307308103845,4.8036429680670985,5.795802320305357,24.340430959809332,COMPANY_064,2011-06-30,2012-06-30,0,0.002087168894850104
203.94311847843795,105.7883581082927,4.499636689480473,1.6511568171471118,4.403023494345085,12.78175402012685,COMPANY_065,2011-06-30,2012-06-30,0,0.0842648360785074
109.21594134869498,166.3763587981988,3.192986781297569,1.0878851971613241,3.5555558971369217,9.412553132522483,COMPANY_066,2011-06-30,2012-06-30,0,0.06539481317462101
211.50946068408922,106.70155196593004,4.15319701815238,2.5651334231250367,1.4156210074763225,-1.2723856442761328,COMPANY_067,2011-06-30,2012-06-30,0,0.17218869703926099
56.72252287783297,201.71851238483714,14.4701422348761,7.0979048846599815,7.3240329210918445,17.98358000776765,COMPANY_068,2011-06-30,2012-06-30,0,0.0022686814049809405
96.99044646346202,188.18695525938884,7.615665271505286,5.290834887221673,5.101460722052745,24.63541184222933,COMPANY_069,2011-06-30,2012-06-30,0,0.007902293893613929
151.68038776494978,176.84854766618588,8.099204097656527,2.264415025368275,2.2746102664900842,6.879008749023821,COMPANY_070,2011-06-30,2012-06-30,0,0.04742594405035334
135.6555295928176,157.20836573530724,10.912604278824418,3.985508173046033,3.7253155769273123,10.706768229280948,COMPANY_071,2011-06-30,2012-06-30,0,0.020540777004195314
88.89338657679502,227.96061178527162,13.95926275067953,4.7550963760181295,6.084672420063886,20.496840278053142,COMPANY_072,2011-06-30,2012-06-30,0,0.003706078344060113
243.83637014524663,210.77254598033673,6.590432251981039,2.0389241666901694,2.402545702318332,13.435503794772885,COMPANY_073,2011-06-30,2012-06-30,0,0.05112201428400107
286.16177860012726,137.4408541136684,8.114365622802723,2.130150680610536,1.627107011006511,0.7875320440532159,COMPANY_074,2011-06-30,2012-06-30,1,0.1322033875584055
134.48387775189795,136.2175504137938,5.537756340004396,4.646810470627986,1.8556426259426262,4.544697968458484,COMPANY_075,2011-06-30,2012-06-30,0,0.05447304810131071
286.912631345732,98.38379156106227,2.888852095295177,1.494068788596884,-0.296352341784623,6.7179961976820355,COMPANY_076,2011-06-30,2012-06-30,0,0.5215797402622542
53.232784890557575,325.1904333667062,12.664036947678763,7.180740121420165,7.795115356295957,22.726323467146067,COMPANY_077,2011-06-30,2012-06-30,0,0.000985264023627121
150.35568187024998,186.6508509211532,8.092280938731028,4.305515926713546,4.0433503577247025,16.248087163024778,COMPANY_078,2011-06-30,2012-06-30,0,0.017673995269852832
291.24542216013964,158.75929047994714,1.3977492720452398,2.494079265884106,5.835822012165124,6.872760675609266,COMPANY_079,2011-06-30,2012-06-30,0,0.10607340415321757
83.59163660937541,222.5765435540064,13.426503470434364,2.2587479802825228,4.6008739324340135,5.711067453659982,COMPANY_080,2011-06-30,2012-06-30,0,0.013244168677273302
158.08726989933837,131.41359372620536,,2.941852921371188,0.6955639603394328,17.16347919755352,COMPANY_081,2011-06-30,2012-06-30,0,0.02697323499539014
,129.28730526684686,5.847906106447909,2.1111855807144764,2.183092321433396,4.840569924661711,COMPANY_082,2011-06-30,2012-06-30,0,0.07559105582560957
315.3394202498507,118.4185736452262,1.8852821618665414,0.48593732474813467,0.4802581533769451,-3.4182613125345185,COMPANY_083,2011-06-30,2012-06-30,1,0.6623867921125769
158.87700145530633,171.21884484601398,8.90493556891716,2.570369393230001,3.720507007462347,3.332427703254501,COMPANY_084,2011-06-30,2012-06-30,0,0.04291285321595094
126.1720973227352,,6.753933546656592,3.9312036825144796,3.5157056579472177,2.2619032540721626,COMPANY_085,2011-06-30,2012-06-30,0,0.04380093806887654
83.52611997696877,160.356545499954,7.417649975900011,5.453670167612422,3.497796707901557,10.036973178823075,COMPANY_086,2011-06-30,2012-06-30,0,0.018841447860282502
183.23765076940015,145.85551740199395,6.73956265568509,2.4391979353711455,2.755898186650483,11.661695346305574,COMPANY_087,2011-06-30,2012-06-30,0,0.05559982212382948
193.17799253430343,211.76150274479502,8.601730157601695,3.4944132470788176,1.415628007861662,9.757701852440793,COMPANY_088,2011-06-30,2012-06-30,0,0.0346495023649799
972.6577455965635,66.49681918923545,-1.1343019360326911,-1.962336116865416,-3.4084547209670717,2.4171791355096337,COMPANY_089,2011-06-30,2012-06-30,1,0.9899554342862821
225.03699053282278,117.25700023552893,3.9828691136890537,2.3233774936997964,0.28945138138359633,0.372141134814417,COMPANY_090,2011-06-30,2012-06-30,0,0.19007718743492086
327.18229166372885,84.42029361961363,3.8991515268136743,1.0320804099933258,0.9028309974026197,9.871153014698255,COMPANY_091,2011-06-30,2012-06-30,0,0.5108312898111
692.3425989889339,62.86305850511688,-6.805377578559516,-2.4456521031640874,0.48210494797692416,-6.468987485856674,COMPANY_092,2011-06-30,2012-06-30,1,0.9893748987805534
363.9842667338048,64.30955197396266,2.011246437122936,-0.36925131905873565,-1.20590116470972,5.825963355443505,COMPANY_093,2011-06-30,2012-06-30,1,0.762618608565491
149.86394468421702,148.35068957622167,9.580105489521268,2.232781633767675,2.749356913107594,10.030006044783528,COMPANY_094,2011-06-30,2012-06-30,0,0.04063340831941498
123.4063206446902,183.9120348912356,3.898083257086432,4.399047137545254,2.759234242471655,7.909101175165727,COMPANY_095,2011-06-30,2012-06-30,0,0.03845857745888941
169.37070474779057,146.77103403616684,8.676323948282825,,2.8119455099621957,7.0494011392909774,COMPANY_096,2011-06-30,2012-06-30,0,0.062204951757634346
151.88381797011624,132.59671184545599,,4.914155356499283,3.1889358204433855,12.227557869327963,COMPANY_097,2011-06-30,2012-06-30,0,0.028924125531672118
152.1113829280889,205.2653051490376,5.067656178874856,5.410022107073647,1.5503031727678567,12.345211490071668,COMPANY_098,2011-06-30,2012-06-30,1,0.027556842925223212
189.58723657269684,148.5774356481946,4.124007982029361,2.4510031435829998,1.732458183201851,7.60337267599128,COMPANY_099,2011-06-30,2012-06-30,0,0.09290017958968942
222.6186679663034,188.2600826254174,9.015150251124911,0.4861253269927621,1.7056504509779258,5.146935602253581,COMPANY_100,2011-06-30,2012-06-30,1,0.211041506422004
171.57851185689245,116.04716527339887,6.3198276410907415,2.4430698474828665,2.641687845510879,5.612562184407813,COMPANY_101,2011-06-30,2012-06-30,0,0.08292829773411257
178.1510647655945,146.3926366198103,5.0678500630926315,2.159660869843547,3.841737734086692,,COMPANY_102,2011-06-30,2012-06-30,0,0.0715388269787494
235.8331526669638,124.5825416051971,6.051764584118046,1.2371716760458171,0.4012097163498234,-1.3581154446354775,COMPANY_103,2011-06-30,2012-06-30,0,0.42412789499314246
149.31767688514066,209.7769855192186,3.9758105188176973,3.9083729541449843,4.0799771253956925,5.254194138931908,COMPANY_104,2011-06-30,2012-06-30,0,0.03760657575357658
196.83024859972477,172.54829591059135,9.31481851653948,3.4574026079614386,5.469196718893764,13.120983859951606,COMPANY_105,2011-06-30,2012-06-30,0,0.022688969719414462
112.3797163384509,162.74296651304485,1.2537547013823707,7.154676395423668,4.626812059664861,9.51635058728078,COMPANY_106,2011-06-30,2012-06-30,0,0.025184300424959408
60.81923231004427,309.802485699828,16.564436898736066,3.7591515926502765,5.5943523259674395,19.6743409982603,COMPANY_107,2011-06-30,2012-06-30,0,0.002051920880843695
139.99064260128492,161.81705699743836,9.873338655129938,3.6961935177693306,4.977918127847154,5.485662812597202,COMPANY_108,2011-06-30,2012-06-30,0,0.025078032808084485
83.5226415384544,280.5723705487431,9.170912637424706,4.335712901129961,5.2114801497444505,16.367593242826082,COMPANY_109,2011-06-30,2012-06-30,0,0.006018116818578566
210.92489801868385,186.24056198393325,6.9219641581913045,2.9695526690181566,2.715706815523419,11.413993642120039,COMPANY_110,2011-06-30,2012-06-30,0,0.04466361868616656
192.2577939567222,143.84019642761012,6.011671295768392,0.0800079433526304,2.86696089585508,4.791609013068972,COMPANY_111,2011-06-30,2012-06-30,0,0.11657431264451042
92.59745108430931,135.02300868552194,10.098388711878552,4.324650518387705,,12.775697843862197,COMPANY_112,2011-06-30,2012-06-30,0,0.01458117515159752
,141.35254718114584,10.065132408192087,4.470356129437334,0.8695593954843845,11.773435987173237,COMPANY_113,2011-06-30,2012-06-30,0,0.030106861984827874
149.4948393756969,119.06457153053353,2.8327935442721905,2.2427527356645633,3.038997052897674,4.208927205658286,COMPANY_114,2011-06-30,2012-06-30,1,0.10751113122765658
149.0285458757778,101.30504653690313,3.27929343909927,3.660023956460725,1.11241546705351,7.62502768409852,COMPANY_115,2011-06-30,2012-06-30,0,0.09823948881397516
303.3061695832811,,7.50533812044518,-0.00635247600831379,3.0320584438969256,4.235047601583543,COMPANY_116,2011-06-30,2012-06-30,0,0.34930870570103006
382.189132872642,102.31731275443272,1.1740850020564557,1.552220766440408,2.74444253170922,-0.7545996633065286,COMPANY_117,2011-06-30,2012-06-30,1,0.3632918918948976
117.4631359419298,157.65654684035493,1.6404382233819224,3.673706001986537,2.8381079799436684,11.149306422462946,COMPANY_118,2011-06-30,2012-06-30,0,0.05376120491564925
115.94069512459346,197.1360862030128,7.323112876968267,4.397747596734371,3.745504454011089,15.413714294321144,COMPANY_119,2011-06-30,2012-06-30,0,0.016480352546252058
212.13809241846124,134.1097292255757,9.158836392086068,8.441994985771313,4.067724803276899,4.628362986263005,COMPANY_120,2011-06-30,2012-06-30,0,0.020942490752544556
211.3319301903694,99.55503657766899,2.9578673884968802,0.6653872314150995,0.11378793314169344,0.5179575163212395,COMPANY_121,2011-06-30,2012-06-30,0,0.2725086421460292
326.404898628972,159.86673055769757,0.5939564137480383,1.3202066039881921,2.231777832885351,5.7080628324406995,COMPANY_122,2011-06-30,2012-06-30,0,0.4683549865111675
384.71155964430443,153.73832293731346,0.2252746598513356,1.0789623756771112,-0.4577985448769121,2.205519052984609,COMPANY_123,2011-06-30,2012-06-30,1,0.6651635330736461
116.77788035714421,223.32356974406065,5.8107167110532725,3.350155475941247,3.258593911567895,14.336060731941643,COMPANY_124,2011-06-30,2012-06-30,0,0.021851257993029168
140.99450076835052,182.19115586824535,9.991614726660154,7.834067132976165,5.1818107424341955,15.355997099148057,COMPANY_125,2011-06-30,2012-06-30,0,0.007002091540754614
205.9318186579371,151.7263472538874,2.1725924323924803,2.9162294137972644,4.394841706511622,11.832169999027558,COMPANY_126,2011-06-30,2012-06-30,0,0.06853084429720886
171.92143907523615,110.50073519632126,4.510748735632548,4.215991450788798,1.622702073090196,8.475184864221273,COMPANY_127,2011-06-30,2012-06-30,0,0.0759280585814265
143.71596140613977,149.78292889942082,4.459190018755546,2.844922882074241,2.74909568242446,7.308642798557002,COMPANY_128,2011-06-30,2012-06-30,0,0.06391955718014837
207.59735186622487,149.39831728371703,3.263101025538783,3.4491667450222367,-1.1680201315060075,5.905686189662536,COMPANY_129,2011-06-30,2012-06-30,0,0.1313327861473275
69.18000259716142,201.65436506209437,7.387559648464833,3.8232681317500914,0.8423503877098297,11.28923668303175,COMPANY_130,2011-06-30,2012-06-30,0,0.02429708127835296
247.86101985981497,175.05605871421912,5.389826045017862,1.474470746614026,1.6985677316651726,5.768459207270079,COMPANY_131,2011-06-30,2012-06-30,0,0.27331937194212885
145.06604581544389,125.89996851814553,10.0423770176096,4.502726932647066,3.989191674754493,9.29127477343368,COMPANY_132,2011-06-30,2012-06-30,0,0.026078533410428335
69.43351963262681,205.91180188075063,8.605734714697533,6.43165294171362,4.737441844674985,12.843514361673696,COMPANY_133,2011-06-30,2012-06-30,0,0.007858723458982175
104.82945637890401,163.21913521183475,8.36435146364486,4.376004449319579,1.9272152737638124,10.53750280142964,COMPANY_134,2011-06-30,2012-06-30,0,0.026163480571794982
290.64924255794705,98.51876432838466,-0.9321440553942719,2.3994594919272894,1.3909078552038472,2.830640584464092,COMPANY_135,2011-06-30,2012-06-30,0,0.30420812750280257
166.82355410198224,239.28666961487662,10.750234427727767,2.2612919965745824,3.417750174488338,13.057285644891584,COMPANY_136,2011-06-30,2012-06-30,0,0.018653290622226804
82.37424521891697,253.47789341615066,12.547664348415505,6.51175041793803,3.9529936769844847,17.49753096898793,COMPANY_137,2011-06-30,2012-06-30,0,0.003786526830663714
293.3276754391135,191.43585353425206,5.241745533479757,3.4027705922602887,2.210629456906458,-2.695901523739712,COMPANY_138,2011-06-30,2012-06-30,0,0.11411128794663367
480.24526172190787,101.25192996220188,-5.7616225875283265,1.1148110697072144,0.43529813345678847,-3.2510920395498824,COMPANY_139,2011-06-30,2012-06-30,1,0.9300054873918729
209.6627176833173,132.73932353756473,5.438260349979272,1.583560743561463,2.152870039697813,10.108415385122967,COMPANY_140,2011-06-30,2012-06-30,0,0.09714712232875126
,160.49565435758805,7.077971225094744,4.98129911392975,2.8033638115693,13.276001684679711,COMPANY_141,2011-06-30,2012-06-30,0,0.024598900289367634
170.58329642235705,131.43988572177116,5.751773443011313,2.16638527230342,1.7942635955479438,7.278667626787501,COMPANY_142,2011-06-30,2012-06-30,0,0.08644058159990904
177.48872117940746,180.75233303621613,4.941901639413767,5.609985364820709,2.8803687448618236,10.249643380855746,COMPANY_143,2011-06-30,2012-06-30,0,0.03185533573346489
170.5749131739852,102.46826006643305,-0.49349494547853445,0.9064196092257154,-2.0039803864955785,2.399970099641457,COMPANY_144,2011-06-30,2012-06-30,0,0.3358514042303157
80.93979917108268,118.22819316556746,13.645180156543569,7.885543848979391,5.804556079004763,20.858027461504086,COMPANY_145,2011-06-30,2012-06-30,0,0.00415039102401942
70.45883619898521,217.3347301974032,12.387169827987977,4.112034661432881,3.437388177311452,14.079290977480728,COMPANY_146,2011-06-30,2012-06-30,0,0.00852057407840243
85.19206312629726,173.64432990901025,0.940347128771057,4.395134247784734,4.863194227286651,9.386930554815763,COMPANY_147,2011-06-30,2012-06-30,0,0.03471280149882362
163.56172788003914,141.09432440775515,9.567456769147682,2.6352597053612166,3.7018394120753406,16.700301410330752,COMPANY_148,2011-06-30,2012-06-30,0,0.028870367381142882
,180.03667500948833,10.090345838835713,3.599254832269403,4.703842674327754,3.6853817842955277,COMPANY_149,2011-06-30,2012-06-30,0,0.021936785306490444
228.69971639373435,135.46636235361868,4.512440140754752,4.340855971759746,2.1824108036049723,11.244071918704524,COMPANY_150,2011-06-30,2012-06-30,0,0.06772013073583658
239.34322118168623,,-3.5588495807790395,0.8664867081075107,-0.10831820594848807,-6.569512734466833,COMPANY_151,2011-06-30,2012-06-30,1,0.8469950701772954
69.27378580700749,213.4219296448183,4.933296475436569,3.715060195423748,5.87621566500541,17.477343583206842,COMPANY_152,2011-06-30,2012-06-30,0,0.012745915872207452
149.70866684927398,125.74627928157948,6.5663128081588225,2.6273900533325345,2.4277287569198407,10.775748362275827,COMPANY_153,2011-06-30,2012-06-30,1,0.05800002076170589
306.705532418962,80.10311618191092,,2.0489404510084954,4.416440123156797,-2.08402002192678,COMPANY_154,2011-06-30,2012-06-30,0,0.20083070663740654
80.68459032410018,195.93751496675065,14.130742749782808,5.570387958845617,1.096917756772907,9.401742942037284,COMPANY_155,2011-06-30,2012-06-30,0,0.010391402939728725
211.19509529057962,88.15649340323364,3.366549038501082,1.1318533559785584,0.5138465907435998,4.704909193614014,COMPANY_156,2011-06-30,2012-06-30,0,0.2219385358511759
200.6757056341214,217.01628520915176,3.050275784595523,2.4982389143772465,1.0164144616336972,10.15703890175168,COMPANY_157,2011-06-30,2012-06-30,0,0.07160072038942078
97.2391546878886,148.99063907130443,3.434317384486053,3.915037801936688,4.485653140240902,15.386923327884556,COMPANY_158,2011-06-30,2012-06-30,0,0.02968781785879554
262.79480684359834,110.06810347571746,1.4537352821819007,0.6031448226225393,-1.6344739375126176,-1.7185533451717694,COMPANY_159,2011-06-30,2012-06-30,1,0.672983463163904
136.6802076211247,248.87492740173607,13.118157323039167,4.045855131242781,3.150880025578059,11.961189572535709,COMPANY_160,2011-06-30,2012-06-30,0,0.009726263756736965
226.43726461617484,120.50075287754083,5.190391349064972,2.2814620902169525,0.48254984891743,8.948523417166847,COMPANY_161,2011-06-30,2012-06-30,0,0.12534005548547258
196.87495253426985,133.81501928776444,4.889778164084,3.3400792762133023,4.704640198655456,10.722674672877131,COMPANY_162,2011-06-30,2012-06-30,1,0.053199157764579084
,148.50788489555117,2.04676619242269,1.976877109996712,1.027561701945241,2.5533643026074957,COMPANY_163,2011-06-30,2012-06-30,0,0.10690889825559148
173.31511055176318,203.7091249953196,4.387845383429974,5.614961916036936,0.6043179545174207,4.872601697330419,COMPANY_164,2011-06-30,2012-06-30,0,0.046269673277025664
115.69249951144988,190.19555931151498,10.998550113864287,4.507612473841474,2.2659201240503677,13.25117635646582,COMPANY_165,2011-06-30,2012-06-30,0,0.015193371122899996
104.36705688987375,192.25627758579546,5.614781998425314,4.631514140092539,6.289149944908228,10.534299283647458,COMPANY_166,2011-06-30,2012-06-30,0,0.016507581843086656
134.74187085057346,109.45713857929731,4.828628026469493,-0.4140902292501192,0.0740918213135826,4.5832485064844475,COMPANY_167,2011-06-30,2012-06-30,0,0.18267579529267056
179.89037841809707,137.6394041885983,3.506850243166428,3.335372952656251,3.1382933075961206,3.393657250879524,COMPANY_168,2011-06-30,2012-06-30,0,0.08709212112290157
82.91458495093323,179.373850819887,11.369546681463316,4.456233886270853,6.866979705317688,22.668265864164642,COMPANY_169,2011-06-30,2012-06-30,0,0.0055167752631207455
195.60504598463385,138.5535605209501,6.282190872972777,1.051103233918063,1.980960658471451,8.526139944138782,COMPANY_170,2011-06-30,2012-06-30,0,0.09752082014502303
205.0567251849669,151.70670933599445,7.344281805429532,2.906779993151169,0.35278696746267735,2.282143546819412,COMPANY_171,2011-06-30,2012-06-30,1,0.09438072593322298
167.75046871956098,134.34779957287992,,2.1351474212966752,2.265937846876383,-0.49085875685007885,COMPANY_172,2011-06-30,2012-06-30,1,0.1465873090728715
100.83649855705477,152.66502194550304,12.743258498697015,3.465779163403453,5.041330320003764,12.698195929678183,COMPANY_173,2011-06-30,2012-06-30,0,0.013338167297254655
70.74246754732248,250.6368586274606,12.716885483537325,7.80927622881024,4.828268467166518,27.893691190022558,COMPANY_174,2011-06-30,2012-06-30,0,0.0017035271306754401
138.12262208466305,172.66842091714472,9.570873868690681,5.887379748598823,4.127008959341002,22.48165185208331,COMPANY_175,2011-06-30,2012-06-30,0,0.00924080117138227
117.89969248230217,261.39743421456876,9.136378605056064,5.50161397419339,3.725696102845578,9.37711402903098,COMPANY_176,2011-06-30,2012-06-30,0,0.00992344327537395
190.04458243365488,123.25107810460452,8.392233481949804,2.0899258649597137,4.316617184100021,10.420396526320106,COMPANY_177,2011-06-30,2012-06-30,0,0.051683581347296816
80.52952340134259,215.24449891406243,9.477105476544311,3.2578477119143896,5.286935592172886,8.08653289151249,COMPANY_178,2011-06-30,2012-06-30,0,0.01418385364879634
,167.77096132157249,4.059237046368322,1.4876172921779982,2.6923404794302517,0.9827129366128107,COMPANY_179,2011-06-30,2012-06-30,1,0.3449235495836181
124.34809067217735,163.90853751053734,4.41542162836652,1.2328092789356724,4.143848278599798,5.139397594444046,COMPANY_180,2011-06-30,2012-06-30,0,0.06708557753675563
143.14349293640902,206.9241875166727,12.60658238756951,3.0329927346747567,5.031903978052559,15.985198891271326,COMPANY_181,2011-06-30,2012-06-30,0,0.010999940616640657
199.30665524435287,95.47420038664046,-0.6254851895322502,1.8563601245994328,-1.2590299752493224,-3.398724419511198,COMPANY_182,2011-06-30,2012-06-30,0,0.48995577367776527
338.46762951406885,99.9559954619218,2.1183523210033086,0.7494833866159399,1.7120930194540502,2.076026377511367,COMPANY_183,2011-06-30,2012-06-30,1,0.6079969121103876
,200.81589785655973,7.665287705083356,4.281275984142622,3.805433620085454,13.971828303769035,COMPANY_184,2011-06-30,2012-06-30,0,0.015752173591606727
,106.53745237136106,8.14609026431404,4.598024879316814,4.093345859510746,13.878506491640467,COMPANY_185,2011-06-30,2012-06-30,1,0.02697670028704355
104.59755258263255,186.53628111741853,7.092112138243402,4.659447563393613,2.9891497664888216,5.997456727005181,COMPANY_186,2011-06-30,2012-06-30,0,0.025898372928547686
186.0225985391728,,-0.40344767537463655,0.5077508102101229,0.8023834092418476,6.383315331461969,COMPANY_187,2011-06-30,2012-06-30,0,0.25176927418471506
315.73165531830944,148.34041093377294,7.434523186351416,2.8200469428789803,2.4854591296794846,7.371092842514708,COMPANY_188,2011-06-30,2012-06-30,0,0.09523950638835905
184.78914241677361,128.49773915099786,2.0556450230855017,2.8514852303652813,4.7860533810733585,12.6503774780673,COMPANY_189,2011-06-30,2012-06-30,0,0.06843362068242262
100.93238137748966,,5.399777793993596,3.736635740933376,3.273792364731772,16.985429674992737,COMPANY_190,2011-06-30,2012-06-30,0,0.02924523302290673
178.72309068024057,139.0860120917817,7.254784262813786,1.9019185998684103,1.8002977488764977,8.116740830216555,COMPANY_191,2011-06-30,2012-06-30,0,0.07528860784945761
,231.43955577744305,9.225362169736377,5.572297589562972,7.910081151705524,18.61237669590602,COMPANY_192,2011-06-30,2012-06-30,0,0.00459962853482835
164.71536455684634,139.02599575968588,5.779103943962422,3.3253359340109796,1.3514907054844258,6.291046069633353,COMPANY_193,2011-06-30,2012-06-30,0,0.07272357487131785
466.9594007392202,40.38089071904761,-1.8630261422477448,-0.03223438092922404,-1.5507237318622407,-8.80074085244769,COMPANY_194,2011-06-30,2012-06-30,1,0.9599123450734324
260.99767404579416,111.73769639902214,1.8100145930646176,1.8967117484731082,,11.169747971930123,COMPANY_195,2011-06-30,2012-06-30,0,0.16493872414469177
136.90127324519432,,12.57570660270307,2.5390943265679216,2.9528216976355526,9.290416868692908,COMPANY_196,2011-06-30,2012-06-30,0,0.03292611683001619
135.9839391835922,122.84505789940121,9.868430588758955,3.7198235785416855,4.491391517584168,6.620776409769843,COMPANY_197,2011-06-30,2012-06-30,0,0.031269479937225994
165.15079131061373,121.27508174111395,6.478855429807799,2.4978996229417607,2.012545626983007,8.130868706825309,COMPANY_198,2011-06-30,2012-06-30,0,0.07507014050518156
143.1463595895091,197.02827004991076,6.080980544340507,1.1188024918367638,3.4630244183777723,10.524223005974232,COMPANY_199,2011-06-30,2012-06-30,0,0.045843313954932685
243.99831583739706,130.20800227541352,4.173271707140119,0.1739891885395135,1.5361686868013635,5.572444774814619,COMPANY_200,2011-06-30,2012-06-30,1,0.41553306773989707
249.15670783253427,202.57425537307174,1.8790110411446803,2.9272262755141707,3.115651807938795,7.235795369038659,COMPANY_001,2012-06-30,2013-06-30,0,0.084948856869344
192.7343042139521,128.82509439478335,5.614569184040277,2.11923590076024,3.898911053999696,7.491555983678664,COMPANY_002,2012-06-30,2013-06-30,0,0.07638815228000803
150.44162402868068,169.62288596998502,7.890128651807558,4.382054917547391,2.9625399335053846,8.46317939674217,COMPANY_003,2012-06-30,2013-06-30,0,0.030242860220598227
82.3055081244185,163.1625200017442,10.041566454715579,1.7147012572417353,5.8946549786853275,20.05099579340692,COMPANY_004,2012-06-30,2013-06-30,0,0.01403655352323125
217.83712932996292,153.37056014766884,,3.4423635011341607,5.133999597981992,12.939705842181084,COMPANY_005,2012-06-30,2013-06-30,0,0.02871608772433535
141.4613061252917,156.23148301314296,7.363644773411853,2.2283453720187527,3.6850442470202798,1.2616100395817211,COMPANY_006,2012-06-30,2013-06-30,0,0.05832221860969308
157.6743358670967,235.7959253898188,6.215259879904705,1.2642404692297669,1.4499121271381743,10.706588118659115,COMPANY_007,2012-06-30,2013-06-30,0,0.046734069978622596
115.84448024622118,181.85391038281728,10.78980897216237,3.513361636970784,4.104586788644158,15.675656923657137,COMPANY_008,2012-06-30,2013-06-30,0,0.014221059178813205
74.20710533778922,205.63976714569915,10.236438373820159,3.5912055995221506,6.539489523848692,21.037564465709462,COMPANY_009,2012-06-30,2013-06-30,0,0.006604928370901416
94.212997629571,170.82926442732463,9.88125297375462,3.3606337032644302,3.5446913085190417,19.372188287571532,COMPANY_010,2012-06-30,2013-06-30,0,0.014465559605949006
211.88274836686145,116.81728647947327,11.531319160328053,4.956178258992698,2.7613490484363163,8.945721141744043,COMPANY_011,2012-06-30,2013-06-30,0,0.033316851427654275
299.4049442862252,120.69891555542374,0.12944247024800593,6.853291371670276,1.0042515147399913,10.536505463511947,COMPANY_012,2012-06-30,2013-06-30,0,0.10957586056613407
244.37319483769403,88.98501346377111,0.14149640683299225,0.5803841202367594,-0.6039708739267979,-0.1836506677999763,COMPANY_013,2012-06-30,2013-06-30,1,0.6736601534262889
135.03791688281038,179.6603473518941,4.722508658040546,3.6383221439256417,4.5244437416360626,7.21966675393503,COMPANY_014,2012-06-30,2013-06-30,0,0.03637995321682124
113.81981079025032,128.61773588442912,11.054558628531202,2.4673457517067843,3.259608714408162,7.99462985197825,COMPANY_015,2012-06-30,2013-06-30,0,0.033668524427096946
252.7359174463916,145.43042675243962,6.073864229642283,3.1677838361476893,3.6491341241864985,6.080121911939788,COMPANY_016,2012-06-30,2013-06-30,0,0.0758352329628779
104.42087773352826,188.21773956935138,6.112728160714992,0.6901780011546768,2.783670145333348,20.024944998577574,COMPANY_017,2012-06-30,2013-06-30,0,0.03349902413774616
192.55914899605352,129.78195004716588,5.87576492711297,-0.3626465458448913,1.0084422396808013,13.95291773617815,COMPANY_018,2012-06-30,2013-06-30,0,0.12026902976219064
64.76394596265607,185.35228114838145,7.636622983112404,2.6521327136386748,3.4615295096260974,13.194446007341377,COMPANY_019,2012-06-30,2013-06-30,0,0.021514781471549952
120.160964881929,140.25186534486133,9.950968067727048,3.538421974785098,2.4875251021987195,12.18235723271708,COMPANY_020,2012-06-30,2013-06-30,0,0.02768800640535487
209.11959864203465,96.24507904451998,9.258899053570037,2.890909148130956,4.883636964892359,1.6282772558726943,COMPANY_021,2012-06-30,2013-06-30,0,0.06796274132139526
276.52127735454155,124.60708469065742,-1.6656115339987023,2.0710293881897464,-1.5291415490052478,-7.735529862640435,COMPANY_022,2012-06-30,2013-06-30,1,0.5902832998293274
50.92155782181011,191.95992944638527,11.612345595961601,5.8560038279803015,4.950124637300592,22.420846989263612,COMPANY_023,2012-06-30,2013-06-30,0,0.0043455954154405915
169.98140250206842,121.41505474141294,3.263519180979551,3.772868317586894,7.541215976202107,9.63201808835627,COMPANY_024,2012-06-30,2013-06-30,0,0.04211758929790318
77.98175414250372,202.7949852433986,,3.2996612036676476,3.741696598261586,17.747324880644086,COMPANY_025,2012-06-30,2013-06-30,0,0.012113805569451637
285.5320196487275,85.78744249784778,-2.6443877050384397,1.611192005476374,0.5270327889824858,-5.729567734526389,COMPANY_026,2012-06-30,2013-06-30,1,0.6195801141313358
95.01979562361919,246.61258319617932,9.84702732348506,4.213665627825344,,11.311529214868475,COMPANY_027,2012-06-30,2013-06-30,0,0.01051137066691452
49.561578696483124,208.17441445187856,12.75545972646337,6.99360672922598,5.44141542798468,18.80491695843178,COMPANY_028,2012-06-30,2013-06-30,0,0.0031089331152172463
769.5401930936889,57.48444056392499,-3.7542118811937923,1.3487815520843913,1.0070598029935125,-6.561517807153415,COMPANY_029,2012-06-30,2013-06-30,1,0.9786997933275745
101.53028633964483,221.5418959333013,15.587596294235944,5.734322690037717,5.717796815468088,13.918973748602525,COMPANY_030,2012-06-30,2013-06-30,0,0.003923021042278705
86.0313119293119,226.1176803535903,11.17050763122041,5.618430533470425,4.5100456394805395,15.461858039383646,COMPANY_031,2012-06-30,2013-06-30,0,0.006177598650974078
244.70478464305495,142.7771615902621,0.011678464707132186,0.36408019657609403,2.3973243723953557,1.6649574470921857,COMPANY_032,2012-06-30,2013-06-30,1,0.5052939683122523
162.84134097297667,172.18896305173658,6.867964987399079,5.501520277978915,4.679941645957349,17.79624289616944,COMPANY_033,2012-06-30,2013-06-30,0,0.016106713393557348
138.98801488345356,126.08724478121877,2.8997549936057574,4.131518766205754,2.2074262679507024,11.161832591633202,COMPANY_034,2012-06-30,2013-06-30,0,0.06148043306922932
163.8444143752868,106.43238961157809,7.879914058756837,0.05539542765086125,2.223774661386117,2.06471668412342,COMPANY_035,2012-06-30,2013-06-30,0,0.12891111448333695
337.80532327493137,92.72887721851389,-2.6054514924739323,-1.8984760507392302,2.6133412098157303,3.5146382552410667,COMPANY_036,2012-06-30,2013-06-30,1,0.7795304898132407
126.67176543035,254.609916349602,9.235545706776495,3.3348921539741845,4.376201141042035,10.803143957083343,COMPANY_037,2012-06-30,2013-06-30,0,0.013625709298061207
149.73913208632064,194.59788126966984,8.90214120130251,1.1105564257821179,3.8624493680362697,8.559459962484713,COMPANY_038,2012-06-30,2013-06-30,0,0.03752078739508722
117.2717447965046,227.1292913435733,7.102335424160756,3.7544865357965826,3.9072420302407247,15.324771580998952,COMPANY_039,2012-06-30,2013-06-30,0,0.015648780169169145
108.94291172643814,193.7267896158345,6.745597278207454,4.669188654544062,6.219449549169274,9.657618272708373,COMPANY_040,2012-06-30,2013-06-30,0,0.015455084856023569
118.20353847178141,196.6678559209568,2.2657344696164836,2.859160046469363,3.1523122344374124,12.364805359811172,COMPANY_041,2012-06-30,2013-06-30,0,0.043054284376722055
168.0496477465975,134.43506408197254,5.739771411984383,3.8282884151948466,3.107153960578493,4.02799431353611,COMPANY_042,2012-06-30,2013-06-30,0,0.062300557631253264
114.722853767134,191.23498456820565,11.849104550051841,3.596772180219931,6.221956811107685,11.42305851421816,COMPANY_043,2012-06-30,2013-06-30,0,0.01093917879489416
207.80775302201639,161.09478254848463,8.14428272551965,3.512209965951465,2.945063782752925,7.238037082759205,COMPANY_044,2012-06-30,2013-06-30,0,0.047205317729160125
382.44895103021986,93.18901401676617,-1.5711171653098335,1.1917820024957084,-0.5851592474271792,-1.3668404966250147,COMPANY_045,2012-06-30,2013-06-30,1,0.8650806334952444
148.20314385395017,192.44402126120676,5.502383542854577,2.8489629833808126,3.360079350740191,4.357444226781475,COMPANY_046,2012-06-30,2013-06-30,0,0.04822686212127451
137.01072135210376,244.9019698005435,5.1243448863914,0.9728635343936625,5.717582846342761,11.990801054470047,COMPANY_047,2012-06-30,2013-06-30,0,0.02779634297109079
66.99471657275465,282.2388466133547,13.087331715472997,5.118854435771157,5.00875762891384,20.529927107575503,COMPANY_048,2012-06-30,2013-06-30,0,0.0028492982349858226
236.79123575164897,128.33874518064312,0.3969695864379943,1.511701479750854,-0.45441622656041547,-5.772725930136113,COMPANY_049,2012-06-30,2013-06-30,0,0.34768475232602697
280.5961046898027,140.95612210210317,6.885248197799719,1.456547493138897,3.8222518620592982,,COMPANY_050,2012-06-30,2013-06-30,0,0.2727780336471395
513.7577772556152,54.84332316110365,-8.108868178883226,-0.8244478797516275,-2.1161606564188533,-12.930376595564582,COMPANY_051,2012-06-30,2013-06-30,1,0.9862979488659607
241.6246091581183,211.8040481114553,4.75965520733136,2.6709692893172257,1.5877602169632097,11.312952596194659,COMPANY_052,2012-06-30,2013-06-30,0,0.0639172157735215
118.90089144320727,191.39178775788454,7.947725345092712,4.643166435751674,4.301225977766754,14.379243583757694,COMPANY_053,2012-06-30,2013-06-30,0,0.015148243944421165
337.3120751995751,128.55841001638706,5.570843903132072,0.9252472116887134,1.9115530498557591,12.901413505725085,COMPANY_054,2012-06-30,2013-06-30,1,0.3609659852599716
227.2955608133125,157.7327882455779,-1.2144233969837535,2.0896193598293675,-0.15793015170084934,5.613581833276113,COMPANY_055,2012-06-30,2013-06-30,0,0.21797688286183545
246.5817623746526,233.88552775830468,3.7227672268358267,3.856895768586543,3.940442602024296,12.970235777382712,COMPANY_056,2012-06-30,2013-06-30,0,0.03714167523766969
135.20354222385643,114.73559206100978,1.520234324743802,1.8785021579688523,0.8957840301201851,2.4367625565871003,COMPANY_057,2012-06-30,2013-06-30,0,0.16483039466674704
74.85882604212983,274.19683476070776,12.249112143186261,5.225047312282823,5.006766498503788,18.998359404350385,COMPANY_058,2012-06-30,2013-06-30,0,0.0034985158583257497
311.9199028077393,103.14347702361528,10.113317846059562,2.2709043416123453,1.178007540089033,10.979091429230012,COMPANY_059,2012-06-30,2013-06-30,0,0.10416310431538701
,156.8243753013401,5.220243464904822,1.0072440419738218,2.671475718042503,3.1199396992044837,COMPANY_060,2012-06-30,2013-06-30,0,0.11736057243820046
121.81164222730493,227.80465161966623,8.827499450761561,1.6457712898780748,2.1769267162501973,17.056755941937634,COMPANY_061,2012-06-30,2013-06-30,0,0.022268291135391617
152.9541453480909,196.38919108283642,9.817834672611808,3.9465806616800148,1.787502413291873,13.346401232247933,COMPANY_062,2012-06-30,2013-06-30,0,0.022160309981355483
338.5701547684904,81.52731208599398,7.195098551863516,3.0254755829218034,-0.9591754645247683,7.712066142600376,COMPANY_063,2012-06-30,2013-06-30,0,0.2022387715454082
163.46861737006833,124.19367973892821,8.43694192042016,2.453641905413607,2.7372554153132374,10.925452012502841,COMPANY_064,2012-06-30,2013-06-30,0,0.05107056793075299
190.13617823690996,114.24995987341698,4.264978752900815,5.002828494062363,3.747352515370577,8.38963345762332,COMPANY_065,2012-06-30,2013-06-30,0,0.056400186179965624
434.11725083101334,108.00131532593723,4.2899653590506315,,-0.9409691964606923,2.6066016169933497,COMPANY_066,2012-06-30,2013-06-30,0,0.6826710709349355
334.50961602934365,104.05107983744294,1.2706248144826606,3.8184655227508273,0.41890015106052947,-3.58798167559051,COMPANY_067,2012-06-30,2013-06-30,0,0.312726558573015
78.23076110721611,172.82460245330714,6.013400864122072,5.960092512814073,4.448215259555905,12.957406210270479,COMPANY_068,2012-06-30,2013-06-30,0,0.014339932774446878
110.67526901799326,181.4379691518883,5.973062035309492,1.9403319054448207,5.293189634526364,19.140457052435984,COMPANY_069,2012-06-30,2013-06-30,0,0.02246020943135429
173.27689479298812,111.80899410607087,4.767253682851377,3.0365242516341313,2.0224001708671207,9.910100887152163,COMPANY_070,2012-06-30,2013-06-30,0,0.08164989405800259
95.40406432469085,352.3698072864307,8.338699029744962,5.606138998704357,3.8793992416360172,24.049443849743795,COMPANY_071,2012-06-30,2013-06-30,0,0.003069754622410278
180.81734074217286,136.20131913852728,7.973820721548914,2.7847426017609918,4.516212779461135,11.100809890294993,COMPANY_072,2012-06-30,2013-06-30,0,0.04075561627024195
238.68324391440854,153.8702637264492,,2.9837401080976758,2.7749434841352625,7.690438805669826,COMPANY_073,2012-06-30,2013-06-30,0,0.08112069233392118
268.0361039792488,105.91311239111498,5.8897272300928005,2.997737960315142,1.6716888784193342,2.4721133235306447,COMPANY_074,2012-06-30,2013-06-30,0,0.14536992516559416
282.423227727332,,4.558904687973914,3.1144979106138937,1.9866625433195486,3.8241277562859355,COMPANY_075,2012-06-30,2013-06-30,0,0.1623639962076487
310.6173056193515,105.8253551462539,6.926820447975357,1.1726226886931408,-0.2381906457730656,12.778542066251255,COMPANY_076,2012-06-30,2013-06-30,1,0.3872715223784887
168.78296341417746,174.10693355255884,17.60618264321564,5.722661319551433,6.791389644294646,10.242056479324168,COMPANY_077,2012-06-30,2013-06-30,0,0.005681422207958927
183.9359806607962,102.67188447742058,1.3461022338001825,0.13748348185701986,0.5679207589291055,7.0571232036854585,COMPANY_078,2012-06-30,2013-06-30,0,0.23684051452167854
140.46829897114446,122.51159119599018,1.2965893128539898,5.423221030259286,4.975349634180291,6.680579778674702,COMPANY_079,2012-06-30,2013-06-30,0,0.051013696266693435
126.77525722011049,137.62976597819494,13.428036339091086,1.2529304876168146,2.927303185417048,19.991019273675995,COMPANY_080,2012-06-30,2013-06-30,0,0.02150088381020516
117.10082323959121,202.74456996874886,10.086866275352245,5.215245482573348,1.7949849699119462,13.6207923784546,COMPANY_081,2012-06-30,2013-06-30,0,0.014262943486575582
189.42591889103466,122.60609485713952,0.3788376254894166,4.756123174327471,0.6509632337323802,6.1674559896991035,COMPANY_082,2012-06-30,2013-06-30,0,0.12166756990991721
421.1593415368839,92.18152515897567,0.11100339547035132,-0.14037425486591493,0.21308511320794754,7.24385870719269,COMPANY_083,2012-06-30,2013-06-30,0,0.7595822689477106
319.7230644257262,135.25855603054956,-1.4468336111878708,2.051459103623429,,0.9230916991270979,COMPANY_084,2012-06-30,2013-06-30,0,0.37752212660587436
210.54273372062502,143.2383495827819,6.105170461890701,4.630416628179672,2.0565563045918367,9.290369129493207,COMPANY_085,2012-06-30,2013-06-30,0,0.0541844951326978
78.27459753934565,197.06492565986852,11.714406091407474,5.547658970695672,,15.292394535680405,COMPANY_086,2012-06-30,2013-06-30,0,0.006461379209762847
130.3507418288356,161.71761986545366,12.560252057361803,3.733988512853166,3.1041176991433215,14.848088725655973,COMPANY_087,2012-06-30,2013-06-30,0,0.015930460040717517
83.39790667815575,247.2761637400115,17.026212053118044,2.075743032976935,6.669211193990217,5.791967824143239,COMPANY_088,2012-06-30,2013-06-30,0,0.006442953908773136
179.4387887457699,76.9968330648039,4.711253353726256,4.480552468323905,3.5905237528210012,3.288062335325665,COMPANY_089,2012-06-30,2013-06-30,0,0.08594085386088313
216.4404220712176,152.06147365896595,8.714763593032533,2.963689560024532,2.0057498532224742,13.673601528220285,COMPANY_090,2012-06-30,2013-06-30,0,0.04656679319563772
228.91978459904104,138.01375993744017,-4.338310221961485,1.2921421156333044,2.0601783398982616,3.2870702994411465,COMPANY_091,2012-06-30,2013-06-30,0,0.5572818545388537
422.62832193772323,97.67618185109602,-4.2616611198981165,-1.2117102776133182,-4.648737560095715,-2.869595799468815,COMPANY_092,2012-06-30,2013-06-30,0,0.9623614927843094
266.37858610797383,95.11844184917072,7.514585251853619,0.6947997569216005,2.6252600594530415,4.366536774160203,COMPANY_093,2012-06-30,2013-06-30,0,0.3655370000857524
101.73628310881095,156.0777460571982,8.82457708322163,4.042898227018408,3.893086681526103,8.471721825946025,COMPANY_094,2012-06-30,2013-06-30,0,0.023528341561122147
159.9364387841852,165.58863125963524,12.023189840793068,,3.980394723450626,3.9117884231707603,COMPANY_095,2012-06-30,2013-06-30,0,0.02484112518140242
232.33599281243792,103.5014118541278,7.303433924156101,0.47255471143119876,1.074767951407201,14.51697697993551,COMPANY_096,2012-06-30,2013-06-30,0,0.2897252156731312
94.69918667212904,141.42357946616266,8.845615485198664,4.105118336541241,2.387048025686156,16.211863290047916,COMPANY_097,2012-06-30,2013-06-30,0,0.021707563883747814
88.83398436123893,199.3716474121838,7.445743566339878,4.591023407550232,2.0169917054307556,12.818917498085012,COMPANY_098,2012-06-30,2013-06-30,0,0.018953184391210607
177.2901162966652,141.46985720937968,4.02796008159777,4.306020030709066,3.970566642441774,8.62847123858429,COMPANY_099,2012-06-30,2013-06-30,0,0.05121522461190012
81.70933772985491,216.56631491692056,9.8997934423223,6.638422629221738,3.7496409234493946,15.635628106687152,COMPANY_100,2012-06-30,2013-06-30,0,0.006608041500610559
152.88805562834654,158.57742453262307,8.979306409668167,3.5232618642878344,2.091386534047021,8.002475639341014,COMPANY_101,2012-06-30,2013-06-30,1,0.03830578854620578
171.21981851248825,98.11750025853925,7.290562573518897,3.664781513679305,2.546126480994686,16.53677904644486,COMPANY_102,2012-06-30,2013-06-30,0,0.04567082372739633
201.33175273062335,156.8464245886982,7.226612872128169,0.9718358798721057,1.1505641378383764,8.705565638276873,COMPANY_103,2012-06-30,2013-06-30,0,0.09115331029677565
106.97920184076156,186.52246858654559,11.044416331646921,3.9768761519813944,1.863970187530891,5.5457067408507115,COMPANY_104,2012-06-30,2013-06-30,0,0.0232709828810829
161.74465577188698,148.6384725836754,8.990413804630345,1.6680293048541786,,5.799553340886756,COMPANY_105,2012-06-30,2013-06-30,0,0.04700413315947494
155.90130225946234,163.22154903797818,9.94600679028779,,6.42085200632731,11.722540510646365,COMPANY_106,2012-06-30,2013-06-30,0,0.015083733943044686
271.9752892799325,174.52290344195197,5.69205845615928,1.7634085838816627,2.5601778838805207,0.6082334636330344,COMPANY_107,2012-06-30,2013-06-30,0,0.1237480154237364
189.64200863745987,182.00616173900556,5.81087813508603,4.8287187312402615,3.27999382032722,14.43020038213676,COMPANY_108,2012-06-30,2013-06-30,1,0.028345461618561767
94.35778387610544,209.85930797787256,9.75631872369679,3.0608483405193807,5.664791025746778,19.225928634254682,COMPANY_109,2012-06-30,2013-06-30,0,0.009592628988689992
127.13237068576606,192.16850070468752,13.943488071831839,0.9869060829670273,2.486069569647467,13.184417196689658,COMPANY_110,2012-06-30,2013-06-30,0,0.02141159652273025
175.21029488575795,160.8013917688686,2.054842692872249,2.5034423101181122,3.1969041636689064,9.952915223218405,COMPANY_111,2012-06-30,2013-06-30,1,0.0771428067725588
170.63073131643992,108.49201160349973,6.4687855952019735,4.411775195298098,3.1683804925546335,20.643582165009892,COMPANY_112,2012-06-30,2013-06-30,0,0.032440283259062674
226.16994578666151,150.69418107437195,0.9201884605393911,4.414606639172334,,9.003251939898918,COMPANY_113,2012-06-30,2013-06-30,0,0.07650938720541031
97.4406565521884,171.5901568398569,11.879907927395084,3.0837567401537602,4.164365315721968,17.353982609936885,COMPANY_114,2012-06-30,2013-06-30,0,0.012657982434878048
130.7819255302311,115.6699275375506,6.183065742224304,0.619914686793243,3.9060021061946903,0.7329654524550397,COMPANY_115,2012-06-30,2013-06-30,0,0.10166847091092308
549.9990622477882,102.04082715018632,-3.4253740675368283,-0.7628991907140853,-0.30145258107614253,-2.314356777767992,COMPANY_116,2012-06-30,2013-06-30,1,0.9533077298317085
239.11348389820355,105.76952835231049,2.36760509281213,1.8083385299173085,-1.2974062800942847,3.95508464087805,COMPANY_117,2012-06-30,2013-06-30,1,0.2644552539106777
82.04601251645305,229.08878745570888,7.942437810846407,1.6946958360936684,4.978160007429047,12.371412722520908,COMPANY_118,2012-06-30,2013-06-30,0,0.01767322186310487
107.07063630189688,154.09773968964546,3.4111059209721475,3.942261918966019,2.1351262257530217,3.09491027183092,COMPANY_119,2012-06-30,2013-06-30,0,0.06255961710880813
209.43279859717344,188.52634531129712,1.391623565316908,0.3448126422284501,0.7713493162527754,8.377297588435821,COMPANY_120,2012-06-30,2013-06-30,0,0.15416389378467155
405.9501569726056,99.15360701885174,2.9136809943401802,,1.119409398710168,-4.345167487690503,COMPANY_121,2012-06-30,2013-06-30,0,0.7187403544921485
157.06865308908917,167.551319471966,10.068858222446975,3.316580220804791,3.479815648459039,14.22181293510426,COMPANY_122,2012-06-30,2013-06-30,0,0.02303684694847673
186.99522219461403,106.4067733080135,7.17323757175913,2.4828207960224264,2.7870161056979508,0.9926152470774419,COMPANY_123,2012-06-30,2013-06-30,0,0.0989596548852195
130.09238306325895,152.80497481307913,7.883758945746026,3.9030115655230775,3.1678525522386405,12.715476657423922,COMPANY_124,2012-06-30,2013-06-30,0,0.027756407571010524
102.40179669764231,119.29687903120929,7.8933092103401155,3.107123423183619,3.501792076212874,4.290271036506534,COMPANY_125,2012-06-30,2013-06-30,0,0.04623795935696852
91.2709978073978,214.34753108785625,11.597322362659078,7.6416520636610485,5.271845287772436,6.876713833212342,COMPANY_126,2012-06-30,2013-06-30,0,0.005800920875161772
188.50883387598464,178.84536400342586,7.470255719979491,1.6719866254130116,4.531219222008578,10.706305698919474,COMPANY_127,2012-06-30,2013-06-30,0,0.04232953984419696
280.6096953166171,143.0022401225164,3.835571389448809,1.3493061476482358,0.07772485394718665,2.32931890478274,COMPANY_128,2012-06-30,2013-06-30,0,0.4639360750063261
173.10524053196204,120.52462246887953,6.471034515405991,2.678530205767683,1.9042375331939592,7.473999934774289,COMPANY_129,2012-06-30,2013-06-30,0,0.07817293430453073
260.80021439514513,153.72394172244424,-1.006019962399474,2.9029024322559707,2.9522016376162816,3.851155890807521,COMPANY_130,2012-06-30,2013-06-30,0,0.16947203592167132
387.74357732164793,103.93447189075782,1.651282655290713,3.348000474116437,3.115845687367834,10.216299749060976,COMPANY_131,2012-06-30,2013-06-30,0,0.19734771994828776
311.57427489533654,56.64875653027298,-2.097459420780986,-0.3834318492190407,-1.6122528549496535,0.23816604082728238,COMPANY_132,2012-06-30,2013-06-30,0,0.8441073351557654
283.14299614227366,146.8168181027843,4.026436740734774,2.4920177045169436,-0.6783190281603033,2.3972785100672187,COMPANY_133,2012-06-30,2013-06-30,0,0.19876538587612871
212.2833019833133,162.09455114189527,6.429226941942183,3.9656630679386167,3.0130613364171936,18.42958714889963,COMPANY_134,2012-06-30,2013-06-30,0,0.03360405160015045
164.3352144891623,116.05610107539323,5.592964737476408,4.239678293957528,3.640334856347695,11.542369712116304,COMPANY_135,2012-06-30,2013-06-30,0,0.045652508906779854
64.77037301164412,215.1341998843256,15.539415530104026,7.466844003250129,5.993343903530671,21.829729920001107,COMPANY_136,2012-06-30,2013-06-30,0,0.001829123398027836
1081.5703255062874,56.22910517522628,0.9610320964126444,,-2.0803413370479613,-11.128335951686523,COMPANY_137,2012-06-30,2013-06-30,1,0.991851787568673
159.06959394259277,133.3002876550879,7.503426208103138,2.4929833600007862,2.3247244503400712,-0.545438220896763,COMPANY_138,2012-06-30,2013-06-30,0,0.08319158063141496
211.6183565237716,86.48111539974246,0.3475756395128304,0.5594517557576415,0.7359525687206172,7.523574350522507,COMPANY_139,2012-06-30,2013-06-30,0,0.2734617389578216
156.5643983360974,146.11882436702572,10.315658014355135,4.205466266431227,5.183698565145632,13.090163689359766,COMPANY_140,2012-06-30,2013-06-30,0,0.018621242897178068
213.01774830400302,153.47293037371804,6.6585173576335155,3.325359215983621,3.513772233376387,4.257642183854604,COMPANY_141,2012-06-30,2013-06-30,0,0.0626706582012016
125.39607314365628,169.56102589340338,9.44878893084853,1.7440060994093205,5.415719682498198,9.991699323782141,COMPANY_142,2012-06-30,2013-06-30,0,0.026490118757190678
107.13251080238638,191.34763669225902,5.867006516897724,3.264586956519735,6.047467921917837,11.444878001273791,COMPANY_143,2012-06-30,2013-06-30,0,0.020686442281387225
282.8857664828168,119.47135884249971,-1.6821506223741984,1.3012779505155085,0.37570553351127634,1.8445877033167524,COMPANY_144,2012-06-30,2013-06-30,1,0.6340965599174508
214.82955013142313,113.29041031431555,6.802819840940624,3.009654730217772,1.9619054901573325,7.941612311590168,COMPANY_145,2012-06-30,2013-06-30,0,0.08505722569238527
104.14505038734305,140.1066169360527,11.588716200899643,5.773510708012192,5.823546233835032,14.818803894094817,COMPANY_146,2012-06-30,2013-06-30,0,0.009069378793894271
187.10525825877366,173.65189254053604,6.461226346128112,0.12983559668729305,4.771941716392695,2.9247139498949823,COMPANY_147,2012-06-30,2013-06-30,0,0.08071995924081866
206.04336587978284,132.76026754349704,3.0763481065168445,5.976509129528656,2.714182113440075,1.6296289897424883,COMPANY_148,2012-06-30,2013-06-30,1,0.07400873951393705
159.81301076837758,143.64801462808276,10.522773574271595,3.0229520680063664,4.081373836162561,10.481205445189776,COMPANY_149,2012-06-30,2013-06-30,0,0.02908382798789964
165.05738705778865,175.40255645583537,11.260551116235899,1.7269559605320106,3.0535483941528905,11.802957683448852,COMPANY_150,2012-06-30,2013-06-30,0,0.030839404576483546
377.3326682897283,152.19921303161033,5.956553888863587,1.0857232165713389,3.0522990285392186,9.260431183093393,COMPANY_151,2012-06-30,2013-06-30,0,0.35168442933614813
371.16705729713755,80.54655929663124,4.818210926894229,2.203417921513797,0.5204016759844772,6.07433645602954,COMPANY_152,2012-06-30,2013-06-30,0,0.2763841114637695
117.56159721969516,289.59325776695573,9.094170575607944,5.193677790813564,4.240359049265496,10.875768652818289,COMPANY_153,2012-06-30,2013-06-30,0,0.007880391797639691
180.53818251478924,117.57898031186544,8.885354475676422,3.314420173733258,1.8018631635719946,14.849467655302433,COMPANY_154,2012-06-30,2013-06-30,0,0.04484530047724367
99.5166255450344,221.83900689501823,12.767247196569189,6.181436377402976,4.488945876495189,14.71752597895715,COMPANY_155,2012-06-30,2013-06-30,0,0.00532647260566742
77.80893485086894,240.44670722227943,10.932667492902716,6.444885642898542,7.3460312716700855,17.99017512803839,COMPANY_156,2012-06-30,2013-06-30,0,0.0031227256953463125
277.0251831796448,127.14697866693999,2.0153926138510516,3.0993635568367,2.5951520110653052,-1.2368836096382756,COMPANY_157,2012-06-30,2013-06-30,0,0.18905707256541335
116.13568451377343,177.531252226819,4.345751669975027,1.034974552809818,-0.44021311499696214,4.676477076863478,COMPANY_158,2012-06-30,2013-06-30,1,0.10567046619242627
299.79138633844224,84.03282451967166,0.7171111778208126,2.7336863822017703,-0.6859568326046598,-7.045780784097271,COMPANY_159,2012-06-30,2013-06-30,0,0.42931168299664446
133.19588674820332,138.06668196487826,6.4241791787626275,0.16983989500081487,1.8958897593005544,2.187728198390414,COMPANY_160,2012-06-30,2013-06-30,0,0.11268321930431828
239.42004164546643,84.63236766795586,3.2647599197579287,3.4071913904983453,1.7688931695242542,4.189463174492957,COMPANY_161,2012-06-30,2013-06-30,0,0.16114541863629187
180.50436123709693,,6.842092929554069,4.364967198137412,3.6847348750083704,6.700357893856409,COMPANY_162,2012-06-30,2013-06-30,0,0.05738311980869656
144.3965652006581,148.35231444371482,6.15533267918221,2.060934094146572,1.6153713314474516,3.22042258283832,COMPANY_163,2012-06-30,2013-06-30,0,0.08304387869129665
331.9477855493973,94.84551470175859,-1.0274727458030535,0.9542772902012505,-1.139830596215821,1.3433775942106356,COMPANY_164,2012-06-30,2013-06-30,1,0.7488973272562536
220.9895170528809,110.40962081963136,-0.3501980995281051,5.346416740487962,2.29127460975741,0.5267292899769087,COMPANY_165,2012-06-30,2013-06-30,0,0.14407398551352754
136.11938766185517,183.74899986922804,6.820600963909225,2.8723496754841884,5.93134578185497,21.595614504205898,COMPANY_166,2012-06-30,2013-06-30,0,0.01610030784242325
169.94130183411653,261.61946974313815,8.706461599919217,3.136987325682289,4.325406194701252,14.836378949416677,COMPANY_167,2012-06-30,2013-06-30,0,0.014517745500156116
164.65033079456373,143.2035238189497,3.6941333501947424,0.3716646452554766,2.8748412792705316,7.402825700766783,COMPANY_168,2012-06-30,2013-06-30,0,0.1132438297525029
124.64209916732676,111.61635890806494,5.574802379204815,1.9682031780540878,2.3234430381277664,12.628721159895075,COMPANY_169,2012-06-30,2013-06-30,0,0.0661835115716392
248.98798092264312,90.76267861402637,4.9586540751722055,0.8539489986334896,1.6886951648614759,6.871556524075241,COMPANY_170,2012-06-30,2013-06-30,1,0.41199940466518525
195.6249392207633,112.39565180728772,,3.92233259379679,2.8157378436623506,7.105259643867204,COMPANY_171,2012-06-30,2013-06-30,0,0.08689553959342576
145.3220630278088,127.88897931924204,0.790281782993508,2.7596866130993805,2.5043444318873225,4.9320039739833135,COMPANY_172,2012-06-30,2013-06-30,0,0.11510554547817743
127.57759230178684,135.88265017823826,11.095603145450797,3.678740724923672,1.444536408602763,12.046500158301415,COMPANY_173,2012-06-30,2013-06-30,0,0.028974867007656214
139.58823350171738,,11.200615054422503,1.915146174090621,7.587963590259321,17.35750522643022,COMPANY_174,2012-06-30,2013-06-30,0,0.011321821157515856
187.37328155515453,112.78730510875023,11.353257497393562,4.115344480679666,3.2912212890183117,0.011663651462608726,COMPANY_175,2012-06-30,2013-06-30,1,0.04839601173236498
,145.73059918759606,6.932524163179617,4.048367065053033,5.438191818121869,8.633088859072902,COMPANY_176,2012-06-30,2013-06-30,0,0.023929388403650415
62.29929664638599,248.96002107988912,13.999816562454267,6.452505538869509,4.71281994824155,13.40835027367077,COMPANY_177,2012-06-30,2013-06-30,0,0.0033753742175981617
408.48919597593175,114.30053810353878,1.3346203495397773,1.402021099847986,1.1592125726867153,4.474608791579952,COMPANY_178,2012-06-30,2013-06-30,0,0.6374325316054156
609.6863588462434,75.83682167173944,-6.08171079645709,-1.5771776931719121,-1.964345611176423,-0.23971002366490435,COMPANY_179,2012-06-30,2013-06-30,1,0.980943328603052
156.2262996541226,135.19855622170968,6.025371382718154,,3.8018662069169737,6.643640361777785,COMPANY_180,2012-06-30,2013-06-30,1,0.058842051151198414
132.63041507856283,162.78380899914225,12.11216554728346,4.4720208261800805,6.052465569925526,14.29817209644292,COMPANY_181,2012-06-30,2013-06-30,0,0.010554584866933323
126.57801735377069,158.53663604062808,8.279325891429377,3.2246614114294574,4.297396673804973,7.133450128606667,COMPANY_182,2012-06-30,2013-06-30,0,0.031240380790539656
213.74691738469872,109.69745955721612,2.1050366243321723,0.30860055668033937,-0.9647357913201475,3.6328622346986577,COMPANY_183,2012-06-30,2013-06-30,1,0.29342753742628047
115.46518622630835,216.50328624459436,8.295503071106621,3.7828433934316146,4.940524462734887,10.13193093390532,COMPANY_184,2012-06-30,2013-06-30,0,0.01589447975853226
176.43336781818277,154.40765127848607,2.2997532755930825,0.43942155639884417,5.034616628907644,11.489717604988373,COMPANY_185,2012-06-30,2013-06-30,0,0.0852138499240353
292.8700206258716,119.91661127991756,1.8204852523079977,0.1126140730968217,1.980256088856893,0.3827508333778953,COMPANY_186,2012-06-30,2013-06-30,1,0.5785248281527238
241.85385646667928,105.73509376153335,6.540868262951345,0.6437437069934977,1.658679086252963,-0.6066994426634196,COMPANY_187,2012-06-30,2013-06-30,1,0.427580548105288
231.84632407699345,98.099346363108,-0.06889052258955308,0.7519912326411415,2.7119127613346667,0.1686876106947608,COMPANY_188,2012-06-30,2013-06-30,1,0.5493742702671783
180.92512391241118,105.60234619472429,3.1395798842653786,3.111530174418458,2.03099937203689,7.958149947756291,COMPANY_189,2012-06-30,2013-06-30,0,0.10659599759202686
76.5648951094919,323.08054288165744,9.303508184072278,4.784909907847848,5.49113289895153,18.61904698068218,COMPANY_190,2012-06-30,2013-06-30,0,0.003656607714884363
111.45259079824663,301.04699233577054,12.126528850809892,3.4402621206361634,6.379950084302858,11.687275036096782,COMPANY_191,2012-06-30,2013-06-30,0,0.005456606420021228
164.2235564570794,121.53783805135421,7.1129839438914715,2.334401756418151,2.9851868540873725,11.810865068778027,COMPANY_192,2012-06-30,2013-06-30,0,0.0565466724366603
341.369858774332,120.97555216682034,-1.2411505214001126,0.01350673965070559,2.681677021221838,4.7974648595488585,COMPANY_193,2012-06-30,2013-06-30,1,0.638211541099408
290.0093479873992,80.40569339475081,1.3799291773139757,0.6037584270006943,2.482989969332783,4.696428759484284,COMPANY_194,2012-06-30,2013-06-30,1,0.5658939539853248
501.4110145599649,110.92470700141257,-2.2954661372175478,1.0554392184545223,-0.9968705360383476,1.9046084955367883,COMPANY_195,2012-06-30,2013-06-30,1,0.8510808381399785
69.36923659527727,251.41783597484468,14.708560511132845,4.392754018436243,6.8583111134611245,11.301225060397439,COMPANY_196,2012-06-30,2013-06-30,0,0.0038815632925552944
298.323396784145,113.37161579321682,-0.493907237426809,1.9054961180193253,1.042640600653292,,COMPANY_197,2012-06-30,2013-06-30,1,0.28635871972761334
376.49723891991334,72.05820916108617,-2.5642753077476095,1.9599813588109674,-1.0184373429019913,-4.587318214396937,COMPANY_198,2012-06-30,2013-06-30,1,0.7316432533135542
134.33181397556618,166.96937011444172,6.467600347789714,,3.5527435025191942,10.698677841782414,COMPANY_199,2012-06-30,2013-06-30,0,0.026387496517242783
298.7819623899977,85.51277194706255,2.9386477059932123,0.4823821276755811,0.22851295407006744,3.5464295094145317,COMPANY_200,2012-06-30,2013-06-30,0,0.6111334042059765
128.82865213878287,244.97900398747637,5.1732725849931915,4.700081888713262,4.632685183924727,10.604977562725413,COMPANY_001,2013-06-30,2014-06-30,0,0.01665871509410515
191.13156154905113,137.6422037632137,12.857493726601525,6.818402310779891,5.349871625143659,14.915681312832861,COMPANY_002,2013-06-30,2014-06-30,0,0.01002100225387743
137.49352475309828,142.0249809926794,2.9867641627442696,-0.4380796929298958,0.3694034485805393,10.929667151376133,COMPANY_003,2013-06-30,2014-06-30,0,0.14386989670173633
70.22164764436671,239.52241320700048,13.831464180994772,5.768789489321112,6.797157386005095,,COMPANY_004,2013-06-30,2014-06-30,0,0.0025028873683341744
123.701528371995,176.7024624336454,3.17977007115132,1.3210153745576596,2.797479767818665,8.531318666475746,COMPANY_005,2013-06-30,2014-06-30,0,0.07056000577764687
131.62242583319218,154.39091918043806,10.865329297968012,3.6821404740606454,,11.85393524771597,COMPANY_006,2013-06-30,2014-06-30,0,0.015463057874730738
217.87318214003977,166.96321632025465,6.298836270595178,2.9051187231327145,1.5361488464590356,14.369224178284128,COMPANY_007,2013-06-30,2014-06-30,0,0.05613633776437051
209.56950242000914,,3.7798755400095656,4.440102669822966,2.961745851046044,10.231181695663995,COMPANY_008,2013-06-30,2014-06-30,0,0.0739580303523083
315.8402145461144,135.12769463036136,4.2031533099455105,2.5574651024947093,1.5252693066928196,10.712867697495316,COMPANY_009,2013-06-30,2014-06-30,1,0.13948051036417994
141.55176045341295,237.49871923008868,6.088370360724604,5.626248803722223,5.200390995139529,12.204563843765563,COMPANY_010,2013-06-30,2014-06-30,0,0.012461438771014325
120.0208437117957,157.40998994506788,6.010488591948808,3.5506257566805104,5.411285585095778,8.837006704845821,COMPANY_011,2013-06-30,2014-06-30,1,0.029673661890535056
177.43357074434755,115.76636360417784,10.610812252683127,4.695395678607204,1.8438225562776958,1.4677661439481309,COMPANY_012,2013-06-30,2014-06-30,0,0.04968522349090222
180.78191731980587,158.81359949981155,6.791706348691982,4.61386497636515,2.664419207007795,16.22230767427048,COMPANY_013,2013-06-30,2014-06-30,0,0.029654368754518313
143.30335938528648,157.59956922960998,2.92550750224256,4.246716489277955,4.754354634634898,15.7807945538521,COMPANY_014,2013-06-30,2014-06-30,0,0.03195041827583222
78.88949790310154,223.20552887084907,10.632310046547241,5.296449283261221,6.91007725239783,18.25154161755385,COMPANY_015,2013-06-30,2014-06-30,0,0.004588797140099616
232.2366944676617,87.6361083842878,2.1413775674796187,4.819942440137941,3.803268219256057,2.0517734541401174,COMPANY_016,2013-06-30,2014-06-30,0,0.11951190756688317
130.48200331561424,216.57462426488124,9.584168892766177,3.279891465479053,,14.036486150266963,COMPANY_017,2013-06-30,2014-06-30,0,0.018521361368769494
120.12384627318325,139.67063481616034,3.7678368055691345,1.2838499460520734,1.0915268713403479,9.19207318177867,COMPANY_018,2013-06-30,2014-06-30,0,0.09586209532701499
148.86762988624895,135.4985000268278,11.190178485986344,4.170447732455767,3.025929454964605,4.87694937097517,COMPANY_019,2013-06-30,2014-06-30,0,0.0315107559571369
214.5516743991449,150.60476850722856,,2.8412541295193523,1.844866419066363,3.206235285035862,COMPANY_020,2013-06-30,2014-06-30,0,0.10202211648337242
,188.8636615151335,8.80985311787407,2.567617988486262,3.0129313440846333,5.125363341382813,COMPANY_021,2013-06-30,2014-06-30,0,0.03429521654624316
146.36321790144433,124.51215802759953,5.650288727354822,-0.6430573355836646,4.686116027384488,15.792473075632996,COMPANY_022,2013-06-30,2014-06-30,0,0.07011452380232137
133.53784837410507,112.33929386742705,3.170169329608166,4.745834401501474,5.850799948386268,18.303844139018373,COMPANY_023,2013-06-30,2014-06-30,0,0.028598065260562133
60.27135167387588,295.1902614883227,14.847315079061113,4.667743571545135,6.478230426622808,23.80553586889277,COMPANY_024,2013-06-30,2014-06-30,0,0.0017184877928820364
86.90718304117756,155.54919787692776,6.656990719901282,0.5627203717847511,0.5503442984765692,9.831972641728683,COMPANY_025,2013-06-30,2014-06-30,0,0.06965665797167088
269.66125348308276,95.35442029270084,7.045815404504059,0.773163243746547,-0.9347240406450108,0.32697769601130267,COMPANY_026,2013-06-30,2014-06-30,0,0.5204524177235448
131.01052316914326,123.99656592950873,4.849552128412545,2.9772678504397625,0.1785435136352964,4.658194123381031,COMPANY_027,2013-06-30,2014-06-30,0,0.09721549972105759
59.53788465287436,273.80612969320083,13.614432266788288,6.111512412209226,,19.461129648018595,COMPANY_028,2013-06-30,2014-06-30,0,0.0022385114882238636
201.12425762148627,126.8260467892869,1.091672233427431,2.208405437076358,4.0570489242868515,3.5075057568585213,COMPANY_029,2013-06-30,2014-06-30,0,0.13350868507693256
56.760107486281726,229.9215377031397,13.059388035110302,6.159190555948141,6.546590774234121,15.974550652507753,COMPANY_030,2013-06-30,2014-06-30,0,0.003104928542039144
164.23974747390199,146.37383076861556,6.996158107009425,1.8231267722856404,1.417399311535352,3.755256283392221,COMPANY_031,2013-06-30,2014-06-30,0,0.0871165934162761
258.2290598308484,94.36381460319551,4.261302094089581,1.956779766447139,5.1876248139437955,4.007052625300957,COMPANY_032,2013-06-30,2014-06-30,1,0.13303177718339387
249.86508694977186,126.43341275273553,5.652124085932393,3.0802818771643876,1.3045745027328683,7.545848486756755,COMPANY_033,2013-06-30,2014-06-30,0,0.10743760558696935
213.47452682048342,105.05058947583488,3.235368491211463,-0.6544328577523912,3.044593432392336,1.7669035367222747,COMPANY_034,2013-06-30,2014-06-30,1,0.23180061742753674
165.51958703582355,191.22944074327862,7.684557073597207,2.868608416977663,3.935084300805743,8.150648363737222,COMPANY_035,2013-06-30,2014-06-30,0,0.033949579189749515
144.70739793561586,109.10385972836269,0.7810347121129948,1.859228533121197,1.2466464468259724,7.725592281466315,COMPANY_036,2013-06-30,2014-06-30,0,0.15094871612844332
92.74518092095626,188.3046791062442,9.880255167646535,5.444184964959276,6.6992794162397455,13.085192812689364,COMPANY_037,2013-06-30,2014-06-30,1,0.007890708047469924
69.73394358413539,132.2158806325356,7.756141530116963,3.5963584300402465,3.3400914631943426,10.433404520121353,COMPANY_038,2013-06-30,2014-06-30,0,0.028319805367588657
150.8792853093684,150.86764821880863,9.36930698094938,1.9624114375748514,4.261343994883214,9.944041131488568,COMPANY_039,2013-06-30,2014-06-30,0,0.036229606917670604
139.84066398070797,195.04294541636534,5.387613542652149,2.731255434145988,1.716401392861482,4.7347460391374545,COMPANY_040,2013-06-30,2014-06-30,0,0.056431558212719474
71.38902575069343,222.81827639924657,13.553356057873128,6.08698548308108,5.924321515018777,20.60685792942845,COMPANY_041,2013-06-30,2014-06-30,0,0.002966092209549658
,168.6524790721767,8.150476721191083,5.369619498595316,2.9182357194157986,9.438011320518616,COMPANY_042,2013-06-30,2014-06-30,0,0.03060435712261344
78.41955911858808,214.0137961204885,9.811972926560987,5.643404016317331,4.731383803081298,8.844293027524177,COMPANY_043,2013-06-30,2014-06-30,0,0.00929488817523026
78.7070089646052,250.23283833042674,18.563110893925867,4.303672981947315,5.815207234775102,17.86037313183366,COMPANY_044,2013-06-30,2014-06-30,0,0.0024486152171968676
303.2431067874531,95.6071325038292,3.3197057081917816,2.110671624573898,1.0066836545863325,-0.4302894305877585,COMPANY_045,2013-06-30,2014-06-30,0,0.27764923102075456
179.14770207067488,114.12983163556497,-6.3869659277010955,0.6979870640062898,2.737806286860111,5.24181272213172,COMPANY_046,2013-06-30,2014-06-30,0,0.3157573594449389
62.25333090386138,216.1383050971432,14.000731298240943,5.964925970663344,3.9422364907979386,11.833635977872884,COMPANY_047,2013-06-30,2014-06-30,0,0.005230573087517028
153.04998898827424,144.17821245648727,5.6954225705134345,1.2250945366032087,1.6364944791201452,14.001869062334997,COMPANY_048,2013-06-30,2014-06-30,0,0.07047716007205417
133.88782091091485,180.79358330176711,4.602687915426905,1.7083472888218973,-0.6351546384779576,5.812122095078022,COMPANY_049,2013-06-30,2014-06-30,0,0.09506968025403632
128.85526864999133,243.46150802697815,8.435439764885677,3.1996305620684273,4.231774846828359,11.220285229206405,COMPANY_050,2013-06-30,2014-06-30,0,0.016279264947664008
213.79247090608308,159.52392277176128,0.9030390172464533,1.5962670044966196,2.7548289568400945,4.137961012747198,COMPANY_051,2013-06-30,2014-06-30,0,0.14732925921980145
87.54443055660971,151.73855254809,14.735422296108244,4.464577263760385,2.8511916972434515,10.057176224404076,COMPANY_052,2013-06-30,2014-06-30,0,0.012594136908289241
102.50545573268376,186.88748908708067,9.17370329256348,2.8563703736952077,3.9608799965215384,19.8559483778716,COMPANY_053,2013-06-30,2014-06-30,0,0.014885597522633215
595.272416268422,110.92549645020809,-2.385365045890908,-0.2934634321720384,-1.2836930631588734,-4.167691794034052,COMPANY_054,2013-06-30,2014-06-30,1,0.958815924560695
272.6070522499415,101.71956014633871,1.8120312128348939,2.0212610794212793,-1.459483678188181,-3.815610523265825,COMPANY_055,2013-06-30,2014-06-30,1,0.3735173077163296
80.19810508597509,230.47514301553977,10.376877861239967,4.481274791764175,5.666266609019451,9.368295752748867,COMPANY_056,2013-06-30,2014-06-30,0,0.008653849560529801
238.94320798321306,101.37181029503587,6.94519736099252,2.6099838329136738,3.0897858905138347,-1.9250274267138066,COMPANY_057,2013-06-30,2014-06-30,0,0.1311819919725184
73.59530268653647,178.5525253948871,10.37678141150421,6.325496479746086,7.004096336177561,14.790787312557303,COMPANY_058,2013-06-30,2014-06-30,0,0.005678776558462322
178.17298625736015,,2.294141238262285,2.9840009401038636,3.971005124275597,6.265264159483578,COMPANY_059,2013-06-30,2014-06-30,0,0.0780171196240715
49.783896304559654,282.5870320189998,17.406721953472598,5.708077312893438,7.384396930671807,22.308780195473616,COMPANY_060,2013-06-30,2014-06-30,0,0.001087276399305033
302.92532361823356,107.57677109845329,2.7059238677517228,3.2867160378086897,1.4986613632697998,0.06709557608916628,COMPANY_061,2013-06-30,2014-06-30,0,0.2212350093449034
303.88345643111785,185.1131721857907,5.154195409495925,-0.573681304193242,0.7940577491335303,1.2487774598093573,COMPANY_062,2013-06-30,2014-06-30,1,0.4669133860965297
242.5605434263542,160.42517752918374,6.425305444804282,1.8326573230075183,1.8704795317812457,9.434131872525267,COMPANY_063,2013-06-30,2014-06-30,0,0.08734113922181894
158.65032907500878,148.08550906490913,7.6934330180453925,4.3473485092049335,3.5286551843338696,16.678519211682843,COMPANY_064,2013-06-30,2014-06-30,0,0.02468999768070805
157.08244575526197,146.97251114008608,2.033136902662802,0.5785521368599387,2.5059222248020863,8.788126390477332,COMPANY_065,2013-06-30,2014-06-30,0,0.11991935381889485
262.2208859653683,119.14682746802116,8.567489514887056,0.9136907241228849,1.4490203821859002,5.481518139531852,COMPANY_066,2013-06-30,2014-06-30,0,0.31856944121867037
241.14705472470064,109.8192638596463,3.6261424062857524,-0.8328129200374259,,2.6816089957653406,COMPANY_067,2013-06-30,2014-06-30,0,0.5347879851070289
212.62696184823554,197.05662500856707,6.387284528334297,4.249919527340879,4.106442687768065,12.794659757124705,COMPANY_068,2013-06-30,2014-06-30,0,0.02874555356000916
,126.49899723058695,1.0945476180786733,1.2065150726825973,1.8144637853861856,8.269943480621784,COMPANY_069,2013-06-30,2014-06-30,0,0.45997489196926905
249.54652373119362,143.53927605697515,2.8965056138331375,2.7179649976163196,-0.5419921941980201,-0.2688984330696478,COMPANY_070,2013-06-30,2014-06-30,0,0.2065023441294174
169.69357056309698,134.72846404699524,0.5626030996673443,1.9998971886081023,6.205732198540053,-1.2289173901205297,COMPANY_071,2013-06-30,2014-06-30,0,0.116977458560129
76.12416859261775,174.56361815079777,9.087588971011169,2.0068545798539987,5.689630711560447,11.452990289691988,COMPANY_072,2013-06-30,2014-06-30,0,0.01919444992621584
165.69208180340243,154.8871617512461,9.199778097292404,1.734436652650468,3.0709131238914993,4.989404386197821,COMPANY_073,2013-06-30,2014-06-30,0,0.054846094265505685
476.56298262633555,103.17033167640078,-0.509162751625885,0.6892969371041491,1.4927012973630056,-0.5422722044521242,COMPANY_074,2013-06-30,2014-06-30,1,0.8672246553740737
108.7230411589574,185.4973833664168,7.9604821682975,3.9527663329151475,4.290933757097841,16.77487255875666,COMPANY_075,2013-06-30,2014-06-30,0,0.015496164602941266
175.56184240138353,101.98483161294163,5.939566088743618,2.646211063660057,2.1625762495925382,9.009211003063042,COMPANY_076,2013-06-30,2014-06-30,0,0.0847250029930336
91.71532420045541,170.66437922080303,6.060118222936775,3.451443646853648,0.5500750286892431,15.760532727278187,COMPANY_077,2013-06-30,2014-06-30,0,0.033542404800470854
126.49310883982082,156.08955409625582,12.074143897653261,3.132568030443692,2.9810388345547745,11.197516980856756,COMPANY_078,2013-06-30,2014-06-30,1,0.022151124662994
94.34199708248352,146.8055879318215,10.55114366138782,3.9255023075393094,4.748317531105511,18.552568619511106,COMPANY_079,2013-06-30,2014-06-30,0,0.012653700091158933
134.39363393223178,199.08992441331515,8.087359714246764,5.142066914593869,2.5503275565411325,21.0690288307197,COMPANY_080,2013-06-30,2014-06-30,0,0.013124366493168548
42.54831886743482,241.72574938625775,10.651560995434355,7.687477459716241,5.763744734080147,19.28510633288431,COMPANY_081,2013-06-30,2014-06-30,0,0.002542360034591405
231.2358577237287,116.39512737110869,0.3089072046775576,3.8169655851428406,1.1438040017962527,9.095710921455353,COMPANY_082,2013-06-30,2014-06-30,0,0.1452370708192816
211.84048929869923,142.72115508073543,7.612727296271693,1.353903566893413,4.708271605174381,8.347973650037776,COMPANY_083,2013-06-30,2014-06-30,0,0.06339647002696791
141.3470258963567,143.92076970352295,5.385085837906747,2.025470380590098,2.663591776869164,6.100719714287182,COMPANY_084,2013-06-30,2014-06-30,0,0.07277055976348085
75.40427890315576,130.72278428691857,8.715218593668299,3.808023770837565,3.6840839811520274,12.449184944546436,COMPANY_085,2013-06-30,2014-06-30,0,0.022759654335909197
171.6836557315793,149.6976057273661,2.5164735437146666,2.8545473076010337,2.639048972072781,4.674972614814518,COMPANY_086,2013-06-30,2014-06-30,0,0.09443890210533219
66.61373417318471,212.40973772837458,9.110625753787915,6.309980461578849,6.566457873379862,21.66207872163893,COMPANY_087,2013-06-30,2014-06-30,0,0.004113657335515
198.78973975329225,180.83424807439033,3.5656439897127457,0.678030814555874,4.2671411948837275,9.579224773403938,COMPANY_088,2013-06-30,2014-06-30,0,0.07990177158195537
272.270411778345,123.10696425631603,3.5672327521479956,1.9446818360372204,0.20450856009880725,0.28906860173910554,COMPANY_089,2013-06-30,2014-06-30,0,0.23641604652255974
276.90207256314636,111.47282183642685,-1.5689387572992906,0.6841654612473639,3.2393260235831383,-2.301884164969021,COMPANY_090,2013-06-30,2014-06-30,1,0.7302461309183368
313.86754823887196,107.31836368570868,1.5345658708456782,1.2435609251677089,1.3235665175680476,-4.444557737141481,COMPANY_091,2013-06-30,2014-06-30,1,0.6395050995950194
284.6849799680058,186.46056732035078,5.32456943365723,0.9064305492855884,1.5129327584082426,4.190209537763226,COMPANY_092,2013-06-30,2014-06-30,1,0.3307492563820306
168.77586501783338,133.16412270313413,5.915775288945788,3.426207179485104,3.1498085285491766,12.65072976604625,COMPANY_093,2013-06-30,2014-06-30,0,0.047598641893350266
69.37349084590416,221.9194406480956,14.23412889319202,6.439968757821813,7.592390760299425,19.908387720908145,COMPANY_094,2013-06-30,2014-06-30,0,0.002184781363779103
137.58655750341637,179.1190613986252,8.33940165678126,3.54763808028697,4.670068163418206,11.506011334761137,COMPANY_095,2013-06-30,2014-06-30,0,0.021934159107579565
123.58423607322693,149.7453348644611,3.5162027823288993,2.4100178357230924,4.031454207950031,8.154641319941343,COMPANY_096,2013-06-30,2014-06-30,0,0.05844103315187729
69.02468200776836,192.1038096011379,11.769868024901161,4.361929633065523,4.640193755973433,14.799495283568298,COMPANY_097,2013-06-30,2014-06-30,0,0.008430262854770094
58.43306071489817,,13.392115008699852,8.677265680340643,8.335457473494866,17.116574293900193,COMPANY_098,2013-06-30,2014-06-30,0,0.0005972855114578502
,102.11216778966354,1.278718562322861,1.4903352749126308,2.2358025510329442,4.568012035713242,COMPANY_099,2013-06-30,2014-06-30,0,0.176481634493874
129.09934538923576,131.52154585503663,8.958376056734627,2.3959802597397366,5.724645056226526,16.114720647687882,COMPANY_100,2013-06-30,2014-06-30,0,0.023860242770068416
216.163480661845,160.73696754837917,3.823058748002294,3.8632010074260297,2.7613888865228122,8.596872587671655,COMPANY_101,2013-06-30,2014-06-30,0,0.06706385650796563
479.9059831737147,82.71191655687558,1.762625625807642,1.001277629498369,-0.521775791276143,-1.0581916406278553,COMPANY_102,2013-06-30,2014-06-30,0,0.8163483876862948
182.3094018778674,163.7934089771298,11.013088752506773,0.11826852682813183,,8.37970729238301,COMPANY_103,2013-06-30,2014-06-30,0,0.04513867649353065
141.51841565956016,181.67969504972007,7.8545857746720475,3.040309697431497,3.958024481069935,12.592762725722238,COMPANY_104,2013-06-30,2014-06-30,0,0.026201384288052434
144.8076546629172,118.0445470726154,,1.6568885263867925,2.6734990350074503,4.199774188082724,COMPANY_105,2013-06-30,2014-06-30,0,0.10473324308561097
207.5214367348344,184.66467278917617,5.901177793630968,1.530908078477983,1.3218092284683103,11.963555757507091,COMPANY_106,2013-06-30,2014-06-30,0,0.07170807722129008
107.51694059003557,,12.017529481262017,6.107224152765706,4.613426509002456,16.528198785801703,COMPANY_107,2013-06-30,2014-06-30,0,0.007106041201188035
165.87762511767966,115.85110875972613,3.2335379498685253,2.6669064765163784,2.036376372299812,10.588090953242684,COMPANY_108,2013-06-30,2014-06-30,0,0.09255063102195481
209.17222198747797,186.1790598094799,8.584742666296087,2.7044908643642307,2.5816367942014935,6.357399580290854,COMPANY_109,2013-06-30,2014-06-30,1,0.04881084177371638
131.17018676646117,175.5089336335362,9.869281261352363,2.567778971875634,5.237167973852167,11.11084589554979,COMPANY_110,2013-06-30,2014-06-30,0,0.021240105597289
174.42728782485162,146.18589279778053,7.002808459148759,5.180769513670922,3.6916973342723742,8.962551263954564,COMPANY_111,2013-06-30,2014-06-30,0,0.03249195265327328
218.3035783500863,109.6603870663438,5.790765866132561,2.2570367434114305,1.3501378698417899,5.060510194539351,COMPANY_112,2013-06-30,2014-06-30,0,0.12847299086719163
284.03425909951096,83.46795052305562,-3.46052415138211,0.5850724051426405,-0.5952363231379016,6.751902522139306,COMPANY_113,2013-06-30,2014-06-30,1,0.7305512091536609
123.33086438180649,139.61769156245668,8.499837513976622,5.558297024891436,1.2581973917563607,15.408732681814232,COMPANY_114,2013-06-30,2014-06-30,1,0.023153288914130214
195.1063539112608,120.65604238356153,6.611228224266349,2.6288124391146432,1.618070778901092,8.066728269753746,COMPANY_115,2013-06-30,2014-06-30,0,0.08512571298796015
281.6645540707314,145.73935556787214,14.817740312017914,1.0156948271396695,2.142157378111171,1.2177989422382014,COMPANY_116,2013-06-30,2014-06-30,1,0.19811018254761528
332.80078262095543,103.62609503532843,1.0550106779107116,0.751990203836104,0.4410656939079418,1.8954733565118391,COMPANY_117,2013-06-30,2014-06-30,1,0.6592245442092269
99.56985161428167,117.45195020017714,7.109055391464352,4.230988070275952,1.83143710211808,8.030964662370124,COMPANY_118,2013-06-30,2014-06-30,0,0.04311027755226091
,254.03178535964375,19.2536275399337,9.273841839124497,7.230021080498733,15.902982087026686,COMPANY_119,2013-06-30,2014-06-30,0,0.0008011930421895677
255.69214791080066,124.89582173345089,1.8278899194423772,1.0680172739900353,1.2630281416648916,-4.657190145337443,COMPANY_120,2013-06-30,2014-06-30,1,0.5629358723817953
251.25691947601993,166.9928066864074,0.8530455486492379,2.615076807350217,2.3581478617772853,4.594281026296757,COMPANY_121,2013-06-30,2014-06-30,0,0.14188801049998645
63.89667961162507,180.65065585963413,8.190380979797801,4.256389485924408,6.240112712716817,13.502568905814327,COMPANY_122,2013-06-30,2014-06-30,0,0.011179603589776318
382.4188906972353,114.67839091079446,8.178625057324336,1.776892228502075,2.100557399178474,8.274338296423682,COMPANY_123,2013-06-30,2014-06-30,0,0.15987770258293874
117.99627528510811,180.9627342443967,14.156144164727749,,4.085718078215716,9.066643749470364,COMPANY_124,2013-06-30,2014-06-30,0,0.009568541110024647
130.69515055391017,218.45614626336618,5.968209202885942,6.904969196784924,4.4848568662243125,15.086402346444652,COMPANY_125,2013-06-30,2014-06-30,0,0.010463842434583509
211.0167662238485,85.2829515130121,3.9331772690013787,1.9016955365653316,2.9928751759438557,5.249862310790521,COMPANY_126,2013-06-30,2014-06-30,0,0.147745614705908
111.59867193732552,164.49596375187969,8.020971457256834,5.720861476298047,4.24828799081778,10.28660432735321,COMPANY_127,2013-06-30,2014-06-30,0,0.01672980586680647
103.00613463396327,153.8936954973679,3.3632348357252013,3.932933504889141,2.820334040827391,17.180296305184218,COMPANY_128,2013-06-30,2014-06-30,0,0.03352898285857866
312.7036725376726,99.8575740981478,-1.5452604719196636,2.378066002918353,-0.10692856652305083,-1.8602500010797067,COMPANY_129,2013-06-30,2014-06-30,1,0.546213930890835
174.1939303483479,176.32427607054058,9.959237398631188,1.473218656605005,2.0548814652226697,7.476853390740192,COMPANY_130,2013-06-30,2014-06-30,0,0.04983429734511556
278.55296227722704,112.57981805970465,-2.6315756192256234,2.354974742091628,3.1359745281836426,12.654671623874679,COMPANY_131,2013-06-30,2014-06-30,0,0.2002858493487293
70.49288206660333,,7.241358495655334,5.877796070938569,3.641305987533773,,COMPANY_132,2013-06-30,2014-06-30,0,0.010066569996942555
160.498109342034,128.81683188294164,2.431165899355972,,4.487544590673885,2.897543154341389,COMPANY_133,2013-06-30,2014-06-30,0,0.07278321204508388
169.16580585950203,171.09122028783668,5.349808083227243,5.055635991904351,3.8994862255846563,9.469804666881288,COMPANY_134,2013-06-30,2014-06-30,0,0.031626884800186036
279.57624451897465,99.34075863286293,0.7802619987825712,2.430593094683073,-0.6106907243487392,3.008259345071988,COMPANY_135,2013-06-30,2014-06-30,1,0.30569573327690697
124.21763553954546,233.07647245878422,13.848362776645109,6.16603094014396,4.6310223683059135,,COMPANY_136,2013-06-30,2014-06-30,0,0.004748525838880527
134.88560288311345,164.18890577050786,3.9204173889840517,0.48654757326734765,1.4760353814872997,14.490310085776596,COMPANY_137,2013-06-30,2014-06-30,0,0.0785691956429858
282.3050931463483,132.9718177132015,7.764358521276472,0.8695650366144779,-1.2693786600853816,1.6793292425823156,COMPANY_138,2013-06-30,2014-06-30,0,0.45105330345238587
209.97505164494788,142.6234313138451,1.600134816735146,1.7009812911909734,0.8565057782085973,8.073383872303191,COMPANY_139,2013-06-30,2014-06-30,0,0.15607242148334852
159.6020211436494,124.10316704480145,2.5931151426764774,3.412753306648736,1.7615077595232143,14.28031897945902,COMPANY_140,2013-06-30,2014-06-30,0,0.07293792988406629
63.331771370605075,234.31766085034235,20.50249962625212,5.173080226759024,6.568485125888502,23.24311885630516,COMPANY_141,2013-06-30,2014-06-30,0,0.001315888721633158
306.47363341168113,122.55241060736414,1.8412495415835006,-0.3097945572212828,2.0393155464951125,5.56931478656287,COMPANY_142,2013-06-30,2014-06-30,1,0.5534766026760205
152.77732944455036,138.5107080811409,5.028840197535928,3.2868361483964645,2.7166710096750584,11.737962927878547,COMPANY_143,2013-06-30,2014-06-30,0,0.05265069226317375
203.37607540395433,105.90052328932437,1.4394729585785027,1.7954935383066402,1.95284522928829,4.542518163904168,COMPANY_144,2013-06-30,2014-06-30,0,0.18466177404387069
240.31072162227505,161.92641280861787,2.9837112041181877,0.5999964291113145,2.1536640675088483,3.4965606995980636,COMPANY_145,2013-06-30,2014-06-30,0,0.37871918497957874
118.27616838909218,150.51955175763277,3.0857572090620096,2.272229262442055,5.264769969711763,8.245112036106,COMPANY_146,2013-06-30,2014-06-30,0,0.052691707175556705
139.92052468987956,167.53084087874575,4.062436032498635,3.592336273713561,5.199759030673654,14.604293171510339,COMPANY_147,2013-06-30,2014-06-30,0,0.029698512070901177
88.17960866972685,171.19997980508538,4.125876754878599,4.419866640171252,5.133451358197681,15.155052835576425,COMPANY_148,2013-06-30,2014-06-30,0,0.020136851142158223
69.06310129491379,222.71126316756275,8.397656111183098,4.781322211574228,5.336781379280463,17.405778672488964,COMPANY_149,2013-06-30,2014-06-30,0,0.007561738395506981
151.84307482312423,179.29979030963605,7.074945357057173,5.081355396329862,2.930461966874846,11.301409517927784,COMPANY_150,2013-06-30,2014-06-30,0,0.024740144015173594
116.47048136641885,183.69884664927903,1.0395567938447208,2.968060341480547,3.275851056186553,18.43671115031584,COMPANY_151,2013-06-30,2014-06-30,0,0.039730749953490616
61.467998437321874,186.01660434623037,10.098233695036878,5.2368749016599185,4.8436447515765835,24.94585426720797,COMPANY_152,2013-06-30,2014-06-30,0,0.005586722872234316
223.86243492725794,109.56589285081748,0.9229241292575321,1.4851124735176544,3.137560653443102,-3.4625154124620936,COMPANY_153,2013-06-30,2014-06-30,0,0.4901100557292407
111.32538136861638,200.44102134774795,17.50318883062281,4.1723348220858245,4.533656974164629,13.603489226728042,COMPANY_154,2013-06-30,2014-06-30,0,0.005900136629342505
297.57411222990686,124.50317737768538,4.839336119305875,2.771441435725964,-0.43728161108672836,4.0845575520160935,COMPANY_155,2013-06-30,2014-06-30,0,0.19303259842790796
138.4666589225231,179.75254621526645,10.910450453968366,4.848089049324873,2.6122768034865977,10.510974291188795,COMPANY_156,2013-06-30,2014-06-30,0,0.017946302144534597
317.85598068039195,134.2773569899148,2.4895312434763444,2.108189233445645,4.796003322989026,13.862827394947551,COMPANY_157,2013-06-30,2014-06-30,0,0.11177860068871145
97.8631354029428,175.38088119910267,9.643776952192399,3.162661953885581,6.514294054316276,15.752825576546819,COMPANY_158,2013-06-30,2014-06-30,0,0.012293463807832708
338.4495142894294,116.6073732594056,-3.7118923716885175,0.518142005362862,1.9710345270180343,1.696933284993948,COMPANY_159,2013-06-30,2014-06-30,1,0.7206475666234821
411.671436995888,85.64098587286121,-0.6263837131175145,-0.2936163938302201,0.983112456174373,2.872346286615644,COMPANY_160,2013-06-30,2014-06-30,1,0.7917426468904909
247.35752236564727,106.21650110176644,5.00011158735877,0.38344500338138165,2.662391552264915,9.2722102353286,COMPANY_161,2013-06-30,2014-06-30,0,0.35726020842589506
146.13539405648655,153.93081963725746,9.20541305802031,2.4572519072888888,3.6683043642839888,6.752817628495359,COMPANY_162,2013-06-30,2014-06-30,0,0.03946033757067798
109.67456779109834,230.20341168080313,11.021531253305506,3.0829065480989866,7.954912216108193,14.165616824677356,COMPANY_163,2013-06-30,2014-06-30,0,0.007385581453354574
124.82080986557868,147.96854744288882,6.892540366252342,2.4802097310263456,-1.0157039225577358,7.147535972963881,COMPANY_164,2013-06-30,2014-06-30,0,0.07811511417290865
251.8626989917568,123.72499567971164,6.249134071415549,3.504299004965855,3.460234534706573,8.106694242660954,COMPANY_165,2013-06-30,2014-06-30,0,0.07515438752992955
153.49315319360431,179.88802976687376,5.57163285479054,3.861048837171163,1.8918072058215096,10.0454136089456,COMPANY_166,2013-06-30,2014-06-30,0,0.04203369481949678
204.9225574970654,165.73012886205788,4.9159541273846665,3.080816492076392,,8.87631344280892,COMPANY_167,2013-06-30,2014-06-30,0,0.056888233228180984
723.0127517099693,,-1.1073744078730146,3.407727057096151,-2.8628704059553827,-4.1368780391490265,COMPANY_168,2013-06-30,2014-06-30,1,0.8852636657108015
105.19965478944863,,10.828598357079729,5.0113702959960875,5.581170040861406,18.252997321215226,COMPANY_169,2013-06-30,2014-06-30,0,0.006358934969540228
275.38601279759354,78.40441755520297,7.1077078758380905,0.38974264035220496,0.02972259475848793,6.386242198397158,COMPANY_170,2013-06-30,2014-06-30,0,0.4778087589752297
476.0631538607934,57.27511236990121,-1.6114843766137974,1.4378456673199547,2.260065481345412,,COMPANY_171,2013-06-30,2014-06-30,1,0.887958619924035
471.8424907002244,75.35616529802883,1.4629048280597399,0.25027620368399633,2.5344032458355996,3.943355686915382,COMPANY_172,2013-06-30,2014-06-30,1,0.7506403021159785
200.43602766203514,121.01253061341697,7.64838572807615,2.6467273622032033,3.5104399567302953,7.185419504168283,COMPANY_173,2013-06-30,2014-06-30,0,0.06572753674527555
121.94426630861571,159.7640118208179,7.925353970924641,2.623420660774044,6.284802035284812,9.514510145303024,COMPANY_174,2013-06-30,2014-06-30,0,0.025324932371674387
89.30240159009409,209.93312974708402,10.095400034607808,5.925090874273707,4.422000020915128,17.554521346715656,COMPANY_175,2013-06-30,2014-06-30,0,0.006751163322675255
116.64044736740419,141.31091736988537,4.119453316121231,3.3173047938348663,3.4111933625482314,14.636735127485036,COMPANY_176,2013-06-30,2014-06-30,0,0.0404974284750945
101.09616694562371,201.5058146673904,7.264682421396065,3.2076150927203986,3.2039650644138526,6.050735433050118,COMPANY_177,2013-06-30,2014-06-30,0,0.0288885924552588
461.7791458221697,99.44233342529368,-0.8376285919037594,0.7092216543587857,-0.5516280813303518,2.760544355630181,COMPANY_178,2013-06-30,2014-06-30,1,0.8149256339864738
243.16184817211766,103.49664873623225,7.463818263456822,3.22001887206782,2.2171052245929976,0.6155977807240651,COMPANY_179,2013-06-30,2014-06-30,0,0.11455916134592953
78.00787179178366,180.04111565571998,9.888703539881616,4.484865528094976,4.984268866597733,10.48834823930041,COMPANY_180,2013-06-30,2014-06-30,0,0.012592175148942423
129.42832169834304,242.29696750192088,7.189009054474004,1.9903642139668358,1.7808004542412441,11.967392017513815,COMPANY_181,2013-06-30,2014-06-30,0,0.02972397258490822
72.52546888479151,167.08525260087217,,4.076677406444675,5.017295727336025,15.270503859442224,COMPANY_182,2013-06-30,2014-06-30,0,0.012676975763209619
256.5692157475208,130.02242617085773,4.816776534033419,6.090585107592457,2.1944123367350943,3.9132955081864527,COMPANY_183,2013-06-30,2014-06-30,0,0.07366542202745012
92.2928733680983,205.04699157852193,11.18549432946345,2.471348923736158,4.479383152136251,9.46046593750813,COMPANY_184,2013-06-30,2014-06-30,0,0.015977813962046932
220.72674230417783,195.37501568137955,7.326975593065907,1.361704122794592,2.728989249001203,7.310435117561887,COMPANY_185,2013-06-30,2014-06-30,0,0.1726382668809491
354.3696839530332,98.8058371747204,3.7559351992279244,-0.4978179696948122,2.6338594468536587,0.08080027545571866,COMPANY_186,2013-06-30,2014-06-30,1,0.6316640559833648
178.4994927975497,116.80636947157102,2.525235121385442,1.4795434520755504,0.11769987312373376,10.194127109137362,COMPANY_187,2013-06-30,2014-06-30,0,0.15347907940338668
170.1645548324325,148.4852157846083,5.132473953493293,3.4437925987029754,3.3482910090845293,10.977603822449087,COMPANY_188,2013-06-30,2014-06-30,0,0.04906581879942469
315.34857153972007,74.58626578302363,-3.522417900727499,0.20696859536675521,-2.7808949715893623,-4.830729000757923,COMPANY_189,2013-06-30,2014-06-30,1,0.9224278500382211
146.63262760035278,166.61238029860476,12.207880468415963,3.516483280496469,3.5617807300066224,14.545585715574648,COMPANY_190,2013-06-30,2014-06-30,0,0.01702106618866079
249.2220890483958,77.91447241555888,7.962103424039924,4.469753097865756,1.9025707013936297,9.014878024907661,COMPANY_191,2013-06-30,2014-06-30,0,0.08015315189615844
150.18538035910507,143.1622987988951,14.79991776291795,2.2390294697638966,4.291833596383497,10.982095580646561,COMPANY_192,2013-06-30,2014-06-30,0,0.02032133696435229
148.1055539748533,106.12309759244603,-2.373599330523696,2.7975785303977005,2.997737551234952,11.39856833664542,COMPANY_193,2013-06-30,2014-06-30,0,0.1294092870922874
330.1093639969211,103.82289913396366,1.5734665376402086,1.4411494895213361,0.5103088035874781,-1.7646160242369162,COMPANY_194,2013-06-30,2014-06-30,1,0.6479622635788914
189.22964570584236,148.44531766918595,5.681623906889566,4.729191018316017,1.5911780247442313,10.380418284059644,COMPANY_195,2013-06-30,2014-06-30,0,0.05024332148808867
164.0076907765539,143.91461801595867,11.888727466795022,3.823184717422959,5.783013991004427,10.785620425619491,COMPANY_196,2013-06-30,2014-06-30,0,0.018165662893190774
190.17643418584603,89.09503269733125,4.813566838397071,3.418125457868659,3.7211239366957294,7.561197639601563,COMPANY_197,2013-06-30,2014-06-30,0,0.08321338730266373
335.224214577864,113.56412305265518,1.736571115486877,2.7106785356611702,3.041388910266801,7.213879091028895,COMPANY_198,2013-06-30,2014-06-30,0,0.19222935279190226
244.8555114479227,120.01902757823412,9.671029761697193,1.8347277806677296,1.5506753501877455,9.312527469938587,COMPANY_199,2013-06-30,2014-06-30,0,0.08497236063317076
122.31114812670137,178.1829766327322,3.804140607003758,3.0560875340552585,2.192213126634376,18.801620554301266,COMPANY_200,2013-06-30,2014-06-30,1,0.0353832106257104
390.01102997430485,151.58349581183592,0.6642866501958604,4.077444158509875,5.103199956792806,13.205089410036098,COMPANY_001,2014-06-30,2015-06-30,0,0.11200595078509434
284.9301436683976,92.56103962494822,2.274607866745666,2.8549220084642366,0.6852923805127875,,COMPANY_002,2014-06-30,2015-06-30,0,0.17589257128980448
186.65719701873405,104.33736231141398,3.826636472976865,1.199072317308069,2.6288948870922537,10.595795412335352,COMPANY_003,2014-06-30,2015-06-30,1,0.11949813798213321
95.34267328410148,214.81921332007954,12.409992462384167,5.098513533647279,5.299205547971452,14.03326201299903,COMPANY_004,2014-06-30,2015-06-30,0,0.006409706784686675
94.4554101304296,185.45489675780337,3.887214036721475,3.358442099974856,5.622330143434629,17.172194480768233,COMPANY_005,2014-06-30,2015-06-30,0,0.020437869901697586
207.88976354621875,187.71684678414127,3.121526519743735,4.196157142254105,4.405214771547496,17.467157414118503,COMPANY_006,2014-06-30,2015-06-30,0,0.033261899680624034
63.76458848187664,256.8289086723645,8.507280311028754,5.782877321972751,6.651795003022854,18.125821185851635,COMPANY_007,2014-06-30,2015-06-30,0,0.004148673649995826
104.9905723555346,235.2892712238122,12.685506548404529,6.309903225364168,8.440895566230882,19.680531240960082,COMPANY_008,2014-06-30,2015-06-30,0,0.002531937550161253
114.53736500709174,105.46081184534512,7.805353143844008,2.9435220399469566,3.490464261805126,14.539840079822465,COMPANY_009,2014-06-30,2015-06-30,0,0.03677623115534577
138.75392803585146,247.98104075232558,12.82584871370408,6.082713596358597,3.458232735752468,12.522558286547612,COMPANY_010,2014-06-30,2015-06-30,0,0.006651533401036339
113.44622326307793,175.4818162240233,5.006184667113446,,4.595547110961235,13.790429874399388,COMPANY_011,2014-06-30,2015-06-30,0,0.020474782042985484
255.86064614547897,118.82744988669194,4.483499950130719,2.7699130043559936,-0.45464802429623186,6.7751084331448395,COMPANY_012,2014-06-30,2015-06-30,0,0.1634330639166147
110.80949398790108,209.28473330081567,8.734387710300163,4.975556254502136,,11.243380547904273,COMPANY_013,2014-06-30,2015-06-30,0,0.016397940003563462
66.6524317501509,313.36213719211366,11.325490122279705,3.976919348550501,5.8530662422979205,11.792890818839322,COMPANY_014,2014-06-30,2015-06-30,0,0.004425039685444577
114.93703272416833,272.86606735175917,10.438865395968557,4.254951615381215,3.976694658480427,19.784740472213684,COMPANY_015,2014-06-30,2015-06-30,0,0.006458882826941242
368.25705494340355,81.29738073586176,-3.9444375627246018,1.167511484564467,0.331411787410795,-2.321098620950904,COMPANY_016,2014-06-30,2015-06-30,1,0.8851987836389182
144.11625632646516,193.04388229289546,9.028442323749076,7.629925023688535,6.334165060673661,13.694426297659886,COMPANY_017,2014-06-30,2015-06-30,0,0.007062238859904014
307.0614508340118,90.02814866620864,1.011286101328639,1.3053709599116496,2.567919607546572,14.995320774882664,COMPANY_018,2014-06-30,2015-06-30,0,0.4412768449082761
104.60504411113548,177.45845802302898,12.170692886093061,2.486467335610648,5.834946005538021,13.551877032056876,COMPANY_019,2014-06-30,2015-06-30,0,0.012955015784816566
189.1414720323065,119.08657292933745,5.89951112077221,2.040519776415649,3.4985259458659312,8.613494685054064,COMPANY_020,2014-06-30,2015-06-30,0,0.07874216828896469
164.09049536710543,189.08457825577858,8.139559348989378,4.449809675629169,5.420305145476414,13.896165104730677,COMPANY_021,2014-06-30,2015-06-30,0,0.016636980577165478
133.30854457132614,131.7908772587316,5.41568675161263,4.0547978753081315,3.3304209289657356,3.2697505386670116,COMPANY_022,2014-06-30,2015-06-30,0,0.05523267774881177
107.30483534959578,188.83172984976284,8.790669606801737,3.2289507463294598,4.706946536217822,17.974375886526836,COMPANY_023,2014-06-30,2015-06-30,0,0.014373974509041884
54.69379669124419,251.84915354988635,12.540912044574974,6.8734981900838985,5.000510761656366,14.922671310026608,COMPANY_024,2014-06-30,2015-06-30,0,0.0031393076324268128
172.97795367636425,167.0094489827922,8.480200129981682,2.882510029474645,3.0769460682185397,6.031271960972515,COMPANY_025,2014-06-30,2015-06-30,0,0.044467886123102
152.42084078048126,114.30969644854886,8.066188821964895,,2.338952596968115,8.846211570653896,COMPANY_026,2014-06-30,2015-06-30,0,0.056281672080979624
65.97016851846175,202.50049922046466,14.528525253517694,3.6516256376139715,4.663460940541962,23.532070720666287,COMPANY_027,2014-06-30,2015-06-30,0,0.004762704094435112
95.60747123883488,190.57515889019476,9.354192132552198,,4.907867129569688,11.14621270295327,COMPANY_028,2014-06-30,2015-06-30,0,0.015281074960063812
247.68818165763653,72.6937969481461,2.110186963002542,2.4699774239877725,0.39643148073962586,-1.2545771430153358,COMPANY_029,2014-06-30,2015-06-30,0,0.2935066734827588
124.3600541418314,154.12910362728255,-1.7542031915629384,1.134503767078432,0.34148558060954315,9.833862627582583,COMPANY_030,2014-06-30,2015-06-30,0,0.15836318656704934
116.18866099261778,146.33120768265036,7.722876583710342,2.4551979239062796,4.05110291490534,12.457228949724657,COMPANY_031,2014-06-30,2015-06-30,0,0.032550282809477
199.62533635919357,159.78574389436204,9.59272359643929,5.19106480412063,4.622170569421206,16.792423384954056,COMPANY_032,2014-06-30,2015-06-30,0,0.016952626302435773
68.19825570887292,140.69088479986524,6.540585421126367,4.428800234362731,4.611137571502764,13.646305305482175,COMPANY_033,2014-06-30,2015-06-30,0,0.019805650519066437
157.4988952134922,187.43169807319296,10.8268852422779,0.7155354869398927,1.7446798050686527,6.143364065336595,COMPANY_034,2014-06-30,2015-06-30,0,0.05015523554766458
471.0327198652958,99.82555108498514,-4.543280438464432,-2.0420645155542654,1.4557194191771485,0.9540231422231105,COMPANY_035,2014-06-30,2015-06-30,1,0.9015201090096033
387.85413574315004,72.29149500307891,-3.457657679392046,1.265017447613388,-0.7245209580504782,-5.53603067104038,COMPANY_036,2014-06-30,2015-06-30,1,0.9140495600017957
114.36857169875069,352.7098395614757,9.241155459079188,3.228609437299814,5.774537851630976,18.19866933096567,COMPANY_037,2014-06-30,2015-06-30,0,0.00465595544117335
121.16917714570113,193.42858647989962,9.678698577295364,7.324461913780639,5.699482969336197,7.488047510331561,COMPANY_038,2014-06-30,2015-06-30,0,0.008787247534695907
77.34023929325713,224.5963546352463,9.05201081159193,4.884483291709006,4.310118725968252,21.497301775885827,COMPANY_039,2014-06-30,2015-06-30,0,0.006828952809971888
234.10905023496832,165.86149567750974,5.767566160677136,1.7848260041123658,2.7261278366692046,7.489971044511887,COMPANY_040,2014-06-30,2015-06-30,0,0.08599929438133232
201.77674107538886,169.9128594293183,7.2768296477523675,2.073908415323967,3.7449596887843657,4.7835882215225825,COMPANY_041,2014-06-30,2015-06-30,0,0.06099119404619234
73.70833290287206,243.4390784618524,16.173667950274826,2.558781245036325,6.0508600795115335,28.74051537060801,COMPANY_042,2014-06-30,2015-06-30,0,0.0027333986321701484
96.70007169336867,292.4074126996729,10.258104810199868,4.396102128839091,7.561337991494551,11.314268614065652,COMPANY_043,2014-06-30,2015-06-30,0,0.004846287042120014
37.690558635244315,294.4561811226197,13.32896582325284,4.178276883263289,7.70090581508407,21.44313855306092,COMPANY_044,2014-06-30,2015-06-30,0,0.001902284760257229
161.14359005739604,146.84893403779992,4.731438264946868,0.6803434249214504,1.7026888864772667,10.515981917636253,COMPANY_045,2014-06-30,2015-06-30,0,0.09646916362061396
279.463996380301,119.62318390045148,2.575150815597943,-0.8112704095672592,2.6406209860450107,2.5992075488618345,COMPANY_046,2014-06-30,2015-06-30,1,0.5468094361588037
201.72134045513985,176.32015100163835,7.352123782914196,3.2199073979055095,1.9755611547019316,11.860281938888566,COMPANY_047,2014-06-30,2015-06-30,0,0.04490293258722731
82.40825624525817,183.44692065204626,7.438960965024774,5.064349298481197,6.633809307434782,18.714746748618225,COMPANY_048,2014-06-30,2015-06-30,0,0.008567503705209914
135.83605056226872,102.79857573107084,5.7843129709036845,1.0577279216009785,2.2478818972244174,4.584560308204727,COMPANY_049,2014-06-30,2015-06-30,1,0.11151112000602137
168.71314087062794,123.58015085320265,-0.20710809089218163,2.5584529951100943,3.0353041951642714,13.680641571831634,COMPANY_050,2014-06-30,2015-06-30,0,0.09993911702500227
220.47834631254878,140.62528368123535,5.519334681213857,0.8439976068749897,,6.779567139421134,COMPANY_051,2014-06-30,2015-06-30,0,0.2926140557095565
228.5258159105449,173.31763661389024,5.426698301057276,2.590896875681244,2.280505883049489,8.817349351788305,COMPANY_052,2014-06-30,2015-06-30,0,0.07302068435147864
78.69670566487002,206.15079429048706,12.130042140450218,6.642152541701839,7.7283205402601585,13.95214516400743,COMPANY_053,2014-06-30,2015-06-30,0,0.0036982372983105616
346.2738875828679,62.09538472317765,-8.46135092681117,-0.4965908575030096,-0.7120785343143777,0.41911370022262173,COMPANY_054,2014-06-30,2015-06-30,1,0.9118736264132671
141.41034288493344,150.68205411945044,4.1160868222444,2.389278933221409,2.2915874169072676,4.19388574634077,COMPANY_055,2014-06-30,2015-06-30,0,0.08295366786879657
67.10540942257008,206.43773935246276,14.348502550220681,6.120437805653338,4.672337312750532,17.83850334373893,COMPANY_056,2014-06-30,2015-06-30,0,0.0038303764115759278
159.15165844611218,147.54380260738066,,1.0631025414253683,3.2549196511878353,9.473354820706778,COMPANY_057,2014-06-30,2015-06-30,1,0.0716846028335169
202.20245264649986,126.82156925754691,3.5506383631867866,2.9210286358778017,1.031475974853954,12.884015107113333,COMPANY_058,2014-06-30,2015-06-30,0,0.0951679331147919
115.07582777284686,179.81322796374172,12.701683148430606,2.5745498351417813,4.164768617254534,9.288393160842485,COMPANY_059,2014-06-30,2015-06-30,0,0.017924999847444785
218.18215736769525,159.1605836043768,1.0431723902258074,3.337315656249162,1.6056508072314326,7.738412022173846,COMPANY_060,2014-06-30,2015-06-30,0,0.11209843602853155
123.3134569129532,227.07598758852166,6.450799126760875,4.804856293393854,4.306967123284963,13.962982038431193,COMPANY_061,2014-06-30,2015-06-30,0,0.014280012696708639
103.0608342915336,239.318788230629,7.328476146705475,4.391925525855906,5.008199031797283,16.85501679841592,COMPANY_062,2014-06-30,2015-06-30,0,0.00992967569060339
491.3619323038508,82.00075144822203,-8.17401095534392,1.0284283520552375,0.8019148319369143,3.112414053865206,COMPANY_063,2014-06-30,2015-06-30,1,0.9006976927019721
105.76790373908614,196.08126992956974,,3.545727765393798,4.539074485394151,16.771480299063732,COMPANY_064,2014-06-30,2015-06-30,0,0.012148338474925887
347.6010309201231,111.1831287621615,2.38629138857244,1.8511733784817637,2.5204904357967726,-0.03599173780330833,COMPANY_065,2014-06-30,2015-06-30,0,0.2830151707442807
123.62523514922992,171.55498429397102,4.6210820255269125,3.3674115243132543,4.406004166143886,6.837431507173115,COMPANY_066,2014-06-30,2015-06-30,0,0.03972309220296759
250.10366893010118,213.37876459786835,3.409127069730765,3.2230638966625573,5.023371555234666,6.177795651664025,COMPANY_067,2014-06-30,2015-06-30,0,0.055680291439400634
127.8447800109488,172.86095753524086,10.12001570285001,6.179724668615702,4.1843184555787944,14.009114992005335,COMPANY_068,2014-06-30,2015-06-30,0,0.01106740962476358
331.8622940873564,116.78459260193402,5.155501192236285,0.7611181070031459,2.1945816970999132,9.793295142410143,COMPANY_069,2014-06-30,2015-06-30,0,0.4107438082417415
542.1730144107296,139.0533841944634,1.7104748658259368,0.2752523145531618,1.1817604723258641,2.354873409496019,COMPANY_070,2014-06-30,2015-06-30,1,0.768128314459225
164.30903725622971,146.4797429312899,13.31045208000632,5.340276786875293,2.951224539173581,11.860215944150028,COMPANY_071,2014-06-30,2015-06-30,0,0.015945683639819477
107.36953211642786,216.20684887860784,6.913146700249145,3.9406327236396326,4.732909104225013,1.2709515151479938,COMPANY_072,2014-06-30,2015-06-30,0,0.02491198615499578
103.04083443280298,203.5875100798827,13.554675634000603,2.366986362687086,4.540848328198712,18.804466125323437,COMPANY_073,2014-06-30,2015-06-30,0,0.009303963456410843
190.5144440391644,161.6090678062111,9.337332496677194,2.230841242108361,0.6624160115768425,4.317925765444597,COMPANY_074,2014-06-30,2015-06-30,0,0.07075900861695285
109.26078638334056,185.52776080260722,4.300158685772212,3.7823061825528717,1.6152671879130693,9.436452243082222,COMPANY_075,2014-06-30,2015-06-30,0,0.04155698251360714
214.80520284282383,147.55109940007503,9.664920284103971,2.30915444309848,2.2413136983590114,3.9644286551305004,COMPANY_076,2014-06-30,2015-06-30,0,0.068130969598932
105.67299855875977,164.37977476466455,6.584372255142524,5.114788109170581,4.493123088818042,2.6425326261607047,COMPANY_077,2014-06-30,2015-06-30,0,0.027449826603434896
74.06201348630418,207.7905979609723,17.99523913486187,,6.011244908425705,22.447105193868914,COMPANY_078,2014-06-30,2015-06-30,0,0.002353442717117826
105.86496805974933,153.8900800904471,9.145628566118052,2.3643768833829357,0.6285284138683085,8.431088812408493,COMPANY_079,2014-06-30,2015-06-30,0,0.04597034390802005
68.24411512335796,210.43647246796658,15.58359794371544,5.481160799196263,3.505557882713734,15.837175981567597,COMPANY_080,2014-06-30,2015-06-30,0,0.00463826847283984
93.9217753065894,224.15039278545402,13.774389761536279,7.099522457707291,5.5086138359922865,4.639788867344267,COMPANY_081,2014-06-30,2015-06-30,0,0.0052139317113585005
196.03974018390446,184.22976744430477,2.372823228487065,2.072113146610967,5.011843478945397,10.19626101825455,COMPANY_082,2014-06-30,2015-06-30,0,0.06175976142227829
171.01444139214027,106.20420006733241,3.9249480709855558,2.755010463791206,1.085755015066433,8.661452149802228,COMPANY_083,2014-06-30,2015-06-30,0,0.10926091500229919
147.85127923012183,119.72358592751559,3.588361827213977,2.130850283172546,1.8512655487416478,0.2517801257114165,COMPANY_084,2014-06-30,2015-06-30,0,0.1322110875537237
168.23121591305397,141.8809420205342,7.712899448252024,5.447309429104164,1.8627574616521096,12.063046363341542,COMPANY_085,2014-06-30,2015-06-30,0,0.03179240243525552
117.10701844803532,189.41200383268236,12.040869362201317,4.147290717494485,3.9489503014027574,6.970008213795242,COMPANY_086,2014-06-30,2015-06-30,0,0.015499638269655816
92.11631894125601,235.4436910916992,8.772079857194896,5.517331494375683,3.344014606101276,24.09400338671894,COMPANY_087,2014-06-30,2015-06-30,0,0.006308264628566034
204.15221476018098,141.19224893888793,6.333885725645237,2.39057419115804,2.8201902198680173,,COMPANY_088,2014-06-30,2015-06-30,0,0.07332911040034633
121.4732479198401,94.43494427036437,5.03433928528713,2.4558454293152616,1.5648304715113466,10.067626106007879,COMPANY_089,2014-06-30,2015-06-30,0,0.0834256416823265
205.07103317510038,122.34820899895108,5.340323374862859,1.4356259114571495,1.4359523435960369,0.7953042749308814,COMPANY_090,2014-06-30,2015-06-30,0,0.15572632325799782
160.98035134844514,274.8315511420284,8.180422027124555,4.186329988958307,5.599674968983761,7.429919149553328,COMPANY_091,2014-06-30,2015-06-30,0,0.013050308876485391
311.9681341363541,92.05101183935307,3.703606169727834,0.959315844525362,1.1374390684853264,3.55819089868679,COMPANY_092,2014-06-30,2015-06-30,0,0.5482763062237391
204.1012825844083,120.39920515009194,4.758643753663898,0.2774113634962134,-0.7665201668688622,8.869402396420538,COMPANY_093,2014-06-30,2015-06-30,0,0.18624714143697488
,144.3302385651673,2.138244635528089,2.044918021512613,1.5876797320860936,7.393001150178431,COMPANY_094,2014-06-30,2015-06-30,0,0.14690440043927247
200.11414979726797,134.60404504088913,0.28684768624030177,3.008023027718675,2.154034250066007,8.421336839678329,COMPANY_095,2014-06-30,2015-06-30,0,0.12426641290804524
154.36088949679876,124.5713494477949,7.534656640657593,3.887480340445804,2.364997571902685,13.408858715374292,COMPANY_096,2014-06-30,2015-06-30,0,0.039797094256293686
149.5145272181206,154.5948107818219,10.363351875378763,5.708998951146876,5.686748606630903,15.771680131807283,COMPANY_097,2014-06-30,2015-06-30,0,0.011131936354452681
116.1849405078887,230.77471551570653,10.011545138350545,1.6667241358009872,3.2336541079211605,12.573644664171571,COMPANY_098,2014-06-30,2015-06-30,0,0.01999534806337965
177.26888100186704,139.76547182976725,6.447769899073414,2.9683512319654253,1.9209316344889018,4.032460290708762,COMPANY_099,2014-06-30,2015-06-30,0,0.07724313576168988
209.85932828931794,173.39017604220035,3.963915467081023,0.3632236274413292,2.380394799819973,6.428192129878348,COMPANY_100,2014-06-30,2015-06-30,0,0.12073899861425237
184.1567021591719,135.53754432994498,0.5768095307012358,5.437640552897696,,7.10292190122863,COMPANY_101,2014-06-30,2015-06-30,0,0.06907623119399958
230.78993016354602,169.61563144159535,2.666475833082801,2.96859419933556,3.611771547786478,8.681278146295195,COMPANY_102,2014-06-30,2015-06-30,0,0.07898689455275792
,105.68886168695072,1.1338635067745448,2.498217082096949,2.5025390659958413,8.13291192352118,COMPANY_103,2014-06-30,2015-06-30,0,0.15680820848209745
353.17321853857777,131.50306718655116,1.361163596801289,1.4496063525974563,0.25038003680858134,4.008173541841449,COMPANY_104,2014-06-30,2015-06-30,1,0.5881339182303329
374.812216076372,123.15701932236486,-3.6375565738695306,2.624332211413794,0.824914476716529,1.1770744435165068,COMPANY_105,2014-06-30,2015-06-30,0,0.4318296491935508
197.56496295692884,194.16745144478563,-0.4155946722970789,-0.27339415171653014,3.8834174019425016,9.304299323125479,COMPANY_106,2014-06-30,2015-06-30,0,0.12986459537228892
119.91246314621921,186.34850859382166,10.542017801445116,3.506668875136082,4.285514868748003,12.181547964820814,COMPANY_107,2014-06-30,2015-06-30,0,0.016216652047536365
171.27387671786107,132.33733889302053,3.325083557336427,2.675625382487925,5.214782457566566,12.399731388443232,COMPANY_108,2014-06-30,2015-06-30,0,0.055997984535781864
153.50195114010407,132.80447497622254,10.087000354577945,3.048025261975924,0.7520261241208717,14.258730391675462,COMPANY_109,2014-06-30,2015-06-30,0,0.03989636639044495
141.75612069132382,86.33147081318184,-0.5623138110485293,2.2999307186956193,-0.7571016160127013,-1.7020334212989088,COMPANY_110,2014-06-30,2015-06-30,0,0.3941772047957263
309.7342188649973,151.58833516866068,7.917844096102045,0.5797433002548544,1.2636027020122245,8.023613227174664,COMPANY_111,2014-06-30,2015-06-30,1,0.327545341839434
92.44940709255627,184.28107110060725,7.391809804580406,5.972506102342267,5.0987592774809105,7.041820703701419,COMPANY_112,2014-06-30,2015-06-30,0,0.014433782949652259
120.22932917434633,219.9399935903496,3.1669065300586947,6.46957549175781,3.001776106984338,12.905237475033791,COMPANY_113,2014-06-30,2015-06-30,0,0.018408557847352004
222.33194943597962,133.00453377454554,0.7884574814767449,3.2093867500942377,1.8169071543937962,4.068883919611255,COMPANY_114,2014-06-30,2015-06-30,0,0.151097504045532
261.79547512139953,99.84871776094342,1.146297521061809,3.097285075005131,0.5230764147575186,3.774205063338343,COMPANY_115,2014-06-30,2015-06-30,0,0.22832580702708635
280.01112526754326,151.18093200788317,3.813025117993126,4.134232238479683,3.6997248535279508,2.454151700004802,COMPANY_116,2014-06-30,2015-06-30,0,0.09668278185198136
226.64037620191476,139.2070823923673,3.8726545521265674,3.4316280920385682,2.129858734723128,3.0914578846036758,COMPANY_117,2014-06-30,2015-06-30,0,0.10979069146817085
507.45796514783865,77.33686740819942,3.4530427610391596,-0.40626026104052726,-0.6459251166061981,-6.0812025827522636,COMPANY_118,2014-06-30,2015-06-30,1,0.8737347894267239
56.58983389654131,289.70158669939406,10.181007633977254,3.490005316338708,5.652549133793348,20.26671583041895,COMPANY_119,2014-06-30,2015-06-30,0,0.004376471335991101
295.1486801064181,119.92640989788052,4.438277929052491,3.689021196165733,0.4454347861302055,5.041788011578632,COMPANY_120,2014-06-30,2015-06-30,0,0.1568388784565458
251.4935086147737,155.70412182915211,13.185896292837487,-0.143718769864134,3.506000849582583,1.6411685976607648,COMPANY_121,2014-06-30,2015-06-30,0,0.19983310314512057
174.3263309195851,172.03287005179592,5.979107429263466,,4.023700576061536,8.865378983298125,COMPANY_122,2014-06-30,2015-06-30,0,0.044057845335572644
202.72302134510596,146.8480443751502,4.4647825159984915,2.77913821510402,2.498161947453752,6.161667572880436,COMPANY_123,2014-06-30,2015-06-30,0,0.0876105544086461
167.1291253938011,113.6267356292956,4.857682013319818,0.8305304108017681,4.843936096687485,11.222323399243962,COMPANY_124,2014-06-30,2015-06-30,0,0.0788066289369735
170.70171953843172,235.90051898607788,8.158354005992669,3.5021976233796748,4.1514902593515215,16.076912013676253,COMPANY_125,2014-06-30,2015-06-30,0,0.01630117606963383
101.56135564246652,203.81156251362228,9.990795171543395,4.41860519040143,3.9997047459602286,16.556179488785055,COMPANY_126,2014-06-30,2015-06-30,0,0.010631304519564769
74.73596212307083,229.72970322610098,10.590123471264064,5.475265616247368,5.685315750246849,13.235280579203017,COMPANY_127,2014-06-30,2015-06-30,0,0.005966302951196014
119.85038838469474,259.5667020626613,8.656881353659813,3.138375567239829,4.747266015558536,8.797158873147165,COMPANY_128,2014-06-30,2015-06-30,1,0.014626977525598044
280.2094524128884,196.4773817160213,10.58368054003595,-0.4283344210569351,1.2267097194974388,7.6953707238030375,COMPANY_129,2014-06-30,2015-06-30,1,0.23607603364261273
113.21346578339433,198.90503296662303,4.3604017176730965,4.647170973684755,4.2378271009603194,8.554316785498685,COMPANY_130,2014-06-30,2015-06-30,0,0.025485761525437623
263.881292498721,151.40770757894938,2.779245162677305,0.8500280939970551,2.255713394585073,4.518734577601496,COMPANY_131,2014-06-30,2015-06-30,0,0.39764540381920294
451.39959691248487,84.32704123795389,-0.530804013343307,-0.2004533985174516,-0.3921317116670007,-5.044592109764764,COMPANY_132,2014-06-30,2015-06-30,1,0.9211181858898329
106.68446033032887,216.94143434901645,14.201247620324416,4.660092494938876,4.208521518343819,24.054619752030234,COMPANY_133,2014-06-30,2015-06-30,0,0.004581852304410219
72.7142807315353,220.44977675010415,9.94019307411456,5.3371373018549155,4.682884926471587,19.99262818779731,COMPANY_134,2014-06-30,2015-06-30,0,0.0058923132327484105
275.32606310626124,88.4286998441377,-1.5480306718789856,1.371601359001196,-0.2929333077782287,3.7683712439246824,COMPANY_135,2014-06-30,2015-06-30,1,0.6644222121612812
168.1439965904215,137.18589900122106,15.037898677662737,3.946594365809455,5.420106997599725,11.764542678488626,COMPANY_136,2014-06-30,2015-06-30,0,0.013847438398014701
118.47013794393776,179.4956931407929,4.076303795491427,0.8048783672782498,2.248999356598757,5.916110195699334,COMPANY_137,2014-06-30,2015-06-30,0,0.08001623854930658
188.994266883321,173.2458867710362,2.3541365130675413,4.186141476324964,2.777100086883667,7.655950452461042,COMPANY_138,2014-06-30,2015-06-30,0,0.06345257417691118
244.24487344846037,90.92078725918608,1.2930213589677004,2.527493955936568,2.3915248264896904,1.0594299063999544,COMPANY_139,2014-06-30,2015-06-30,0,0.2206028941931414
233.39122780507253,154.25898984096165,8.98409432053489,4.267308590414714,2.290292952608913,,COMPANY_140,2014-06-30,2015-06-30,0,0.04385058043186642
62.2089777500594,329.94319280463975,16.87284504084364,5.220099948520769,7.605547002449278,21.175681536957796,COMPANY_141,2014-06-30,2015-06-30,0,0.0010093703861491787
150.7432890997889,133.22471872665534,-1.1699778552277458,1.543989011606447,-0.5298450509943278,7.943167257088223,COMPANY_142,2014-06-30,2015-06-30,0,0.19917786061967102
162.57615839725102,172.44862394743905,7.845641254594342,3.4154135187575534,3.972140061919332,8.920535286979396,COMPANY_143,2014-06-30,2015-06-30,0,0.03238296447447512
192.3669487922753,155.9757678157405,1.7124685274033045,2.625999719288428,4.065580037563874,6.2580246666992405,COMPANY_144,2014-06-30,2015-06-30,0,0.08878960764181416
130.66919534220997,194.72931982269876,3.1952043827895222,3.2991674233653177,2.573282856510772,7.441017690519845,COMPANY_145,2014-06-30,2015-06-30,0,0.0499494185485031
118.76728917490884,190.6967896788049,10.495334475223348,4.979952264621995,3.349398013762095,14.191854436252495,COMPANY_146,2014-06-30,2015-06-30,0,0.012559506384872668
108.08744111671928,121.43267598292267,11.761262353985504,4.485639506413834,3.4458193742754055,10.101233694115203,COMPANY_147,2014-06-30,2015-06-30,0,0.020285888479080603
97.74493221132897,169.65538631936525,7.833951135698626,4.438330641920931,4.9613735397066385,13.31353562478035,COMPANY_148,2014-06-30,2015-06-30,0,0.016029684135628858
107.2860626087836,167.4322821152354,9.81789473278755,5.04046886575567,4.082839183913755,12.957497745872331,COMPANY_149,2014-06-30,2015-06-30,0,0.014025354349429801
142.16480058354134,106.68995791922895,8.207642053645824,2.5352799421793977,4.50841243553476,14.921189621857886,COMPANY_150,2014-06-30,2015-06-30,0,0.03674017935461991
281.4992735370896,99.79752905544143,0.008599970610911889,2.8060619712300787,-0.0552157266579989,5.243787565748895,COMPANY_151,2014-06-30,2015-06-30,0,0.2765049767378487
83.27556769870898,302.37859757773833,16.71329554426494,6.718034409745181,6.536166471924562,27.521214774505555,COMPANY_152,2014-06-30,2015-06-30,0,0.0008868622502359415
391.2948640420105,,0.5931141655960033,2.060848776661534,-0.7110268513853364,0.5879488801737618,COMPANY_153,2014-06-30,2015-06-30,1,0.4212882657223828
264.1041921446986,148.5280168300687,1.1729845736234905,0.9639932722865705,0.9007528250226657,1.1147662358255381,COMPANY_154,2014-06-30,2015-06-30,0,0.5104360923130242
98.15243861440257,305.01581206878956,7.4169309112384285,0.26310353711623335,5.666130410554246,,COMPANY_155,2014-06-30,2015-06-30,0,0.015290331791052533
179.22747928634868,184.91560514164524,8.689747627454315,1.0166783406823243,2.063659370958681,12.577381794577548,COMPANY_156,2014-06-30,2015-06-30,0,0.04855452562315597
314.27364603421654,135.87524321205336,2.0686353370176978,1.516830713238343,,2.0780397540890756,COMPANY_157,2014-06-30,2015-06-30,0,0.21293576518275492
193.49071763307674,162.8996650650948,2.7131125517661685,3.2009174220830223,0.6149264362871163,1.5648778017349292,COMPANY_158,2014-06-30,2015-06-30,0,0.12267942648742576
240.77869462015082,123.69939710289724,7.763890323680121,2.848225046148422,2.7956577409720946,7.9989636614357815,COMPANY_159,2014-06-30,2015-06-30,0,0.07560698701537003
451.5791083621553,84.7884767155429,-1.5545815329543862,-0.3825881334746246,0.9106685343037288,2.5214332612729677,COMPANY_160,2014-06-30,2015-06-30,1,0.8364122453443117
236.59187913422284,66.13961532262651,-0.9802480501367798,1.7962760368060422,0.6455853683201562,-0.6220632294261039,COMPANY_161,2014-06-30,2015-06-30,1,0.49790931917655307
317.90959548042156,87.81504445143055,6.086065338652018,4.263944961724254,,3.2770695340913796,COMPANY_162,2014-06-30,2015-06-30,1,0.14449866479779402
168.20428217794048,114.37334091141798,5.081249704012509,,2.7531259647911615,10.382414604427728,COMPANY_163,2014-06-30,2015-06-30,0,0.06979796772260141
74.5655448628215,151.49129654581517,9.139732135094295,5.709960755530888,3.91984042017452,13.271766715030346,COMPANY_164,2014-06-30,2015-06-30,0,0.012948998420146877
91.97250640341413,235.97966830390817,5.743336895688333,4.008305002664829,1.6105982467295032,5.05370910516157,COMPANY_165,2014-06-30,2015-06-30,0,0.028769815688035723
119.65647630726565,183.43359553900908,0.3240898030486159,2.788692634371396,4.1159314249022545,11.995129192223159,COMPANY_166,2014-06-30,2015-06-30,0,0.05165818925986952
95.7359355473491,296.6030182261173,15.706518174297976,3.7706485198604267,6.597863482572872,17.813673812176464,COMPANY_167,2014-06-30,2015-06-30,0,0.002650551469414799
225.6021644596892,124.211573999135,2.367680587137026,0.428652944436243,2.955778559579028,7.551699664516157,COMPANY_168,2014-06-30,2015-06-30,1,0.3790581561824929
177.59810626755012,185.17994202259337,7.080598550936842,3.1675926616035817,5.978538679508773,14.41869537062444,COMPANY_169,2014-06-30,2015-06-30,0,0.022908188048433763
181.76934477651645,131.02737428878254,0.23362209281371893,2.100185005681134,2.1034334639932215,2.269442919182035,COMPANY_170,2014-06-30,2015-06-30,0,0.17027605030063983
242.9277868174494,84.21919406279403,2.738500759215209,1.8532588482550696,1.3569711610302106,4.751742192340119,COMPANY_171,2014-06-30,2015-06-30,0,0.21858235442285404
174.86680756334167,154.11242799352675,13.472057111429528,3.0689087869383602,3.182748672560569,6.658738641424813,COMPANY_172,2014-06-30,2015-06-30,0,0.0278386616062965
289.45156376996033,144.23273515821765,-4.678171919118547,1.1152118323674112,0.39627986134417736,4.979300135403195,COMPANY_173,2014-06-30,2015-06-30,0,0.6531157717215099
89.74297071656252,216.33817441329182,13.674891328173231,,8.631279118076858,17.91554163069707,COMPANY_174,2014-06-30,2015-06-30,0,0.0018852806533821238
,123.96368034124595,0.5767952252334676,0.6023352467772602,-0.273961348636933,4.315798445025258,COMPANY_175,2014-06-30,2015-06-30,1,0.5900291455478648
128.72380352569914,146.0057998196488,16.242099918364303,5.3435766506066695,6.667739992137708,15.278914596128276,COMPANY_176,2014-06-30,2015-06-30,0,0.0058323911168308516
127.86343309868269,178.6934793381229,9.606835076087396,3.3816830683878996,4.796981131309511,8.909500402465952,COMPANY_177,2014-06-30,2015-06-30,0,0.020997899988544365
226.84278660529705,109.96128849552863,6.484556204358849,3.1712256775046326,3.3643023938356684,5.303829130579466,COMPANY_178,2014-06-30,2015-06-30,0,0.08568148171644617
345.1334378279731,131.0945594405765,-2.9899034575289285,-0.4316982419240807,1.4654831072853818,5.565201239052226,COMPANY_179,2014-06-30,2015-06-30,0,0.7093432246937956
181.45726305085668,172.1649991739636,6.877780988728809,2.349151701122468,2.631380980746797,1.2522109726176263,COMPANY_180,2014-06-30,2015-06-30,0,0.07151543181475764
55.487245543567894,301.0748917413442,10.228601156974312,9.113622568304493,3.852409634349159,17.200813563350145,COMPANY_181,2014-06-30,2015-06-30,0,0.0020700005812339375
168.2039880241773,157.1693200912773,1.8180852121018565,2.3576046408889226,4.100433276595455,8.633682235948145,COMPANY_182,2014-06-30,2015-06-30,0,0.07629561619956854
148.99213280024944,143.14487769959638,6.979498399720677,2.1398512999746644,1.7125329690039506,10.008240329082641,COMPANY_183,2014-06-30,2015-06-30,0,0.06111949227953764
220.90978564898273,179.82391622989286,3.12379306779204,2.2203392644902027,3.0659781497873344,9.757986045596384,COMPANY_184,2014-06-30,2015-06-30,0,0.07976226297104322
264.7950730116546,85.76125955026662,3.243815891930918,2.3368733242883524,1.9325468987214318,1.8566840619453955,COMPANY_185,2014-06-30,2015-06-30,0,0.21643240609575157
136.4905467107577,137.47736637452556,6.803790503403544,3.400567436541562,3.4391652033938125,15.837387641405723,COMPANY_186,2014-06-30,2015-06-30,0,0.03237122736591511
197.2605118818758,134.62720025056848,8.29124461357539,3.6129580210309933,1.6566133828912983,13.695363830366679,COMPANY_187,2014-06-30,2015-06-30,0,0.04631859235109278
110.52914431177614,142.45467994285212,11.12585667313954,3.708133972846987,3.458313941627222,15.917168182988965,COMPANY_188,2014-06-30,2015-06-30,0,0.017561207652893457
94.59292310509983,158.850568312907,12.01026326549913,2.1149391886295654,7.967437725654056,3.9752497396840347,COMPANY_189,2014-06-30,2015-06-30,0,0.017097971567123723
100.53747042748648,186.20174340370346,5.48655402251603,2.603392101657449,4.584364545841567,17.91573788776058,COMPANY_190,2014-06-30,2015-06-30,0,0.02233352175132093
179.91032806495605,121.27311068253584,5.597149581002981,2.884041192087275,0.6443111846571281,8.77822859613906,COMPANY_191,2014-06-30,2015-06-30,0,0.09151410817605876
361.2989336940035,103.0166092159836,5.9376644103072085,2.7315064247185425,2.123321192872478,1.1791013329110185,COMPANY_192,2014-06-30,2015-06-30,0,0.20746005149630345
166.31872451012745,136.20831681762684,0.7346704669702961,1.1874810757021883,2.4781001543146943,2.55862860386076,COMPANY_193,2014-06-30,2015-06-30,0,0.16535582822013342
390.7146866339943,106.23931196059752,-6.447232604259441,-0.3749236175138445,-1.2287826935266077,-1.5189463514090868,COMPANY_194,2014-06-30,2015-06-30,1,0.9349808474300038
167.68176033494498,177.5649905406928,8.350169696370996,4.790844833765583,3.1179721384321493,10.09307558192674,COMPANY_195,2014-06-30,2015-06-30,0,0.025334885467989753
132.05433734502458,180.9022754995879,9.391104369286447,,5.412726233965983,13.358469475929972,COMPANY_196,2014-06-30,2015-06-30,0,0.014206222054523402
282.3957148583899,198.06994337970215,3.699480924814199,2.2533188508760804,0.7808292608127998,7.007564925731646,COMPANY_197,2014-06-30,2015-06-30,0,0.1204278905513858
142.78059894112724,108.02968227377748,7.544367407996487,1.185480416974689,2.7441512221708786,12.778998178159732,COMPANY_198,2014-06-30,2015-06-30,0,0.06504999145161475
248.75658765010925,115.26326026521394,4.270141106071898,-0.27694124854799207,2.415422171395027,1.5656954207290714,COMPANY_199,2014-06-30,2015-06-30,0,0.47347582932196947
242.1037817714658,102.08257843971268,3.182217669033435,2.971535204205284,0.7266440943251746,5.8568904043323755,COMPANY_200,2014-06-30,2015-06-30,0,0.168170191057602
117.65647793816404,176.36453371194682,13.929185407642576,5.469494431764058,4.115679455144602,6.241476135384477,COMPANY_001,2015-06-30,2016-06-30,0,0.011112286419751214
240.1292488975233,120.17668831291607,5.378959084644621,2.089618091296826,3.555464788840349,11.31334339403972,COMPANY_002,2015-06-30,2016-06-30,0,0.08836531557444695
,219.80760943862504,13.85733977708565,5.39242009388054,6.332798281351177,15.253794059735286,COMPANY_003,2015-06-30,2016-06-30,0,0.00452639360067358
102.93428476326767,188.03857314162153,8.194739177581749,,6.214969636215028,17.059999891342105,COMPANY_004,2015-06-30,2016-06-30,0,0.008929620715069678
147.8430780586297,196.34079243640198,12.974521701889703,,-0.42398538298277577,3.8919960416400823,COMPANY_005,2015-06-30,2016-06-30,0,0.03503779780651803
267.47108543669356,103.28735383876959,-2.9685134600926335,2.3750980407116606,2.5302009207878484,-0.38446000843616,COMPANY_006,2015-06-30,2016-06-30,1,0.43813074926338275
136.47077974168548,184.5621852149638,6.923420652376528,5.743240825773277,1.6900904694346304,7.863783794328351,COMPANY_007,2015-06-30,2016-06-30,0,0.026988695312461338
404.2183200279553,93.74733127276727,1.8834021890813921,-0.6725379019988587,-0.13443146565049102,4.645163433295333,COMPANY_008,2015-06-30,2016-06-30,1,0.7572076800499545
134.9610088568308,112.76867603380552,1.7599097264068444,2.495895118643838,4.296672440413651,12.688600289711513,COMPANY_009,2015-06-30,2016-06-30,0,0.07141428191786342
170.0151622950271,118.72241639640397,7.173059905559842,2.175647424424414,2.1367573667337165,3.1610936020267193,COMPANY_010,2015-06-30,2016-06-30,0,0.09078801384985873
145.16495828183318,122.88921239105773,5.771634412891328,4.565544376765682,3.7820148518361245,6.083874642107874,COMPANY_011,2015-06-30,2016-06-30,0,0.045964407247057484
197.58030588817874,132.36638349189286,1.0355801285573598,3.1481462539386023,4.144569362864483,14.34519771856417,COMPANY_012,2015-06-30,2016-06-30,0,0.07410638481173695
186.05655788437167,111.15494858097424,1.7898513951275055,3.9063596802969602,3.160087234544866,15.519886998521152,COMPANY_013,2015-06-30,2016-06-30,0,0.07012053437524444
124.39434862737116,208.82503958462556,11.448642682741681,2.198425732877193,3.6151737075255492,12.919578505428065,COMPANY_014,2015-06-30,2016-06-30,0,0.017523084388685956
72.55883071867079,225.5128714467273,12.760797209041284,6.260265314772927,5.945808837938058,16.780181867288768,COMPANY_015,2015-06-30,2016-06-30,0,0.0035740560599678527
203.06210792183748,104.94002541686157,0.8656723535149804,2.4012863866074605,-0.8013755157591924,10.525357512456116,COMPANY_016,2015-06-30,2016-06-30,0,0.19138438982759814
184.99938984240657,,-0.08594641154510008,2.4694445604661444,2.1529970789811603,12.35249308275755,COMPANY_017,2015-06-30,2016-06-30,0,0.13397583735715402
140.37259100399132,155.61560406871337,4.432303676420311,4.418196275945456,1.6043423958023606,5.569834833403917,COMPANY_018,2015-06-30,2016-06-30,0,0.05699954721713018
208.0534273669526,126.58992671445175,5.309973111102183,0.8141184613407086,0.07950807446261798,4.658815944172284,COMPANY_019,2015-06-30,2016-06-30,0,0.1706881445482271
171.55944216254377,149.21281364200328,7.99039913323803,2.268997502876447,1.2109937813945089,,COMPANY_020,2015-06-30,2016-06-30,0,0.07161567522507284
159.76970827839466,156.69399722352097,8.809222606711423,4.508626721211324,2.247957300650282,8.089825535473409,COMPANY_021,2015-06-30,2016-06-30,0,0.033345828528860096
128.3730936944689,189.04604577127955,7.212290464826059,2.983032769129072,4.689495803156863,4.737147083712289,COMPANY_022,2015-06-30,2016-06-30,0,0.03194775256017807
248.4798663732054,124.48729422449087,11.138238983398645,2.470816582614961,2.162401478884077,10.258549432766456,COMPANY_023,2015-06-30,2016-06-30,0,0.059445742137922905
78.71642642847029,217.57645323171462,9.62895790715956,2.6571408101833907,4.177651164685234,21.666444124558915,COMPANY_024,2015-06-30,2016-06-30,0,0.010153312581706833
252.7171226921791,193.29221839984874,5.211931126674884,2.3497707158275403,5.456209410938998,3.5772860564805824,COMPANY_025,2015-06-30,2016-06-30,0,0.06471409507104015
370.48851108196425,86.72618849011153,-1.7023576825963107,,1.9315927473878112,6.568288770805443,COMPANY_026,2015-06-30,2016-06-30,1,0.7295592196378968
212.7860575092242,197.2364539418157,9.570801504721757,3.636649513680413,5.311139630052005,14.024943081155525,COMPANY_027,2015-06-30,2016-06-30,0,0.019411522694807816
60.65469481316902,210.53331453735314,15.01149839714385,6.980227650590445,5.6081903350533615,26.260804531866096,COMPANY_028,2015-06-30,2016-06-30,0,0.0018669379891092827
131.1864795197845,100.70304554501195,-1.2383303032305388,3.0611471757502846,5.073796095564649,3.477959392180176,COMPANY_029,2015-06-30,2016-06-30,0,0.11561572176406702
101.9771112087959,139.72889977850812,7.615788385534094,0.8610320096868502,0.9638348519416242,8.1787560907925,COMPANY_030,2015-06-30,2016-06-30,0,0.07110487251521111
113.605474043249,188.11381110908803,6.486737882421892,5.918761466594399,4.638682005470587,15.935697444132773,COMPANY_031,2015-06-30,2016-06-30,0,0.01258752567941369
185.03759523964064,135.57244426240467,4.458675365339413,4.362265717091056,-0.9479167004892264,5.508934224371414,COMPANY_032,2015-06-30,2016-06-30,1,0.10056459194281378
228.72304200210053,112.28623233839593,3.699557214459234,1.410506029867501,1.7165003620097756,,COMPANY_033,2015-06-30,2016-06-30,0,0.36999811823295603
303.75619075660234,159.08936132331542,1.5862612265093494,1.8141221594680905,2.4339013164548926,6.7454807187446555,COMPANY_034,2015-06-30,2016-06-30,0,0.17270635773864898
341.36016038837573,127.09009746895705,2.0215946141317316,3.180160915604615,2.426101860883989,6.026679554690614,COMPANY_035,2015-06-30,2016-06-30,0,0.18484091188383148
188.39916353461274,110.57432878829106,14.559845258999816,3.830050931757688,1.8053781155056714,9.031822930680312,COMPANY_036,2015-06-30,2016-06-30,0,0.03188666380914672
85.55033364426025,207.58112654940984,11.999459280367601,5.317188955140061,6.682286550184706,15.216924440248754,COMPANY_037,2015-06-30,2016-06-30,0,0.005215574926514545
89.69701615120013,267.51090437601016,17.35207792471102,8.145237366740856,7.165527439863117,19.922413601865717,COMPANY_038,2015-06-30,2016-06-30,0,0.001022595949660033
79.52282023332504,219.10053408582155,14.364852540386655,3.526081307251389,8.84550806634782,27.9755153033026,COMPANY_039,2015-06-30,2016-06-30,0,0.002404098269201776
83.53057513112813,171.7401349422288,13.580523532142998,2.832300955531097,4.504076358845819,15.674953578761535,COMPANY_040,2015-06-30,2016-06-30,0,0.010860829572730891
149.86810405823587,223.45440168817018,8.00164284517992,5.099234398072904,5.072648043064073,10.055321878690808,COMPANY_041,2015-06-30,2016-06-30,0,0.01406070012042851
105.66925588115059,198.4480251377829,9.504324159758724,2.131392653675003,3.6307374857869092,10.194283833711467,COMPANY_042,2015-06-30,2016-06-30,0,0.023532613758984553
241.3351306031286,126.78041822867843,2.133326706174535,,0.45006742968939356,1.852264426459256,COMPANY_043,2015-06-30,2016-06-30,1,0.5604705779970508
112.31882319089564,284.59058230127255,8.967530045488772,5.6348251777322345,6.699491186124948,17.223081084780432,COMPANY_044,2015-06-30,2016-06-30,0,0.004311485674333393
260.69926301178685,129.24656810457233,-1.2022214903480206,1.6642879986596975,1.1474000214013995,2.034906587295184,COMPANY_045,2015-06-30,2016-06-30,0,0.28677145933134335
349.5256191373248,90.60200383837436,0.19844829518723395,4.878692364440658,1.8014129848009621,4.94630115942228,COMPANY_046,2015-06-30,2016-06-30,0,0.22486436893566386
108.95688889170191,136.11780635557963,11.637790415342609,2.3641048150386594,4.19025074960364,10.833478061007835,COMPANY_047,2015-06-30,2016-06-30,0,0.02445011438095486
150.00573683208697,240.74944498261752,2.298965455948469,3.3739882281688782,3.5778273404539025,18.614669307090885,COMPANY_048,2015-06-30,2016-06-30,0,0.025690338274562557
292.0120452778918,110.42194085525962,,0.6455326043732488,-1.6410448528553614,11.607846177062182,COMPANY_049,2015-06-30,2016-06-30,0,0.4648553484563864
197.3664989754568,177.43206657723988,2.836799475628215,4.191045156369584,3.015195845933836,12.37999035838659,COMPANY_050,2015-06-30,2016-06-30,0,0.04972622841348752
97.84960207352604,184.16203138343738,4.425995903661838,0.8506254916229334,2.1124368897695294,11.893460189490794,COMPANY_051,2015-06-30,2016-06-30,0,0.05633172670206736
105.76714832082057,201.4724452909879,7.425173523538295,3.5190749983970013,4.249117152899263,19.792130146109066,COMPANY_052,2015-06-30,2016-06-30,0,0.01415688439229616
109.41344596789068,137.64046465208014,4.57358630211119,3.187608256980536,4.825515015564312,8.02920310333619,COMPANY_053,2015-06-30,2016-06-30,0,0.04312594269557886
395.0089366179099,64.37525549141755,-6.685772854648046,-0.5498651698259409,-1.7129549057270335,-9.118153087551264,COMPANY_054,2015-06-30,2016-06-30,1,0.966157777481049
223.52497044887937,185.55323641229558,0.9262971322801103,3.3833901223777865,2.9657846444371825,5.67585461838306,COMPANY_055,2015-06-30,2016-06-30,0,0.09247457721575086
136.7177947423119,141.00675820997952,10.977945089453838,1.3470677279062786,3.0837260585585233,11.141654335488308,COMPANY_056,2015-06-30,2016-06-30,0,0.0378642058138104
121.38506046452628,161.42149927990963,6.568953233088404,5.201842746287297,3.8726293513732073,8.435468567619868,COMPANY_057,2015-06-30,2016-06-30,0,0.02512734795231225
105.8767922737023,285.4639541635448,9.67236037176314,5.006289805079613,6.234111913955157,15.036103882046126,COMPANY_058,2015-06-30,2016-06-30,0,0.0050305518427591215
259.4782270146484,73.3677176572458,-0.32468771768831184,1.5917170181716618,2.840227921044216,2.55208275464615,COMPANY_059,2015-06-30,2016-06-30,0,0.2933343926005128
201.3013971915127,132.98135617995595,7.9865904928937095,3.5754049503237995,4.618021955656884,2.438604305472901,COMPANY_060,2015-06-30,2016-06-30,0,0.053828473516923894
238.84804484246877,133.37929966415058,11.224330449250893,3.6056691748217014,4.4868305138335955,6.5807502272150495,COMPANY_061,2015-06-30,2016-06-30,0,0.03924155393737096
121.69069459022954,177.40811392505194,12.398740345003386,3.6226815768540677,3.4945307999262996,13.963383641345933,COMPANY_062,2015-06-30,2016-06-30,0,0.014378736757986373
461.9491862680012,92.2174616976464,2.8900123865949987,0.29355133370885833,-1.134416395948396,5.14256221766326,COMPANY_063,2015-06-30,2016-06-30,1,0.7690720631156241
42.115328475443675,274.26033916843147,15.683708289438508,7.274736585244962,3.8761070348305378,25.09792373107709,COMPANY_064,2015-06-30,2016-06-30,0,0.0013531392922444963
142.98098934769837,87.25171264682122,4.904998768692294,1.1867449284355165,2.247949064243301,4.345932577499927,COMPANY_065,2015-06-30,2016-06-30,0,0.13247027757895938
69.1891946079542,250.4554550995516,15.332903466561536,6.837618827663215,5.035592072507826,14.18608073425738,COMPANY_066,2015-06-30,2016-06-30,0,0.002620537203576457
64.84811269653311,316.2908261233479,11.788638415118339,5.815710283347796,6.0747655386523585,15.748055185664269,COMPANY_067,2015-06-30,2016-06-30,0,0.0024653864693666883
132.81054134985368,171.23363835211833,12.582007868315635,5.606305717026334,5.607476537704755,10.321916681052663,COMPANY_068,2015-06-30,2016-06-30,0,0.009667515973829074
103.7714761090766,236.01859085413722,11.346198326785487,5.850385954406653,4.293300576331933,20.278527032924764,COMPANY_069,2015-06-30,2016-06-30,0,0.004991314841205508
364.3797035303228,80.39600857196889,1.12466434627132,2.0523610235152097,0.7834670900083168,-0.25148987216975605,COMPANY_070,2015-06-30,2016-06-30,0,0.4083706526226207
132.70485588963865,155.82020970423707,0.2606391543715585,2.7983846026435173,1.093639621056948,10.065586926421286,COMPANY_071,2015-06-30,2016-06-30,0,0.09554500012936998
84.34860870759248,137.6355948394373,11.80202743363672,4.54277190505953,3.4280226389173727,16.457626631139412,COMPANY_072,2015-06-30,2016-06-30,0,0.012919821319131079
129.28214289975557,123.24700938367806,7.7905161494365345,4.6140599604536945,4.963117484508357,10.159593460950054,COMPANY_073,2015-06-30,2016-06-30,0,0.026239646715666996
191.07593533314352,237.43624048369543,9.0476094806592,4.430582407736825,5.187062765186432,24.000741040787975,COMPANY_074,2015-06-30,2016-06-30,0,0.008792222469264966
70.70377734101818,224.34447339871355,16.939865445075572,5.560430343198679,5.516634759152379,7.097461177661719,COMPANY_075,2015-06-30,2016-06-30,0,0.004135469558921617
84.12849619217147,162.80417590246202,9.069203944531218,5.025408206139044,4.498573008726833,15.807993204632826,COMPANY_076,2015-06-30,2016-06-30,0,0.0120811588399157
154.71108423083558,123.19352846078951,9.412316662565537,5.751132145806232,4.100197964615294,6.498150413961781,COMPANY_077,2015-06-30,2016-06-30,0,0.025863920011034738
232.48912471490823,156.88255489036843,1.8483114135237382,3.3305081544562554,1.722097471364262,2.1249992753791718,COMPANY_078,2015-06-30,2016-06-30,0,0.13385292464548518
126.14749522019596,255.81982769778975,7.941993213709466,4.616376754177364,3.059824511002917,10.044765410348132,COMPANY_079,2015-06-30,2016-06-30,0,0.014709460837182987
133.98272385514704,160.98126660190414,8.906425653210507,3.782413223989707,3.2687043407267544,14.716349346345883,COMPANY_080,2015-06-30,2016-06-30,0,0.022702143103778286
100.0754158343488,157.3033398926791,,4.8398951871447835,2.5981641555623582,13.41783938959697,COMPANY_081,2015-06-30,2016-06-30,0,0.031215221712360672
341.46779250690537,124.88949329832323,-5.3511397452794585,1.0343350303039256,2.147924271705741,9.371491895659375,COMPANY_082,2015-06-30,2016-06-30,1,0.6576540574729531
178.54482176261797,131.29744642331687,8.740784947740007,2.6091449417327404,3.9450441243566434,8.403572524811688,COMPANY_083,2015-06-30,2016-06-30,0,0.047116105846087365
126.42884615457758,123.97681040657744,7.963740746008813,2.782312530047592,2.7141632722438134,11.046360467139912,COMPANY_084,2015-06-30,2016-06-30,0,0.0438185765387023
73.2823612505287,249.6595405071299,5.353408871751673,,2.7691680528250617,15.581823911997692,COMPANY_085,2015-06-30,2016-06-30,0,0.008682582645815942
131.78191929829057,,8.034514081995699,5.4708992162008085,4.218040311382268,13.5463544416518,COMPANY_086,2015-06-30,2016-06-30,0,0.020582965768060478
100.48753408902562,203.8169728673324,3.9861258614043047,4.490797619714757,5.7736898428422965,7.482562539369717,COMPANY_087,2015-06-30,2016-06-30,0,0.021880133610377783
147.71099718033048,168.9924391784567,11.54674971817013,4.344592412477523,,17.25091821671216,COMPANY_088,2015-06-30,2016-06-30,0,0.008579067251233426
305.9205174789347,90.58950399516631,-3.6288354185410596,-1.4177876217421068,0.21887369831951076,,COMPANY_089,2015-06-30,2016-06-30,1,0.8175919128163829
388.7839985161497,85.75250982399105,-3.631305140759042,0.9446375262484468,0.5126197937394431,0.9606274101316279,COMPANY_090,2015-06-30,2016-06-30,0,0.8105790716654971
100.94351468739139,170.54930589752354,13.552573381042018,4.740542784761409,4.3972852208657525,10.3414959720495,COMPANY_091,2015-06-30,2016-06-30,0,0.01046280381477247
173.53969078152852,109.81547776201181,8.233743665541915,1.9151318902708478,2.7649863158518366,4.47863902505692,COMPANY_092,2015-06-30,2016-06-30,0,0.08137752348885043
161.8253851841209,148.5204528242716,4.971590004012336,3.30906153517381,3.3088679776253747,13.748619014906632,COMPANY_093,2015-06-30,2016-06-30,0,0.04463308073030799
114.2383993528596,261.25724683680414,14.647382952289497,5.001656977170963,4.805408860803148,14.318445285177402,COMPANY_094,2015-06-30,2016-06-30,0,0.004473888955512831
123.42687190048238,184.21424314330147,10.751954118414233,3.6439024507436444,2.0669620268790565,12.463852036086896,COMPANY_095,2015-06-30,2016-06-30,0,0.02044689632650283
103.1311200266184,194.78355905662005,11.027997430721623,4.531950875492843,2.377133643513886,6.164330000843767,COMPANY_096,2015-06-30,2016-06-30,0,0.01822519445730208
179.9508188155946,152.0129620458988,5.442346922855931,1.1507540949887929,4.213074008785319,9.037027177114803,COMPANY_097,2015-06-30,2016-06-30,0,0.06973968737357002
110.84087060415396,199.6112366911123,8.93014435573121,5.011968836365094,3.0725176327798627,11.152753884324518,COMPANY_098,2015-06-30,2016-06-30,0,0.015607317117176984
159.6465566486881,124.43385796468408,4.671087747100461,3.480800230009548,2.644919541414745,5.00812511692373,COMPANY_099,2015-06-30,2016-06-30,0,0.0759012989557773
326.10678353620784,132.07400728785873,1.8357567488259425,,0.2632662869062805,3.9735485189280526,COMPANY_100,2015-06-30,2016-06-30,0,0.18750819831140242
370.72912769099065,108.9581254201592,-2.116721194208206,-0.8431321890205139,,1.8163076019820912,COMPANY_101,2015-06-30,2016-06-30,0,0.8003273657040301
163.9395618105815,221.96802727894095,3.9996058594441544,1.8371035175392978,3.6030560579947526,12.251653856648753,COMPANY_102,2015-06-30,2016-06-30,0,0.0427325450019891
153.98794718855117,196.70460224134092,6.018122882505239,4.205527680414488,4.383863176232012,7.750599879774979,COMPANY_103,2015-06-30,2016-06-30,0,0.028218020717732745
266.3861192078952,135.23777175650133,-2.3268484242876752,2.7341190677918834,0.6199131190497927,-5.911320270876994,COMPANY_104,2015-06-30,2016-06-30,0,0.4692200932014921
157.61450247396223,233.43735426337437,12.775551432314126,2.888466369549064,4.126428234940766,8.10911817262116,COMPANY_105,2015-06-30,2016-06-30,0,0.015259418469136985
146.30195558886837,105.50638453258205,3.662604362638307,1.8257778803382152,0.24902358034065464,4.696376764440216,COMPANY_106,2015-06-30,2016-06-30,1,0.14925339295702264
181.2609740990224,181.64124550406217,6.629706948633495,5.534216507630659,6.765886258444491,16.305245024906334,COMPANY_107,2015-06-30,2016-06-30,0,0.01381553966999595
98.2095680808023,188.572326243303,7.400810183101525,3.8985272826473016,1.1081105236113706,14.522290124656028,COMPANY_108,2015-06-30,2016-06-30,0,0.024740150872604012
250.28151725605386,121.64818742498987,4.235552664694456,5.323631676763041,2.0845849753210133,16.248456106642582,COMPANY_109,2015-06-30,2016-06-30,0,0.05783095830715801
183.66544904056536,104.09413670904031,2.9399986138048373,-1.3365793663444907,2.4595248378740115,4.485145069262018,COMPANY_110,2015-06-30,2016-06-30,0,0.2318548144736575
181.6006449305448,111.89020508200302,4.4701851798684835,-0.6453437983596624,1.9167947549175144,7.05458156573307,COMPANY_111,2015-06-30,2016-06-30,0,0.17250256262344213
80.72909296427758,190.43930052690797,4.853120313725054,6.721712945767685,4.5327512397674665,14.034190311644496,COMPANY_112,2015-06-30,2016-06-30,0,0.012125589097978446
181.29937424241803,165.30022791905262,8.85166926369768,4.534395735727344,2.3289663524123223,11.766754055630823,COMPANY_113,2015-06-30,2016-06-30,0,0.029366107454209214
273.062835501477,135.57357766602067,0.4169271012231741,2.390841558644388,-0.7663344897704532,4.686807104066558,COMPANY_114,2015-06-30,2016-06-30,0,0.25564154589142885
192.40059949980625,189.4997880510152,6.8999613740021415,4.079619680431281,5.256857393729529,17.227719279805598,COMPANY_115,2015-06-30,2016-06-30,0,0.02000322699292515
536.8581117656695,112.73880916965491,-5.824304377376615,-0.9757753274025995,-2.1144949103662207,3.368989873685883,COMPANY_116,2015-06-30,2016-06-30,0,0.9351147778579456
270.9014318507643,89.63153342771409,4.779804860032442,-0.23774163244647672,2.316167393296679,4.890944813177684,COMPANY_117,2015-06-30,2016-06-30,0,0.4892645638670469
259.63542999138605,111.43445310569783,-0.8376212202019113,0.20500990167114175,-0.5182570618385081,1.0376818127457073,COMPANY_118,2015-06-30,2016-06-30,1,0.6808061290787608
116.91048545061585,,10.89787230879704,4.118900541787279,4.420738119096651,15.918988743641586,COMPANY_119,2015-06-30,2016-06-30,0,0.01495818095499053
206.07446174706118,123.90984810890176,-1.6787132691242679,1.4962314101704233,-0.7527657038861775,7.075179346494632,COMPANY_120,2015-06-30,2016-06-30,0,0.27026335071977897
272.28998395044414,,-0.3114904996524166,4.17192730224752,-0.40883971510355943,-2.3354922836919787,COMPANY_121,2015-06-30,2016-06-30,0,0.39400387110098944
168.66865803869254,190.83647208571804,7.6615710002313415,4.8126264157198415,2.1801215772612412,7.846701608638054,COMPANY_122,2015-06-30,2016-06-30,0,0.030523578345051268
168.25343783450887,250.48600290818464,10.753118130145982,,3.8330891440845187,13.965525919904605,COMPANY_123,2015-06-30,2016-06-30,0,0.01852004757644027
245.70960292918315,83.51366966475456,-1.695409018142195,0.45681428527597123,2.073649567482394,3.5045918999830667,COMPANY_124,2015-06-30,2016-06-30,1,0.6224708698371946
83.1332355776821,228.5460448962297,11.531537542759612,5.8038924978453545,5.515489383320627,20.03608284004314,COMPANY_125,2015-06-30,2016-06-30,0,0.004152433010832817
104.21395863949218,235.4423506098008,4.503487275225429,3.2260527733724915,3.0107481852082736,2.301184666144655,COMPANY_126,2015-06-30,2016-06-30,0,0.036963026898589366
143.23092096439893,156.91220135994672,1.3496407992011186,2.853162630903065,3.629363130260701,5.1074609333052585,COMPANY_127,2015-06-30,2016-06-30,0,0.08040145846718826
126.29775749478851,126.44806472423119,10.003796625954466,4.4302668987398794,1.709119584179194,13.081834828326116,COMPANY_128,2015-06-30,2016-06-30,0,0.027660683282611873
159.15854493239098,121.79805920142088,1.0172941782743603,0.45289065168499176,3.4289088880419953,7.96623974277979,COMPANY_129,2015-06-30,2016-06-30,0,0.14337673268091097
89.10762633247317,146.17216969463257,3.5223646241312223,4.479428731181754,1.959618691886359,12.218229514810606,COMPANY_130,2015-06-30,2016-06-30,0,0.03980975054527427
86.5069413114961,205.25931067154312,14.176813683364543,5.374833151137843,4.245337920922909,20.97552949507049,COMPANY_131,2015-06-30,2016-06-30,0,0.00450011899308821
107.68937761979758,151.24634180739508,9.118431680160976,5.400650350382423,6.1723423723324204,13.202683726383414,COMPANY_132,2015-06-30,2016-06-30,0,0.012015503813118805
144.98725023178656,134.16546953873987,4.576099047679016,2.129753203683189,2.9867166100268108,,COMPANY_133,2015-06-30,2016-06-30,0,0.08921511233213744
140.1747901494374,172.42381351553738,10.145616759909863,3.4767824664702696,5.026508182025354,18.715819497252077,COMPANY_134,2015-06-30,2016-06-30,0,0.014118641537935295
176.89424618164895,97.19853423578085,-1.352992320619304,1.991758257650143,1.236369873364662,2.5971536554631065,COMPANY_135,2015-06-30,2016-06-30,0,0.24396147580552413
71.87410641748156,213.03794854745905,11.669134830527309,2.849363548001216,4.358062259471009,13.07590918924587,COMPANY_136,2015-06-30,2016-06-30,0,0.011024668604367615
306.40035959142847,135.904139502373,3.3811251623678573,-0.18811004655720653,2.3343712783310115,,COMPANY_137,2015-06-30,2016-06-30,0,0.4078191446502438
316.64023849514973,101.32521851113391,11.416897354841975,3.4197220840111835,2.1869512628356484,8.77464448577862,COMPANY_138,2015-06-30,2016-06-30,1,0.07641738732295263
493.01002534670585,105.8145095148834,0.9452360554806034,-0.33884252054035136,-0.8024877684557277,-2.0682724575553926,COMPANY_139,2015-06-30,2016-06-30,1,0.8584712753308079
117.26081154095337,163.91329703790714,5.510549148053003,4.026501532192089,2.8388756061116553,7.947852940883906,COMPANY_140,2015-06-30,2016-06-30,0,0.03809469718558379
64.964749250351,271.81466140528767,20.32609944027419,6.315704565369106,6.6764275840153005,31.531714836390247,COMPANY_141,2015-06-30,2016-06-30,0,0.0006214051712627443
400.17896057330057,99.34412481050406,0.3411009426110465,-0.24741203005875811,0.4174024371408571,1.8127410222299327,COMPANY_142,2015-06-30,2016-06-30,1,0.7707369730492712
404.56862766668945,93.36019437066582,0.4911767427414475,0.004549747878119126,,-4.7850216187586,COMPANY_143,2015-06-30,2016-06-30,1,0.808173798802484
203.91102713546385,110.39711427121217,0.7768126537349762,0.4989806662907421,3.185711614018722,2.3247669220644607,COMPANY_144,2015-06-30,2016-06-30,0,0.21934072695002657
110.63418783222737,,10.363918278518666,7.461010312196487,7.365496941926802,19.60108309823505,COMPANY_145,2015-06-30,2016-06-30,0,0.0026970250305902574
178.20156593145853,170.34016573048976,2.1654484304552755,1.5581990309258147,1.4654784758571964,1.242731820581895,COMPANY_146,2015-06-30,2016-06-30,0,0.1404180539386878
112.166844795033,172.96747638843146,3.307024480161365,4.552757708072103,3.9671615396490516,15.289364527950289,COMPANY_147,2015-06-30,2016-06-30,0,0.026417130081292442
132.07982953302437,173.57412754544634,10.697930026781874,5.907560935519057,4.299459447254773,19.806828769303067,COMPANY_148,2015-06-30,2016-06-30,0,0.00871041126823918
126.60518530030829,153.522239550637,11.60458397535235,3.5396660619292644,0.7138206982187594,2.781918682621744,COMPANY_149,2015-06-30,2016-06-30,0,0.03957241826272251
214.661146000512,82.15746172703295,1.261953106586617,3.376173619702839,-1.4975988607599793,3.6743860812800824,COMPANY_150,2015-06-30,2016-06-30,0,0.2468524574185882
158.73751356487756,172.08899566399077,6.942454846113713,0.9915469365748137,2.7092598009624895,7.685202027992441,COMPANY_151,2015-06-30,2016-06-30,0,0.0639943263049513
112.6342712987549,179.78051677764304,7.385075089132738,4.228489450726867,4.257797855409544,9.55530907881646,COMPANY_152,2015-06-30,2016-06-30,0,0.021861381222211745
166.8710242314316,169.30960155600667,,5.226840706129549,1.968320601201302,9.994361036060946,COMPANY_153,2015-06-30,2016-06-30,0,0.013869404227313555
235.7299219189163,147.7437508600598,3.4702964841635398,4.358147970910156,1.0784890870134525,5.714851071721349,COMPANY_154,2015-06-30,2016-06-30,0,0.09858453760501046
153.72376698703525,155.4242238960237,8.993142681187926,5.046140284500464,4.438556827240039,7.407029670647569,COMPANY_155,2015-06-30,2016-06-30,0,0.023335262698245197
128.0143782202682,134.29687667475642,5.661586495562254,3.8569820515219773,1.9403611642265701,4.25401197524781,COMPANY_156,2015-06-30,2016-06-30,0,0.06081688625080105
150.5536192610918,78.51958672428411,1.5730587737042374,1.0106294497591137,2.595740229010488,-1.5996527977813857,COMPANY_157,2015-06-30,2016-06-30,0,0.2251984467507078
163.55659503701867,159.69593061991827,8.370220460502582,2.5201451764379317,2.8978983733650745,13.067293806725928,COMPANY_158,2015-06-30,2016-06-30,0,0.03750563806089804
292.98291495194337,112.9749347057192,0.8725563288243463,2.0116277567236143,-1.0514445460166926,8.41104242278663,COMPANY_159,2015-06-30,2016-06-30,0,0.27978366977723723
95.89820433636723,150.57402266439632,9.320025289645585,4.562941112697091,5.412420520989374,3.273836069254619,COMPANY_160,2015-06-30,2016-06-30,0,0.021173020263218368
219.54807408187492,76.83140174163853,2.010815614179726,1.7455501646604514,2.6814226172196927,11.12397007793151,COMPANY_161,2015-06-30,2016-06-30,0,0.16181213957878643
212.86868431987025,154.77734869472104,5.144271588406116,2.192013265593934,4.021328108113078,6.715595810430162,COMPANY_162,2015-06-30,2016-06-30,0,0.07464995948000916
172.23317843254773,111.76428292820151,1.8475927502708234,1.6629151601857672,2.9582579851170774,10.482294844711323,COMPANY_163,2015-06-30,2016-06-30,0,0.11711694976391436
265.85549958592173,80.4633413739471,-2.3740813935408642,0.881925762591978,-2.6717923296670865,3.09456227988096,COMPANY_164,2015-06-30,2016-06-30,0,0.764252342460457
129.77492863666666,107.34039713717048,5.488429996412342,1.5256424301036138,4.3372218876575666,8.418420816777829,COMPANY_165,2015-06-30,2016-06-30,0,0.07007063906707826
149.87171085060154,163.74560800500365,10.14458642805364,4.248031994689295,5.30334256632961,19.447014434970832,COMPANY_166,2015-06-30,2016-06-30,0,0.01266242704837252
196.27749864289663,194.66858365036083,6.819932763453469,5.846241251167431,4.455361359860619,12.150842533550803,COMPANY_167,2015-06-30,2016-06-30,0,0.01949527619789653
256.12308958178,118.4437055359484,3.7516882879156634,0.8259673048880105,1.7549120225395898,1.0285030252589809,COMPANY_168,2015-06-30,2016-06-30,0,0.4646236132374799
213.75935015183418,172.8234527999172,6.85225223898756,5.059216329255458,2.0478666889339303,3.2072484930048706,COMPANY_169,2015-06-30,2016-06-30,0,0.05060274832596698
316.9864524636925,99.74357227966445,-2.7398711820904253,-1.2599058975162891,1.4749448694517184,3.26988095122047,COMPANY_170,2015-06-30,2016-06-30,1,0.7653908954639348
429.3230479314002,100.2899831042478,1.6882914497373465,-2.3592048528301635,-1.7998754073110281,-8.16199428040975,COMPANY_171,2015-06-30,2016-06-30,1,0.903247885470602
162.17782011756967,163.68736122783108,2.114010076990124,4.45149508778086,4.325388800655154,0.7033090923639209,COMPANY_172,2015-06-30,2016-06-30,0,0.06456966053737156
244.014338912294,159.00812112189675,1.5385389629528046,4.8214397108161045,3.7645887558680027,12.025607681968271,COMPANY_173,2015-06-30,2016-06-30,0,0.062240980532851896
70.53010369951207,243.30726981574995,5.566241338884618,5.670443347445268,7.225936400449031,22.60671305454239,COMPANY_174,2015-06-30,2016-06-30,0,0.004935232563873935
86.75990757220815,,14.821441667022063,7.68319185578652,6.929345998373892,16.464247602862816,COMPANY_175,2015-06-30,2016-06-30,0,0.001951956206258964
146.75668079239935,165.13468599474868,5.313741570168308,4.990791936052968,4.787373975030497,8.700788700698183,COMPANY_176,2015-06-30,2016-06-30,0,0.028304696865000742
112.11644542430754,189.82731365974615,9.647387944558021,4.2033643013815585,5.901706994697086,17.988282059518735,COMPANY_177,2015-06-30,2016-06-30,0,0.009760737900313508
143.32440591376152,157.7453542412989,15.309896317234099,4.040166937537309,2.8955529791209935,6.212810832563581,COMPANY_178,2015-06-30,2016-06-30,0,0.01785644506087965
131.2500358025228,150.02084556678403,10.068810665490815,5.351811294163463,5.428993623345931,7.234412726010817,COMPANY_179,2015-06-30,2016-06-30,0,0.016853699144856203
319.4963456646322,168.7445535949128,7.470218332359755,2.8024991789858555,1.93181254681958,5.066929808174988,COMPANY_180,2015-06-30,2016-06-30,0,0.0997102368523284
66.6801942460847,307.20544934273016,14.910468947435605,5.66547999561526,4.301540870449395,16.72242805272655,COMPANY_181,2015-06-30,2016-06-30,0,0.0023466262433472678
314.0322136462952,82.61948137006931,-3.391936550448043,0.5467443088093557,0.32022190381026183,4.449080240505777,COMPANY_182,2015-06-30,2016-06-30,1,0.7511587381199755
250.93187133365169,84.70883781384734,1.5897618910037172,2.1629434294750367,0.7137458696540984,2.049090148181145,COMPANY_183,2015-06-30,2016-06-30,0,0.26885400523653613
381.88055304830584,137.46227448120783,3.3128084801888757,0.1698503290547193,1.0133554720990232,1.8913228089989023,COMPANY_184,2015-06-30,2016-06-30,0,0.6138771133616454
186.51023967513657,105.4732899208971,2.065855151872176,-0.756641206766081,1.0954546550562863,1.2919588888794067,COMPANY_185,2015-06-30,2016-06-30,0,0.28489233130362207
142.25434928846377,207.40806051882905,10.448603643730618,1.3347585927902252,1.0445516704894469,5.7407402575655695,COMPANY_186,2015-06-30,2016-06-30,0,0.0432922765267393
233.16063315440982,113.4555967721434,-0.1379091467405762,2.2528763530027067,5.3270325581644675,5.679829907585208,COMPANY_187,2015-06-30,2016-06-30,0,0.14353248787420922
,112.94599500894726,4.184363477690322,2.30371513256725,3.867395909165281,3.6381420303731034,COMPANY_188,2015-06-30,2016-06-30,0,0.11068986958992631
176.89416036197437,164.64881765774803,-1.6669992102694753,2.611689209410436,1.5307942848073495,3.860130182381223,COMPANY_189,2015-06-30,2016-06-30,1,0.15422759173012626
83.66859854512599,191.1131721960983,9.524968438172142,4.7221449724283815,5.154967422217251,18.449813035491033,COMPANY_190,2015-06-30,2016-06-30,0,0.008568338427424485
101.5685700469469,198.61732736321244,12.885883914800608,2.91720084478282,5.716189748598867,8.491865214952579,COMPANY_191,2015-06-30,2016-06-30,0,0.012071874693390335
113.86091595640364,145.7989333595232,,3.1735009132047156,1.8501462851831343,11.239468414919841,COMPANY_192,2015-06-30,2016-06-30,0,0.039919406009303986
279.48682754272596,132.3272213671697,2.3054605862193642,2.687752530736754,0.7792455805137555,3.1701051264034383,COMPANY_193,2015-06-30,2016-06-30,1,0.19930062410907787
,108.31646436728253,-0.874361448141739,2.7600835781722215,0.6362240331046684,4.911431843732062,COMPANY_194,2015-06-30,2016-06-30,1,0.5376189442737904
358.5944916255935,110.17740481384685,5.6027738543176,1.2015245127710656,1.5575547353953265,6.573134304854703,COMPANY_195,2015-06-30,2016-06-30,0,0.46678145401153986
143.68921723151527,284.2724741720649,11.975821408340884,2.1041416179218406,6.360696473693579,11.943876819304325,COMPANY_196,2015-06-30,2016-06-30,0,0.008764486233376173
106.87073281736343,157.37695327000839,8.194419498527976,4.91782962629607,1.1266563186004759,5.23231310463158,COMPANY_197,2015-06-30,2016-06-30,0,0.03402897887902141
528.5338986148151,99.63939907979193,3.6813917529663476,0.0928568444542256,0.8964580690116905,9.821212338302486,COMPANY_198,2015-06-30,2016-06-30,1,0.72132073053534
141.4539878563959,125.67289145533833,7.656043110826506,1.2015559391908122,1.2125475566494983,11.785108137537389,COMPANY_199,2015-06-30,2016-06-30,0,0.07129163214330379
275.0603697716888,138.08329259888106,-1.0511654121962217,0.6831852903964312,2.7492923497588766,4.1308536450734055,COMPANY_200,2015-06-30,2016-06-30,0,0.5196737585760939
115.80777496239219,173.76456092574892,7.278555215346304,2.929057924456974,2.744743791422907,7.486236549524783,COMPANY_001,2016-06-30,2017-06-30,0,0.03756980279441639
186.89340927584234,112.14923947921575,-0.12513359748323083,3.0787841595862377,0.9326233784106264,7.955173242325832,COMPANY_002,2016-06-30,2017-06-30,0,0.15747835621927112
140.98827934178095,138.35628509201086,4.014714056869048,3.4428136177452573,3.346325504357679,10.786688382822033,COMPANY_003,2016-06-30,2017-06-30,0,0.05213433450150352
142.40197438828486,93.95725767871649,1.0014372811014534,4.861277903864136,3.6400389865633938,1.6935937211964927,COMPANY_004,2016-06-30,2017-06-30,1,0.09501721578671529
204.36713886343045,179.79738567343531,9.168396860965487,4.46388661405291,2.494053591150539,9.947452371429657,COMPANY_005,2016-06-30,2017-06-30,0,0.030506335366543357
389.1510554415448,105.66393916944263,-1.331514056956899,1.2276981239254166,1.3967858395312371,8.691812856001462,COMPANY_006,2016-06-30,2017-06-30,1,0.6546403165623474
72.26874154429838,194.02397376157475,10.123492415036438,4.809291547124894,6.317739889675703,10.762423126373779,COMPANY_007,2016-06-30,2017-06-30,0,0.008821381151604113
161.75955909619714,117.19608434437477,4.1547205455072405,,3.1703859434679154,11.37807151280255,COMPANY_008,2016-06-30,2017-06-30,0,0.08791504690457512
133.11765653253337,220.17536579165028,10.087810389040222,3.1969564367855017,4.547987275742631,10.429511732401037,COMPANY_009,2016-06-30,2017-06-30,0,0.01605177713072389
49.22483680025488,186.0463546670009,11.158773469746906,6.907250574885487,6.574908416493457,16.68213493486184,COMPANY_010,2016-06-30,2017-06-30,0,0.004010440702960283
196.9676091569092,141.65212825273903,10.75439881185684,3.673942864536397,2.62296772997282,6.152429511482081,COMPANY_011,2016-06-30,2017-06-30,0,0.04150122905052112
129.71362296770548,137.99896969381652,,3.5336321508649284,2.279099489099308,4.029106550850505,COMPANY_012,2016-06-30,2017-06-30,1,0.0716308038751333
95.01749448744457,211.18441918797396,6.4847651353924265,5.058294783545802,6.757100435866173,17.38749929898381,COMPANY_013,2016-06-30,2017-06-30,0,0.008728818347703261
96.94560098211734,241.497024071036,11.984660764402614,3.7989664898205717,4.353546995366034,8.287624797650508,COMPANY_014,2016-06-30,2017-06-30,0,0.01017685343870078
164.90494843149787,171.7986295415769,3.2827746096116197,4.142543030208801,2.134687302086058,7.9626116023899876,COMPANY_015,2016-06-30,2017-06-30,0,0.05733638269382863
166.44485698186136,131.85436486174396,3.7274328701642196,-1.3824095317968945,2.5199406060315,2.304535385860371,COMPANY_016,2016-06-30,2017-06-30,0,0.19406176541938053
129.72163547706185,165.6835948102401,11.236750780215983,4.921146598944552,3.326724500723198,,COMPANY_017,2016-06-30,2017-06-30,0,0.014486065047868073
127.34763385208701,204.22385701785078,13.879040230115546,3.1471994373774956,2.6756965344720443,20.2098806934859,COMPANY_018,2016-06-30,2017-06-30,0,0.010152495678410717
210.38167733027095,161.35524420605466,7.269038713837726,3.6461422198982723,2.5312686931665307,10.132968040207892,COMPANY_019,2016-06-30,2017-06-30,0,0.04747626191178251
107.10204727636388,226.49455742654467,8.758369426509603,4.32976644375235,3.381025533890554,13.141614992191041,COMPANY_020,2016-06-30,2017-06-30,0,0.013424721687844327
136.73784055499897,150.6675052213199,8.488797694352712,5.329826437633958,1.568061377142941,14.27624250188748,COMPANY_021,2016-06-30,2017-06-30,0,0.024020844317843536
150.75169832151892,254.47308270874018,6.011120530439749,3.033802900571002,5.560183918105687,17.378708058610677,COMPANY_022,2016-06-30,2017-06-30,0,0.014580266504020386
187.44156290760534,215.60819387682344,2.3989020375410632,1.933722701729998,2.5890995177723526,11.100893080282674,COMPANY_023,2016-06-30,2017-06-30,0,0.06497498902380727
155.64931789958376,218.63869987751394,6.58779749663621,2.4893097507845896,4.07477656827799,9.387242904401262,COMPANY_024,2016-06-30,2017-06-30,0,0.031051831253037766
113.56448657545499,174.72270925325407,6.653978635013102,2.9981647515105374,4.357024210658671,13.422344813508156,COMPANY_025,2016-06-30,2017-06-30,0,0.025608657705685264
348.464999177841,128.0027218507868,-0.2794625398148127,1.1285090206140675,-0.6826933506293494,1.6650097794460925,COMPANY_026,2016-06-30,2017-06-30,0,0.6869677455405225
61.95336461768986,269.93915219732617,10.853964993845098,4.263378872132994,6.12708638495701,18.234692221607773,COMPANY_027,2016-06-30,2017-06-30,0,0.004196645838585199
131.17189648192763,228.1608173102424,13.843734902718854,5.179298572201083,3.8103156085485743,14.65381586504371,COMPANY_028,2016-06-30,2017-06-30,0,0.00679793624466779
149.22903692592823,155.2098674604172,3.462517875614468,2.2619580001282573,1.229952303112732,7.011974082528497,COMPANY_029,2016-06-30,2017-06-30,0,0.09146969540786437
,189.64473922582306,14.560148969920139,6.026113382261714,7.322678347919156,21.18549894567248,COMPANY_030,2016-06-30,2017-06-30,0,0.0028485953837554157
,130.27947334184464,9.63088970596316,2.953457089127057,1.4091519384584617,9.708235960667743,COMPANY_031,2016-06-30,2017-06-30,0,0.04955711009223789
329.23969335380656,122.92090785602366,-3.83602777991379,-1.3463530493953735,1.1924450901398915,-0.4152863971562617,COMPANY_032,2016-06-30,2017-06-30,1,0.869766715960741
326.66760530021,120.05754791312188,-2.010714115840995,1.5343909086006149,0.6115997096639981,0.1948082144802199,COMPANY_033,2016-06-30,2017-06-30,0,0.4133877288803733
283.7772809277721,78.39339355125394,2.2267921730129494,3.189701141323879,0.6650129986264381,5.4916929276502575,COMPANY_034,2016-06-30,2017-06-30,0,0.22942762947204431
495.63809200784726,107.61985946588581,0.6305508625789369,0.9881686078943965,-1.460218741710704,2.7763620462561436,COMPANY_035,2016-06-30,2017-06-30,1,0.814584594863095
315.5667512628619,96.37118181158537,0.470944831327036,-2.104841908974085,2.147915636962886,6.71912191354914,COMPANY_036,2016-06-30,2017-06-30,0,0.6919607920441614
52.35937662449755,348.9580041749273,15.630506180397653,6.003083310901773,6.3225626008867755,22.154561375224525,COMPANY_037,2016-06-30,2017-06-30,0,0.0009550359330705502
234.11153246061457,108.45468090319763,1.5948334067052672,3.007412105236615,2.1701070019714823,8.380304804541238,COMPANY_038,2016-06-30,2017-06-30,0,0.14298391970052698
58.56770428449904,167.28799235252652,10.982770663478524,2.753160467716029,2.436442415061139,5.858017579724863,COMPANY_039,2016-06-30,2017-06-30,0,0.024843619714943126
147.16847376125162,126.00956136516143,-1.5133674607392251,-0.7709252833456,-0.17488685916553304,12.989042693202565,COMPANY_040,2016-06-30,2017-06-30,0,0.23942118502280474
232.55809790715767,191.45225346234767,-0.5138179834053709,1.275801450556934,3.1614592176200316,14.118460284853429,COMPANY_041,2016-06-30,2017-06-30,0,0.2648604796376244
108.12419960843451,212.54390630612,10.735902018753546,4.609208657038751,4.769474088810273,15.703616561026145,COMPANY_042,2016-06-30,2017-06-30,0,0.008779687983341387
230.48993608331108,130.7437609873978,5.490955163550099,3.7859259469546203,3.1336396328940523,6.964859555497761,COMPANY_043,2016-06-30,2017-06-30,0,0.07393924182326224
151.86280287575386,126.342180811879,10.984138166253274,1.0551967805501627,3.00563159239436,12.144634319740232,COMPANY_044,2016-06-30,2017-06-30,0,0.04455672603091589
196.89494162723622,88.657161303715,0.591514784195263,2.3992764555078376,2.6925330695235883,3.5903381117120663,COMPANY_045,2016-06-30,2017-06-30,1,0.18511014440318094
202.21234358325734,131.02656693997903,1.8159654356511492,2.4821442121316895,3.1514950992968664,6.422768792596906,COMPANY_046,2016-06-30,2017-06-30,0,0.11703808303424451
67.8944528544511,309.1848267219882,18.970838010696998,7.439613892303352,5.284877760011045,23.183112085749404,COMPANY_047,2016-06-30,2017-06-30,0,0.0007754779228812412
241.33201628260423,206.79475713762594,9.158936881058791,4.626411899526981,3.63497524243796,6.790136350422496,COMPANY_048,2016-06-30,2017-06-30,0,0.028975788775400867
208.39934247412296,93.55328524119388,7.8391159116507065,0.6119472920592943,1.5296260156968489,7.503302984406181,COMPANY_049,2016-06-30,2017-06-30,0,0.13176164755569797
179.33281794425923,150.51427924931232,6.496585642373149,1.2981024337895835,4.7442629905588385,5.998397355236347,COMPANY_050,2016-06-30,2017-06-30,0,0.0654781285705546
185.66463851390444,110.17623928393255,11.80715339350181,0.7683954852664381,2.977764790984908,6.858279266358128,COMPANY_051,2016-06-30,2017-06-30,0,0.06604522054208195
159.62492810867434,200.42955462532595,5.0073306824094965,3.042245489430129,3.226004872432516,5.592429775031362,COMPANY_052,2016-06-30,2017-06-30,0,0.04728004644159646
276.90968156731384,121.48844496441947,1.472227339247962,2.374076150982808,3.1728059461065863,0.048838483274490585,COMPANY_053,2016-06-30,2017-06-30,0,0.20447791463926648
276.3098135868636,88.00675825950401,1.0999240459802717,1.0060828964375281,0.13731371000167764,2.0014793693502577,COMPANY_054,2016-06-30,2017-06-30,1,0.6247067358392144
315.60937493625454,101.02038832317183,1.2316906500363314,1.874294933471557,-0.4520813136833105,-1.7252845679309097,COMPANY_055,2016-06-30,2017-06-30,0,0.3867567241118805
121.52694551971796,155.68059477446664,8.759042581185017,4.26643572223652,3.67747745295772,6.183671281546135,COMPANY_056,2016-06-30,2017-06-30,0,0.027639448698818916
188.43755843280414,146.27456938415125,1.795138460770108,1.9486167817410662,2.0808735547710695,4.637720345149677,COMPANY_057,2016-06-30,2017-06-30,0,0.13361397695932933
170.58096161926088,169.28594086336457,3.989945222054656,0.2689494129054748,4.636854190788215,9.788956788684326,COMPANY_058,2016-06-30,2017-06-30,0,0.07524509683567279
240.62811596852634,127.65139636005078,0.4088140756391697,1.2225193471278786,0.6415973893081784,9.000958731671663,COMPANY_059,2016-06-30,2017-06-30,0,0.45478365909711566
116.91185909632495,166.61637134163675,7.726755947847412,3.957984769761428,3.306677848707454,17.500941352713237,COMPANY_060,2016-06-30,2017-06-30,0,0.019957270856942988
114.72321451838121,144.00805386211002,4.096188404811367,6.360114354681658,2.288746265023864,17.434289943309842,COMPANY_061,2016-06-30,2017-06-30,0,0.023855029410759218
190.79276955161393,97.08889167278457,2.911075862499361,1.4270540758524661,2.6499634631070825,5.591658311367819,COMPANY_062,2016-06-30,2017-06-30,0,0.15590719249205592
399.81067108488725,105.44572437746777,,1.3228257218414308,-1.7939919228235404,-4.724016926521896,COMPANY_063,2016-06-30,2017-06-30,1,0.9146967007137774
71.99181178157332,233.4724018892259,12.123879014773191,4.864118118665439,5.4651671264657296,11.539718516030579,COMPANY_064,2016-06-30,2017-06-30,0,0.006070621770645759
398.336005148856,123.3390425348709,1.343688031136813,0.7166134916766108,1.5870106956588486,-1.5007616199964255,COMPANY_065,2016-06-30,2017-06-30,1,0.6855809035247803
351.4285110464293,88.18656848342745,0.6695426596549487,1.9561157246581753,-0.5196302630863527,0.8370820058300028,COMPANY_066,2016-06-30,2017-06-30,1,0.42712566570464355
142.05645258384592,187.83950219809432,4.311044336381456,5.341448652421626,4.786626893483707,16.93674623464436,COMPANY_067,2016-06-30,2017-06-30,0,0.018284614425030186
156.9726757116732,203.12068156952418,7.351598474711498,3.6460847687914515,4.233621451667037,2.9235023278704233,COMPANY_068,2016-06-30,2017-06-30,0,0.03269590241198255
459.39176645330946,46.41467748515086,-4.763570864081037,1.2645631427865185,0.0530196692442495,-6.424783243641743,COMPANY_069,2016-06-30,2017-06-30,1,0.946770486162003
642.9983189292673,56.31212445108843,-3.9219174539435695,0.5575458515693489,,3.9406327351412784,COMPANY_070,2016-06-30,2017-06-30,1,0.9287647063377732
,173.4753081232237,11.258814569654977,3.0163261482402786,4.633677862747761,13.213182238779781,COMPANY_071,2016-06-30,2017-06-30,0,0.01940587905754427
178.50498355663814,201.9396348038121,3.6286249295685806,0.9302557094575108,2.4200728337751802,2.7748453731886613,COMPANY_072,2016-06-30,2017-06-30,0,0.09891586876733043
111.46751342590785,254.68457137229888,11.529912132121774,5.538079033147679,4.912366771590978,16.09206100714704,COMPANY_073,2016-06-30,2017-06-30,0,0.005244853741431024
221.30137382537032,121.64144983790462,5.560058932714761,3.7160088309800132,-0.07092801451178055,2.965027651918623,COMPANY_074,2016-06-30,2017-06-30,0,0.12350813151778414
126.78465514379546,127.71753539762378,12.187074901191624,2.0592187101914226,2.4086497595880525,9.13536664218665,COMPANY_075,2016-06-30,2017-06-30,0,0.03615950104181752
104.90891331458408,128.02334129378713,7.991621770425502,3.951131197312855,1.5902532448106126,10.787175406801815,COMPANY_076,2016-06-30,2017-06-30,0,0.03692695128503987
178.3729161104092,249.89065845486866,10.15660880742367,5.624636881011179,5.978393214395135,13.50786230679782,COMPANY_077,2016-06-30,2017-06-30,0,0.007754713543757255
169.14746664446233,142.2216380487551,3.2458178235653383,3.224198033606031,2.792399688813509,8.09131305684036,COMPANY_078,2016-06-30,2017-06-30,0,0.07443914930607244
78.1580884273344,313.2292038690218,17.275519964469634,4.162315866042794,4.133150993090847,25.969502055743252,COMPANY_079,2016-06-30,2017-06-30,0,0.0017293653531431329
126.9147450439521,221.7027504319752,16.594760662152414,5.322830531074663,4.942763014205115,17.716289762671575,COMPANY_080,2016-06-30,2017-06-30,0,0.003982217698162365
84.66073935232004,209.9141573987178,13.913904730951472,6.189837941711032,8.555249661144511,,COMPANY_081,2016-06-30,2017-06-30,0,0.003302912898764327
77.50755851791001,215.632512409538,10.260704499474876,7.591456464608127,9.182068656400938,18.326115917524984,COMPANY_082,2016-06-30,2017-06-30,0,0.0024944478083839374
156.5759196580447,164.29513143354583,5.760692692467579,4.708746177212284,0.81705103543647,10.816632151705807,COMPANY_083,2016-06-30,2017-06-30,0,0.043362807719495966
340.2047679765845,88.47719716696326,-1.2172596629781056,3.045523209696843,3.0122789026455354,7.885452107480678,COMPANY_084,2016-06-30,2017-06-30,0,0.2585719992494058
86.98933693898405,282.0333924183562,16.87444298074139,4.123472558110723,5.674350398533051,17.903025219962586,COMPANY_085,2016-06-30,2017-06-30,0,0.0025965921867076806
179.47911996293465,99.93886003643884,7.242670919961938,1.1731579540815318,3.1868945972548737,8.693061458760669,COMPANY_086,2016-06-30,2017-06-30,0,0.08888692021738526
55.266559992390704,275.83873704434103,12.832124946290746,3.101457867547226,5.1926527144757335,13.225917271235975,COMPANY_087,2016-06-30,2017-06-30,0,0.005445008311933927
99.99519588729274,226.75737795441074,7.907452573682592,4.08938554413544,5.758079950488129,16.365836646711596,COMPANY_088,2016-06-30,2017-06-30,0,0.009824516876626988
227.24722568916687,155.72703220570506,5.128040947574913,,1.7892572640987834,7.34401751530222,COMPANY_089,2016-06-30,2017-06-30,0,0.08891550432494116
300.88106466675964,104.83039056756276,-2.0034147668348408,-0.8896001078358171,0.6262499676386969,7.379754050030623,COMPANY_090,2016-06-30,2017-06-30,0,0.7077892834759972
166.8634509223674,122.52530140594823,,2.6721672748787553,0.8657223435266566,10.55954794201175,COMPANY_091,2016-06-30,2017-06-30,0,0.06799715007338351
308.0383407349872,74.3197084521484,1.0502137761947947,0.2862619697235318,2.879315794123497,3.7203387777492423,COMPANY_092,2016-06-30,2017-06-30,0,0.6119117079902433
186.7819723867849,182.78178513386368,11.474268192800364,2.382295763900464,3.1017004926804037,12.879191484889258,COMPANY_093,2016-06-30,2017-06-30,0,0.02677427262748883
231.17768701518557,135.9446026229537,6.4683717967804215,0.008967138986828882,1.8112185505134588,9.403116341487248,COMPANY_094,2016-06-30,2017-06-30,0,0.3072773352263209
218.28714580961773,88.34964386438209,-0.7165301844339473,1.621123296418321,3.1438394610811935,2.7204878229329266,COMPANY_095,2016-06-30,2017-06-30,0,0.241737225409692
147.3031587764864,106.75967431410895,7.04243812947875,5.357747960863679,1.7347384643106598,12.1561026847948,COMPANY_096,2016-06-30,2017-06-30,0,0.03937713477643892
125.85859609547852,169.23452961980212,7.355376028239623,3.9298201162013187,6.605053490721868,16.194121857057645,COMPANY_097,2016-06-30,2017-06-30,0,0.015138657206208439
168.03591657575092,185.08574079409746,5.539849870495116,4.341606677312525,1.8179371272357827,7.983456005808556,COMPANY_098,2016-06-30,2017-06-30,0,0.04346606853091566
123.62946132193628,205.4502353949497,4.868352032683456,1.7630856841217888,2.796894940665072,13.909123626848988,COMPANY_099,2016-06-30,2017-06-30,0,0.038628649782510106
321.74205842779406,118.28775661582027,-0.06732770046881775,1.2060849199003947,-0.9045175569735842,1.7150943277098816,COMPANY_100,2016-06-30,2017-06-30,1,0.6741065093996566
326.4351094681768,96.56467536359918,-2.847895026889682,1.6920033636098661,0.9043729068253455,-0.6737736822248293,COMPANY_101,2016-06-30,2017-06-30,1,0.5854063849094812
220.55445750812115,195.86285050566218,1.5894500930909974,1.6524759889948522,0.3438383985674669,15.02217010593863,COMPANY_102,2016-06-30,2017-06-30,0,0.10233939383704414
97.52140491096382,157.21804875076415,13.711616373200664,4.647051850362927,5.926283487506051,10.377732459000747,COMPANY_103,2016-06-30,2017-06-30,0,0.009311804427452225
159.2610411311532,167.2111048451792,,3.908745593118493,1.7416798554500679,7.417695428704227,COMPANY_104,2016-06-30,2017-06-30,0,0.06473937843076434
112.12439783674137,116.83606337065098,3.0365575201252923,0.976415561743246,1.4908369867234867,12.437655833680017,COMPANY_105,2016-06-30,2017-06-30,0,0.10080281980238509
158.98362871147685,80.89364966978417,2.102300106031077,3.582835095682202,4.242446460190957,6.92244354442581,COMPANY_106,2016-06-30,2017-06-30,1,0.0935907782537154
107.99752825776646,245.60858159215786,9.9174354536041,4.671977779843683,3.130105353325147,9.042412202661517,COMPANY_107,2016-06-30,2017-06-30,0,0.012228645552157831
99.11277544976976,207.2865601479334,7.650170012685087,4.579593742693817,5.667517468066989,14.587002077897516,COMPANY_108,2016-06-30,2017-06-30,0,0.01120425337480719
105.21162628196393,150.82353857024665,6.0300383748682655,3.1327895189147137,1.9261471068974467,11.229625399344648,COMPANY_109,2016-06-30,2017-06-30,0,0.0426425869715598
179.7937774460612,,4.433340927907708,4.210181955438296,2.4687259215405297,3.5021803746009095,COMPANY_110,2016-06-30,2017-06-30,0,0.06543462411462243
227.22927723505646,175.99443073809985,7.754402823777031,-0.07607194396546157,5.2829761730750855,13.41209642570718,COMPANY_111,2016-06-30,2017-06-30,0,0.1468858249484134
133.21477519043862,152.18546855459726,10.505298419202735,1.2167062345595654,1.1852311006656808,14.097189867292975,COMPANY_112,2016-06-30,2017-06-30,0,0.04165022694389844
158.36408446066525,152.20714054426574,12.063740906253777,2.169883363376779,2.2826494409170603,10.31797775365246,COMPANY_113,2016-06-30,2017-06-30,1,0.03411272528037011
180.87352932409544,132.13092188038192,3.769003991030907,6.091556327629942,1.1622550161962213,,COMPANY_114,2016-06-30,2017-06-30,0,0.05334009304094069
177.6865258121404,138.6721481166162,0.9495883232324855,-0.507301800103809,2.904034249122114,5.091518323509126,COMPANY_115,2016-06-30,2017-06-30,0,0.18891492989323153
123.22356699606236,101.41798216240552,7.203099807222759,1.1356644559297386,,4.109187243226479,COMPANY_116,2016-06-30,2017-06-30,0,0.07277925532873404
239.09361607111683,122.9899603899023,-2.4713974238959215,0.06780704449199643,0.6139875748830704,-1.3224372459220777,COMPANY_117,2016-06-30,2017-06-30,1,0.7777475620086763
144.97222588184525,178.82861048234528,11.800951613934975,3.215017307334266,1.6519528768674627,9.059768506621964,COMPANY_118,2016-06-30,2017-06-30,0,0.026791696866239202
60.1349176449132,189.60653162212432,16.337150992947823,4.622892185698136,4.914053914835277,21.136469293508746,COMPANY_119,2016-06-30,2017-06-30,0,0.0037655808931747335
157.76454932529276,153.8785994017233,6.395308854622749,4.066771569869604,3.202637043824084,11.691444887527517,COMPANY_120,2016-06-30,2017-06-30,0,0.035717711087509686
268.5721935097347,133.15127861330467,4.32798878863348,4.299529352934073,1.1308628965015504,7.653131924198621,COMPANY_121,2016-06-30,2017-06-30,0,0.10403612638930801
215.73663247570713,122.3078130193192,9.513886034207129,4.165873126403495,-0.2743484117133126,18.58034940763997,COMPANY_122,2016-06-30,2017-06-30,1,0.04468350477850212
247.21540841002326,150.15142982103666,-2.150969782527998,1.7932453376683801,0.827258778240785,14.358603033634322,COMPANY_123,2016-06-30,2017-06-30,0,0.18643407017832295
229.97939572623977,119.92640923404055,3.8606345209732296,3.6566218736743963,-0.49331959317183505,-0.7940581158909801,COMPANY_124,2016-06-30,2017-06-30,0,0.17756458044787912
65.29402669104905,231.0684955270116,10.7671021872384,4.781775885191382,5.087925366662477,13.698802956099701,COMPANY_125,2016-06-30,2017-06-30,0,0.0066850910859692705
219.50598135029745,150.23961808149352,1.5943474647558165,4.404862021018824,3.8928665149766113,3.371364687290288,COMPANY_126,2016-06-30,2017-06-30,0,0.08645392000230667
72.10863343070079,120.97120578546901,7.8713924550918755,3.2590799133859703,4.997051557410315,24.6899724242692,COMPANY_127,2016-06-30,2017-06-30,0,0.0150915840884505
192.2733358503828,119.24605450683359,3.957705470552742,3.4925006700561205,2.340361204400084,12.284721132091562,COMPANY_128,2016-06-30,2017-06-30,0,0.07425897761156185
250.69204661658173,133.81132501363666,4.830406134053811,1.9350167213309808,2.5653318870955544,9.546070484745146,COMPANY_129,2016-06-30,2017-06-30,0,0.10898742494405428
98.52626373111072,179.02274669484737,11.164705250092426,6.004699257459361,4.475211975991027,17.179295623847104,COMPANY_130,2016-06-30,2017-06-30,0,0.0075281817020937634
242.03835423836557,107.15390391685985,8.640855926768268,1.1982892630428128,3.298102639981628,5.014979084270523,COMPANY_131,2016-06-30,2017-06-30,1,0.2629059472071135
158.82578849550777,165.28822837360946,15.373529907030768,4.4076682410465144,3.09676524676474,14.959347188896192,COMPANY_132,2016-06-30,2017-06-30,0,0.011691356795216757
81.6184083954442,256.9888916940562,8.756818518257319,4.935751862066049,7.340562306147289,19.82591959787547,COMPANY_133,2016-06-30,2017-06-30,0,0.0043488687861771395
39.70304350767121,343.98169276891895,16.854426046209255,6.471034775249883,5.932486967913948,18.67785227174085,COMPANY_134,2016-06-30,2017-06-30,0,0.0009162365078474015
178.08172460568827,147.1564193604471,-1.0479822585011322,0.9959666717908402,3.9436068980680368,0.07996322656470767,COMPANY_135,2016-06-30,2017-06-30,0,0.18219911692873816
56.961059657095745,289.3291081756608,13.761316412306071,,6.75427588290193,20.751464232625807,COMPANY_136,2016-06-30,2017-06-30,0,0.0014523825812233096
86.72124921753235,213.5184913003041,16.13005888055632,5.232478728230573,5.672442109591202,12.330636694477771,COMPANY_137,2016-06-30,2017-06-30,0,0.004307861378293287
402.50868745271407,,4.247931848660875,2.881223790633315,1.9751866323893212,3.0261702121240432,COMPANY_138,2016-06-30,2017-06-30,0,0.23356698685120444
351.164675551853,75.40099495491127,-3.737920093676333,-1.4529819909139916,-2.739298711371405,-2.003036622747647,COMPANY_139,2016-06-30,2017-06-30,1,0.9435566438952845
103.25517069619845,192.04620280839495,11.550924249593264,3.5133508176934103,3.809883350372261,16.68239521785948,COMPANY_140,2016-06-30,2017-06-30,0,0.0117598573303879
70.40708710900182,286.9154368330372,5.290959842770414,4.863563984084283,3.617102235001387,19.369915011539117,COMPANY_141,2016-06-30,2017-06-30,0,0.007897731392206616
86.59395699847701,183.73896731095198,6.263918214171262,3.5774221002829742,1.7687281718447494,13.262338250985234,COMPANY_142,2016-06-30,2017-06-30,0,0.027946287836948826
93.73339080320845,173.8900756819555,5.3568797588526085,5.096081557969823,7.568318437148854,12.997861515598126,COMPANY_143,2016-06-30,2017-06-30,0,0.013002803380205555
231.00166900184226,,-0.43097866117518935,4.2785440167780155,0.7346546500452841,3.8879149807157334,COMPANY_144,2016-06-30,2017-06-30,0,0.18663935261348696
73.01408714534067,192.4324470455193,16.40351949682115,4.933583967726507,6.706425754360522,10.308739474528558,COMPANY_145,2016-06-30,2017-06-30,0,0.004550052522913812
186.3144919821386,94.6989366924393,6.1493853263066445,-1.3642065932672356,1.4340344955832798,4.970736775057104,COMPANY_146,2016-06-30,2017-06-30,1,0.20697928816443806
80.69866507680146,182.0932960707519,13.576426383405572,5.74742905045206,6.440978328612429,20.147221069546784,COMPANY_147,2016-06-30,2017-06-30,0,0.003986880930424255
93.62976270129434,215.59466529941736,9.430988074246947,4.431398793666154,5.130259923240014,21.069353644999357,COMPANY_148,2016-06-30,2017-06-30,0,0.007404723714437463
82.50018593297332,333.34388741728554,18.764821194546343,7.931445981139465,7.845984413465879,20.87785177937223,COMPANY_149,2016-06-30,2017-06-30,0,0.0005360016476253996
121.32073529415983,155.41196664810684,10.090943911275756,4.787210715757275,5.286658197720005,13.891528337455949,COMPANY_150,2016-06-30,2017-06-30,0,0.01354578751353407
182.17739193733044,138.9725277059983,8.038398140035008,1.2647631236926609,3.3236531477788276,7.689424732783724,COMPANY_151,2016-06-30,2017-06-30,0,0.06767036196681313
78.02735381964041,226.1630905470393,7.269959836445243,6.485592349727669,5.1526567216329475,17.783371446536673,COMPANY_152,2016-06-30,2017-06-30,0,0.006375319144314634
432.8424987965292,101.03748246599638,-3.31178357290234,0.6542993172145413,2.926601706761799,3.3503129480772964,COMPANY_153,2016-06-30,2017-06-30,1,0.7637490822538284
100.66640028301285,247.08220747084354,,3.3426514088420674,6.351415017368462,12.685801628774183,COMPANY_154,2016-06-30,2017-06-30,0,0.010706452822463306
117.89238781182813,129.12095368749704,8.957748396168114,2.6383899520371257,4.7228630486746965,6.32811716648827,COMPANY_155,2016-06-30,2017-06-30,0,0.036484204982858696
173.7000504318988,135.56518774574124,7.391890356404887,0.869579561706401,1.3918310448986246,3.3173522266718787,COMPANY_156,2016-06-30,2017-06-30,0,0.1096795915745773
106.0310640078972,179.91329519134675,11.420430724044834,3.305689760455066,5.22682942866245,,COMPANY_157,2016-06-30,2017-06-30,0,0.01603152660625704
152.6329594368665,126.07116541671195,0.5411426135592974,1.3493202622685636,3.6922861974205934,4.850278794368627,COMPANY_158,2016-06-30,2017-06-30,0,0.13470625048137888
324.1899690469974,135.61574000660812,1.6998164175594996,2.3007498627527347,0.41611816588442396,-2.959093057168742,COMPANY_159,2016-06-30,2017-06-30,0,0.3073321219606015
358.83837034396754,107.38695112923722,4.207929277711961,-0.5067130030537865,1.0099037901918955,8.764651502318294,COMPANY_160,2016-06-30,2017-06-30,0,0.5768053621832309
184.2342531162678,148.33213928642962,-0.44544270589387525,0.9186558465387782,2.7249303710978694,6.016628988327324,COMPANY_161,2016-06-30,2017-06-30,0,0.164994467284536
190.11714360342424,195.38640259257284,2.54545749729044,4.03559414142549,1.5767197070839063,6.700930682758122,COMPANY_162,2016-06-30,2017-06-30,0,0.06722955782442579
114.75485174183423,236.64567168595522,9.284844271432906,5.155465007342986,,7.885013130027103,COMPANY_163,2016-06-30,2017-06-30,0,0.012533084086305622
174.53127588793217,156.34879185029138,9.660638402228507,2.2685276588252177,1.8147542946695776,4.453652686643711,COMPANY_164,2016-06-30,2017-06-30,0,0.057851523646650804
295.6483242657241,112.88023335046061,0.8786470603326793,-0.18857936147717136,1.4237254055448931,2.1752035491666892,COMPANY_165,2016-06-30,2017-06-30,0,0.6256350957311856
122.17483807146318,230.87697421688475,,2.8474167978176963,6.333167682275716,15.617996581240295,COMPANY_166,2016-06-30,2017-06-30,0,0.005487302194577389
125.10526428794243,199.77719307236066,3.5158069127125393,0.4305399097610447,4.6125753203751465,12.488401146901332,COMPANY_167,2016-06-30,2017-06-30,0,0.04924890987104057
136.7474647178608,155.58133630796596,-0.4437777222421362,3.1834314408966105,4.043490246306558,5.000218157854131,COMPANY_168,2016-06-30,2017-06-30,0,0.08468222319932733
294.60192178010743,115.33292678486995,7.830198569332104,1.7602443621660648,1.5753758584487796,5.918588491258735,COMPANY_169,2016-06-30,2017-06-30,1,0.13952480878441959
188.3136070945696,129.78281368372546,6.566666678523448,3.850812908218935,1.1531103964343026,6.959636550945779,COMPANY_170,2016-06-30,2017-06-30,0,0.07096140435816063
213.57458873718602,137.05573840108255,0.9901757860849235,3.018959331272664,-1.6753710976200322,-0.34337643580735877,COMPANY_171,2016-06-30,2017-06-30,0,0.23582861712558725
151.88786240586026,153.79299264289614,1.3079947592600143,1.5938262151299614,1.5058980355183793,14.913754052507995,COMPANY_172,2016-06-30,2017-06-30,0,0.09194180651590567
116.72686213469704,161.12284849396144,9.11801769331863,2.017830403618522,1.7075977142849053,12.404807187212134,COMPANY_173,2016-06-30,2017-06-30,0,0.03711385241530758
124.54606131270677,179.24056350779958,2.1181725032003618,2.067768810198573,,12.358851343431263,COMPANY_174,2016-06-30,2017-06-30,0,0.05776628094475262
220.37223014995155,110.33768271978965,,4.057300778844304,2.5342765102431177,11.426801708435889,COMPANY_175,2016-06-30,2017-06-30,0,0.04904121457024411
147.14973539261356,132.7307206109518,9.218894611982085,0.2848788584282498,3.3808926090304787,6.065260714999997,COMPANY_176,2016-06-30,2017-06-30,0,0.06854415954839667
75.65976968206637,317.14048272985167,8.051754174322012,3.9066073539975648,4.979711091220096,16.941605345531784,COMPANY_177,2016-06-30,2017-06-30,0,0.005687401916284483
201.14942893487856,130.79824723562095,7.581004296162691,0.3700786133574323,1.373128958960211,1.4353570639496014,COMPANY_178,2016-06-30,2017-06-30,0,0.1409894540475399
66.59172328490658,155.6150077914186,10.196030532090997,5.413430291040979,6.932173567547256,17.45746096187176,COMPANY_179,2016-06-30,2017-06-30,0,0.006884989128556739
266.47974606565316,140.25059517767022,6.731209324097603,0.398007802344577,2.594675984404833,12.686393791555494,COMPANY_180,2016-06-30,2017-06-30,0,0.26519031543812865
99.35446883098591,138.1071830697191,3.7069160788964686,3.472571136168173,3.85767031024243,13.095273303774349,COMPANY_181,2016-06-30,2017-06-30,1,0.039403075919130136
135.2399280273676,124.59676981105224,6.396376869111053,5.434422957211995,2.7817300049370974,10.59727337837548,COMPANY_182,2016-06-30,2017-06-30,0,0.03349943657097636
301.42257026855475,110.5614793661545,6.4388112791473375,3.499739832861046,3.0050009269405242,6.205187990434543,COMPANY_183,2016-06-30,2017-06-30,0,0.10713740564476162
131.87692503752663,201.2457995331487,8.240345461674375,3.5608993127569932,5.0524398301848565,8.503518117021944,COMPANY_184,2016-06-30,2017-06-30,0,0.020404245008266635
150.22124299949093,166.6919364575487,7.493390751723061,1.9000785034405943,4.133971599180423,5.06086917982965,COMPANY_185,2016-06-30,2017-06-30,0,0.04884006649855277
207.74962019855442,227.99663596194662,2.469389838103976,4.301905922724853,3.0611331078434567,18.57136824540486,COMPANY_186,2016-06-30,2017-06-30,0,0.030814995224244135
296.83320979635056,84.28556577170347,3.368898889848709,1.8419766073986734,3.6927625439100344,-3.680458519017549e-05,COMPANY_187,2016-06-30,2017-06-30,0,0.22970878912236248
108.76241741334518,156.55638863204064,8.751740226396256,4.867736915977806,3.6399260033949785,12.614397248440447,COMPANY_188,2016-06-30,2017-06-30,0,0.018396584690150146
127.95080206637998,120.06277869289958,5.26951335467446,2.770677395961335,2.3860293012288745,10.674594770432691,COMPANY_189,2016-06-30,2017-06-30,0,0.06136690164652706
105.95228257371252,153.9125579648244,3.9989160297869217,3.0787508478200776,1.7828145229572434,14.079488738787742,COMPANY_190,2016-06-30,2017-06-30,0,0.04693809447703052
91.58755363225393,190.48158164466935,8.149202422005875,3.1868798318494953,2.7980937849923913,4.50027528805326,COMPANY_191,2016-06-30,2017-06-30,0,0.03044604121789595
146.66011605932852,164.7132035772148,5.993673229065162,3.0561999104637634,4.161460521906153,2.626467418135519,COMPANY_192,2016-06-30,2017-06-30,0,0.05042363100769282
178.00574741503925,166.6649190078419,0.2016366746724083,4.068783705088894,1.562603301651516,9.163082807867868,COMPANY_193,2016-06-30,2017-06-30,0,0.08513432349523199
492.4589166728407,116.55634058305304,-6.162419107914143,1.2135672198448038,0.6038224534164118,0.8689032794977875,COMPANY_194,2016-06-30,2017-06-30,1,0.8677354276557296
240.81607046506764,120.15092789735894,7.953211039156956,1.567983697726671,2.7247203810276104,10.144277460013374,COMPANY_195,2016-06-30,2017-06-30,0,0.0872298904815818
181.72029634220357,130.9901926326346,1.521687489885044,4.739635485592515,-0.10451398669917777,8.792295937409511,COMPANY_196,2016-06-30,2017-06-30,0,0.10124080380770623
235.98567226459252,101.61224440921505,-1.5423798189487692,2.952767328267586,-0.16569632890045827,4.679475523090358,COMPANY_197,2016-06-30,2017-06-30,0,0.27085551673067915
546.6184288787252,87.26919054125958,1.7371894174814666,1.4365400702944524,-0.11933509041057411,-2.704742520734455,COMPANY_198,2016-06-30,2017-06-30,1,0.8419850126949631
181.32687948493327,177.2422540949759,8.143387599608683,2.9968503380976426,2.1605374792939744,0.8886348522684475,COMPANY_199,2016-06-30,2017-06-30,0,0.05914885429037281
238.484961524316,108.41690407124923,1.6775659573684782,2.4950572658830295,2.8457515290094513,6.843593636847283,COMPANY_200,2016-06-30,2017-06-30,0,0.153337287714331
204.88934894792953,94.29432621584753,5.574134582827849,1.0560893084792669,-0.6122407120543953,0.29247026116715524,COMPANY_001,2017-06-30,2018-06-30,0,0.22935655270764588
179.07684561038815,115.11186392040062,7.20036629857365,3.570857359621268,0.6025644485459254,11.708570913944692,COMPANY_002,2017-06-30,2018-06-30,0,0.06550955905301727
196.34658658837049,123.36492366642815,2.8811420770109866,3.968989604218038,4.767380301213471,12.045222047795583,COMPANY_003,2017-06-30,2018-06-30,0,0.05779993140462741
76.28018115114774,,11.174658243372974,,5.165347528739795,11.026270026520425,COMPANY_004,2017-06-30,2018-06-30,0,0.011248371292190305
130.02547415452972,212.04152671065359,9.691477944874936,4.464133150834013,7.286704577369048,5.52775182794796,COMPANY_005,2017-06-30,2018-06-30,0,0.01212419854348679
86.85181628750625,195.3995598108028,11.254404700067322,3.3043470652156777,5.306095798702765,7.749040940521809,COMPANY_006,2017-06-30,2018-06-30,0,0.01376309080629821
147.79710786488295,174.56800863340453,1.9889716350426045,2.7854583733368963,3.6687026038032435,10.989221873705697,COMPANY_007,2017-06-30,2018-06-30,0,0.05644901935051103
108.90582926489155,227.40519506853556,12.042527767585613,6.511933772326628,5.397402092380581,13.38191512259042,COMPANY_008,2017-06-30,2018-06-30,0,0.005126596207101606
364.00377040443004,100.05568108881248,2.8062187835109977,1.6702267055651894,1.024131769104895,5.3720408616009045,COMPANY_009,2017-06-30,2018-06-30,0,0.3008277829175741
246.2248032359388,109.92383124106998,5.101792989018197,3.279406866077829,0.42596351180938763,1.8466799338299937,COMPANY_010,2017-06-30,2018-06-30,0,0.15708234314143252
84.23934058174777,186.2285830062746,12.634592810456507,2.4768423197387293,3.632029953178576,15.782334981669418,COMPANY_011,2017-06-30,2018-06-30,0,0.012908942191656307
216.28943608726888,129.25931623027506,3.929166354009065,2.5382125811642506,0.6578183192722844,8.813835636598128,COMPANY_012,2017-06-30,2018-06-30,0,0.12220805102520933
120.64105353674333,162.02852403528507,4.5837669106787775,3.212981995020124,2.2971529004180873,10.74268976853,COMPANY_013,2017-06-30,2018-06-30,0,0.046900707856483835
203.69667725974512,208.9188964832314,10.535867361499431,3.989225518610808,3.253472348275699,8.410751097545006,COMPANY_014,2017-06-30,2018-06-30,0,0.02372486657424127
67.03292323752204,215.42114123879648,12.550423215406477,6.009140932241929,5.810380648903004,15.022858860798378,COMPANY_015,2017-06-30,2018-06-30,0,0.004323991938558856
327.49543678975266,109.83286027050649,-1.3709248835875698,1.1433434179855342,1.9021595653628172,2.433034432775234,COMPANY_016,2017-06-30,2018-06-30,1,0.6403065104705317
103.49049295111935,154.4891144935428,8.298882200820618,5.082435020108866,5.603510327597094,10.858109381346539,COMPANY_017,2017-06-30,2018-06-30,0,0.01560486190272265
385.6718797023241,114.55206321671098,2.422213286595323,2.4414849745835805,1.9286897358113553,4.069713879486981,COMPANY_018,2017-06-30,2018-06-30,0,0.2688343190905294
256.33701396522486,132.92825745974895,-2.2466669080434425,0.6023792515251192,-0.008011998581620272,,COMPANY_019,2017-06-30,2018-06-30,1,0.6176441987022406
141.52599427319115,111.33905288660239,7.194428516182576,4.204152644369207,1.2715081322018797,11.778042196754358,COMPANY_020,2017-06-30,2018-06-30,0,0.04825382249806312
107.46122871557799,212.6679242984189,10.104735555215884,6.578962395982982,6.060976670971046,19.10049132585023,COMPANY_021,2017-06-30,2018-06-30,0,0.00490693736102514
212.99000681266153,120.0319402183087,,3.0510647565694167,4.021045764530488,-5.489561690706481,COMPANY_022,2017-06-30,2018-06-30,0,0.11735559935617919
198.25341754460226,134.7720376375346,8.2822702058292,1.6404075421355055,1.5558468284059563,10.185271669833089,COMPANY_023,2017-06-30,2018-06-30,1,0.07493579816537513
57.12635602396034,361.8356069363313,17.59171822189947,5.421201366044115,6.969360255019756,23.7747994132275,COMPANY_024,2017-06-30,2018-06-30,0,0.0007133594645376864
64.56343474060905,171.35509652742041,3.318264667211823,4.958354573066357,4.68801545641749,8.204379665495486,COMPANY_025,2017-06-30,2018-06-30,0,0.024966323065938583
186.2499318347326,121.1438790352747,7.335596022856706,2.625531426739885,1.17432189372865,-1.347443460192216,COMPANY_026,2017-06-30,2018-06-30,0,0.11354413780083512
117.00433306679597,180.57427766746804,8.892540602637295,5.474584806633718,2.750735062468788,17.65236951706846,COMPANY_027,2017-06-30,2018-06-30,0,0.013304086621079219
102.79268191735241,207.01312351110045,8.325657941968789,3.1934086334812166,4.344180699207831,13.655830867733414,COMPANY_028,2017-06-30,2018-06-30,0,0.01653142971255646
336.51756605077975,67.60078887222981,3.6214729567960466,-1.1257671075324363,-1.4496973851635282,4.327541340043204,COMPANY_029,2017-06-30,2018-06-30,1,0.7506006540391928
101.53792550884414,196.68885837061177,13.757572696211705,6.3870539266260495,7.113394507514136,17.79341006877641,COMPANY_030,2017-06-30,2018-06-30,0,0.00352356521828824
458.71511312852755,134.50138965660759,4.182111944747096,,0.8327070494841364,-6.182571063748918,COMPANY_031,2017-06-30,2018-06-30,0,0.3829871022457294
109.45239743179373,150.720112037168,6.832777612417786,3.9932250107752014,2.3496242647840013,12.221365729634014,COMPANY_032,2017-06-30,2018-06-30,0,0.03169528523562601
195.85017061458487,132.93952139916126,8.960057420461673,3.268732386363126,3.4669835394007453,11.915850194476393,COMPANY_033,2017-06-30,2018-06-30,0,0.04026069335402523
284.62242607178274,144.53378921882575,2.1719446177344515,2.6490889574508705,1.9178007328066826,15.762050262586945,COMPANY_034,2017-06-30,2018-06-30,0,0.11270921213131366
349.9034051062288,87.66807617724506,0.9637565326183377,0.5951578794161668,-0.27227701904589074,6.81966633083931,COMPANY_035,2017-06-30,2018-06-30,1,0.6791760148898014
537.0835023340178,91.36202521047807,-1.0435033982231818,-3.239524784644035,-1.6374620681128325,3.6772245698663193,COMPANY_036,2017-06-30,2018-06-30,1,0.9344431524054924
145.62897271793724,235.81052687177458,15.929614823088798,5.523348161523133,5.019661456789038,14.610175653911996,COMPANY_037,2017-06-30,2018-06-30,0,0.0045581139133894135
143.688428382093,174.2993811949182,9.807379872750044,4.001675405096111,4.602349883648519,10.62776548690807,COMPANY_038,2017-06-30,2018-06-30,0,0.019275159456592677
141.5507830167226,191.0740238157537,6.748694546428945,5.798784933220217,2.427079458532382,9.03649564885702,COMPANY_039,2017-06-30,2018-06-30,0,0.023394059440750816
136.9927538810187,126.64537207709014,6.75782668787949,4.7358126852989555,3.667578148535781,12.17610322825509,COMPANY_040,2017-06-30,2018-06-30,0,0.030849969273141323
438.93064168317625,162.27336959445378,4.816446700514719,1.5427670236225706,0.99336784847779,7.467296052245103,COMPANY_041,2017-06-30,2018-06-30,0,0.2359242113325736
73.5061583026056,209.22206603696526,8.471848041336232,5.801143920895058,6.474283630463101,22.29044533757599,COMPANY_042,2017-06-30,2018-06-30,0,0.004960724937146943
117.80307549261225,136.56508118476256,0.05217145611794294,3.324873335506208,5.692969985651375,-0.8057068613068985,COMPANY_043,2017-06-30,2018-06-30,0,0.08449367023699123
131.18081554582935,163.14944833411298,7.689383665018919,,3.9370277966412717,3.0044270723080695,COMPANY_044,2017-06-30,2018-06-30,1,0.051783060957789374
378.49379999603076,,-0.7898325462643094,-1.6934791010506673,4.071622092932149,1.0741214827306145,COMPANY_045,2017-06-30,2018-06-30,0,0.7722178885776341
178.80580089426377,153.6543169913598,0.6758367824242253,1.5749848813010305,1.0919540528098441,3.615636609189022,COMPANY_046,2017-06-30,2018-06-30,0,0.1661110629469945
79.2621073384139,263.98207202423197,12.92489713919127,,4.690333841738306,16.326371066880036,COMPANY_047,2017-06-30,2018-06-30,0,0.00838341512875899
113.21455281826448,208.22116046632397,6.388422056926233,3.244997683597103,5.30303946208356,21.71325719513386,COMPANY_048,2017-06-30,2018-06-30,0,0.013330170182924334
184.2409525144468,119.25917580633029,4.369814588370657,4.022506225770464,1.4288222756572218,4.7205217129146595,COMPANY_049,2017-06-30,2018-06-30,0,0.09280108833385009
112.38689366212515,208.63292388624748,14.688479691614175,5.44776538787732,4.633589069527348,15.49725325730672,COMPANY_050,2017-06-30,2018-06-30,0,0.005444897749735376
107.46388983973434,119.9414211554705,12.638339693155352,3.206160842181282,4.747404105561732,12.024700229762612,COMPANY_051,2017-06-30,2018-06-30,0,0.018680600919718682
352.43084395833625,141.0149715448557,5.5112720603990875,2.1922557521054644,3.6807648162975117,8.435276324568676,COMPANY_052,2017-06-30,2018-06-30,0,0.12551580592419406
162.5342819428859,173.20913257272775,7.744676842239829,4.154500128933753,3.4981730554525656,11.587081451620989,COMPANY_053,2017-06-30,2018-06-30,0,0.027260981290514675
286.7015543273234,93.45540565541627,-3.8770357213056297,0.3842743640610829,-2.1324664021658077,2.522520924807198,COMPANY_054,2017-06-30,2018-06-30,0,0.7989272490056643
206.62056526554986,88.1809344660145,-6.000972194413781,1.440090204022555,3.3541974841453372,1.7915971089650287,COMPANY_055,2017-06-30,2018-06-30,0,0.3507167953315194
161.12210292386544,139.53238909256825,12.466633652897462,3.486411399938435,2.860260398365373,11.998129739242756,COMPANY_056,2017-06-30,2018-06-30,0,0.024841611496935038
243.50929458861944,106.34127375561317,-1.7875892355589018,1.1569994697187802,1.614805144740193,4.842678287338577,COMPANY_057,2017-06-30,2018-06-30,0,0.5594683847866045
120.22686168448567,219.15658632441563,13.845285798082692,4.8769083449591735,3.664297657701977,5.7666301913151345,COMPANY_058,2017-06-30,2018-06-30,0,0.010490024590270127
244.07528551832237,89.34796201076448,3.483385981646501,1.702233389836948,4.102269685518552,6.773105079447187,COMPANY_059,2017-06-30,2018-06-30,0,0.1470756465565929
388.40548915496385,93.36707552041533,-2.8494085912759557,1.5765967551261717,2.3574785593103194,5.228561097566452,COMPANY_060,2017-06-30,2018-06-30,1,0.43107490240092655
186.85490202879495,110.79463934894709,-1.5370454106714608,1.2909224170504532,4.697240594292909,1.1955369991029556,COMPANY_061,2017-06-30,2018-06-30,0,0.19980715583535683
66.55838790255814,149.85504004886164,1.9744978829427495,5.21549154778935,4.758168629330287,21.24403243232831,COMPANY_062,2017-06-30,2018-06-30,0,0.018526070623451286
195.72185553963988,182.6986498039977,8.020188745460045,2.9207000968820513,2.2471654691518252,1.2965990555110878,COMPANY_063,2017-06-30,2018-06-30,0,0.060507461593909066
118.37649674653193,170.08878174139215,10.742547916315916,5.078096932742606,2.4512422497660324,8.888869432799183,COMPANY_064,2017-06-30,2018-06-30,0,0.018614165909692743
239.15061975867602,160.35977147869076,0.055560097612440185,2.144783827834969,2.2190344816245506,0.9459168024731031,COMPANY_065,2017-06-30,2018-06-30,0,0.18523203896388948
142.4525290829319,180.6637474019094,11.499010928451098,2.1793133251430477,3.4984467397144163,8.957104289040059,COMPANY_066,2017-06-30,2018-06-30,0,0.02622549738685539
426.18153792741015,122.46405308073429,,1.6090853676565797,-0.2725557651318078,4.345650669021561,COMPANY_067,2017-06-30,2018-06-30,0,0.3963138398850987
99.61044788445655,181.11885889263502,14.938122627639917,7.692089694366426,4.045675262430024,8.719771906678577,COMPANY_068,2017-06-30,2018-06-30,0,0.005591326652418246
,119.67812223402338,12.192426979909355,5.679665918383186,5.082393371069486,9.337420459156283,COMPANY_069,2017-06-30,2018-06-30,0,0.011885366461255688
281.4082520514244,87.91647045352536,-1.5818919873896768,2.0166761999207554,0.37389663501081327,4.15707447041284,COMPANY_070,2017-06-30,2018-06-30,0,0.3548405626188566
279.87663113447167,104.21355149931767,4.272896010307392,2.942445825884127,1.9047748929686772,9.380847329837477,COMPANY_071,2017-06-30,2018-06-30,0,0.13628300568574664
140.7496783261701,273.7987061806102,9.798183914471597,2.9474369868963013,4.812606868520193,14.348040767722019,COMPANY_072,2017-06-30,2018-06-30,0,0.010754853554866928
164.77439633677585,284.3275263389867,11.419508992244788,3.3034153767198235,6.400655051178984,16.952404286284782,COMPANY_073,2017-06-30,2018-06-30,0,0.0066292780861553135
322.7116683884176,96.45879218012847,1.843854315865359,-1.245562714851634,-1.8003014767723389,-2.155045287683828,COMPANY_074,2017-06-30,2018-06-30,1,0.7980494610855731
72.81612065730928,214.8399824151637,11.633290082691662,3.5165955146293784,5.56032748461878,3.361083320288863,COMPANY_075,2017-06-30,2018-06-30,0,0.012422148969091329
,146.8428691085436,3.3109672582015723,3.7391569551428807,0.32284500599824684,1.4227045764133308,COMPANY_076,2017-06-30,2018-06-30,0,0.15150057039435558
108.33687557415043,171.88765957150653,7.52223462915973,3.7644284407179662,4.913399289392977,12.30469435098465,COMPANY_077,2017-06-30,2018-06-30,0,0.020043667841761422
226.72739744317136,97.34279597954537,5.940310714184472,-1.579521705427532,0.5997941897181378,8.632464781149624,COMPANY_078,2017-06-30,2018-06-30,0,0.47897783914828845
53.67388821790313,292.9520596037064,16.75122828160143,6.098481576132691,9.653889316462504,25.289679869722512,COMPANY_079,2017-06-30,2018-06-30,0,0.0006984695713996877
68.07631483408252,182.79064108903097,15.617252222463705,7.687504771281289,4.770932407327128,30.925000465853454,COMPANY_080,2017-06-30,2018-06-30,0,0.0017273696878829918
85.19672607735264,210.999167415263,7.716640865974272,5.7242695969092106,4.998514955669313,14.124646992261104,COMPANY_081,2017-06-30,2018-06-30,0,0.009266421441961888
299.74522447150053,143.00291553183257,7.190679215060359,4.234970156259593,,7.891486690762989,COMPANY_082,2017-06-30,2018-06-30,0,0.07540462316607725
193.82007253336033,126.59589904672515,-2.0489654604874055,2.081188564130168,0.9576220282337132,-0.598481124445144,COMPANY_083,2017-06-30,2018-06-30,1,0.37168663793695167
111.89538238294305,200.23978810457007,7.895311007078767,3.6494808919543984,-0.906294416919867,10.204390353576983,COMPANY_084,2017-06-30,2018-06-30,0,0.036273673008753685
176.24498233545185,174.4359013058894,7.3171350179662795,2.5370350766682233,4.785915551169863,8.542320455617132,COMPANY_085,2017-06-30,2018-06-30,0,0.038198274499383206
151.89128518721006,135.4503467288816,12.654511456106139,2.64248316342786,2.2297495664789753,14.410677462991035,COMPANY_086,2017-06-30,2018-06-30,0,0.02737862964123777
91.83400049418023,171.52593033157515,9.937903798486063,5.512102350689058,5.253770314872784,13.566982663466899,COMPANY_087,2017-06-30,2018-06-30,0,0.009942740156760487
303.0517810765899,119.42283038728117,-0.6036627564390713,2.161310571250288,1.6131443850463372,8.773378634240865,COMPANY_088,2017-06-30,2018-06-30,0,0.2391196694895082
277.89232537578073,132.67479951688398,,0.5511208602721264,2.1017244351209947,,COMPANY_089,2017-06-30,2018-06-30,1,0.48590130156847033
212.70495474550154,139.63808867625946,6.994043409428895,0.9047922083607254,3.394025433272783,4.601171795746858,COMPANY_090,2017-06-30,2018-06-30,0,0.0979153020757998
192.9443073522434,114.74189699008963,6.551049910728991,6.391883920391139,-0.24789835003721183,8.004329571065293,COMPANY_091,2017-06-30,2018-06-30,0,0.057717558352207016
192.42912328127773,119.92331701207245,4.2301738592561176,2.69980581214573,2.2547695697615975,4.411453334813404,COMPANY_092,2017-06-30,2018-06-30,0,0.1104810966924993
310.44206409926096,101.31509500411953,5.821312844120055,3.0216254998500722,1.648281403106826,5.641055205849931,COMPANY_093,2017-06-30,2018-06-30,1,0.15504314097004038
139.2271032913038,263.1380747037928,8.364080045086858,2.8156276789478505,2.99454568889757,15.817573996148846,COMPANY_094,2017-06-30,2018-06-30,0,0.015716707062358587
98.50134947020054,206.27377572638866,7.891685550565338,3.6507377457519,,9.775323407880181,COMPANY_095,2017-06-30,2018-06-30,0,0.015167583855519967
156.25371978028676,133.15801689843985,6.67366139887228,3.53315219008976,4.0170534113334435,12.109802010714183,COMPANY_096,2017-06-30,2018-06-30,0,0.03828333316255926
120.66688816105528,134.48940021014948,10.834615822593205,4.73231389938141,1.6074500536109744,11.609462329305874,COMPANY_097,2017-06-30,2018-06-30,0,0.024202021042884582
99.47135354600951,149.9055253828936,14.295601912046738,3.4236681169000103,5.631507502062196,13.129974772571643,COMPANY_098,2017-06-30,2018-06-30,0,0.010683137729944355
212.79651846657782,127.99119377039001,1.2831221444052745,0.750545995843374,3.1937555822329196,5.2925322664939705,COMPANY_099,2017-06-30,2018-06-30,1,0.17434750083494321
102.70328029493346,181.69729888911414,11.466475287027114,4.07328346801542,4.1071249392597124,11.19004271703249,COMPANY_100,2017-06-30,2018-06-30,0,0.013658158875404535
143.41649927663502,145.86531436086804,6.515614214864782,3.811492393709404,3.6231677060475964,6.668529698308053,COMPANY_101,2017-06-30,2018-06-30,0,0.04226235064111507
368.75983625410254,138.48974674664763,1.4499412640638523,1.453465913222731,0.28830085383181947,6.940095165729822,COMPANY_102,2017-06-30,2018-06-30,1,0.5610151392584974
214.05323993061586,,-3.457313824091296,1.1759815913108798,0.07163483936180692,3.272079094083159,COMPANY_103,2017-06-30,2018-06-30,0,0.37798199547143657
149.27543835380035,291.8454856709775,9.982846152281054,2.1682421011762916,4.029590464046934,11.778049014960772,COMPANY_104,2017-06-30,2018-06-30,0,0.013691254408590382
82.82051613527477,178.32812587828548,6.463015793568536,5.31924232265733,6.298238726807135,12.145621074428266,COMPANY_105,2017-06-30,2018-06-30,0,0.01256661454761222
400.8667016582064,78.40843879448248,-6.216200113083144,0.6953642588761184,-1.1899567944295848,4.499850803913123,COMPANY_106,2017-06-30,2018-06-30,1,0.8712741130335958
106.12633022677235,245.3817294204559,7.3095106557555525,4.219747817724296,6.9267323941758265,17.401395554959475,COMPANY_107,2017-06-30,2018-06-30,0,0.007801908153411554
235.90088708412407,109.19419249112063,4.320548970840153,3.347460889934566,4.0746736638297225,6.181035462238287,COMPANY_108,2017-06-30,2018-06-30,0,0.09428848886806115
179.8546997727922,188.29894595525664,9.114699631665452,3.1448684464167584,2.698074235843828,7.86826733756462,COMPANY_109,2017-06-30,2018-06-30,0,0.0353515750259118
115.5786465062672,200.70722059518317,17.01054482260941,4.41548425516641,6.034835655575319,13.870178304971725,COMPANY_110,2017-06-30,2018-06-30,0,0.004982850793719386
,173.4363942711644,11.59325005875037,4.014140738542926,5.040707925148432,17.105809788111387,COMPANY_111,2017-06-30,2018-06-30,0,0.017399098956753994
210.24221086806057,107.70510217055858,1.9831960849267367,0.07284547887051529,1.7197625114006332,7.134545130355163,COMPANY_112,2017-06-30,2018-06-30,0,0.21611581006254005
291.0220683540348,133.83248748034026,2.1940875521648677,2.2905323588159865,3.0417994137582047,1.3009432291515513,COMPANY_113,2017-06-30,2018-06-30,0,0.18729779865688576
58.96929834732849,312.15859152027167,18.535210649527137,6.639686792777472,6.55745860257856,,COMPANY_114,2017-06-30,2018-06-30,0,0.0011740457252938956
122.74923056605616,154.37869978605545,6.7278803214444665,3.070088196583715,2.7124631271598543,6.963952295912366,COMPANY_115,2017-06-30,2018-06-30,0,0.045445416822640076
458.7898948806162,88.45203979244825,3.1367756888204767,2.556959402465158,3.7881551178251756,4.84245447035365,COMPANY_116,2017-06-30,2018-06-30,1,0.28951109441666734
228.05719544408558,129.91594678469426,4.963919630504717,3.4301970750186506,2.06545270115724,11.94717320770005,COMPANY_117,2017-06-30,2018-06-30,0,0.07678622262872828
135.0464484550534,214.72161931245793,6.099038151635309,2.724965932568198,3.0109563845846896,2.4755596991277784,COMPANY_118,2017-06-30,2018-06-30,0,0.04356833330573384
151.75995259637418,295.1652635744598,11.709934354503844,7.28135346942033,6.617440776137428,6.793167617712493,COMPANY_119,2017-06-30,2018-06-30,0,0.004105113073962335
270.73862849471305,124.93326494748125,-1.5671527245704917,2.1733440931246664,0.0803929212484239,9.034437071286574,COMPANY_120,2017-06-30,2018-06-30,1,0.2588112329754348
385.3682498170439,59.7710586379018,-0.7221948836271141,-1.6927567926803055,0.5546563368084791,-5.187096205385874,COMPANY_121,2017-06-30,2018-06-30,1,0.9255794214720454
334.3770652102843,119.47703309204016,4.965511861460357,2.022205269382494,0.22191803363784368,4.889535974051304,COMPANY_122,2017-06-30,2018-06-30,0,0.22406828424945732
237.37529659659302,82.12321468334191,0.3513930017019181,-1.8833385596160657,-0.046365631529572626,3.2294361216006156,COMPANY_123,2017-06-30,2018-06-30,1,0.7225227520509913
207.497441198326,163.86939263183297,4.885170307843435,4.644226497608,2.1030421021699075,10.35661524781594,COMPANY_124,2017-06-30,2018-06-30,0,0.05096367003946534
83.5901772917159,200.02782301829953,7.4415564433217725,6.24148533332501,4.255608816479954,13.317801018842289,COMPANY_125,2017-06-30,2018-06-30,0,0.010386430566741598
222.27329058989105,113.02658203565844,-1.5512432155565161,0.9317340043101505,-0.2944227099517318,1.4410156973780148,COMPANY_126,2017-06-30,2018-06-30,0,0.6215273178100104
230.1053462879608,129.6947091590759,0.06698374057885292,0.4327760640856708,2.68398924034457,3.779544585299781,COMPANY_127,2017-06-30,2018-06-30,1,0.4761168321215362
179.0946932230836,166.944946477879,5.547554971790677,3.9278355728238,1.8533119187300378,,COMPANY_128,2017-06-30,2018-06-30,0,0.05892409673080539
257.1209060197126,108.6396034364849,-4.036258297074159,1.250132243071624,2.365944390069377,4.860515977899256,COMPANY_129,2017-06-30,2018-06-30,1,0.5979460054274783
226.6473566811251,104.85517930096728,3.1851540313510007,2.3988507841525957,3.8836667222492753,4.770336584993664,COMPANY_130,2017-06-30,2018-06-30,0,0.12901414767662048
167.39154136682643,154.69473976354428,,2.697416151791543,2.344327829709168,3.652183320866487,COMPANY_131,2017-06-30,2018-06-30,0,0.055901106559076964
212.9068161674815,143.76547221287214,2.6428105045955714,3.3022393931849816,4.077749545467463,2.3204656307244127,COMPANY_132,2017-06-30,2018-06-30,0,0.09693111351225935
101.90474050124865,230.9875689461173,14.532987795551016,5.361115760835121,5.8030352566005705,21.07977245926028,COMPANY_133,2017-06-30,2018-06-30,0,0.0032815214259205466
135.59881742247077,209.75370798805127,5.417381955793483,3.0990168137618497,3.486738421227553,3.381782651141082,COMPANY_134,2017-06-30,2018-06-30,0,0.04111618337600479
289.89531396652933,127.5886565320138,6.077473103921241,1.025811505356366,2.022663052470256,-6.930792424696212,COMPANY_135,2017-06-30,2018-06-30,0,0.4890437705735551
101.76243201693431,278.7872153458402,7.381616776213579,4.53621045411598,4.910772107633552,10.383845178079124,COMPANY_136,2017-06-30,2018-06-30,0,0.00990266264919705
99.65459134120721,188.41138610233284,7.957047187469305,3.9760121421476633,3.563593793701995,17.76692592398225,COMPANY_137,2017-06-30,2018-06-30,0,0.015344342600495255
188.75587819750575,121.31448221853333,6.297012458668949,3.006298396128632,3.3830037169285703,17.6155532378411,COMPANY_138,2017-06-30,2018-06-30,0,0.04590098349362343
324.9864896209811,62.43307094914419,-3.3570682952459254,-1.3956698680744992,-1.4473744874938013,-4.071585532439125,COMPANY_139,2017-06-30,2018-06-30,1,0.9351617194630832
173.8868545080909,130.37283960494307,9.693122527661739,2.8734539518065576,3.088341760047555,14.337195697438112,COMPANY_140,2017-06-30,2018-06-30,0,0.03566350414397544
32.189587963644115,283.0343308431632,19.87649088463509,6.03690776639757,5.066143354943685,29.277017930017394,COMPANY_141,2017-06-30,2018-06-30,0,0.000743975620419797
152.47625045485844,152.08096181317018,0.13877375640790834,1.282084849918181,0.529005999699693,11.337756862811275,COMPANY_142,2017-06-30,2018-06-30,0,0.13655244440014305
283.5721653682235,146.92102485163932,2.556001237887883,5.577307255454976,2.126463719938929,8.167652792326917,COMPANY_143,2017-06-30,2018-06-30,0,0.08559594195133452
255.79649691663397,72.29637086609102,-3.5015960542356517,0.5791348841731834,-0.5483334893013108,1.454502270832665,COMPANY_144,2017-06-30,2018-06-30,0,0.761867064945335
261.9432360374216,110.45010871925737,8.296741892966965,1.8690910572126873,1.9920678887598742,5.423486896170493,COMPANY_145,2017-06-30,2018-06-30,0,0.11742686845849758
274.35142804815484,108.55143809369424,,4.659564680564336,2.349794706789787,16.887943607898716,COMPANY_146,2017-06-30,2018-06-30,0,0.04682622583450982
139.91049679042075,204.73996352836292,6.948686315618157,7.681065421292855,2.441816696907419,10.998452900436638,COMPANY_147,2017-06-30,2018-06-30,0,0.013936433148598031
118.49054667312744,271.1130072658909,12.97404531601948,3.1198872743215964,5.758404936486266,14.187289585664997,COMPANY_148,2017-06-30,2018-06-30,0,0.006367248308709702
209.02021277128188,152.44925557877548,5.923234171483842,3.7719958975233485,3.1036199442409913,7.228557948012883,COMPANY_149,2017-06-30,2018-06-30,0,0.057786643611664024
212.2979991435216,123.26935366203172,9.624654574393453,3.3914124999785757,3.7645806601493352,,COMPANY_150,2017-06-30,2018-06-30,0,0.03764347009680551
232.40389804984292,,2.9176458989944103,1.1903046137326783,1.6005502778234921,4.483263109811528,COMPANY_151,2017-06-30,2018-06-30,0,0.3979977783621917
148.98841724006752,121.27368412153689,6.537970787950446,7.12818707715527,2.5359301296891124,7.063045838429122,COMPANY_152,2017-06-30,2018-06-30,0,0.031207480728452874
84.5221394410513,158.36603380457152,6.318745367178163,2.1833554140126568,6.398916247545092,4.913729761134936,COMPANY_153,2017-06-30,2018-06-30,0,0.03288167636038887
181.44454372629033,145.88183158941757,1.2587255053153008,1.7100598302664214,2.0183215327962913,,COMPANY_154,2017-06-30,2018-06-30,0,0.13581627894026324
175.38045087895156,206.45281254448176,7.151911008348383,3.727816866250257,3.9004805174104087,5.095146075036675,COMPANY_155,2017-06-30,2018-06-30,0,0.033077766772092475
291.3438480029853,142.12134586774377,2.767170914142443,3.4798957541293385,1.8312528970650632,4.515013210267734,COMPANY_156,2017-06-30,2018-06-30,0,0.14544263487772385
293.1489000725774,100.47321282052701,-1.5900481134823643,3.772108808338552,1.6364781165025375,1.9314857480662626,COMPANY_157,2017-06-30,2018-06-30,1,0.26818410783761437
207.01863185370627,215.74032199716854,6.1259995916294265,6.107854774412868,,14.11420876180338,COMPANY_158,2017-06-30,2018-06-30,0,0.020318036218447893
319.5533312545465,116.37485998701497,-0.538604252410513,2.214824436358481,-1.3874174888339375,-2.0459869869598704,COMPANY_159,2017-06-30,2018-06-30,0,0.5506966324174085
166.97964484222712,138.95719890556197,5.6057137533028865,4.428220126787421,4.61685621439288,10.519115348669546,COMPANY_160,2017-06-30,2018-06-30,0,0.036324472103014566
243.38578688042037,123.43059081834062,3.36083933036098,0.4660909541732665,-1.2034467245279337,2.8162379955014725,COMPANY_161,2017-06-30,2018-06-30,0,0.5410929483873987
293.7771558673648,125.41055896472838,4.002322530388985,1.033155466574023,-0.5249836915240544,-0.2048033228985049,COMPANY_162,2017-06-30,2018-06-30,1,0.5566643281834083
171.91256084367703,153.19102142139303,6.25214307575168,0.19176090812939872,2.0147261865100514,1.1670631406746477,COMPANY_163,2017-06-30,2018-06-30,0,0.12350202685522167
143.33924981132196,139.70874350488054,5.9876041106626445,-0.18592546592554715,2.8066187681716217,9.770434914958393,COMPANY_164,2017-06-30,2018-06-30,0,0.08804031594097522
158.31148220985074,150.77144521269878,6.305185514807209,1.4179797024715506,0.8846689298502388,9.405234955720317,COMPANY_165,2017-06-30,2018-06-30,0,0.08169721080337265
154.8271023367548,158.1380503264305,3.650316490047417,2.1497330436915827,2.5725343880936506,10.76304331071008,COMPANY_166,2017-06-30,2018-06-30,1,0.0690914954637807
99.65684133234228,208.9097364015648,7.63690880881906,2.5456079850133735,3.3544063392112546,9.734561212049924,COMPANY_167,2017-06-30,2018-06-30,0,0.025366240818959187
233.60362720767952,104.3305346864723,2.092707688598709,3.5479285688961735,-0.2581847657945371,3.762382515156001,COMPANY_168,2017-06-30,2018-06-30,0,0.19170339150415
107.47532775297329,117.20907484333047,6.863028492487959,4.402356681031667,1.899904164734944,3.1734083499448626,COMPANY_169,2017-06-30,2018-06-30,0,0.05279970241688464
259.1246205159478,114.40616517915132,7.732272146870438,2.060678211909927,2.2326445633648824,1.9712939105454543,COMPANY_170,2017-06-30,2018-06-30,0,0.1277660406547135
263.418259417234,132.69198212491472,2.0764995060680893,3.6773348443528504,3.714829457927326,0.10172270222677238,COMPANY_171,2017-06-30,2018-06-30,0,0.13682703066565924
186.01454944295747,135.76359044055422,2.820184649149663,3.717016086886971,2.4059639488440436,9.632664163281824,COMPANY_172,2017-06-30,2018-06-30,0,0.07758458315978407
173.0056006967001,131.34888757280171,10.562527196876438,2.2159573405478534,4.809148742329471,8.363271648241973,COMPANY_173,2017-06-30,2018-06-30,0,0.03758558011137979
183.02451049788468,157.27891289965797,9.741591684733796,2.6952839481834094,2.8131329524144997,3.4011947478239213,COMPANY_174,2017-06-30,2018-06-30,0,0.050955186992570234
138.58520687360092,215.06965434012972,8.047264509948363,5.261329314036062,4.125761543400766,9.656080120767232,COMPANY_175,2017-06-30,2018-06-30,0,0.015532329760331831
124.07635122539028,239.0475457193801,13.11203185494248,3.0624731781806966,3.490227449286773,16.201918624812308,COMPANY_176,2017-06-30,2018-06-30,0,0.009496103288745224
84.40880898263215,252.0747233993357,12.441388873664952,5.553423945899986,5.8410799935864945,20.391774160715602,COMPANY_177,2017-06-30,2018-06-30,0,0.003284768691273768
216.21068576574305,105.40884250250834,0.16377314228259454,2.1339474533371012,2.1971657351812377,7.887593295959649,COMPANY_178,2017-06-30,2018-06-30,0,0.17839467220968225
181.302054206912,,6.322814256043944,1.5016188872541205,1.7633508616665003,1.3401367886570275,COMPANY_179,2017-06-30,2018-06-30,1,0.1200631860684626
208.91427843623285,130.23218863989874,12.997970319236023,5.72063394907747,3.2446415260033543,7.706789770191048,COMPANY_180,2017-06-30,2018-06-30,0,0.022912899843657103
159.6522412623424,206.54516928977165,7.588888789628633,1.1015033517801522,4.502225256429373,12.212410345219336,COMPANY_181,2017-06-30,2018-06-30,0,0.03335624617835607
89.54608426369626,148.23844240193054,6.178996604106273,5.945407450479262,3.635023459145244,22.63222987480632,COMPANY_182,2017-06-30,2018-06-30,0,0.012858461827704002
244.72088890043676,182.50438310334562,3.6654476138985004,2.6014470402441474,2.177330886819898,10.98135502170508,COMPANY_183,2017-06-30,2018-06-30,0,0.0808033335150061
166.7469979161496,164.67486453871163,7.153229139673911,1.0630023311509373,4.4896361579358075,3.336339840947117,COMPANY_184,2017-06-30,2018-06-30,0,0.06416781188564008
170.7046355320329,135.36364318042638,4.018390792288397,0.9964746598791723,2.9409401702194526,1.3250864294560039,COMPANY_185,2017-06-30,2018-06-30,0,0.13050692118273516
147.50456523383707,150.36714602495243,15.456998296418046,4.088825673518604,3.665342680715914,12.028999488075355,COMPANY_186,2017-06-30,2018-06-30,0,0.013454787469028404
265.2859656595929,154.6670249050653,3.6996844005469702,0.9348073968198771,3.313632701107115,10.935949065502502,COMPANY_187,2017-06-30,2018-06-30,0,0.2849240830625237
200.9753853803551,109.73692180720303,3.0217891588570573,2.4529619215445466,0.6810040748859854,6.43967938567485,COMPANY_188,2017-06-30,2018-06-30,0,0.15218833532921497
134.5360191925758,183.23766630786585,3.3502786030307807,1.2246267229545054,2.7459912147582455,,COMPANY_189,2017-06-30,2018-06-30,0,0.08122289472169375
162.3006885978952,156.7854897385456,7.627131558403888,2.633838036718225,2.6491463851698933,15.829659608389658,COMPANY_190,2017-06-30,2018-06-30,0,0.03699064308715728
123.4866639226633,113.61051478811366,6.329914319251462,6.717891322880108,3.314653695700349,17.565421863505627,COMPANY_191,2017-06-30,2018-06-30,0,0.01964092282289325
133.2060493602938,181.6129115942198,3.844705486941524,6.0650188760579935,1.8742714858945237,10.031237305949178,COMPANY_192,2017-06-30,2018-06-30,0,0.031092898460732033
155.58125123358536,136.9242813330825,3.4462131136999417,1.8033396969065567,2.107140690142079,11.789370309177105,COMPANY_193,2017-06-30,2018-06-30,0,0.08526465035082076
235.97358057202786,115.06306409893021,-3.9662302266029927,0.8501754314312046,-1.0629083605277476,-3.6957968345232475,COMPANY_194,2017-06-30,2018-06-30,1,0.8309658957781222
274.59531899514684,208.47306978386035,4.767615346625881,1.23148958648882,2.034197505939456,9.223408881720827,COMPANY_195,2017-06-30,2018-06-30,0,0.24160011469165
152.8673910049501,215.87612312541356,9.029652435776852,1.587488786076059,5.3380180839420674,8.533617188539615,COMPANY_196,2017-06-30,2018-06-30,0,0.025720565823422862
223.33182666047546,147.5937733850258,8.493583410847021,1.932161383927294,5.804584153164205,13.82439963996483,COMPANY_197,2017-06-30,2018-06-30,0,0.03846031869571475
411.1065669343305,73.32311743928915,2.512925824191541,2.0741944072379104,1.3577990745342756,4.650990021564874,COMPANY_198,2017-06-30,2018-06-30,0,0.366065002281945
286.45625597096364,139.0723181973143,4.338917411267504,1.2711693353927382,1.5314725443489823,1.1936759009642195,COMPANY_199,2017-06-30,2018-06-30,0,0.43466696786165954
275.26532360547765,88.26013855753332,-5.3693964885441225,-2.2740343635470497,1.2990222266008051,1.9213169687252125,COMPANY_200,2017-06-30,2018-06-30,1,0.8327203559521498
114.33024454750824,172.67575631339074,4.896889436200173,4.120729402180349,4.138006698821117,12.80557245502552,COMPANY_001,2018-06-30,2019-06-30,0,0.02662451516844618
308.4624274428823,127.31527932543982,12.77784384882981,0.5274983576853578,1.192666107954194,19.837548825969584,COMPANY_002,2018-06-30,2019-06-30,1,0.1795501926998696
166.6257999337613,136.25874738382646,3.6665921483751465,3.413079759773555,1.8574656166021297,8.063114724760297,COMPANY_003,2018-06-30,2019-06-30,0,0.07889302793463691
161.33699358363273,109.54926596001309,6.333461842387838,2.283808126707677,4.010434160340288,6.190671075708302,COMPANY_004,2018-06-30,2019-06-30,0,0.07140808897342156
417.3186003712814,96.44295671516481,-5.519965233494509,-1.6193629239048002,0.3605649668465746,-1.8957201607406047,COMPANY_005,2018-06-30,2019-06-30,1,0.9419506580610302
164.2463359947959,114.71365346741625,8.185534693132533,2.402162653255557,4.56544977241754,5.828782087972692,COMPANY_006,2018-06-30,2019-06-30,0,0.05503156578968557
105.2055528331498,255.8400591040258,12.306182431833278,6.623375301051912,4.448956063777446,12.50291578584945,COMPANY_007,2018-06-30,2019-06-30,0,0.004720845689978723
186.95273500786868,177.1538553287156,6.5085913881469155,2.7374960814810314,4.23965197526928,4.108805634673769,COMPANY_008,2018-06-30,2019-06-30,0,0.05157179944873396
,177.11499405378152,9.348956594325426,2.582141835639549,5.504451228038213,13.099113152442627,COMPANY_009,2018-06-30,2019-06-30,0,0.02076570766282549
78.32792061085989,191.8779022909831,14.36415229419191,4.800978425236489,6.439602680681552,14.929185366665472,COMPANY_010,2018-06-30,2019-06-30,0,0.005024126837545995
88.97947078451908,223.7039753402489,14.649754348903208,5.829158059613531,4.446891485570859,15.55465995612797,COMPANY_011,2018-06-30,2019-06-30,0,0.004336493726023405
231.23588419357606,150.4708351775946,6.2326269377539525,2.1526335694031604,1.3327798164947418,8.980147277446475,COMPANY_012,2018-06-30,2019-06-30,1,0.0921419526278169
225.40657049078695,163.9165803529387,-3.9423674837312688,1.009925509349673,3.2408409124776636,3.977547299493703,COMPANY_013,2018-06-30,2019-06-30,0,0.47566278604102463
407.2181267729977,107.53053760218768,2.2070298229882193,0.2152237528194474,1.4148240507302121,2.5759041398913807,COMPANY_014,2018-06-30,2019-06-30,1,0.6838303603908921
56.60593361935947,302.7174098644951,15.745816414062865,5.186320493260926,4.5944983171462175,24.136818215453694,COMPANY_015,2018-06-30,2019-06-30,0,0.0016674139474923914
346.95274306915496,128.53948057557773,-4.051005619862847,-0.9456608616694839,-0.13413856359520923,-2.0372643623052573,COMPANY_016,2018-06-30,2019-06-30,1,0.8918212538081015
142.77187478821386,166.79209078376994,1.1157522187315685,4.487246123151422,2.84741327213533,5.77906604255356,COMPANY_017,2018-06-30,2019-06-30,0,0.06286741398585129
219.6938351781778,155.6905452629694,5.340235321831029,4.862318868009623,0.14273836363828263,18.269854410488684,COMPANY_018,2018-06-30,2019-06-30,0,0.047764411446922915
124.9325330915171,212.41434901294812,7.4921047319073075,3.7638627055203786,4.98862617053066,15.818536199531186,COMPANY_019,2018-06-30,2019-06-30,0,0.014588319773007176
205.9506565913148,102.89806944967066,5.140962806318877,1.8382519581708618,3.7403062766368462,14.623198630078035,COMPANY_020,2018-06-30,2019-06-30,0,0.07926817280677131
154.22068354958967,92.48318088211204,0.47138746906212514,3.04030530736355,3.1926986969344444,4.676142118971249,COMPANY_021,2018-06-30,2019-06-30,0,0.13209285834319073
129.7712366887246,187.47618551542334,10.919746212284483,3.9175714993287314,1.8406293563174736,14.148790956208666,COMPANY_022,2018-06-30,2019-06-30,0,0.01852861039255968
82.3378014011882,249.67045744594623,8.735151711522214,6.567111465924169,5.320419586119034,28.73339096939094,COMPANY_023,2018-06-30,2019-06-30,0,0.0030424266937338386
173.6180352261161,131.99456229378413,10.093291872648528,2.177546499503822,4.715973566581967,2.4186682668810437,COMPANY_024,2018-06-30,2019-06-30,0,0.050142341529997594
176.16046344709198,134.45244491081164,0.6771373277957391,3.9824675359044406,3.0319552946338226,7.484396065775659,COMPANY_025,2018-06-30,2019-06-30,0,0.08868149755162356
401.2308822650393,81.40381195153046,0.6803872586063702,0.2086005198400338,0.5518812836101428,-2.269555006663288,COMPANY_026,2018-06-30,2019-06-30,1,0.7950225138564752
130.55858874119772,130.84332788326674,10.828223059272922,2.5722951003987227,1.8149558440280011,10.29500414036853,COMPANY_027,2018-06-30,2019-06-30,0,0.038484471118256876
134.89536962942094,217.34486937459144,8.590678110232423,2.375176170727263,8.102426461790753,,COMPANY_028,2018-06-30,2019-06-30,0,0.011976911851494132
249.11076318470626,117.49061555878473,5.710420798365684,0.9848020783194805,0.8830513045373424,10.102256671737095,COMPANY_029,2018-06-30,2019-06-30,1,0.3436966840478116
103.47050931001428,391.1554854331714,18.90337354080284,4.744341895294841,4.898699776027506,14.223750401686983,COMPANY_030,2018-06-30,2019-06-30,0,0.0013394394183666575
234.51003655528805,188.36086720897515,7.633794606309069,2.658792040730867,4.167048866492529,12.890509607573676,COMPANY_031,2018-06-30,2019-06-30,0,0.03806127715609869
227.81395991606638,154.18663293417865,7.611428720951865,2.8865867574820974,2.07345251213897,6.327321470003594,COMPANY_032,2018-06-30,2019-06-30,0,0.07066626544372344
163.08605456723416,203.84047833129492,8.525298240811598,3.8297080294683155,2.4015942794958804,8.237451608504209,COMPANY_033,2018-06-30,2019-06-30,0,0.02902155896034689
254.28228623223222,114.83780398078451,3.5632201537993238,0.30302004334148847,0.6951202725143627,1.3396540292661583,COMPANY_034,2018-06-30,2019-06-30,1,0.5250380658096332
277.3051835502998,131.87958061849403,-2.8379890066020215,-0.4427558529257418,0.16770289251905862,-1.0000151413200509,COMPANY_035,2018-06-30,2019-06-30,1,0.8207319604357509
324.91588906359976,87.93604687509631,-5.4627479023428585,1.6384565139005147,0.5839025707273893,0.23237790763986188,COMPANY_036,2018-06-30,2019-06-30,1,0.5409174077657973
202.30746397602195,153.83066043649205,6.581551719882851,3.424802426053727,1.6967186783079888,1.0898494443035487,COMPANY_037,2018-06-30,2019-06-30,0,0.08199278950991969
207.8343261706348,200.33487601867338,12.906319539771927,5.701964655301025,3.6846492152127643,14.140254489929683,COMPANY_038,2018-06-30,2019-06-30,0,0.01125720761783759
47.787727050876576,242.25236826383903,14.875796516287664,6.3251078363082724,7.37886478076434,19.81767960686271,COMPANY_039,2018-06-30,2019-06-30,0,0.0017495714176943935
96.30119884879342,241.99459260108583,9.344705163014659,4.2983253803974915,5.026083168618428,26.530507708103084,COMPANY_040,2018-06-30,2019-06-30,0,0.005382088636249164
150.45885444221852,243.8909083061165,6.8632831802882555,4.147457592250913,3.0316188416752983,11.793763054311386,COMPANY_041,2018-06-30,2019-06-30,0,0.01964820492913371
107.2118894565757,244.4089572191256,20.309696963938304,4.781852980660824,6.221333595781649,11.888199145930553,COMPANY_042,2018-06-30,2019-06-30,0,0.002647740437948584
135.83811383321924,171.03519096416258,4.283918018936975,3.763459499512879,3.9931094717745266,3.590033921008742,COMPANY_043,2018-06-30,2019-06-30,0,0.047813736599648056
288.31872143865024,62.85355521818107,3.624869946782349,2.6150836153692985,-0.8568572404629746,5.024296867928547,COMPANY_044,2018-06-30,2019-06-30,0,0.2818714457930032
172.72030421298476,150.7384281916081,2.742798669173872,3.039332360821609,-1.163710937799947,6.245200911748184,COMPANY_045,2018-06-30,2019-06-30,0,0.1272970649632075
229.44287697549808,145.5837256980408,7.010966335701367,3.126116323457636,1.8798501650883157,5.686009800283083,COMPANY_046,2018-06-30,2019-06-30,0,0.07925221192647831
131.0419820979815,165.51585144497344,0.8507910309644835,2.422173251402853,3.6376276124046805,3.9522020122550963,COMPANY_047,2018-06-30,2019-06-30,0,0.08591219379503565
201.53842356189492,,0.8421191816941169,2.908808937692282,1.154429450009509,3.6631436941636157,COMPANY_048,2018-06-30,2019-06-30,0,0.18569983091486728
184.19257324571763,159.18826082390413,3.9879444576598537,3.5262984423628416,4.226683238519044,10.46450555241108,COMPANY_049,2018-06-30,2019-06-30,0,0.04937527184738401
105.9671117708224,241.65860853329397,14.586134560809835,3.4702630321135075,5.637780702751032,13.779695380426507,COMPANY_050,2018-06-30,2019-06-30,0,0.0059578762178358665
228.3809280733459,108.6312528788548,5.997055351587554,2.8123153570211934,3.017138856291108,10.350583215727617,COMPANY_051,2018-06-30,2019-06-30,0,0.08315240761046766
105.4173134541422,,12.953228355093163,6.177984988202791,4.6313025325568855,21.01095248140774,COMPANY_052,2018-06-30,2019-06-30,0,0.004296513708129012
119.18606762639887,149.23885785845738,9.120800889649908,5.086055737566873,4.002131521378903,12.060517130574091,COMPANY_053,2018-06-30,2019-06-30,0,0.018182685422546526
254.67325367294924,125.44687718601239,2.9449950822293536,0.2640121661919461,1.0059453527706872,3.263961368403748,COMPANY_054,2018-06-30,2019-06-30,0,0.49817954713655765
203.02723339516885,140.641975393469,6.338548944149178,,3.1389196228712946,13.445823635008752,COMPANY_055,2018-06-30,2019-06-30,0,0.05503218142106336
209.96322957518893,121.57400926293627,0.5145669991164481,0.2790423865631504,0.6457330511374255,5.381990672416931,COMPANY_056,2018-06-30,2019-06-30,0,0.25653757914142794
254.6909394137141,101.33144708731632,-0.5613533610039974,0.957946016492803,3.210184915940858,0.5703952886601114,COMPANY_057,2018-06-30,2019-06-30,0,0.5514280132090809
157.4623530667373,163.76263995006425,10.242987303429384,3.1472558861772124,2.8056258383395045,13.775860284726749,COMPANY_058,2018-06-30,2019-06-30,0,0.026307519121052062
109.42674554758715,214.5685673597271,6.8726560949827515,3.7431214427174364,4.656499791125595,11.810489961604006,COMPANY_059,2018-06-30,2019-06-30,0,0.017602908295154367
641.0514547875783,79.442984126987,1.4049962298245118,-0.2763357465150218,-1.3850828347278177,-2.946626126131264,COMPANY_060,2018-06-30,2019-06-30,1,0.9309171459451421
195.42177286822653,100.64686483434889,4.264517346882169,3.1017826728915376,1.8986815008358702,3.888910893592842,COMPANY_061,2018-06-30,2019-06-30,0,0.1223496952360379
156.18117506246014,212.82971621680576,0.3662775333644479,3.782342515642801,3.4849377469957163,16.983327567890147,COMPANY_062,2018-06-30,2019-06-30,0,0.03742660021159732
127.06046714162623,140.19846540580585,3.328173453258166,0.4026156901234974,2.4997758354695576,7.395865787452894,COMPANY_063,2018-06-30,2019-06-30,0,0.10773921436351444
152.61124682942807,199.30970242259698,5.2601762379512875,2.879252715638394,1.7098430871080872,7.149809263861213,COMPANY_064,2018-06-30,2019-06-30,0,0.05211057851251609
326.01223554379845,110.98059753879188,-0.5367872543811139,1.2196736010217202,-1.4431275182724028,-4.665393841193865,COMPANY_065,2018-06-30,2019-06-30,1,0.839173844867529
172.6846314631792,98.72957919027043,,3.5665156647867704,2.80201033474679,2.4697260154176766,COMPANY_066,2018-06-30,2019-06-30,0,0.1081530803907613
204.12056561659426,181.52414950841094,2.0041345892396514,2.659988884324513,2.516641184907477,12.024720196921228,COMPANY_067,2018-06-30,2019-06-30,0,0.07482299331700348
133.66353164565717,211.05244968524136,10.630097798291152,6.097919505605024,4.50102484850678,12.484037568121856,COMPANY_068,2018-06-30,2019-06-30,0,0.008908682208711088
215.91587387917028,136.32680525533408,9.095258334818837,3.0998109622274113,4.286964555696008,8.128290294324287,COMPANY_069,2018-06-30,2019-06-30,0,0.045592108317558076
283.23525451714585,132.8904540580662,-1.5578214371667936,0.07217576766876355,0.5141037763486107,0.22544301940394762,COMPANY_070,2018-06-30,2019-06-30,1,0.6742956563196432
181.60516909994996,274.61046882967463,10.579042013441544,4.451651531688791,6.559622806251601,6.863368211684363,COMPANY_071,2018-06-30,2019-06-30,0,0.00973607847703552
207.5569497869769,154.20252471754353,4.434645447863962,1.5343083546350127,3.27952766033257,10.710184570324097,COMPANY_072,2018-06-30,2019-06-30,0,0.08191723773733865
135.22567831767003,238.7234234248287,7.211338962648301,4.697628261177522,2.7159003943151236,15.770234382079668,COMPANY_073,2018-06-30,2019-06-30,0,0.014849002528469024
367.3058923202996,111.19240460403728,1.9740170305010678,-0.3693835271897783,-0.3541124523326461,3.53059114096797,COMPANY_074,2018-06-30,2019-06-30,0,0.7093906263892359
81.39994906104086,221.10552238817507,4.637506109205163,4.274946560775763,5.814450205918808,9.972938333629582,COMPANY_075,2018-06-30,2019-06-30,0,0.016128206718633225
321.9934712887086,159.46474951404196,5.505241316151225,1.6706114511825252,1.49828517380074,9.438311601072057,COMPANY_076,2018-06-30,2019-06-30,1,0.13500925338282366
183.10114710243838,,4.27683855667484,3.527976107656338,-0.7837713509928275,3.0435824827915705,COMPANY_077,2018-06-30,2019-06-30,0,0.11888016822005353
261.02652647626945,180.24913408023266,8.535811739789201,3.160976389111476,3.9708019511456563,14.604743385847808,COMPANY_078,2018-06-30,2019-06-30,0,0.03554952830222797
235.54625158349685,109.28070326593368,0.6479080497247871,3.0969769403626546,3.2842010849547703,11.113592083065587,COMPANY_079,2018-06-30,2019-06-30,0,0.12407506176771839
118.66107116433682,128.8575012045025,11.22004062308927,4.3371507102455595,4.658377339885645,10.333066524985156,COMPANY_080,2018-06-30,2019-06-30,0,0.018825834979924894
117.18245267400864,120.14742526346348,4.816921524484922,1.9781943419764059,2.637337581998582,13.112016782642154,COMPANY_081,2018-06-30,2019-06-30,0,0.062334217983105164
275.2822159452205,178.6327346896308,4.737551037967967,3.2171381980457903,3.3182929703609734,2.90044486857379,COMPANY_082,2018-06-30,2019-06-30,0,0.08966595381501473
153.30170130673676,127.47076156788683,3.2150717184980566,1.7377971021133092,2.998972341965998,0.6409216886743732,COMPANY_083,2018-06-30,2019-06-30,0,0.12439621190649341
228.93765509113396,121.96844046496157,3.5471328903480357,4.691893028338307,3.18222152503427,6.698487543600652,COMPANY_084,2018-06-30,2019-06-30,0,0.07979613697365312
93.37142597008183,255.64809445703804,11.863443969632357,3.92673879844791,5.484845596419198,21.03428477869432,COMPANY_085,2018-06-30,2019-06-30,0,0.004805806054571731
223.27642342203964,172.90022553565163,6.068159464181768,2.982936668278708,3.6953974181976275,6.840924041287817,COMPANY_086,2018-06-30,2019-06-30,0,0.05813331366933695
154.43822645356056,128.4726476258695,8.848946378995864,5.033016456945342,4.2444291861089045,14.813765971412286,COMPANY_087,2018-06-30,2019-06-30,0,0.02133578843924581
114.36777899626308,187.65029026381558,2.507977345103047,5.129414540620676,3.387186534610823,6.920363432376178,COMPANY_088,2018-06-30,2019-06-30,1,0.03537275370966385
137.92391842943417,127.44883412629129,4.439588238227381,4.0113546296392935,3.4868333735067556,5.915937269012918,COMPANY_089,2018-06-30,2019-06-30,0,0.0565692462669765
261.9348196134646,,1.7657566189463805,1.2013778364258032,0.9279861415902987,4.918977570787872,COMPANY_090,2018-06-30,2019-06-30,0,0.46282247581668
180.54970749661084,143.3011687259112,7.00361429011831,2.596709885468186,3.8404768499299378,10.599221611394043,COMPANY_091,2018-06-30,2019-06-30,0,0.04879027879756111
515.923687153576,100.89173174442202,,-2.090975728796995,-1.5512389507265607,6.478382300053474,COMPANY_092,2018-06-30,2019-06-30,1,0.9226974588246917
221.3077081589828,133.7502410559501,2.430175207975363,3.4544504861771252,3.7283140953363803,10.48106116674801,COMPANY_093,2018-06-30,2019-06-30,0,0.08100801056060875
79.5320959306631,326.5417586737748,8.706921920302857,2.9279863454969988,3.3132492102776627,20.031121816535272,COMPANY_094,2018-06-30,2019-06-30,0,0.006576288908599288
113.46187282988652,139.77123958205908,10.409468362244727,4.416924064557193,1.1847435178879193,18.063663797023686,COMPANY_095,2018-06-30,2019-06-30,0,0.020522671523955698
123.29352221093411,199.4110001476992,7.725949623147061,2.4587999214551175,5.444537007416172,8.868089999394785,COMPANY_096,2018-06-30,2019-06-30,0,0.023973541719081864
194.2020308172346,116.8911501478817,4.6113479374796995,6.42274780977124,3.4883420494367434,7.67157750569868,COMPANY_097,2018-06-30,2019-06-30,0,0.04533711249700666
256.9874007380513,116.73035239516118,-1.251988362768155,3.046544326158978,1.8666201653111687,4.900967596917095,COMPANY_098,2018-06-30,2019-06-30,0,0.21489890620180097
209.82346803864232,108.42259820160251,2.842404578946178,1.0190248846024632,1.6220375223859844,8.69667666419977,COMPANY_099,2018-06-30,2019-06-30,0,0.16778349190595807
98.92609180036595,116.7911659005209,5.418975770441077,5.205025568194699,,10.169399112829971,COMPANY_100,2018-06-30,2019-06-30,0,0.03122608019644665
,119.19297503763093,3.2400188047417746,2.7463252165939993,-0.0836058971583562,7.895964911538792,COMPANY_101,2018-06-30,2019-06-30,1,0.15196193021797855
118.90304196841103,188.4969155216214,6.323306370056084,5.176752108406425,1.5472600644754255,7.947320730013344,COMPANY_102,2018-06-30,2019-06-30,0,0.029224739995819954
164.35309898876181,143.21811971076158,6.623167580218446,1.16117744822176,0.32541665219696725,10.663240229736735,COMPANY_103,2018-06-30,2019-06-30,0,0.08957749809483113
196.56544391368948,109.68876524598261,8.625384120279353,2.4595879604233932,2.727301579716998,3.7132430821997926,COMPANY_104,2018-06-30,2019-06-30,1,0.08069502675857444
180.23074583517578,137.70343379264494,0.46155246863693566,3.504797403723204,1.0394141277430236,5.872091153699592,COMPANY_105,2018-06-30,2019-06-30,0,0.12764652969271856
142.2561153542291,189.1769576635761,3.4455830293257796,3.258730440148335,3.474739366226173,4.690900447891345,COMPANY_106,2018-06-30,2019-06-30,0,0.05306203875882347
116.343489104515,180.3864740907032,13.33511297542314,5.499849481797035,6.918621946807431,20.70291212856639,COMPANY_107,2018-06-30,2019-06-30,0,0.004592259786927709
178.76491449753942,150.52789307225697,13.005058287339084,1.868172762652659,3.425523011924564,9.666400714931452,COMPANY_108,2018-06-30,2019-06-30,0,0.03221420050460992
278.68025212634296,151.7947154391884,-1.250205071746417,1.8481045432531367,2.9266195496342955,6.778781533908927,COMPANY_109,2018-06-30,2019-06-30,0,0.19686079475299176
138.03316270588016,142.63005050083814,9.1861942681679,4.4966162343897285,3.714804334120489,,COMPANY_110,2018-06-30,2019-06-30,0,0.02440337495973589
111.2598895311975,194.24913806969897,6.667745670918585,-0.14823358369584128,0.943535335916077,5.764479465886867,COMPANY_111,2018-06-30,2019-06-30,0,0.07696252561395972
201.0873843452869,191.37254239263427,10.385943996285569,2.0841401446671552,3.3610688842580947,10.9232887128037,COMPANY_112,2018-06-30,2019-06-30,0,0.03299380270305285
,110.02656254525427,0.6686089493426437,0.7677421644602066,-0.31728250708107814,0.5210651659744996,COMPANY_113,2018-06-30,2019-06-30,1,0.752181009494088
140.5024058352447,154.92714459620552,12.336059935031933,3.3273615207390153,3.730511710281497,14.638341524872247,COMPANY_114,2018-06-30,2019-06-30,0,0.017753155385619526
162.00351040407827,158.95744284212012,3.3848901256402746,5.114103378924061,4.040155102896854,8.997804676062847,COMPANY_115,2018-06-30,2019-06-30,0,0.03956319058080603
254.90356006632766,63.116985744201,-1.0804458346001429,1.4628121793223485,1.7253929547502114,-0.21105268526310428,COMPANY_116,2018-06-30,2019-06-30,1,0.7515779228082837
220.7355646221082,146.64466937240005,3.8596200174672233,1.9010230109545039,1.1131394004217052,10.085543139633439,COMPANY_117,2018-06-30,2019-06-30,0,0.11485608323347768
351.45013043624857,100.35497137381657,-0.8877626871348431,-1.4852243214342251,-0.13246958515571355,2.894712938552127,COMPANY_118,2018-06-30,2019-06-30,1,0.7989741640061735
75.64205273246866,211.2201364317775,15.106571386617837,4.874967995284123,7.733195377960305,10.04460893009453,COMPANY_119,2018-06-30,2019-06-30,0,0.00422428602103787
185.95958646853026,145.5546720021694,5.92075933038648,2.89994406178486,3.9233586420624484,3.875169245776467,COMPANY_120,2018-06-30,2019-06-30,0,0.06602813613476516
369.0576728323626,90.52406669612033,3.9077432422150986,2.278106662428736,0.346365852838207,9.717780771586336,COMPANY_121,2018-06-30,2019-06-30,0,0.2538804480334651
157.3047498611135,225.069272691959,0.6247695198236283,2.497557204545944,3.4908443409508285,5.119297721808593,COMPANY_122,2018-06-30,2019-06-30,0,0.06680058250573075
252.22714773589803,116.64383368878767,7.509835675204798,1.3529820204529655,-0.9385586512936464,10.171265541958267,COMPANY_123,2018-06-30,2019-06-30,0,0.34080738170284475
273.0635909482194,107.8024061887708,5.940098668622242,3.7326792181875437,-0.6652433317718534,7.214391492124868,COMPANY_124,2018-06-30,2019-06-30,0,0.14073500289135413
144.7608965750791,239.35265817952273,11.721436319442741,1.4684161577160073,4.763935992226355,15.134223370282703,COMPANY_125,2018-06-30,2019-06-30,0,0.014055695810518262
241.23978219772005,136.58495602242903,4.617745512083458,2.974518380008987,2.20020694504044,-0.4248315215764169,COMPANY_126,2018-06-30,2019-06-30,0,0.13253021322749256
61.95052843647178,213.90645826906166,11.114522841316326,6.462057461200132,6.661690448606548,15.273881958450708,COMPANY_127,2018-06-30,2019-06-30,0,0.004067635826361537
185.51436043108632,156.65902256048878,9.80167598514329,3.196224171252069,3.2870708424526964,7.430130785219689,COMPANY_128,2018-06-30,2019-06-30,0,0.03823428058161752
308.8584094458212,94.19467997831481,1.21673222158705,0.8323266032012997,0.6746558290202815,0.4155009244689958,COMPANY_129,2018-06-30,2019-06-30,0,0.6504902408212943
218.27927555023143,167.02882375740856,11.314944686022384,5.1902100481242535,2.879423549200046,,COMPANY_130,2018-06-30,2019-06-30,0,0.023771308770172608
395.01989344206476,84.2168703844575,3.8172856578606877,1.2478502962563296,0.6407002690805423,-2.1307809059824327,COMPANY_131,2018-06-30,2019-06-30,1,0.6892861139389234
92.44975447872382,116.14661953596386,4.552784552116684,3.4349892521765284,2.8119001203621603,11.475547573580421,COMPANY_132,2018-06-30,2019-06-30,0,0.04847087760321873
133.0923443242069,134.3856474109814,10.45868737203427,3.3963567327951165,3.6280143393261173,14.6293069505049,COMPANY_133,2018-06-30,2019-06-30,0,0.02339199553834286
71.45750459293669,199.11205737080115,7.787505669219813,5.82180087225547,3.733231643963443,20.533949889062267,COMPANY_134,2018-06-30,2019-06-30,0,0.008286037577913356
213.05772407924593,103.29393290546788,5.650181567794191,1.6212996219230498,0.413528692948959,3.299216662295522,COMPANY_135,2018-06-30,2019-06-30,0,0.1699506720880868
117.95936056923384,260.80826921764304,10.296985479603693,5.319177386315419,7.6264304538537875,13.190356526636599,COMPANY_136,2018-06-30,2019-06-30,0,0.004952250695510134
149.73514432042322,263.07397087751764,8.593459790937187,4.758560881769341,4.867118293577389,8.93837882389958,COMPANY_137,2018-06-30,2019-06-30,0,0.011926673685725128
,171.9499546180379,8.879496914272172,3.4069178168541243,3.281171453570264,13.74496708701513,COMPANY_138,2018-06-30,2019-06-30,0,0.0189164501131184
278.7636946589044,124.59343951773234,5.259540036240883,0.2031383480487181,1.006410528593642,5.320558651123573,COMPANY_139,2018-06-30,2019-06-30,1,0.4480342358161855
109.60847401584722,120.83251820293837,5.858798305546813,4.086329255905638,2.88383318366519,9.05572981042917,COMPANY_140,2018-06-30,2019-06-30,0,0.04326139760794417
177.72636503216017,146.72378993633856,6.938357713926644,1.2530420826700686,4.356143619384848,10.217961782727677,COMPANY_141,2018-06-30,2019-06-30,0,0.05730924529755942
87.16954088674004,176.41667769463058,11.237041223824047,2.16249512294352,6.224550147336941,12.501749996492437,COMPANY_142,2018-06-30,2019-06-30,0,0.014066523014648188
131.9676271718522,148.6875502622573,8.749304224559914,4.303561186138312,4.032751961174454,7.42564813907693,COMPANY_143,2018-06-30,2019-06-30,0,0.02725772005515239
150.1949021641948,151.43426672009736,12.286079359211566,,3.309646950696485,9.635629155008221,COMPANY_144,2018-06-30,2019-06-30,0,0.024749238759752087
165.51549088494266,168.4284905583799,2.735140289769072,2.793907591016303,3.3344986002919135,8.13286069598906,COMPANY_145,2018-06-30,2019-06-30,0,0.06720858404018813
105.7187770138105,250.6981345198681,11.50672533831032,4.237500253755999,4.043411050797607,13.943545026416116,COMPANY_146,2018-06-30,2019-06-30,0,0.008020613550884778
82.86926253704735,128.36778537931136,7.463473253704487,4.8030617710470835,3.4790698016028223,1.4650405303962746,COMPANY_147,2018-06-30,2019-06-30,0,0.03537554479154509
67.1216251085343,307.7637397161624,13.083601638365906,3.1383177977568497,7.050866850555483,22.254620633336852,COMPANY_148,2018-06-30,2019-06-30,0,0.0025537327878115434
63.44924394997606,228.016037929703,15.512437787989963,6.453903376812317,5.615249859708186,24.57761844942211,COMPANY_149,2018-06-30,2019-06-30,0,0.001899657212812966
236.5591284724313,108.67376628091417,1.4236025348222685,0.05193891982626897,0.37496431038686007,-1.926993659681835,COMPANY_150,2018-06-30,2019-06-30,1,0.6211821059568754
211.0677758311819,116.89044453653565,0.743264992010189,3.1187639400078946,1.451794949648294,3.1277153517511396,COMPANY_151,2018-06-30,2019-06-30,1,0.17191728591587963
245.9851956124816,159.97912092978032,9.26671055121583,0.4677999907772479,2.8230813315631273,10.701110325478238,COMPANY_152,2018-06-30,2019-06-30,0,0.19253478012937011
254.78663661138452,149.83353742619622,7.6707957072727115,2.245629456322546,0.5250724235284299,4.159807022432416,COMPANY_153,2018-06-30,2019-06-30,0,0.11299084330975409
186.08072651284476,113.18665639394594,-0.8624536348813758,4.100001706104548,2.5054328629958005,7.063880016783287,COMPANY_154,2018-06-30,2019-06-30,0,0.1245796260577571
132.8904714701441,150.52971136133863,11.07223191731194,3.3222695578900274,0.4505118171847764,5.39856943347559,COMPANY_155,2018-06-30,2019-06-30,0,0.042013113656257685
238.68088469657843,153.56313935833043,5.534678273811385,1.5108308541119368,3.750901556070377,,COMPANY_156,2018-06-30,2019-06-30,0,0.06986399927636522
423.21226778312064,134.22907641426167,1.4946185146867101,3.0010995863923835,-0.3300254478966391,0.2196529439075272,COMPANY_157,2018-06-30,2019-06-30,1,0.36554702784498805
174.98218396447191,118.8196553240404,5.700590729006749,2.7514693532140324,4.494538676486639,5.912933625785041,COMPANY_158,2018-06-30,2019-06-30,0,0.06697111586447098
152.40275658365928,149.4198041379509,5.934225471427597,0.9014667221830894,3.558665697780037,9.573408094031514,COMPANY_159,2018-06-30,2019-06-30,0,0.067071424018979
194.95276581646146,,4.870634486916248,3.452739794974214,0.028744038115118276,3.2639814279763923,COMPANY_160,2018-06-30,2019-06-30,0,0.11813819441069034
275.41567970861416,119.84319151341833,1.4419890282461036,2.5093609196413995,0.03245068586433575,-1.6998827225868012,COMPANY_161,2018-06-30,2019-06-30,1,0.28309129267497274
180.51751570899853,144.415174168357,5.414771757201924,3.4928455093004236,5.261002051964442,15.369198670534495,COMPANY_162,2018-06-30,2019-06-30,0,0.03420107636826823
95.4385279987187,201.76469800749473,8.847248000245097,3.8137334084817933,5.442131190972075,13.294389981570225,COMPANY_163,2018-06-30,2019-06-30,0,0.012556730476352841
232.52520185380718,83.64983792226408,0.9743876738082085,0.8333903242910745,1.7176237340624734,0.27263275350611016,COMPANY_164,2018-06-30,2019-06-30,1,0.5704610810046319
119.0477495411866,232.16237059241402,10.495988860719805,5.202435876041497,4.005964060757919,13.296354228525871,COMPANY_165,2018-06-30,2019-06-30,0,0.009054564966475153
256.7882629196753,176.12246404402157,3.4546835386798316,3.6309314690451746,0.9566414452930962,11.483906309028969,COMPANY_166,2018-06-30,2019-06-30,0,0.08449596601421312
375.59276336859244,140.15023741845525,-5.129816713214368,0.0317820694604648,2.168008068585284,4.0752961710820585,COMPANY_167,2018-06-30,2019-06-30,1,0.7437511980788202
197.34453391320238,,-0.3195988209170926,1.0669191171088446,1.834046166837205,8.114563679059412,COMPANY_168,2018-06-30,2019-06-30,0,0.1917541608457025
176.106874049731,125.51469868032275,2.4052337981558276,1.6815907890119626,1.5570040207049674,10.443704108307795,COMPANY_169,2018-06-30,2019-06-30,0,0.12169681007930855
288.98199386071127,88.61694094952891,5.984704997468667,2.855825656609598,1.647346611529831,1.9961873352850246,COMPANY_170,2018-06-30,2019-06-30,0,0.1756905386537031
170.26712881764033,131.58387904793233,4.771194624704245,1.1612459832844129,0.23710351832962395,11.92559192117681,COMPANY_171,2018-06-30,2019-06-30,0,0.11105057681954837
219.46659429459427,93.03600451200518,7.943429655155665,1.8564000124215139,5.939312209134103,3.810815831448365,COMPANY_172,2018-06-30,2019-06-30,0,0.07914691367074646
126.15715133951383,156.70787482639975,8.4451754481247,,4.035095984788274,13.291413658549843,COMPANY_173,2018-06-30,2019-06-30,0,0.011860659222119086
132.1875301514512,210.80520501813632,8.016514304217527,5.258676229461015,6.389186454901083,17.29967362819106,COMPANY_174,2018-06-30,2019-06-30,0,0.008810307565044013
399.98631106812843,119.00358698412488,1.5269026947852335,0.6031857468578501,2.960977600677049,5.227673510840771,COMPANY_175,2018-06-30,2019-06-30,1,0.5939299655533224
76.3592634802804,243.6620747033615,7.981029837440473,3.225539217846684,5.393674760482919,20.886720218523337,COMPANY_176,2018-06-30,2019-06-30,0,0.008179223381548984
363.1234825454536,90.74061146885883,3.0190580807644953,0.9950119554634937,0.5163715890305637,9.674993611596776,COMPANY_177,2018-06-30,2019-06-30,1,0.5739725925718439
149.29492543330082,138.40915107221844,6.013125318352845,1.3988320900107822,1.1517594695209665,12.813492337573091,COMPANY_178,2018-06-30,2019-06-30,0,0.07466610890550403
90.34085274330154,179.92854529231616,10.236704297338761,1.8997156225234533,3.4914607721877724,13.35418018569185,COMPANY_179,2018-06-30,2019-06-30,0,0.02152101094820556
102.65427725092559,175.32955913546127,10.318943173077972,6.9659315080570465,,,COMPANY_180,2018-06-30,2019-06-30,0,0.00859379194570318
143.0664727500919,115.55976436324138,4.385637400864945,,2.1797672290538332,6.986452682368858,COMPANY_181,2018-06-30,2019-06-30,0,0.09065083826721597
196.21167616617893,167.43476011877925,5.472428090671393,4.42885298759803,2.7179467800077757,7.83487969026967,COMPANY_182,2018-06-30,2019-06-30,0,0.04816555381855581
339.37117249220705,112.54233907607802,0.3851528932611451,-1.1154595390630582,0.9469187909399701,5.7271682929399,COMPANY_183,2018-06-30,2019-06-30,1,0.694614286625797
137.23006688823446,185.63148444935726,7.216799651196545,1.0726859674651825,5.110477164057705,,COMPANY_184,2018-06-30,2019-06-30,0,0.03707994607423762
339.37859393785345,90.02571779674383,0.739645698751015,0.1679626152685868,2.50622528362389,-3.2691189559524414,COMPANY_185,2018-06-30,2019-06-30,0,0.7033246091214209
135.87868698726024,152.90185370299264,7.716313594917886,1.8868002399198178,3.35043119206689,17.12298250588498,COMPANY_186,2018-06-30,2019-06-30,0,0.03382571842891615
295.1038572642208,122.35782263426675,7.9634005156318235,0.661874979239456,5.61436959519439,6.905630479063522,COMPANY_187,2018-06-30,2019-06-30,1,0.24989757589966122
166.96184299171165,155.82072000570983,6.259150565705374,4.645876136836237,4.279899376467935,16.16793340376597,COMPANY_188,2018-06-30,2019-06-30,0,0.024854327855896845
120.25822395603078,135.13308694654967,4.69073293311119,4.381856408089124,5.465055729063844,9.304912428130013,COMPANY_189,2018-06-30,2019-06-30,0,0.03243400398863006
246.52934900315125,117.49772000489992,9.528276069009209,2.826078801025526,4.829000880559004,7.214550452300279,COMPANY_190,2018-06-30,2019-06-30,0,0.055805864274597515
120.78933961462711,158.1280746386026,5.119730512319593,5.406954251724365,2.643940962944716,12.500992880905835,COMPANY_191,2018-06-30,2019-06-30,0,0.027972871821741213
105.60027117331207,154.73832150796795,11.886272068016897,2.6931327108603655,3.8271086901852827,11.509896679032215,COMPANY_192,2018-06-30,2019-06-30,0,0.020251464128763455
258.24818862470784,91.66112626054077,-3.657578618728995,-0.9799252104461731,1.3169351735221464,-0.22093334218650895,COMPANY_193,2018-06-30,2019-06-30,1,0.8450083820990982
1118.5025783245947,76.2236535052502,,-3.1996299235983265,-2.3501191171540814,-18.467379384013622,COMPANY_194,2018-06-30,2019-06-30,1,0.9989957381743363
311.78490450901165,99.09904118848902,-1.299730413219697,0.32823301481994865,0.24820563512745022,4.124515816092898,COMPANY_195,2018-06-30,2019-06-30,1,0.700288313832181
116.38833328152624,184.39753419579046,10.354805486521657,2.92508604823126,3.169028081321681,15.816686266054601,COMPANY_196,2018-06-30,2019-06-30,0,0.018060920922008575
237.1373427720722,121.15900180742291,6.466714517054727,1.7815578633286884,1.3614896861399504,12.45241105634529,COMPANY_197,2018-06-30,2019-06-30,0,0.10090295967769003
193.73017359569292,132.74186140903893,,-0.08834987433790031,2.476041227967008,,COMPANY_198,2018-06-30,2019-06-30,0,0.14078634018273228
140.36369463123822,163.4709683063315,8.66204961519908,,3.020371798797497,9.27377338378629,COMPANY_199,2018-06-30,2019-06-30,0,0.030643178580229056
156.08887137777432,129.51679032328195,4.945713328745317,4.594162497974138,3.4282000509553696,7.204696257659509,COMPANY_200,2018-06-30,2019-06-30,0,0.04955544446642305
98.48156325275723,161.0754697345122,12.935515530390113,5.056949835113587,5.258003712696302,20.388026659001973,COMPANY_001,2019-06-30,2020-06-30,0,0.006674191774952586
233.95619513813423,107.63702862261812,-0.07795145672879755,,0.3127242178441889,8.139677606330284,COMPANY_002,2019-06-30,2020-06-30,0,0.5575128416174769
140.23916554165785,206.29360605325883,6.7853207489892835,3.4310785794148053,3.120527667209415,12.624980224453616,COMPANY_003,2019-06-30,2020-06-30,0,0.02577107124911374
236.06702752710913,123.63392401553996,0.5209096423753414,0.7668781327870111,0.5355896203278306,2.7791480125714263,COMPANY_004,2019-06-30,2020-06-30,1,0.539144446265833
191.41958523832935,122.84244601539044,7.369658594287911,5.40444083839743,6.196671459062685,2.5172545695274087,COMPANY_005,2019-06-30,2020-06-30,0,0.03538529877078772
163.73503955433878,89.36702814105173,2.9299936611935213,1.200222155090784,,13.740169221672943,COMPANY_006,2019-06-30,2020-06-30,1,0.13048997782557678
139.2944753760229,164.520672008409,10.646517905979024,2.487130333042935,8.3906821655868,15.367818323915047,COMPANY_007,2019-06-30,2020-06-30,0,0.01281961993387397
102.34142538790937,162.6625480117886,5.985931752575738,3.850658944624807,4.011452229898885,9.916250676672487,COMPANY_008,2019-06-30,2020-06-30,0,0.02885070820734961
256.3435691297214,100.77488248092547,-0.6881273807166984,0.930799244581573,0.19399780375918518,8.624627762083342,COMPANY_009,2019-06-30,2020-06-30,1,0.5680081411325275
153.9870357532252,159.8379891782195,5.852819844773954,2.6403627959902294,2.9121892622670997,14.459513980434664,COMPANY_010,2019-06-30,2020-06-30,0,0.04263658603379568
251.4739060781016,167.78093211952196,6.826915621957147,2.8937128511307555,3.4214241957117895,9.63350483437987,COMPANY_011,2019-06-30,2020-06-30,0,0.05840020486059778
182.35631751835973,125.04187866180926,6.912908986431972,2.262746092540338,2.0335845216374886,7.403248806486534,COMPANY_012,2019-06-30,2020-06-30,0,0.08020453302378114
225.05342740590456,81.52250415812831,4.043059316716378,2.398640441912808,1.0846719202746118,3.233149605667749,COMPANY_013,2019-06-30,2020-06-30,0,0.18778473321797912
150.60734559109775,247.93827776443052,13.694531971349196,2.263081614541278,,16.24292263370412,COMPANY_014,2019-06-30,2020-06-30,0,0.008606871072162561
83.76893015427558,227.7968403163114,8.504162393676552,5.649982713278181,6.098146744898408,14.12971032710338,COMPANY_015,2019-06-30,2020-06-30,0,0.006853733084641657
132.81294515083349,102.77352775839441,9.839525806141088,2.6759688943439253,1.3261674686247458,11.807848821472032,COMPANY_016,2019-06-30,2020-06-30,0,0.049150423328675655
175.98268186275834,199.18931062659067,13.479539249413452,2.579005539373604,3.431233273494499,16.80511776897298,COMPANY_017,2019-06-30,2020-06-30,0,0.015257142991850747
143.64131391307168,157.6311823699142,,2.1575151437459943,0.6176593889921005,7.6353009735412085,COMPANY_018,2019-06-30,2020-06-30,0,0.06922676838984371
128.24866165611186,253.429926871583,11.793535117056999,5.379357868673647,5.789096915530524,12.31876527455582,COMPANY_019,2019-06-30,2020-06-30,0,0.005924804965154177
93.97931652834092,285.2492825870861,10.700780931556112,3.8179472080544916,3.9847505462555777,12.651314686796471,COMPANY_020,2019-06-30,2020-06-30,0,0.007712965482508374
167.666931155523,159.92342344609452,,1.4516055997054245,4.9960963888131085,7.588189715643129,COMPANY_021,2019-06-30,2020-06-30,0,0.06745108214977773
229.3648512847194,181.52519272614046,1.8767124482179636,0.3202732685972238,1.8902193326211827,7.014759453335055,COMPANY_022,2019-06-30,2020-06-30,1,0.3533310901505651
142.2546255678879,135.16865700479323,9.569926357938352,2.7306577490453066,2.478553886009679,10.428520405838702,COMPANY_023,2019-06-30,2020-06-30,0,0.039731380046046205
66.89280781437198,141.12839473769867,10.559292035007575,5.445281263098698,6.449764365867045,18.752184376689545,COMPANY_024,2019-06-30,2020-06-30,0,0.007251002917662494
96.69757415567784,204.76157893189088,10.254611821245831,5.26907345366115,5.064268410665378,17.110789988335032,COMPANY_025,2019-06-30,2020-06-30,0,0.007481462545580411
380.32806978940437,68.8180741584414,-2.8926776550013606,-0.7435401755537084,-0.7542296310932737,-4.431846699112993,COMPANY_026,2019-06-30,2020-06-30,1,0.9320927963094036
61.84082489085948,254.5234300405641,11.573372924593762,5.912300921317359,6.523516271535419,20.76084602855479,COMPANY_027,2019-06-30,2020-06-30,0,0.0027467549920436145
161.39824167837543,102.23363714206528,,3.8166991595113577,4.95067883466397,15.584004987272476,COMPANY_028,2019-06-30,2020-06-30,0,0.021086776215996396
760.809228859145,78.06698759078431,-3.6735995200645797,-1.2124458651283483,-1.9377313642273286,-8.323600062646845,COMPANY_029,2019-06-30,2020-06-30,1,0.9895008566621858
65.9290503554559,223.67766039605823,13.184998700659724,6.879963147403661,,19.334329909199873,COMPANY_030,2019-06-30,2020-06-30,0,0.002220882442494962
299.76459988521333,112.89013898696395,5.797982356683851,2.1497361675071627,1.7170479076844356,7.090406118050988,COMPANY_031,2019-06-30,2020-06-30,0,0.15255572136691048
110.07755760658938,205.48838509281384,4.809925803248011,4.179171465397111,4.014557670705324,12.39269689861024,COMPANY_032,2019-06-30,2020-06-30,0,0.022241162344473462
132.43901199240193,167.31786405454065,1.5413101344387634,2.5438701938179045,1.4024906262094516,11.307219431592259,COMPANY_033,2019-06-30,2020-06-30,0,0.07679112488170542
251.10715806813215,66.51408901014275,2.067430009430372,1.5451931485087402,0.09485189483301937,4.58739711708405,COMPANY_034,2019-06-30,2020-06-30,0,0.29850820535406536
283.60650038367004,171.2330199079891,5.230819253404928,4.710154293190952,2.21409157990726,12.470569760919368,COMPANY_035,2019-06-30,2020-06-30,0,0.05687217623995403
353.32251432570536,99.37434402202757,-3.7855423145550433,-2.0318208599911665,0.9493409060469856,-0.09320319748906725,COMPANY_036,2019-06-30,2020-06-30,1,0.9064579181605046
133.97851643221856,153.52327892405185,6.353843929745638,0.8021778718322081,2.9794974172804873,5.057156335341399,COMPANY_037,2019-06-30,2020-06-30,0,0.07552041430982018
86.79850983451108,296.127434899618,15.800657959754535,7.015149418751508,5.453572786422766,15.25297765937176,COMPANY_038,2019-06-30,2020-06-30,0,0.0018022579453401556
124.68378285972261,178.2060464242026,8.08117653227868,3.065619289190694,,5.357589324266871,COMPANY_039,2019-06-30,2020-06-30,0,0.029806925485172095
105.57696222869417,158.62947118518466,6.213419891341819,4.4737034188838125,4.570753794127316,6.066910030722464,COMPANY_040,2019-06-30,2020-06-30,0,0.02854690565082801
173.7794572039027,136.44869215181345,2.9660557530611125,1.8039727004069883,4.24178324584458,10.797503689666573,COMPANY_041,2019-06-30,2020-06-30,0,0.07829011812533904
125.26454021998397,232.28681286962933,6.535785367334773,2.101785475819424,6.3173485228207555,21.29451416123288,COMPANY_042,2019-06-30,2020-06-30,0,0.013197727551623377
177.51799421318614,237.12099615916074,7.357473838186435,5.3637008153660455,3.2712436714053483,8.109435941743765,COMPANY_043,2019-06-30,2020-06-30,0,0.01963147870319839
97.30115410457267,154.63953494482607,8.120531006475566,2.3137623432202954,4.48309077110899,16.711634465786975,COMPANY_044,2019-06-30,2020-06-30,0,0.022896708861069353
300.7997744816864,132.13088022887095,3.678498336369297,0.7193676717766886,-0.35338310766824854,1.1076065227560192,COMPANY_045,2019-06-30,2020-06-30,0,0.5575388477761547
352.6477176241272,96.2290499271831,0.3948321663637431,-1.444301633742147,2.820380877037029,2.0910172276520047,COMPANY_046,2019-06-30,2020-06-30,1,0.7214411083907013
91.64791804187824,232.57614072739105,9.180669584576714,3.1832071935523185,4.235556784729396,11.636380980769554,COMPANY_047,2019-06-30,2020-06-30,0,0.013739691656946067
85.52865051473665,144.13322957205597,11.377176718814592,5.311418977065324,5.52518691954146,14.790181969086927,COMPANY_048,2019-06-30,2020-06-30,0,0.009460846135060708
105.59574343286067,157.71869720297434,6.368647057088001,3.47233065758971,4.82323108017699,10.306486311748063,COMPANY_049,2019-06-30,2020-06-30,0,0.02773695864194712
236.40508759720245,121.8072546842327,8.084200800149379,2.2306776196979032,1.6041716661532064,3.800278799197015,COMPANY_050,2019-06-30,2020-06-30,0,0.1071989818423704
211.63730953068713,170.31636760017537,5.294169495490683,5.041010747634834,1.3614219190592367,9.548203880730828,COMPANY_051,2019-06-30,2020-06-30,0,0.05033318326890106
177.2228665630033,119.7949351072422,8.955607019797332,3.59655156273685,4.593513380676159,8.240795780630263,COMPANY_052,2019-06-30,2020-06-30,0,0.03865446668088273
308.5955224613434,101.86481566187956,-1.2430799270234867,0.8642788144669779,,-2.4037147335683127,COMPANY_053,2019-06-30,2020-06-30,1,0.7941057054700885
262.79012911721725,97.0095149815994,0.25600122941743586,2.8367105869475906,0.5798922357294579,1.1330668527430308,COMPANY_054,2019-06-30,2020-06-30,0,0.2764750708835679
268.0350091050827,97.80391145242135,3.601760029122941,0.5544180995149863,0.22374561338686139,5.484801304870263,COMPANY_055,2019-06-30,2020-06-30,0,0.5247556869649129
130.6762634987137,194.05270536606497,10.395767136890239,6.0062153636198055,2.618768684566032,9.315822891393829,COMPANY_056,2019-06-30,2020-06-30,0,0.014355086598605316
208.3156219059023,114.86053898790453,0.5981937643334772,2.9832518798847416,0.5138534543292066,11.342252032330197,COMPANY_057,2019-06-30,2020-06-30,0,0.1482923138809802
198.5047096313318,101.86396884582291,4.297735529841718,1.5302532913062556,1.7291301694791663,1.490036067652913,COMPANY_058,2019-06-30,2020-06-30,0,0.17229036577563284
238.53250343903633,150.7654131104907,6.605451363097,2.2391900775702553,1.1350535905058003,1.2045351994363713,COMPANY_059,2019-06-30,2020-06-30,0,0.12148420271915088
114.05274840312823,215.6049785580289,15.716244021818834,7.034730054588431,5.153853458945191,6.135416270447836,COMPANY_060,2019-06-30,2020-06-30,0,0.004872936221613984
236.59103568724979,99.27683539980276,1.7238944350232601,2.7784909564468507,1.846476251008403,3.1300384732070117,COMPANY_061,2019-06-30,2020-06-30,0,0.19021814146914778
162.71465916248363,113.32204774675786,-3.227979917455789,2.3405927395322528,1.3951434626426962,8.244939382425581,COMPANY_062,2019-06-30,2020-06-30,0,0.19705598081003814
171.10637675595274,136.9333324643443,6.382342407172246,2.9820883357311088,3.9428317896786327,7.9385181994253875,COMPANY_063,2019-06-30,2020-06-30,0,0.05300712797520091
116.02059716733724,189.5001705291918,4.883158627588388,3.33431515076352,4.777041767819373,17.292024942439973,COMPANY_064,2019-06-30,2020-06-30,0,0.021746048570883473
169.11074802930557,143.05147272465567,0.04193531122294747,4.105427716033193,2.1406167282156483,2.1033865968387966,COMPANY_065,2019-06-30,2020-06-30,0,0.11445253775770611
,100.85065251466052,1.3086246675747002,0.06617063659789046,2.042716235818716,-0.7157235467616956,COMPANY_066,2019-06-30,2020-06-30,0,0.7043608133952448
160.1977064679047,172.90547483700365,10.169290797299023,1.7956422159777707,3.7504114900571768,21.61567372246808,COMPANY_067,2019-06-30,2020-06-30,0,0.021217917635808922
64.18964571631962,194.2638278599612,11.39609045409505,6.607069296935131,5.04538028783034,16.698172709128418,COMPANY_068,2019-06-30,2020-06-30,0,0.005011088449398235
81.61503600002041,140.73048241890174,10.490317066666567,4.980554432574917,4.909861160379665,17.585968954209157,COMPANY_069,2019-06-30,2020-06-30,0,0.010601765689511827
395.5634793231634,120.04924509856382,1.2332308004317287,1.9880755308190916,1.5263119311362994,-3.1382768075621286,COMPANY_070,2019-06-30,2020-06-30,0,0.3877346416299851
173.4561492640953,188.23728491660006,2.0473738765350618,2.726041969263945,4.069300352113639,9.648625241691823,COMPANY_071,2019-06-30,2020-06-30,0,0.05812454007581842
118.04401881451031,142.62730210447873,7.894494293199801,3.1854714706103997,2.111332174188831,10.514793158330235,COMPANY_072,2019-06-30,2020-06-30,0,0.0391516652871649
158.0491131597917,137.46037106044517,,1.784018621050452,2.301635242832427,15.287592754251415,COMPANY_073,2019-06-30,2020-06-30,0,0.03613921768056377
289.9457642774824,102.55155145808611,0.7227837556908133,-0.0624534880972325,1.2254110201352255,0.9897683088838787,COMPANY_074,2019-06-30,2020-06-30,1,0.6494897138593615
97.45678767549339,181.54429167676872,18.327758772267064,5.096616314257744,7.208598023437125,13.959355854044059,COMPANY_075,2019-06-30,2020-06-30,0,0.0034946843742413793
250.31092702642098,132.42889755026061,2.6803427922283216,2.733036843574225,2.49174515830278,6.725815119441532,COMPANY_076,2019-06-30,2020-06-30,0,0.12995546196052754
175.5913525801816,170.5404273717822,6.287161414421003,3.9914787473270295,0.6577593237101986,10.550165134218874,COMPANY_077,2019-06-30,2020-06-30,0,0.04978392837090382
289.24022053423823,157.61475803014187,2.865019414750423,0.5553431251366465,-0.4819625201947426,6.542688435369614,COMPANY_078,2019-06-30,2020-06-30,0,0.48523843978289877
86.92589716530918,185.48585710188468,9.768217183355894,4.255481915121009,5.645896536779832,14.111384550398212,COMPANY_079,2019-06-30,2020-06-30,0,0.010665872253884169
53.83090917546348,326.3425309425784,13.235352861234222,6.206675561577382,5.199471079218057,19.57418611971232,COMPANY_080,2019-06-30,2020-06-30,0,0.0017085974166963025
66.18662892987264,264.64610189636824,11.69816821055836,5.6979806276163165,7.2342633250094295,13.674005143090179,COMPANY_081,2019-06-30,2020-06-30,0,0.003289728022730715
163.25169947004903,101.32010544757905,5.5626558184230355,2.1373552343829143,5.049444176161874,11.494526094043934,COMPANY_082,2019-06-30,2020-06-30,0,0.060561800114104634
479.2837634154069,103.26512274320453,1.3042567137490635,-0.9316584827813246,1.9765020525555526,-9.827333294799391,COMPANY_083,2019-06-30,2020-06-30,1,0.8594501094157188
150.30397320000375,116.78738832051133,4.989876204090146,3.2756466127717214,1.758815418975826,0.9085524117839228,COMPANY_084,2019-06-30,2020-06-30,0,0.09836609421355721
58.91932919923203,289.6057336400017,11.925353379201496,5.69227313909461,6.226629121482207,25.995471890574677,COMPANY_085,2019-06-30,2020-06-30,0,0.0018585174020301445
230.33757178686008,100.20606636020213,-2.4322777111038816,2.1981383381572988,-0.22972960810173138,3.2417221347946046,COMPANY_086,2019-06-30,2020-06-30,0,0.3286219094103802
78.60914677956922,238.69050606507716,10.549932644326017,3.838397007353519,4.110988389944314,18.997948112548052,COMPANY_087,2019-06-30,2020-06-30,0,0.007414705379131818
132.04782195956327,129.5984448786097,6.724266286718024,6.207667208033882,4.261033703185607,7.400047197587921,COMPANY_088,2019-06-30,2020-06-30,0,0.025918649875884502
226.40740896591853,168.11563549273214,2.6208992683378387,2.6111312163599054,3.234136365629733,4.076659702303768,COMPANY_089,2019-06-30,2020-06-30,0,0.10281595493429017
202.20532944317947,142.66739395645976,9.138460379040326,3.7964086313146796,3.6426449450010976,8.308408465685524,COMPANY_090,2019-06-30,2020-06-30,0,0.039398331081374166
308.0890784362,93.20829012689434,3.1479362677556972,1.0932333988195175,0.03576934271146709,1.2590139586559057,COMPANY_091,2019-06-30,2020-06-30,0,0.6051279308962664
369.1520492106042,108.18941293993957,0.8999516802299117,-0.41630726188155376,2.8344965594023943,-4.751696522324427,COMPANY_092,2019-06-30,2020-06-30,0,0.7275723028405063
235.1168095533162,135.8762098402926,5.054861659293794,4.559478281583894,3.252236772491463,5.298141472227185,COMPANY_093,2019-06-30,2020-06-30,0,0.07022904173096542
108.88591214274679,132.782800191613,5.096736756661741,2.9480495633197865,5.175635225156816,8.499494453815341,COMPANY_094,2019-06-30,2020-06-30,1,0.04138655848509826
163.28706195129828,176.4870980157445,5.7286781852315105,3.225605726736425,0.700023471694921,4.029822247676391,COMPANY_095,2019-06-30,2020-06-30,0,0.0701461242017717
186.9669212720646,144.82971267835248,13.854784707582532,4.50007746757394,3.2545359231733895,11.965885778868314,COMPANY_096,2019-06-30,2020-06-30,0,0.018600653416404468
62.15121643053198,269.1689301981462,9.526434036732542,2.810419831700809,6.731943070136727,18.049315014334592,COMPANY_097,2019-06-30,2020-06-30,0,0.005854148003737429
61.248522190497184,224.53479308290937,16.958191916171764,5.716700839264998,6.915147105447642,14.6933994269159,COMPANY_098,2019-06-30,2020-06-30,0,0.00241269896319263
178.99106398986964,113.59707638121449,3.6701771942022066,-0.5160715065286487,0.726331249711117,-0.5264586924624695,COMPANY_099,2019-06-30,2020-06-30,0,0.25240160240893994
259.22938369582573,174.81494220247527,13.709151942747297,3.608792460426456,2.014722604887582,14.421236121833651,COMPANY_100,2019-06-30,2020-06-30,0,0.025803921662541435
123.37752219909669,131.02951573310781,4.242820299802636,1.1277327259230865,3.90501773129194,6.275563201031419,COMPANY_101,2019-06-30,2020-06-30,0,0.08169283919232058
164.443462688903,165.91938226983962,6.000510461101134,2.319147780081401,4.423623987897023,6.859295497274877,COMPANY_102,2019-06-30,2020-06-30,0,0.05018997011499761
332.92873788461134,84.99342480376595,0.6047587637038696,0.44943859381940954,1.4901394680172215,3.8716092213073807,COMPANY_103,2019-06-30,2020-06-30,1,0.6607634986776169
171.44654956678724,175.75571624769162,13.832667219527462,5.069418403181209,5.220976839443146,11.570678745230406,COMPANY_104,2019-06-30,2020-06-30,0,0.010625096833131871
265.2801632971283,140.53006280051594,3.7432048062136274,3.288813819348456,0.5854026786825532,7.068078635730987,COMPANY_105,2019-06-30,2020-06-30,0,0.13223524548617163
104.62445201400789,175.4604376383615,10.16741916235654,5.036668721746474,4.487962597546485,10.156503650360397,COMPANY_106,2019-06-30,2020-06-30,0,0.013621069609020448
127.82490641076895,106.55567668433721,7.719956106544184,3.8875310196506034,4.991349418203728,15.001212647352876,COMPANY_107,2019-06-30,2020-06-30,0,0.027151500207326828
96.73991536362347,167.7189751676209,0.5370121883622705,3.791764836978596,4.4719610388557935,11.9491373581778,COMPANY_108,2019-06-30,2020-06-30,0,0.041084426680424065
97.57658378165809,249.51983174920608,7.375778932102465,6.522100945081013,6.590720187912638,11.4091116213116,COMPANY_109,2019-06-30,2020-06-30,0,0.006396294475406917
169.19925732963728,156.74454079359109,4.0753460853706915,2.6966159304846773,-0.20290696627669558,6.2139639744648925,COMPANY_110,2019-06-30,2020-06-30,0,0.10332580629637891
104.158124216642,177.57382439735665,7.504124953788024,3.93393293897362,5.144295975290804,24.694592053479106,COMPANY_111,2019-06-30,2020-06-30,0,0.011069504427858064
157.13817552507322,140.2385854367311,4.775463598741301,3.4464385054531976,4.553840296009001,14.848222168264801,COMPANY_112,2019-06-30,2020-06-30,0,0.03800930340074579
179.70759680389293,122.66642830057651,3.030539758491178,-0.8694742654514178,3.4988241581473525,7.856781041009259,COMPANY_113,2019-06-30,2020-06-30,0,0.15738078120786442
117.94650838339318,177.9233648023213,16.024941019008942,4.282361982715555,5.413600070151696,5.717385196109255,COMPANY_114,2019-06-30,2020-06-30,0,0.00968542151498479
193.14668548277893,134.04527420092793,0.5538297309979145,,1.5900510802764676,-1.6425597994658299,COMPANY_115,2019-06-30,2020-06-30,0,0.29276572313174176
175.66565348268242,116.65987023736655,4.413623493103042,0.6569108109136081,0.998573672029375,12.758608686733993,COMPANY_116,2019-06-30,2020-06-30,0,0.1227032903638894
305.2741255633164,121.50352343735915,0.7721007203581238,2.2693828102428952,2.2382884615947405,2.443931796320775,COMPANY_117,2019-06-30,2020-06-30,0,0.24232485861255731
197.78541128523477,110.04223646953182,1.181663536143097,2.843355368709178,0.1839340963633509,5.939291551251819,COMPANY_118,2019-06-30,2020-06-30,0,0.17672057543481343
106.51815070471902,201.8187784483778,13.689101725788186,5.245270826655083,5.027631704865158,13.179226296136939,COMPANY_119,2019-06-30,2020-06-30,0,0.006637344532172869
170.23694657697945,108.91214303666602,1.3917555650142388,2.353968510254526,2.3432822217611093,7.704275177335371,COMPANY_120,2019-06-30,2020-06-30,0,0.1295684473225235
,103.34188875621176,7.400368285741832,2.309535034111368,3.089668011805623,6.701237908240258,COMPANY_121,2019-06-30,2020-06-30,0,0.08747571690220934
116.70173438930689,163.61476494381378,7.374427896557317,2.4881266659048262,3.7901119492158637,19.556369405316083,COMPANY_122,2019-06-30,2020-06-30,0,0.023724062248100232
90.67409695716141,193.53890986210217,5.001697639700701,2.4501087756477853,1.0471423384661667,9.50821288995253,COMPANY_123,2019-06-30,2020-06-30,0,0.04627771430825096
155.2888349457322,130.94062763808168,8.192983730649068,3.989523748684852,2.33721955458694,8.891510909440186,COMPANY_124,2019-06-30,2020-06-30,0,0.04236971843760738
140.14779840559459,170.173424635564,3.990419633940803,0.5406396806138996,4.41114621950598,10.16587502790744,COMPANY_125,2019-06-30,2020-06-30,0,0.06459884144288483
153.960241931467,214.3282032633642,9.318617052655839,2.1360721574744446,2.445789423768554,14.70280585895625,COMPANY_126,2019-06-30,2020-06-30,0,0.025379907945090045
83.22441703296589,134.59988570517686,7.462297967184798,3.4407905591814947,3.45748747805185,20.780981729198725,COMPANY_127,2019-06-30,2020-06-30,0,0.020504133648532985
170.97204669125438,109.94404768495032,7.704280673543401,5.482220334875148,1.5052243600758337,13.723246053709868,COMPANY_128,2019-06-30,2020-06-30,0,0.037595134046890265
348.39441906448036,129.02477688859756,3.049857013996593,3.1534170024283705,0.21346391939973663,-0.6641362643769408,COMPANY_129,2019-06-30,2020-06-30,1,0.26265355640820026
147.23237019315945,131.1885932636463,13.971096340085875,4.574472592346818,0.46740298901136956,5.25409588913255,COMPANY_130,2019-06-30,2020-06-30,0,0.030325574448227106
195.806852440908,112.28353320329676,1.2587466051362086,4.224660375330769,0.6348069950565602,3.4995130540486286,COMPANY_131,2019-06-30,2020-06-30,0,0.1451765114442524
191.78637685389316,145.80417941155665,3.0757314746948197,1.1625421574469328,2.8481238726756066,10.94825090218799,COMPANY_132,2019-06-30,2020-06-30,0,0.10117695140982291
119.0585436454334,207.84726446149025,6.415495195183585,3.037547499754144,3.977472492131646,12.020343783680055,COMPANY_133,2019-06-30,2020-06-30,0,0.024191431407039714
115.89722000016688,288.7085427657004,9.572371045877603,5.788675791963509,6.418997467101872,17.81556422575088,COMPANY_134,2019-06-30,2020-06-30,0,0.0039473195726483406
131.79803504757203,113.4701779798241,5.634892397120698,4.440220793305217,-0.08855082148612947,6.816238115384925,COMPANY_135,2019-06-30,2020-06-30,0,0.07186543362784409
192.2836193105107,195.67050191590317,8.090642691833457,2.517850111950037,6.608760060919334,15.494793354471378,COMPANY_136,2019-06-30,2020-06-30,0,0.020633120106795536
217.03759350902695,112.83365569416189,5.3041309099027725,1.522288412721772,1.9543237551282082,5.012563144219792,COMPANY_137,2019-06-30,2020-06-30,0,0.13844116161103473
202.2464488886625,97.63322010125236,0.3018424190690592,0.1799129882237207,0.46375536583739196,5.427373705667547,COMPANY_138,2019-06-30,2020-06-30,1,0.2906709407019028
198.51165525238414,97.77242152120627,4.344779017474924,3.0092197963383276,2.101832694331914,4.715155744589243,COMPANY_139,2019-06-30,2020-06-30,1,0.12030431688980443
129.40492304470115,104.87228874485062,6.301090622930886,4.143900641366706,3.6082044850470725,7.511533447571728,COMPANY_140,2019-06-30,2020-06-30,0,0.04737750817169453
66.16110010113294,248.87395987382715,7.64407657958934,6.311755529157288,7.1162404426706,17.708468103202982,COMPANY_141,2019-06-30,2020-06-30,0,0.00418768556921987
154.3031237740662,235.83488341512808,5.837649083570292,2.8377697604534813,3.6978531160747505,7.591973837525021,COMPANY_142,2019-06-30,2020-06-30,0,0.03168292807303642
197.29226104756026,131.91122635621903,-4.3430570950884455,3.491196702235671,3.951128743852494,0.09430645859105713,COMPANY_143,2019-06-30,2020-06-30,1,0.1893382611985979
183.0519307055273,115.27199494056408,7.63568840920153,2.086158502794609,3.1051811941129444,16.054019631732316,COMPANY_144,2019-06-30,2020-06-30,0,0.052486551939545996
108.17523114077282,218.14824105715124,9.659028851057325,4.5040152816626655,5.5967002853980885,17.74993251936764,COMPANY_145,2019-06-30,2020-06-30,0,0.008046687767364665
158.57585344630968,129.019424309865,6.904589768484954,3.7454049799973044,2.161078303533571,0.0584758490558519,COMPANY_146,2019-06-30,2020-06-30,0,0.0726880224991408
211.18822069538786,128.52135611130416,3.950360598598487,2.3216418012533544,0.13189473193377843,14.653169901525366,COMPANY_147,2019-06-30,2020-06-30,0,0.10704747370534728
79.8717701215479,207.5589562748054,7.510592946352424,4.360770910946257,4.569040285708413,20.26982245686389,COMPANY_148,2019-06-30,2020-06-30,0,0.009942520433685141
,236.60847412772398,11.878377809159552,6.730473037881216,8.466780790229551,19.65669446560463,COMPANY_149,2019-06-30,2020-06-30,0,0.0021159136094107624
145.38285060114038,142.7874666109539,4.793633871023193,2.8432315826586176,3.51961134326811,13.698738772431625,COMPANY_150,2019-06-30,2020-06-30,0,0.04667970808710091
460.4852432085087,87.46200752241312,5.007676749189898,-2.045954706281242,1.3255720577223074,-3.3405922087463176,COMPANY_151,2019-06-30,2020-06-30,1,0.8144559677076293
71.85919558583024,279.7986900816449,9.834388588506428,3.3441190080455256,7.93445802082398,16.04399403962566,COMPANY_152,2019-06-30,2020-06-30,0,0.0047227486931669975
199.3710539019573,88.42508924944173,7.759456601728489,2.63577629646281,2.4895151159030626,4.463664314928925,COMPANY_153,2019-06-30,2020-06-30,0,0.09615120324850217
295.88285588282076,115.77016603533086,0.5120962020821778,-1.0835962285328478,1.3225891313963651,-4.066500453058668,COMPANY_154,2019-06-30,2020-06-30,1,0.7224600927190284
169.87573710868395,185.59324104601916,8.660746881339055,1.9798167616115663,3.4393697710660525,5.116176099219645,COMPANY_155,2019-06-30,2020-06-30,0,0.045050704658316974
118.57782619874614,249.26124102173554,10.448263906992988,4.2550296833705215,5.453605266585287,11.437095839013908,COMPANY_156,2019-06-30,2020-06-30,0,0.008802270495582803
178.48442057825315,146.68740132669362,0.6586302834680113,2.9825659146979255,1.5009961782446501,10.974925536840239,COMPANY_157,2019-06-30,2020-06-30,0,0.10265853462833377
183.18718189908466,122.85234267605716,5.439170869726398,3.5318436772260107,2.892097570829148,16.558039912166326,COMPANY_158,2019-06-30,2020-06-30,0,0.04864271728237087
366.30234513768215,177.40315851779567,0.9729936062747713,2.2329638111191166,1.8223109633939039,8.26498361913509,COMPANY_159,2019-06-30,2020-06-30,0,0.19345432717055233
111.6442781127033,97.29851185510475,-0.07444749443689869,-0.16555700049776956,0.3186789380241777,5.182258138140501,COMPANY_160,2019-06-30,2020-06-30,0,0.2449923775321237
154.7307683034013,202.2662183571992,4.866441480453252,4.350628597010859,2.4633235381037135,9.82403776458184,COMPANY_161,2019-06-30,2020-06-30,0,0.03445655418665844
311.721320327431,69.48724758333077,-3.1678894418023846,-1.927225722185427,1.824471582246183,0.17114714835449596,COMPANY_162,2019-06-30,2020-06-30,1,0.8303160601209346
127.00966738549131,114.44431213273191,4.851914626264625,0.6811525131685823,3.1679377813677743,3.8703382009155103,COMPANY_163,2019-06-30,2020-06-30,0,0.10896158228631705
324.0377615163218,100.41387444800134,2.5167555658211773,1.2387168093171854,2.0630397428322955,5.263186919244231,COMPANY_164,2019-06-30,2020-06-30,0,0.5202217066250523
253.67029850971218,117.39116903346566,0.6765090932919935,0.633621141204173,-0.2946825739713297,0.7928921110493468,COMPANY_165,2019-06-30,2020-06-30,1,0.6111806383731246
112.8704579170262,154.39761289063176,8.349205894521056,0.9024939205731006,2.0261133987268476,11.403173659895566,COMPANY_166,2019-06-30,2020-06-30,0,0.049664065445910045
230.44752743769925,128.30494671826642,12.100165351607412,4.818854888900013,-0.1500536998381885,10.624459349087685,COMPANY_167,2019-06-30,2020-06-30,0,0.04259776127194336
193.5725935074652,114.92850104370594,6.933440864911166,3.6553168670498097,3.116644268668361,7.9572038114474735,COMPANY_168,2019-06-30,2020-06-30,1,0.060718475623093925
361.60280717621254,140.82589927814337,1.774805237984078,1.1228744602156664,4.809707791393263,12.214416322143814,COMPANY_169,2019-06-30,2020-06-30,1,0.37194454842821933
180.5747912517271,257.78942851555,11.635291776767595,4.270266116759594,4.809068492535097,18.74166420835307,COMPANY_170,2019-06-30,2020-06-30,0,0.007665205123049796
527.8463574400145,70.18291581878574,-4.585705412567086,-0.8320725871788417,-4.976616300641733,-11.838668087409406,COMPANY_171,2019-06-30,2020-06-30,1,0.9850704725063623
291.2941811403412,69.15071731889199,5.786691760533099,3.065477198933914,-0.7674667086103553,-3.088281260818417,COMPANY_172,2019-06-30,2020-06-30,0,0.27998109294976065
43.17034538455333,392.2952805699956,16.656923392610924,6.383607095163477,8.555737524540724,20.42476170294818,COMPANY_173,2019-06-30,2020-06-30,0,0.0004905410704008293
100.19275496146335,242.47291186682807,10.930892719194045,4.109408900380134,5.941598733397472,14.601770498781017,COMPANY_174,2019-06-30,2020-06-30,0,0.006937087547416881
161.0795600719423,199.64452731909907,8.304132542956856,,3.9961653248534468,14.339953872958887,COMPANY_175,2019-06-30,2020-06-30,0,0.018138455380598783
179.52464446803958,198.31418801419133,15.40595657453971,3.4243379710160182,2.781416539725073,14.786972571332681,COMPANY_176,2019-06-30,2020-06-30,0,0.01294505390839078
122.58912765282487,216.2644554208368,9.18956992436646,1.9062539384763482,5.642789940149487,18.0319152945247,COMPANY_177,2019-06-30,2020-06-30,0,0.014095216070614655
158.53338410796465,109.94336122558256,12.365534778754615,2.309718441444903,2.424315730602379,,COMPANY_178,2019-06-30,2020-06-30,1,0.06155012947579036
314.97553687902973,115.39726235678157,2.4061511354930447,1.8705702223146559,,-1.4914212080953124,COMPANY_179,2019-06-30,2020-06-30,0,0.33719047386611833
123.03073288600699,204.12762211973515,10.396595764733126,2.8356710942614107,6.080728511323847,13.526179868424704,COMPANY_180,2019-06-30,2020-06-30,0,0.012952136324027547
113.13179284547736,126.43342378845203,9.93140008014859,3.7522808353185053,5.364907358457298,7.206673580908184,COMPANY_181,2019-06-30,2020-06-30,0,0.024442641308331705
324.4439589187024,81.83876358199856,-2.9132583724560592,2.0233497337255493,-1.4140884014365183,3.5972361261444328,COMPANY_182,2019-06-30,2020-06-30,0,0.4949170007370992
365.0414482170856,92.73524476021242,-2.0060375924343328,-1.8969492409900228,-2.1211096454679006,-3.5923476399964858,COMPANY_183,2019-06-30,2020-06-30,1,0.9348708402720638
337.43331730198685,97.65470582961039,2.7107531991823093,2.009539542923438,-0.1491904646148623,3.50064284372407,COMPANY_184,2019-06-30,2020-06-30,0,0.3162389833762449
351.9199202271844,94.24868114735439,-1.1511335825689826,-0.4109347128802837,0.06556793940278832,,COMPANY_185,2019-06-30,2020-06-30,0,0.7614215817386615
97.20608865339365,152.81205325345772,6.556280494433835,4.7763750465211245,3.0884326508171482,12.03682551639105,COMPANY_186,2019-06-30,2020-06-30,0,0.024710442979846786
113.5864662647908,255.72994435403075,3.4929943398622054,6.487407049834771,5.536289649797418,11.237219395149115,COMPANY_187,2019-06-30,2020-06-30,0,0.011086156581789006
317.95268427236374,83.38361668292774,1.9368815951578096,-0.35249352622476704,0.8183154928289946,-2.092903053470761,COMPANY_188,2019-06-30,2020-06-30,1,0.7204687553365118
163.62168770863656,161.6763125755801,7.5954708590793345,3.313203183359279,3.006708667440515,8.795405556889405,COMPANY_189,2019-06-30,2020-06-30,0,0.040538655729838294
59.68190711781267,239.56547593219747,7.779496676915515,3.9415208960326193,8.266958394964673,7.732852527801999,COMPANY_190,2019-06-30,2020-06-30,0,0.008430459828657545
77.19722902615383,,9.24269110262652,4.635052800358108,,12.311999915832276,COMPANY_191,2019-06-30,2020-06-30,0,0.013614579796182726
125.31726474275654,248.63427436235483,8.978251965149886,6.234906891200452,3.9737846662673144,14.993793163434166,COMPANY_192,2019-06-30,2020-06-30,0,0.007635735990007013
121.14005574495748,132.98404602646303,4.6785116830880575,1.58450198410907,1.8248438501435686,4.1668569556965975,COMPANY_193,2019-06-30,2020-06-30,0,0.0969081082706303
564.3419211626087,52.97487582695694,-8.121700160610143,-0.06875811456821901,-1.9705635099217955,-7.279207723014634,COMPANY_194,2019-06-30,2020-06-30,1,0.9838840856218831
134.28418334122236,202.2709418355143,8.482956238073443,3.197711737843521,2.622205748851774,14.157415440495633,COMPANY_195,2019-06-30,2020-06-30,0,0.02272430009671665
74.61548017730462,156.0287841102984,12.293200133818797,5.007653212908619,7.362049378925308,19.09602684688231,COMPANY_196,2019-06-30,2020-06-30,0,0.005509835858558633
237.8438804584507,80.41701187958,-2.0220186556493327,4.4043544271169015,0.10078222073685017,,COMPANY_197,2019-06-30,2020-06-30,0,0.2226506030429872
155.85350210557206,172.60448723456707,4.079366949707733,1.207467905107546,2.153010825720957,14.8312250567253,COMPANY_198,2019-06-30,2020-06-30,1,0.06482125433778256
310.23644442497607,168.57965314559632,6.883747372956983,0.871731276646974,2.204519800821617,10.35187547004034,COMPANY_199,2019-06-30,2020-06-30,1,0.2739972161212719
104.93555661433575,180.9840556491259,10.794603473987952,5.1680561496110355,3.797864493652067,8.163293784880764,COMPANY_200,2019-06-30,2020-06-30,0,0.01422891427208269
158.94453669996054,205.20431615235086,8.300349025886453,3.4382299858752274,3.899597366006711,6.272897859007804,COMPANY_001,2020-06-30,2021-06-30,0,0.028106874670374215
139.22489490746906,130.614250077062,-0.6347488538656085,2.415904585502337,3.3473365873821797,3.2544138464757904,COMPANY_002,2020-06-30,2021-06-30,0,0.12897739138411252
280.7449770397827,145.01377215645783,5.597306471064041,4.353441949929498,3.8842362046587873,10.15315273743788,COMPANY_003,2020-06-30,2021-06-30,0,0.06050097065326291
183.955830621445,103.84019065778034,6.469181831225091,0.9551793162582825,-0.8171256656658656,-6.149868101268753,COMPANY_004,2020-06-30,2021-06-30,0,0.24194995886274862
248.87859110881865,132.3216365573236,4.940972648894645,1.4777427393463194,2.8037073033920943,9.54736539578561,COMPANY_005,2020-06-30,2021-06-30,0,0.2775101414250696
165.07756110190863,141.44906608780235,7.181628246202431,1.6760246612654353,2.5768855884194886,12.792462583332153,COMPANY_006,2020-06-30,2021-06-30,0,0.0568313934687603
180.51133752749715,218.34846545933542,8.296778719323243,4.178854656482213,0.6570038291657774,15.68732336760932,COMPANY_007,2020-06-30,2021-06-30,0,0.0251788282758044
161.46525379816865,195.9776543351249,7.833674654021124,5.391582614942888,-0.26376977729061624,13.85899446183324,COMPANY_008,2020-06-30,2021-06-30,0,0.026947050485654378
223.7459926866643,171.15300651746028,7.638885038884371,2.508985549741256,3.5079711364576225,9.06368371681551,COMPANY_009,2020-06-30,2021-06-30,0,0.05161521312230803
147.70063419996075,159.5167131509091,12.9171170776448,3.573242931151159,5.409610353499405,23.890435724224588,COMPANY_010,2020-06-30,2021-06-30,0,0.00913953830029718
137.87164784327737,131.68079115108245,0.2860112301190556,3.3325788113571484,4.0858626565489855,8.087908666797706,COMPANY_011,2020-06-30,2021-06-30,1,0.07864630630695948
216.75671741207364,128.72754991728524,6.465997578838088,4.604088482233182,0.2982893401053559,3.937102171317534,COMPANY_012,2020-06-30,2021-06-30,0,0.08675208557763359
132.58589335050334,132.82972079831418,1.386359329047968,1.9877004923579484,4.319321257013932,4.780912902156485,COMPANY_013,2020-06-30,2021-06-30,0,0.09512441094636137
92.8505384950239,215.01157020048038,12.382521163298826,6.726478047037855,7.082161647481157,16.03993540670813,COMPANY_014,2020-06-30,2021-06-30,0,0.00354331745723672
97.25523781992523,290.5158932113131,12.975515880401456,5.080759291633297,7.725208637815954,17.796391867494975,COMPANY_015,2020-06-30,2021-06-30,0,0.0025097896748330433
284.8257625275876,85.55538243116891,2.200554133116617,0.6549762364293592,2.4885303043432057,8.60675709330987,COMPANY_016,2020-06-30,2021-06-30,0,0.4912823083825744
136.92563201566293,133.8134846985022,3.557611325385965,1.9801370334303097,3.590055521476837,8.551236952288885,COMPANY_017,2020-06-30,2021-06-30,0,0.07445276163551161
260.19043177683943,197.12290216877682,4.787865230943807,1.3297960661168837,1.9102500945897039,3.414013677915787,COMPANY_018,2020-06-30,2021-06-30,1,0.28783626424861314
378.83393743270085,91.37578894114388,-2.6952192282083436,1.8611643952995336,,3.575792576629487,COMPANY_019,2020-06-30,2021-06-30,1,0.4061914329025258
58.29974700115626,185.22075705876264,8.15078113112138,2.8445867857358667,2.9791633581353434,15.946877013863288,COMPANY_020,2020-06-30,2021-06-30,0,0.018332018474292524
108.82802713630724,174.2590375306912,5.497207200854771,4.114190537568564,2.389620601800922,,COMPANY_021,2020-06-30,2021-06-30,0,0.028697552580250495
321.3485121828461,130.08124235894246,5.302364493803751,3.8680185330848453,3.828059491557205,5.0239173899327145,COMPANY_022,2020-06-30,2021-06-30,0,0.10322471279016632
131.2918653740932,132.26940927772446,3.7734622989534525,7.001716087536211,1.2095938052341921,11.451231710288424,COMPANY_023,2020-06-30,2021-06-30,0,0.03593993095015084
62.10322943510472,234.19110166583474,14.966648684347435,6.170192143065253,3.5677627380910515,14.300226053315944,COMPANY_024,2020-06-30,2021-06-30,0,0.003894942878655534
126.92322697215445,171.0762807207972,1.2417543863821754,2.200022555872833,,7.785504583804161,COMPANY_025,2020-06-30,2021-06-30,0,0.06893699583655825
176.14883985688306,105.22630579060015,-0.7383192957782709,2.6457020118142984,3.815150881405362,9.584809302682881,COMPANY_026,2020-06-30,2021-06-30,0,0.12451330403795283
67.19380861620989,228.22311642463558,12.689498811913923,5.58189635475365,5.751271496638691,21.592703608840516,COMPANY_027,2020-06-30,2021-06-30,0,0.003307942648885796
74.65340847617355,295.683048605622,11.485913429027669,4.941323498583556,6.485586090737926,23.24933325022603,COMPANY_028,2020-06-30,2021-06-30,0,0.0024682910914088116
183.0705196028353,157.34538388508673,6.490317927170594,1.219618566123238,0.8092032051150895,12.243240822424006,COMPANY_029,2020-06-30,2021-06-30,0,0.07964447431159248
111.15933342758649,165.85632640517076,13.490930493981615,4.850940676303012,6.671720242219087,11.28453533066182,COMPANY_030,2020-06-30,2021-06-30,0,0.008124198371098124
140.15016911547588,194.2685500430156,5.330867852902429,2.1119706054552054,2.277759855308445,13.368996708208272,COMPANY_031,2020-06-30,2021-06-30,0,0.04284636241773259
145.85840916002067,140.99478208648395,-0.293567335853429,2.250380529600629,2.795363661609069,15.18542321500059,COMPANY_032,2020-06-30,2021-06-30,0,0.08618693821292175
177.38169257898727,143.53679506357557,9.538711084222268,1.926193057457966,2.177508157554738,1.989323792253221,COMPANY_033,2020-06-30,2021-06-30,0,0.07088630965520562
150.5007837225496,129.620063315744,3.6180982741562406,3.5177066715113723,0.851353239954324,9.097107783942178,COMPANY_034,2020-06-30,2021-06-30,0,0.08190348544885857
160.93571465681552,97.97252474295293,7.6106194614180085,2.7730952760412277,,5.75024039750144,COMPANY_035,2020-06-30,2021-06-30,0,0.06424354757235197
170.9335597907177,104.04521171349825,1.9874844393493456,6.01140678479978,1.2132738155924099,10.920729897839497,COMPANY_036,2020-06-30,2021-06-30,0,0.07019089172179276
,149.42496165338036,,2.42953797576992,0.760505342164947,8.54623559080131,COMPANY_037,2020-06-30,2021-06-30,0,0.13664851447472798
141.24697723352241,126.27511887187609,4.321503051303733,1.269764313731576,4.112649553580624,10.85379553237695,COMPANY_038,2020-06-30,2021-06-30,0,0.0716882701868578
138.7828854107987,165.16548408727314,3.741636616914943,2.728908624935619,3.2007523857455755,7.80933159669504,COMPANY_039,2020-06-30,2021-06-30,0,0.05854162328381801
117.7329834328965,228.59942462603348,13.121220765519212,6.292942200038125,5.888178147381239,16.289914754194562,COMPANY_040,2020-06-30,2021-06-30,0,0.004136771583390662
127.89517520471644,146.70107481778425,8.095882680463726,2.243643491290319,2.097176017086923,11.983046402634278,COMPANY_041,2020-06-30,2021-06-30,0,0.04339473051647007
120.6330303704737,235.0918877948201,4.545159817328795,4.383389046997465,2.939044395106923,21.149664085203824,COMPANY_042,2020-06-30,2021-06-30,0,0.015516439783201427
160.07769599639465,99.46558746467437,6.410048404404076,2.558785489721336,3.215179534766862,4.973439578119541,COMPANY_043,2020-06-30,2021-06-30,0,0.0814484219983203
117.12317432948875,154.50394332626044,11.546908420789308,7.1393219514510005,2.0785443221808206,10.313119795704662,COMPANY_044,2020-06-30,2021-06-30,0,0.012865590488847408
217.05970733008422,127.47554769450721,0.5339676281600116,1.932858593704824,,8.717237805492507,COMPANY_045,2020-06-30,2021-06-30,0,0.16468478383362073
,111.38525481729148,1.1896154491840072,2.4068842845934184,1.6628496982898278,2.1521900400410625,COMPANY_046,2020-06-30,2021-06-30,0,0.1989018177987818
69.74946162361219,241.84232865609073,19.516950849414282,5.429810558443236,9.098377306455625,20.312229917518813,COMPANY_047,2020-06-30,2021-06-30,0,0.0011288666787384923
160.3045922444669,131.72346362878824,5.13746381970069,4.259354422210171,1.9584071712456834,8.735514015689127,COMPANY_048,2020-06-30,2021-06-30,0,0.05765024429621153
229.44714280362106,96.15988283082827,5.551862913788925,2.6547507329490827,2.85864580638137,14.179163688642422,COMPANY_049,2020-06-30,2021-06-30,0,0.08452341481725922
226.36862753276765,86.75818457217946,5.265331954817137,4.257219669534457,3.4301299502019313,6.074278683044013,COMPANY_050,2020-06-30,2021-06-30,0,0.08766423544530268
314.75330057621227,109.36876533604391,4.2192435878276635,1.3188002135504058,-0.30091012347647883,10.710082451587246,COMPANY_051,2020-06-30,2021-06-30,1,0.46784397566207025
46.694956138688674,419.8589321299012,20.069803607647735,7.206330298484637,6.760461772801379,22.79556806762406,COMPANY_052,2020-06-30,2021-06-30,0,0.000291677027592505
255.46724145039494,113.18123885479766,2.512590285527049,2.6156553808132994,0.6281311921033288,-3.3181911027538176,COMPANY_053,2020-06-30,2021-06-30,0,0.24937590632768336
147.22417665472378,135.16727311681285,9.778150294821767,2.3795395437034452,3.9097790410629307,5.516540512986763,COMPANY_054,2020-06-30,2021-06-30,0,0.04318676286036546
152.8757116031325,122.31194780550267,2.675170194668866,2.7413135497912524,2.0617949814961767,8.803772214395698,COMPANY_055,2020-06-30,2021-06-30,0,0.09424350533380596
154.7435838280985,120.82692094176765,5.517865787450215,3.061934089180014,0.9872174772716622,2.734346310573848,COMPANY_056,2020-06-30,2021-06-30,0,0.09825533492304345
128.5824895304075,82.8086344213149,-1.1985434525199379,0.9668946625110555,0.4822536951457683,4.258386057131917,COMPANY_057,2020-06-30,2021-06-30,1,0.2602028653531944
286.89417867752036,94.34460886403643,5.129543455899661,2.430875615634437,2.1585070951797336,7.014241802582575,COMPANY_058,2020-06-30,2021-06-30,0,0.15596090886256717
147.40299305948253,,3.495972930326191,0.847476749006556,1.9640589620737616,5.204542947538945,COMPANY_059,2020-06-30,2021-06-30,0,0.14554189989873356
223.64309096210465,161.56307340432224,7.77440452548111,1.752059530659107,2.1439243557533567,11.635753265774312,COMPANY_060,2020-06-30,2021-06-30,0,0.06474769126680818
193.3779592472176,124.54673181457387,1.8664022075189353,3.4551078961715067,3.6101462600502305,17.196095892978896,COMPANY_061,2020-06-30,2021-06-30,0,0.06396064298267098
166.70969173119977,184.51029670031602,7.2351146864246765,1.3080440283019308,4.1529450980286615,4.313107764004101,COMPANY_062,2020-06-30,2021-06-30,0,0.0546782091372995
257.5177077392103,147.78872850175566,,1.69980549614088,1.5672941794623418,4.435321567459148,COMPANY_063,2020-06-30,2021-06-30,0,0.20658286039255017
146.9456376219711,146.99770994043433,7.8649648081989865,2.933402948515739,3.904331274635206,4.911325568057354,COMPANY_064,2020-06-30,2021-06-30,0,0.04505862651057337
185.9178938037935,150.27907069615006,3.3247623855448682,1.3566610875221055,2.2901200474638896,7.0965637559010615,COMPANY_065,2020-06-30,2021-06-30,0,0.11171367154251975
243.3111383822395,163.77128822044068,4.8992289237046265,3.3809258661283503,5.552487789471758,12.484772908995422,COMPANY_066,2020-06-30,2021-06-30,0,0.0450639331165948
158.10280321465493,209.44443464018656,11.138920820967044,2.4961796533674194,2.6195376360663043,4.084399099822098,COMPANY_067,2020-06-30,2021-06-30,0,0.03091291877762112
79.98216307149174,195.9225979415151,12.530951085738067,6.746985663547587,4.4526376952419096,26.49195233544448,COMPANY_068,2020-06-30,2021-06-30,0,0.003344279634632295
182.03839265681452,89.43727467775618,6.705173772900927,-0.5935999593163781,3.349416915924839,3.7006120067366433,COMPANY_069,2020-06-30,2021-06-30,1,0.15419197810988675
258.10532898194634,151.0335058363582,1.183548772596573,1.7333285028526237,0.2816621868079894,5.210700101874013,COMPANY_070,2020-06-30,2021-06-30,0,0.20976190350681947
184.74189233545997,178.38359566815092,3.8575572444986124,1.6588461612906324,3.1999749078290707,7.565675801254909,COMPANY_071,2020-06-30,2021-06-30,0,0.07710793753595517
201.70661641980297,161.9241978700821,0.25379972731065426,2.705597569801529,2.650675042285983,5.324997253233024,COMPANY_072,2020-06-30,2021-06-30,0,0.12044878505879784
185.8247652608743,184.3068344875695,11.959900108402298,1.8208031869987669,4.48322793067514,13.964538728959608,COMPANY_073,2020-06-30,2021-06-30,0,0.022690757727772938
236.7510167478221,79.64927246872924,2.8096222951157928,2.528362847959154,0.14655130454099957,1.512995995011632,COMPANY_074,2020-06-30,2021-06-30,1,0.24507296747014704
105.19213408299578,157.7863039411716,6.577991739854314,3.798839415424899,3.408883478510575,0.36792908002923497,COMPANY_075,2020-06-30,2021-06-30,0,0.04430578546436688
515.6525206953879,75.20874979953395,1.658810545288206,0.3609274504229672,0.7993387528893288,-2.7723917690177142,COMPANY_076,2020-06-30,2021-06-30,1,0.84754631074457
74.17127288852483,227.86092146391758,9.005259510563713,4.467600054162278,5.104893511526047,19.1126638012026,COMPANY_077,2020-06-30,2021-06-30,0,0.007158517062404131
204.81752521409922,140.3889172085123,5.764410636623477,2.7615656833369053,0.8362371835533673,8.923315270248626,COMPANY_078,2020-06-30,2021-06-30,0,0.0883566518806885
82.91016953139076,168.3839239785389,16.09160374022518,5.9266623750880045,5.515984426025508,20.76940357128498,COMPANY_079,2020-06-30,2021-06-30,0,0.003585316585378185
105.90783717886106,174.90506928559515,6.1542349356727994,4.119446471737426,4.650535539586968,23.673685451910032,COMPANY_080,2020-06-30,2021-06-30,0,0.013819829189748677
95.14072183330991,140.64545651927946,9.640922661449107,3.486334963650498,3.886121286935174,9.930430215787231,COMPANY_081,2020-06-30,2021-06-30,0,0.02416250135970847
262.6873717153952,92.19693379937812,-2.232422788207572,2.100759589269093,1.819598425786215,1.3074326224618935,COMPANY_082,2020-06-30,2021-06-30,1,0.33004629528915297
218.82050053772784,163.945059816677,-2.3591490780307667,1.7597350497328546,1.2257752518029004,9.23803243128372,COMPANY_083,2020-06-30,2021-06-30,0,0.18454692898317465
298.8484026644462,102.16701906508347,2.412349031242667,-0.8635798901325011,0.7384518874923367,0.35112364200890056,COMPANY_084,2020-06-30,2021-06-30,1,0.6712715680083862
77.86511175946858,212.90017179523215,13.78765510457172,5.411999594153412,5.128281913264062,22.90782726527563,COMPANY_085,2020-06-30,2021-06-30,0,0.0035737027172393883
251.99750558168793,226.6723347963591,9.028148650843253,1.6076419098412273,1.4893028220329105,10.173623597415753,COMPANY_086,2020-06-30,2021-06-30,0,0.05166654671147829
111.03787927145292,204.96377133260646,9.543269003012522,3.529633056200403,3.562916224050797,10.399953500334075,COMPANY_087,2020-06-30,2021-06-30,0,0.01800670930863408
84.09987657004467,126.89752211621486,9.180344391548926,3.0491725307882196,7.275518023521407,14.656379831869609,COMPANY_088,2020-06-30,2021-06-30,0,0.015809810781818028
224.35252357782844,110.1061128136074,1.493002572832307,2.316677273058489,1.5290104552894195,3.3458608628335367,COMPANY_089,2020-06-30,2021-06-30,0,0.19359083352970238
128.3823619721677,128.21481603943374,6.152424124715318,3.844726655953327,0.7818278656724913,5.62807398962377,COMPANY_090,2020-06-30,2021-06-30,0,0.06525354407326571
208.5857785788378,93.8967499050041,-0.5474604418277726,3.6447807963380225,3.7216818368614533,6.041990714720688,COMPANY_091,2020-06-30,2021-06-30,0,0.14201750978201147
210.7681274931992,102.49438394625065,-2.1798886299665674,2.9134274848587323,2.6342822694458787,2.6648833455912055,COMPANY_092,2020-06-30,2021-06-30,0,0.21737476136011583
162.4953050515605,112.8490437663538,10.88614675204268,1.1614661961637174,3.5018353904220865,13.499949196506051,COMPANY_093,2020-06-30,2021-06-30,0,0.044573861051246534
79.48039547492806,136.760674896545,13.894906361224459,6.959992098190453,7.232562687698446,16.50038497014702,COMPANY_094,2020-06-30,2021-06-30,0,0.004265783074476135
79.14406449593359,206.50769878296975,11.467950312489801,3.29495194853333,3.813573090767285,15.37372405359758,COMPANY_095,2020-06-30,2021-06-30,0,0.010825845294586396
199.5812670535116,128.47719121069537,3.0847847035642686,2.9044722450626907,3.073424577569651,9.945656369266596,COMPANY_096,2020-06-30,2021-06-30,0,0.08702931485122598
59.57767872748019,342.04484512020633,12.049365040402002,8.373239632496944,7.997990057555876,16.013227266571818,COMPANY_097,2020-06-30,2021-06-30,0,0.0010003885738903622
106.76734181007731,174.12923556673593,6.861859598794802,-0.0976383617565646,4.821893598432285,13.50763978656201,COMPANY_098,2020-06-30,2021-06-30,0,0.039724582871330114
172.04724408546977,147.19247376700028,6.102451857870557,3.5229844213010164,4.494072738952699,4.466944921151154,COMPANY_099,2020-06-30,2021-06-30,0,0.050339486695841186
182.21011674131705,119.69897931675025,3.0754769790240033,5.0764233298874615,1.4772698019320927,8.161477339326504,COMPANY_100,2020-06-30,2021-06-30,0,0.07625248507003737
239.75301265034014,69.93303357615171,6.292546931826578,2.3683274228645717,2.0268881247995134,,COMPANY_101,2020-06-30,2021-06-30,0,0.16044534713264164
115.79330590001449,116.68911373344751,4.113816190025026,1.6338364988151013,3.0360799491021155,6.293251628327891,COMPANY_102,2020-06-30,2021-06-30,0,0.08798474204019435
116.03415845658617,179.46548690224597,4.623635038470958,2.8063977809639526,5.9496306402230985,8.028223808612816,COMPANY_103,2020-06-30,2021-06-30,0,0.03244405515404395
171.83376116325616,184.981061478421,8.713493269070412,3.9997539414967505,2.259796490703623,11.811816924503772,COMPANY_104,2020-06-30,2021-06-30,0,0.028263742820677677
304.5299693610133,116.5639288959816,5.915775540667953,1.581442179636555,3.543614353563178,5.213185966909689,COMPANY_105,2020-06-30,2021-06-30,0,0.1453854566871062
220.22447794021224,104.6638777045447,4.621000323689939,1.7560172069443571,3.00450430822087,8.75767146263282,COMPANY_106,2020-06-30,2021-06-30,0,0.11752121695008838
120.99427673824371,137.9352232578698,9.668371407499505,2.996329017305525,4.890358776166195,12.35538816128622,COMPANY_107,2020-06-30,2021-06-30,0,0.023872427021810246
57.373241460055226,274.10522764834167,13.951481551970657,7.706746213269326,6.587009534071213,18.732874032119433,COMPANY_108,2020-06-30,2021-06-30,0,0.0014755365314199319
187.86516297453804,198.6560457462762,6.834434788398461,5.949555730406456,3.581494419903294,17.78123229032988,COMPANY_109,2020-06-30,2021-06-30,0,0.016049975968457485
93.63424933215734,174.14633380516273,4.272375229995553,6.997580802626402,5.303617596360763,12.517288279130433,COMPANY_110,2020-06-30,2021-06-30,0,0.013731059191833544
118.2029275340803,214.21289934588506,7.107473405625495,5.851557699112379,2.6780055447487703,7.3858825834247686,COMPANY_111,2020-06-30,2021-06-30,0,0.018464116354575847
207.8522083342861,215.1032247855226,0.3100242921582401,6.537848804977468,2.4815267124382165,13.698525674040058,COMPANY_112,2020-06-30,2021-06-30,0,0.03582074740725175
164.631059085503,195.57980242598646,6.7532246440562975,3.6019335376015134,4.497455848986436,10.201986463177452,COMPANY_113,2020-06-30,2021-06-30,0,0.02748088016151278
110.74141112985143,196.7183501414098,5.809983834604884,1.915500338131935,5.8891373282378146,3.969122004105378,COMPANY_114,2020-06-30,2021-06-30,0,0.035277529542752296
105.67423256822875,208.05338987561254,2.1388444800208397,1.597312625907317,3.8143388117657278,10.57599066340952,COMPANY_115,2020-06-30,2021-06-30,0,0.04798079352159213
160.45718355720126,134.1743287123599,6.311515826102064,5.054218551964031,2.9242191553296726,9.853930505175041,COMPANY_116,2020-06-30,2021-06-30,0,0.038081846130027644
483.1160042411117,79.9458730479677,-0.7897270021872593,-1.0743196156151873,-1.0440184908733032,-1.3521283951341911,COMPANY_117,2020-06-30,2021-06-30,1,0.9384573144615941
232.47737619811343,146.49112698482813,10.107946059001854,3.9530850325964346,4.493951958428514,10.186581969719414,COMPANY_118,2020-06-30,2021-06-30,0,0.03235412442513724
72.64508516109032,213.92182189266111,11.733829632421967,5.047478232690121,6.345580140763341,9.316094512878406,COMPANY_119,2020-06-30,2021-06-30,0,0.00676642461178134
203.78817006069517,141.8286819649091,4.946043481462359,3.768942169760134,3.4781765204580033,19.322772439619364,COMPANY_120,2020-06-30,2021-06-30,0,0.03995887084022371
188.04448063907589,170.65370048887718,3.768012828196735,-0.04401601481478501,0.9174346181083133,8.251630898343379,COMPANY_121,2020-06-30,2021-06-30,0,0.1346121542763195
196.60536077763254,110.24083906567725,2.3439932049526266,0.042589904324694894,-0.5473555282166802,-3.897087597510245,COMPANY_122,2020-06-30,2021-06-30,1,0.33726127021775165
112.05108958839394,206.6321317003159,6.021247632782151,2.759097617553072,4.763866330867253,16.330149420156488,COMPANY_123,2020-06-30,2021-06-30,0,0.019933460737275206
142.98775920363454,128.89116662468976,6.603423655454051,1.553845497070893,1.646357488507637,4.177749792110076,COMPANY_124,2020-06-30,2021-06-30,0,0.09228042882762129
79.48662131451321,223.82920825350757,16.606210668650185,5.983695775384202,6.219848756390881,17.624533290471405,COMPANY_125,2020-06-30,2021-06-30,0,0.0024872723174329658
184.3241829873458,173.72655155706397,3.5968549339319127,2.6240019005986808,3.598036518131306,6.268494548688363,COMPANY_126,2020-06-30,2021-06-30,0,0.06916593362597667
93.24705704723816,181.72673022132548,3.6232865493887223,3.5411979364104402,3.3524786578529318,9.32110814312891,COMPANY_127,2020-06-30,2021-06-30,0,0.036535255369711
292.34561233316765,101.71497773862085,0.12565765624180103,0.7335105907727916,-1.7735444157016746,-4.130352060452686,COMPANY_128,2020-06-30,2021-06-30,1,0.7526012856693455
350.0395359494314,106.16150304336834,1.7557825559051303,-1.530157007978776,-0.9430139746930433,0.9888452753249093,COMPANY_129,2020-06-30,2021-06-30,1,0.7784483670643694
80.85587169104319,188.12480032699722,10.795169863509605,3.628261125258569,3.250474796737008,17.542094272591825,COMPANY_130,2020-06-30,2021-06-30,0,0.012013119784371189
340.08241751107875,72.7423999756676,2.0214475055813836,0.9346695216124039,-1.325249702650643,-2.5893089577608164,COMPANY_131,2020-06-30,2021-06-30,0,0.7569614635523991
132.18465268332795,153.53441279731018,6.992152592304532,1.1800191364234087,3.9044202840156546,8.009787809545106,COMPANY_132,2020-06-30,2021-06-30,0,0.053504091700426366
195.43017934317382,162.12451346621472,5.828767462560659,2.1453017528451657,2.631646368858428,9.442738679677351,COMPANY_133,2020-06-30,2021-06-30,1,0.06700925502259725
92.33576074629065,291.3570539183252,12.082391366003352,7.265956654598655,6.819078325055558,20.547094004042815,COMPANY_134,2020-06-30,2021-06-30,0,0.001805548320949686
227.5493362192777,113.55021504695576,,1.397646796415293,2.6824759721172375,8.606688910051453,COMPANY_135,2020-06-30,2021-06-30,1,0.33173467133214757
77.54233009961587,199.6591598777036,12.87530872810095,5.419891608053828,3.5582438693848815,17.804642712054495,COMPANY_136,2020-06-30,2021-06-30,0,0.006242751223235938
141.2872865510899,266.62686257586176,13.164602419375498,2.1568926039441205,1.7755568947546885,10.484112498297238,COMPANY_137,2020-06-30,2021-06-30,1,0.015493128614263042
148.12023915685515,169.13828190293853,8.08390077399007,4.756326552334288,6.4498357051693915,12.300384502556406,COMPANY_138,2020-06-30,2021-06-30,0,0.01578361722712859
458.5269938544824,86.68913028936923,-1.2664503365681865,1.5534710798307654,-0.7054107191313342,3.5947713666495495,COMPANY_139,2020-06-30,2021-06-30,1,0.5797754993261829
165.62224630026137,156.72355442169984,4.833272296001024,2.0721319424544227,5.30517034714214,5.052391964772889,COMPANY_140,2020-06-30,2021-06-30,0,0.059924236012830735
91.7697184473523,189.74262941748952,10.33508984684874,4.45484441977749,4.967706997436432,17.68617784674106,COMPANY_141,2020-06-30,2021-06-30,0,0.009100084500653714
209.0090629220199,112.4164995962472,5.570211187434049,3.021645344315052,0.8885958363045035,7.819130027551745,COMPANY_142,2020-06-30,2021-06-30,0,0.10538466239409644
491.66383758113216,66.91683324083812,0.6947508416264974,-0.517547325198084,0.8907144516399922,-2.8905493118316965,COMPANY_143,2020-06-30,2021-06-30,1,0.8718676614801426
132.0967555021813,128.7924196502949,6.782467993634348,4.579480604025514,3.262810546801645,14.17435615641604,COMPANY_144,2020-06-30,2021-06-30,0,0.029729579726826712
183.0011883205826,250.7347208634426,3.2275937177896483,3.063484549132413,2.985898335984503,1.6730180540810853,COMPANY_145,2020-06-30,2021-06-30,0,0.054587383179585065
107.10478697736433,194.14564191203016,11.421890467294523,5.09948610599714,,5.293903215136629,COMPANY_146,2020-06-30,2021-06-30,0,0.015864968215391715
110.23939250988977,160.55512188904623,5.175889325922575,6.850832630271169,3.8404982492832156,14.384235947194554,COMPANY_147,2020-06-30,2021-06-30,0,0.01647431592174539
74.22274957745897,241.61602810750756,8.962033124277356,4.272768279711104,3.2566834016942634,12.317409379434432,COMPANY_148,2020-06-30,2021-06-30,0,0.011188633815176907
71.68231349581541,271.1011246262125,13.96398105187467,8.103479858394063,4.632355141416227,23.052596522849463,COMPANY_149,2020-06-30,2021-06-30,0,0.001573483741323289
267.17713902060086,101.70273243128592,0.050516586808510455,3.762652484377165,0.8897895483830869,5.038299609249552,COMPANY_150,2020-06-30,2021-06-30,0,0.21212835089011542
311.5180525800775,107.93406519821848,-3.3164750548978743,-0.5648321660627899,-1.5375263202144303,-4.8029526289395115,COMPANY_151,2020-06-30,2021-06-30,1,0.902771568505767
132.0623253207234,216.64046532417836,12.57192612908179,2.8275960366595156,3.0706885054625657,13.60000958641115,COMPANY_152,2020-06-30,2021-06-30,0,0.014340314324764522
147.9492124902761,162.906417521591,4.40090377053211,2.155903746561754,0.9779638586037227,8.001026965072679,COMPANY_153,2020-06-30,2021-06-30,0,0.08082490763626829
95.30988973209296,173.71319224068316,5.049047912949882,5.779292457537998,4.940488193434072,15.778638799812025,COMPANY_154,2020-06-30,2021-06-30,0,0.01462599040612072
128.8355580980824,136.07809053823075,6.94996161937419,4.244515645660545,3.6054015347665014,10.582473873925746,COMPANY_155,2020-06-30,2021-06-30,0,0.03241812307276687
93.71607194998911,139.92006721053727,11.28302751026281,,,19.45741626161081,COMPANY_156,2020-06-30,2021-06-30,0,0.01769361070029441
103.21863584721486,153.80466559080207,9.858843888568913,4.348352487701174,6.307006923637292,12.811114700762143,COMPANY_157,2020-06-30,2021-06-30,0,0.013024324038387419
414.2071199924717,117.24667222210562,-3.877799052884552,0.31146043774057897,1.1671487987087907,5.206753493543959,COMPANY_158,2020-06-30,2021-06-30,1,0.7784639714773668
253.25502681204384,128.52233869121415,4.947653943222929,3.155016846795667,3.174588476046461,5.1595666641473565,COMPANY_159,2020-06-30,2021-06-30,0,0.10082279701498496
228.5699901426289,127.12145624991308,7.93110553224291,2.777370072279618,1.2247769024023003,2.350766970833226,COMPANY_160,2020-06-30,2021-06-30,0,0.10316984826454462
137.02211987904536,183.64979538926391,7.301521045168717,2.41749990662046,4.472955359320484,13.182176983003242,COMPANY_161,2020-06-30,2021-06-30,0,0.027567741770827246
77.78511606582316,162.58055674386014,8.286406567862489,3.2280914372015346,3.9405823275781433,11.218285354405916,COMPANY_162,2020-06-30,2021-06-30,0,0.022408724700770963
166.03392491132036,108.93301944663882,6.20580250565545,1.3144354872692403,2.3530295297448975,14.38981794531183,COMPANY_163,2020-06-30,2021-06-30,0,0.07694504427810828
261.21606124776696,102.77324620958566,8.864922806494048,1.5778304207086433,3.813797791936989,12.927363438399754,COMPANY_164,2020-06-30,2021-06-30,0,0.07606684300034221
196.3185813270982,158.96963297270452,9.769095853203632,4.332998829031803,2.1487679583991683,14.328890012202754,COMPANY_165,2020-06-30,2021-06-30,0,0.028294080252526038
84.55628294975156,144.54207071236038,-1.34678270070608,2.862460412606366,4.0048931155230285,6.948529472292389,COMPANY_166,2020-06-30,2021-06-30,0,0.07957612042454654
194.1048127555662,117.19320825964223,4.434666188327961,2.2444614622425774,2.9142991657544224,12.601571881348155,COMPANY_167,2020-06-30,2021-06-30,0,0.08256556168096442
156.07944650936844,222.5541219254814,10.001966945396326,1.3714211264872818,4.643633614940868,15.387359067818457,COMPANY_168,2020-06-30,2021-06-30,0,0.01963156280099977
280.36192126656823,96.86982792251801,6.656763071194003,2.5777408508600805,4.476449348537361,6.274531000979042,COMPANY_169,2020-06-30,2021-06-30,1,0.10362352627941568
225.39658166121245,115.7241394678184,6.909636843386538,1.307007960501648,1.721141510285036,-0.28556791914318946,COMPANY_170,2020-06-30,2021-06-30,1,0.355695161007409
217.22383967088504,89.4201737981537,-3.7070706070162087,,2.705333040135462,7.748340587678602,COMPANY_171,2020-06-30,2021-06-30,0,0.29745120695790095
267.6539397215298,131.7785349011836,-2.3451697548923156,,2.074931132625683,3.3653095610667387,COMPANY_172,2020-06-30,2021-06-30,0,0.2698387595154677
224.54499018394307,96.10616137552515,-2.6833578881292843,-1.0108918834079228,-0.43282719868042396,4.1606177678697325,COMPANY_173,2020-06-30,2021-06-30,0,0.7265828515764517
166.709409169422,238.73484810819494,12.541414530548078,7.0483601764030155,5.03238434238949,13.262751388747095,COMPANY_174,2020-06-30,2021-06-30,0,0.005470966971475989
115.94048909210244,222.60633699083934,16.719922375707775,4.344916905269666,3.244133047439632,16.750268236393065,COMPANY_175,2020-06-30,2021-06-30,0,0.005679140549364381
119.43326604985141,153.962726790425,9.825871854165133,3.4417871036945575,4.228326816093846,9.471843495927663,COMPANY_176,2020-06-30,2021-06-30,0,0.023789704696447412
101.11087315057378,107.39444439102978,8.388821234943924,4.676911641580428,3.9304078056425875,14.57379826191301,COMPANY_177,2020-06-30,2021-06-30,0,0.022859799396022545
294.9010049984539,86.66611954561427,-1.415922031264188,-2.06488176795762,0.1458323572672951,1.9090753212176805,COMPANY_178,2020-06-30,2021-06-30,1,0.8020275895455855
70.5174963516518,197.43476424970507,10.985689217798825,3.551118757973587,4.038817270349679,15.37767858057983,COMPANY_179,2020-06-30,2021-06-30,0,0.010770940337534394
161.9586717571974,,-2.757437190940858,3.701649574031351,3.185019285198309,4.471880754520868,COMPANY_180,2020-06-30,2021-06-30,0,0.16467850717947713
155.8038840811541,212.95349317448495,13.632848181637096,5.181298302043205,2.5192681704953586,15.487641821777878,COMPANY_181,2020-06-30,2021-06-30,0,0.009450035704859349
223.2473722373929,128.9998246421037,3.2549062717935344,,0.7031938448468451,-2.160225774536892,COMPANY_182,2020-06-30,2021-06-30,0,0.17176319396155193
127.96009259190856,115.33383002025941,1.1505080952024498,3.504685861857737,4.424882698531334,14.047989422010561,COMPANY_183,2020-06-30,2021-06-30,0,0.057380272953708976
140.3007638801516,124.5437266218695,7.304902129896807,4.375977757037617,,7.196298514791802,COMPANY_184,2020-06-30,2021-06-30,0,0.052946873663003935
290.57756212836244,97.55780104706392,-0.753626071524865,0.05208744453074721,-0.5899069342245766,5.286273253678102,COMPANY_185,2020-06-30,2021-06-30,0,0.6947218478641496
110.48558287750518,247.49278671549348,10.515342198859555,2.203236864565689,4.534741987950751,13.79051926541408,COMPANY_186,2020-06-30,2021-06-30,0,0.012531228626485891
156.34855252926664,205.82044095683898,4.5966363006526025,2.377786172814364,3.523947670329635,9.220604169368553,COMPANY_187,2020-06-30,2021-06-30,0,0.04440884644810975
188.44849878709127,102.13935314187064,-2.3094862951816775,5.513964481745236,2.790055536818292,2.4251988118689214,COMPANY_188,2020-06-30,2021-06-30,0,0.13795003034438458
174.176627748712,161.9653648282805,10.772388827749804,5.137492060906606,7.180425140030559,17.187457141396084,COMPANY_189,2020-06-30,2021-06-30,0,0.009890680269418167
171.6063279523274,157.14375675432527,8.54315246971959,3.526606806105183,2.219344339235909,3.7505122226113565,COMPANY_190,2020-06-30,2021-06-30,0,0.05012152444862776
50.27613566559517,212.44071875287042,8.637336911140132,7.703062476908595,6.244858215968851,14.013107202725452,COMPANY_191,2020-06-30,2021-06-30,0,0.004435224386560318
161.52027957582445,165.84973473988654,6.049698682331169,3.509375529005282,4.018369972718828,0.678295285741827,COMPANY_192,2020-06-30,2021-06-30,0,0.05340277567077385
75.26011576610904,222.62825478315293,8.949677754464128,3.3282017320485675,2.644605217855877,14.961499038887863,COMPANY_193,2020-06-30,2021-06-30,0,0.014420404025565695
508.46821808342355,71.97058486874974,-3.2314196898435927,-1.60352383376534,-0.9221489230379754,-1.2857988048579,COMPANY_194,2020-06-30,2021-06-30,1,0.9606802785204835
314.13310103420184,70.80444312618255,3.8183269423821304,2.3481499611823544,0.48853436950783413,1.222920485522995,COMPANY_195,2020-06-30,2021-06-30,0,0.2972693831978243
234.58610563541953,123.6384321538504,4.369504075173345,3.044334130157739,,4.43778289230412,COMPANY_196,2020-06-30,2021-06-30,0,0.14156000275088496
194.5622544728576,98.13816076771239,-5.0897262547948126,2.994626909976966,4.081757453214301,-1.7748025510843322,COMPANY_197,2020-06-30,2021-06-30,1,0.36831345154154804
246.8400714679519,137.54735867771896,4.919841773592703,0.826397439771196,1.0292473127739652,6.895135433026864,COMPANY_198,2020-06-30,2021-06-30,0,0.3640162096331
193.21617636523524,138.7462930332009,4.255906740056091,4.660146652720177,1.6485993303724122,9.003598292818713,COMPANY_199,2020-06-30,2021-06-30,0,0.0652528723185436
190.02505976181558,136.35096395974975,12.49612407880687,1.2250090116139942,5.82856399004439,3.339603120527496,COMPANY_200,2020-06-30,2021-06-30,0,0.04144215231323689
138.0612933392381,186.37537442341005,8.94798668996905,3.0925946491474914,5.5699318292900895,11.536657118274615,COMPANY_001,2021-06-30,2022-06-30,0,0.019315727908146067
165.936684211318,153.48942165681638,7.106754232325086,1.4068384948974564,1.171682672296313,,COMPANY_002,2021-06-30,2022-06-30,0,0.09367124814394628
206.28962595640797,141.73316678857913,8.68510620660638,4.033335740193534,5.526396912294189,6.012561319868298,COMPANY_003,2021-06-30,2022-06-30,0,0.03545399349062619
117.2503865321426,107.82323049265752,-1.5842222401711528,4.192177389226905,2.3067868865333465,13.592199286954562,COMPANY_004,2021-06-30,2022-06-30,0,0.08512941884359738
352.0865954531,74.34450307950024,6.255307571407683,0.7485915769470535,-0.5503067397495766,-3.6717029773731023,COMPANY_005,2021-06-30,2022-06-30,1,0.6758811659370767
212.21200034713448,127.43341833923992,8.383460225993275,1.946990622145628,1.0575563521965887,10.04708232544938,COMPANY_006,2021-06-30,2022-06-30,0,0.08216057457548502
50.851974685406674,202.9512788266218,14.109989348201065,5.72541985429277,5.747333410105233,14.614189409389423,COMPANY_007,2021-06-30,2022-06-30,0,0.004029313273157523
326.1439952823497,155.23971833594908,9.798615922473113,4.192300081012565,1.3205414456699323,9.176218075045142,COMPANY_008,2021-06-30,2022-06-30,0,0.0649579337140709
267.03247417451104,129.0063664598158,5.996224921694677,2.4404558716856926,0.783561929345882,6.555787471640798,COMPANY_009,2021-06-30,2022-06-30,0,0.13226581500572113
248.361837413312,137.60804963664913,5.456517105592713,1.3314507150299535,3.415560446832586,-3.3469109408996722,COMPANY_010,2021-06-30,2022-06-30,1,0.3604285498022802
130.58176820961188,145.8426694414891,10.552101940531696,3.576229105352557,3.8088663613876887,14.701377750218235,COMPANY_011,2021-06-30,2022-06-30,0,0.02029693880251179
173.76068628343268,138.78089698103514,8.498889203995333,0.4245386025480391,3.0411935293895254,8.636284898176712,COMPANY_012,2021-06-30,2022-06-30,0,0.07213525163647506
294.2154037776852,178.84799671798115,-0.27941109178896495,0.033974350439519574,-0.22583411942857046,-0.48065055525838485,COMPANY_013,2021-06-30,2022-06-30,1,0.7294680723938821
132.79668117978912,154.3886472383215,8.348021040538391,1.209703858299497,3.936640754207324,7.695444603203098,COMPANY_014,2021-06-30,2022-06-30,0,0.04706986370537549
87.28137699332271,226.83645956958915,12.036489441735602,3.803709899219765,6.418066870456457,10.08861799474392,COMPANY_015,2021-06-30,2022-06-30,0,0.007737395058873917
824.7028459429533,60.99774538513231,-6.982024257203173,-1.1746508359119003,-3.524272949654426,-5.837297433769321,COMPANY_016,2021-06-30,2022-06-30,1,0.995125586411199
130.80696397489268,112.79653559481545,9.391714779883355,2.7841839360687324,1.8305621526202562,12.966763331215788,COMPANY_017,2021-06-30,2022-06-30,0,0.04260624416681683
169.52532345845077,142.2259118431893,5.476553096604119,0.9532214846684388,1.6139687476878315,4.770126250440501,COMPANY_018,2021-06-30,2022-06-30,0,0.1131490800920834
108.5069126889418,119.78401836509123,,2.796478614144649,3.152762521506502,15.744303221684248,COMPANY_019,2021-06-30,2022-06-30,0,0.07041480515545812
59.75612362408496,217.21027729865884,12.465184434879378,6.085461060295163,6.558378923498052,19.39886935015609,COMPANY_020,2021-06-30,2022-06-30,0,0.003175534115959837
413.00615160394824,105.40196290899902,2.873288813584147,1.4659737297025268,-0.11238696958259725,3.6402451879763076,COMPANY_021,2021-06-30,2022-06-30,1,0.6584254407690483
231.63994458185817,84.26457275917919,3.313217594586834,1.360666225427552,0.3395592114960262,8.875111733705271,COMPANY_022,2021-06-30,2022-06-30,0,0.44250027775134443
172.65916419601484,156.99481617547647,9.153378648328884,2.4513008254747564,4.8266258140172384,11.432484357416376,COMPANY_023,2021-06-30,2022-06-30,0,0.03154158453595543
76.00520351485423,205.30612515736183,13.671358062728237,3.2450043608132573,5.7369621928695995,25.63382659238151,COMPANY_024,2021-06-30,2022-06-30,0,0.004619488720937279
113.06362864017696,125.78343134861356,9.545423891388207,3.233963157679875,6.639860136216097,20.525420221044754,COMPANY_025,2021-06-30,2022-06-30,0,0.014246404568806275
144.95635414294483,140.0885809563284,3.3686980559614397,3.1632314807752318,2.990692967109123,5.981809895865206,COMPANY_026,2021-06-30,2022-06-30,0,0.07275547888948555
91.69257693399886,194.7413927409444,13.475311378603458,5.8775322641787255,4.249612531277991,8.271801442758598,COMPANY_027,2021-06-30,2022-06-30,0,0.007939052918840088
141.05340175177346,176.38662646597936,12.437158791147773,4.004712827409365,,15.732326961397074,COMPANY_028,2021-06-30,2022-06-30,0,0.00926431193118675
132.20190723852497,126.06464319922799,3.4474500051962083,2.3884353676318026,1.4813268324736497,12.710597236531974,COMPANY_029,2021-06-30,2022-06-30,0,0.07810143963590711
75.40402823522786,222.80542384805048,7.454867850367648,7.52569358473608,5.177223231513774,13.350726864535517,COMPANY_030,2021-06-30,2022-06-30,0,0.006239327987327859
161.66516048712722,161.76176500473147,3.762360555844177,2.957811296493598,2.798352271904379,2.9554928922462,COMPANY_031,2021-06-30,2022-06-30,0,0.07823493994824278
139.39072788786018,171.35602603692257,12.050460877143118,4.940755581912127,3.5624034389597226,10.537839688707722,COMPANY_032,2021-06-30,2022-06-30,0,0.014862245618432262
110.35528532720734,174.5848945010284,6.937578001219187,5.054564285170479,3.210789364716115,12.019007612494564,COMPANY_033,2021-06-30,2022-06-30,0,0.020719910010213106
151.63099170874057,170.54362578673235,6.648851038685536,2.4930195450611974,3.210219549314107,4.975234257755774,COMPANY_034,2021-06-30,2022-06-30,0,0.05242104521714121
185.49294164035268,111.63524204724995,-5.0280558836190234,2.9000595310562334,0.9014347772634363,-1.1722378681654222,COMPANY_035,2021-06-30,2022-06-30,0,0.4284133789543733
367.01553933817297,106.68800641921916,-3.901070670051457,0.3097664525049131,1.2080949241407009,-4.0126024718039695,COMPANY_036,2021-06-30,2022-06-30,1,0.8805675741022598
112.17659036501972,101.37241039644005,5.657961075912525,2.2152973808306258,3.030303920172293,7.722422714604037,COMPANY_037,2021-06-30,2022-06-30,0,0.07065894268667311
143.25952505999763,201.0032983590445,6.698822368055756,3.187107277439034,3.85262050221968,9.134637677798231,COMPANY_038,2021-06-30,2022-06-30,0,0.02976389971522646
65.52013930814677,219.0691371045669,8.237341632043588,4.615020699757646,3.21007572558318,13.291604687966398,COMPANY_039,2021-06-30,2022-06-30,0,0.01208483546274024
54.80294288113012,329.90469703277336,12.939701350514678,7.201811429057525,5.7697359410118905,18.542870427013867,COMPANY_040,2021-06-30,2022-06-30,0,0.0014074100124645932
293.72465992286385,117.75021013551483,6.369243287945427,5.557125252299818,2.639078450766338,4.744354843566606,COMPANY_041,2021-06-30,2022-06-30,0,0.07905379150202206
110.58347204527169,190.4408302099172,,6.097221458587928,2.888612384990382,15.53342282105627,COMPANY_042,2021-06-30,2022-06-30,0,0.010388449211656478
87.40511023319635,205.695195913832,10.369374416314802,3.984515598953402,4.973272641899869,20.678928951610605,COMPANY_043,2021-06-30,2022-06-30,0,0.007824417020730548
142.9295784725882,159.45003963075973,6.519874007575281,1.4464806282898217,2.600153249418474,8.453820043272831,COMPANY_044,2021-06-30,2022-06-30,0,0.06136960942146894
449.48032980745097,105.28729798165027,-3.330122466362392,0.3922334439784726,0.18533784436469514,-4.326310145692835,COMPANY_045,2021-06-30,2022-06-30,1,0.9167830361174447
224.7451506184089,108.89809667985203,4.443427378248388,2.8067431109824543,2.3049995262746243,9.939079597333455,COMPANY_046,2021-06-30,2022-06-30,1,0.10357416813421425
103.43997046625338,159.16838087898446,5.598026867654478,6.006307465347921,3.5088293697188067,7.198474223568404,COMPANY_047,2021-06-30,2022-06-30,0,0.024814805446385365
128.81767034115157,124.28086825744204,6.9914619773129765,4.001864133304103,3.288743079953066,17.47447308235299,COMPANY_048,2021-06-30,2022-06-30,0,0.028650251869865598
189.82710651559955,173.45835820533313,11.177031513210794,3.5641189465798946,1.3526328247795638,2.876255327810214,COMPANY_049,2021-06-30,2022-06-30,0,0.04318766152945514
121.36415312305515,104.57547544748265,8.526268012937203,4.230244955526064,4.272159467368903,10.666594942281371,COMPANY_050,2021-06-30,2022-06-30,0,0.030020627786314025
221.00145022541338,127.61260289367806,5.807263343992567,1.2762190234247721,2.185801496915886,5.789976787519685,COMPANY_051,2021-06-30,2022-06-30,0,0.296085043509963
89.46964635593939,250.70846556999578,15.780091099538573,6.52739917018737,5.952497578014577,12.810456071689917,COMPANY_052,2021-06-30,2022-06-30,0,0.00271557817393729
151.6181703470009,134.3964722145755,6.392662933568749,2.20690922447212,0.4391030695755269,4.800710331045002,COMPANY_053,2021-06-30,2022-06-30,0,0.09439313950736303
311.94020740925754,123.603523748802,3.270029716828553,1.5530343461685685,0.8454954883351162,5.901591979030508,COMPANY_054,2021-06-30,2022-06-30,1,0.22830047838255477
237.90458699676984,121.28320580008501,1.9773986168571236,1.3064011201279015,2.1003564193846063,8.102320120004146,COMPANY_055,2021-06-30,2022-06-30,0,0.3857746415680843
104.49493556401774,128.03846610155892,3.9030092554813125,1.9067681491765798,2.089868722223505,13.191378183303652,COMPANY_056,2021-06-30,2022-06-30,0,0.06647079183285438
87.82170445288693,211.15338549978674,13.460125468928204,4.882761120430692,7.106897584439038,12.770905581760227,COMPANY_057,2021-06-30,2022-06-30,0,0.0050454662322250475
62.99905225436586,332.0981185574974,14.980382594944691,7.351720879830147,4.997646955917551,15.58583786248469,COMPANY_058,2021-06-30,2022-06-30,0,0.0014067131812186488
215.2464698207812,123.0330400359839,9.996455998530424,3.4842172231994906,0.8602377708628486,8.876277264703099,COMPANY_059,2021-06-30,2022-06-30,0,0.06052318168558539
185.04745464631418,159.02510534926955,5.158511966615023,0.872313228583744,0.8892950790362175,2.845772716630265,COMPANY_060,2021-06-30,2022-06-30,0,0.13154409327237385
340.40539723682167,176.22862015619097,2.186988792159548,4.264885483840076,3.2880771075460236,3.2922423332160022,COMPANY_061,2021-06-30,2022-06-30,0,0.1204275781025383
100.08888344222227,264.8256798677313,6.9719583141411405,4.664373370598728,6.082226361368697,17.579178489409642,COMPANY_062,2021-06-30,2022-06-30,0,0.007114955696760185
335.1076075756754,109.94997384892399,3.2182795244070777,-0.438537909519229,1.2371108372928121,-1.5904325065257034,COMPANY_063,2021-06-30,2022-06-30,1,0.662175357188628
238.8548329248788,154.9787768848068,0.7894378501382551,-0.6224886060209958,2.0240304202848045,7.92498783641181,COMPANY_064,2021-06-30,2022-06-30,0,0.45481552426121874
188.59057544843486,167.15702621190965,3.5931278266080455,1.6193761584016668,3.579763376360213,8.526571006763758,COMPANY_065,2021-06-30,2022-06-30,0,0.07943746747416758
58.41999812977993,199.021945119157,8.376487101541684,6.5782261064925684,3.7163468663636743,19.117422681982383,COMPANY_066,2021-06-30,2022-06-30,0,0.006875855397107204
196.05446441129808,145.3840073885277,5.275454583559833,3.256655054612037,2.5947433971318152,8.034567840654073,COMPANY_067,2021-06-30,2022-06-30,0,0.06820585678378085
134.17372570835317,135.37381588349308,3.3623146403388744,1.5706016483319956,3.3640923453281752,4.334560738443013,COMPANY_068,2021-06-30,2022-06-30,0,0.09521487851484989
181.033051365741,214.16565692083174,4.659092915503043,3.6047311154697126,2.9727254031682313,12.064016021067935,COMPANY_069,2021-06-30,2022-06-30,0,0.03574620863652075
224.11195741119494,98.6750818182931,5.123557231998379,4.111848376412679,1.9996873988759623,2.5316083793717006,COMPANY_070,2021-06-30,2022-06-30,0,0.11211491883250589
150.86918457854713,128.67493973251996,0.46993170357063807,4.10413327556452,2.7979975386460043,2.5402491408688057,COMPANY_071,2021-06-30,2022-06-30,0,0.10232264255175691
184.51121203768005,115.758132270756,3.2126782262653237,1.3824982291532681,1.8821673419692757,11.405309846979158,COMPANY_072,2021-06-30,2022-06-30,0,0.1203951074917459
127.43726257564818,177.09272478613818,9.485939280275783,2.068815493302518,4.974353182419131,11.241728545559553,COMPANY_073,2021-06-30,2022-06-30,0,0.024118086821742456
128.14487733250968,163.5864812711332,4.558605395761154,5.445770326105567,2.409771972088567,13.870557130797526,COMPANY_074,2021-06-30,2022-06-30,0,0.02849733332253817
239.8482773986224,105.06758664911902,6.102681074038431,2.190901276365385,4.023346605510019,10.393349992212013,COMPANY_075,2021-06-30,2022-06-30,0,0.08673422827061289
41.18189071254367,256.48369805637424,14.390929878302675,3.553105374370816,7.677925100020104,20.160446270022202,COMPANY_076,2021-06-30,2022-06-30,0,0.002571745310460909
109.16514741989282,204.71665529699033,5.822606049447462,5.123225331747634,2.346337919574765,17.2106287821094,COMPANY_077,2021-06-30,2022-06-30,0,0.017190368098208408
120.82325078574819,255.72626336086836,10.884985038669283,4.20707001514279,3.6024940805838206,16.825211152797817,COMPANY_078,2021-06-30,2022-06-30,0,0.008308414017125837
279.0975016709047,111.83271362284016,7.18089951717965,1.372682809607882,3.966135034558704,10.087872655217483,COMPANY_079,2021-06-30,2022-06-30,0,0.25365171369288175
97.31666639983561,188.70555510650098,14.387368509822547,4.503461391263743,5.6953314784342295,14.923880392138393,COMPANY_080,2021-06-30,2022-06-30,0,0.006351316709917909
39.317020220230866,401.50167387570457,17.629748827377767,8.19102630462203,8.446872850335485,15.45980114985721,COMPANY_081,2021-06-30,2022-06-30,0,0.0003701920516165204
195.03616339245184,89.2925211262932,-2.4643227203014555,1.8586107737915887,0.6406114533825655,4.242304470059988,COMPANY_082,2021-06-30,2022-06-30,0,0.29519319413772116
287.25376627525213,152.56845597894696,-7.534884358438452,1.1237742182026367,-0.18676934010449164,7.473501152872516,COMPANY_083,2021-06-30,2022-06-30,1,0.6959923240088467
145.5387279453221,140.63362706434236,5.417071793219725,4.325313172375876,2.8722756617074157,,COMPANY_084,2021-06-30,2022-06-30,0,0.04330259151606963
128.39557768607173,221.7208590939208,8.724071112493792,4.785257683970956,5.026531027596769,17.61193999172705,COMPANY_085,2021-06-30,2022-06-30,0,0.009582788444592196
117.15211465793908,218.50453380113743,9.29694936726677,5.557003993308603,4.667829629716651,11.737495977616753,COMPANY_086,2021-06-30,2022-06-30,0,0.010130586706431128
93.89357919162377,247.43436166999956,3.7443452772760057,3.325483635570637,6.253487152560632,17.824167092526356,COMPANY_087,2021-06-30,2022-06-30,0,0.013055058417726834
91.64410408440665,223.82132691091047,13.19241734807245,8.018692381026096,8.35969765802735,17.478023982061163,COMPANY_088,2021-06-30,2022-06-30,0,0.0019828354946919233
136.51511494623864,165.59056185935518,6.165492146597456,3.090370110357704,4.211560474419924,10.396938108767264,COMPANY_089,2021-06-30,2022-06-30,0,0.034838796591146734
525.2810642458592,74.93949106049008,-5.453213670073188,-2.893772962221534,,-9.360355169232125,COMPANY_090,2021-06-30,2022-06-30,1,0.9853562912057916
271.2320954448766,147.87545025961313,-1.9954528929315867,0.38881156574501097,0.8757828995446478,-1.8780294658633796,COMPANY_091,2021-06-30,2022-06-30,0,0.7534805144377225
,98.43382362196617,-1.7075860193588044,2.2227833665536982,-0.8415639148626308,4.581999836101059,COMPANY_092,2021-06-30,2022-06-30,0,0.4297242231553089
307.1646469833846,184.40107438262487,3.7375753223897163,3.660377469011543,2.593754774807519,10.856287755494915,COMPANY_093,2021-06-30,2022-06-30,1,0.08047760753035792
93.30105912977548,,9.480757947627655,4.435554218626935,5.284258962142903,11.819786062425592,COMPANY_094,2021-06-30,2022-06-30,0,0.012192614729862312
164.37225678668352,186.2592501357595,4.5860233116965645,1.3888300215446607,2.3798918764969725,5.3182072438994155,COMPANY_095,2021-06-30,2022-06-30,0,0.07966015143690348
374.4631736091031,105.97592329747825,-0.15671152732548688,0.31090833330761436,1.6685592107030773,6.077315482850009,COMPANY_096,2021-06-30,2022-06-30,1,0.6678296270357615
91.53221243141877,194.9868800758301,14.348323422416446,5.022948730660701,6.8510338743886425,15.580365909673445,COMPANY_097,2021-06-30,2022-06-30,0,0.004641366661239132
107.8257106655876,132.8584469447158,4.7844567626730194,3.0619862108445655,2.973846926936042,2.7249786010229267,COMPANY_098,2021-06-30,2022-06-30,0,0.06652652495012319
220.99973915913634,127.8429303530926,3.609279251553107,1.5218557041659426,0.6889409555946051,1.4809459205126623,COMPANY_099,2021-06-30,2022-06-30,0,0.1915714696096439
156.35835177905773,132.44113430918628,5.31849997036961,3.024003833522583,1.087318049324547,3.5650747440696997,COMPANY_100,2021-06-30,2022-06-30,0,0.09125014883884673
178.95014492860986,228.64003393555686,9.36971888545749,4.816150239647629,1.7675382096895715,14.0952867533551,COMPANY_101,2021-06-30,2022-06-30,0,0.017708652141862843
55.932189443841736,256.6093103486607,14.91047491289296,4.999118799581612,,20.84021197806897,COMPANY_102,2021-06-30,2022-06-30,0,0.00226708437951263
245.05358839154152,120.64705434551486,1.9968606352896847,2.6134224253892704,1.7989148450206898,7.755356708210663,COMPANY_103,2021-06-30,2022-06-30,0,0.15188995457488969
375.90533420843735,151.00096915952696,-0.018744397017480152,-0.17740281201591213,-0.6268672146421739,-7.4577381202251605,COMPANY_104,2021-06-30,2022-06-30,1,0.8611597527076462
232.11133078406368,77.13340324815348,-1.4153936816519224,4.607975016247209,0.4563989778242751,12.012734617200152,COMPANY_105,2021-06-30,2022-06-30,0,0.1768948464188965
94.64198061898796,196.27198892862148,2.1699161951523607,4.117738447060922,2.239295809217602,4.924315958573481,COMPANY_106,2021-06-30,2022-06-30,0,0.047293379677554585
91.2445537871629,183.83091725721135,1.8722981966542083,4.667487263351763,2.3356795522188074,10.901778847934967,COMPANY_107,2021-06-30,2022-06-30,0,0.03690739916192451
107.34629981470734,215.1288218775001,11.446530395182714,4.779168673522172,4.8210352656213615,15.366457322179883,COMPANY_108,2021-06-30,2022-06-30,0,0.00784912086732425
110.31121803412313,177.07580833923757,8.686758536005897,4.7651232391773775,1.9092332186678713,11.431230891593005,COMPANY_109,2021-06-30,2022-06-30,0,0.021584367491234987
95.52040176304514,214.23374278476985,8.80664721827894,5.883141593348142,2.6663783850428744,13.630600075827838,COMPANY_110,2021-06-30,2022-06-30,0,0.011116561234359442
237.9106092744828,97.01470015010499,2.2970690022752716,1.1290947064051569,2.939005697369593,-3.3640221767233482,COMPANY_111,2021-06-30,2022-06-30,0,0.5096214352189063
88.73928523282545,229.09760893180834,17.015691097006574,5.513152132968485,6.496992117653343,21.867796385352314,COMPANY_112,2021-06-30,2022-06-30,0,0.0021333717567654166
155.2418823529518,143.8514512861547,8.761286037643552,4.046603330822514,4.744770213839024,11.491806391181038,COMPANY_113,2021-06-30,2022-06-30,0,0.025192269685575842
363.9841796515877,125.94342265010151,5.081723418294497,3.8139701712374325,1.6766899804291835,6.476479548539093,COMPANY_114,2021-06-30,2022-06-30,0,0.1499908566751968
153.76730110906627,127.02481731032988,12.796510899490492,3.037126795064216,3.817881961557337,9.646263567489596,COMPANY_115,2021-06-30,2022-06-30,0,0.026664130147967154
246.16855927021905,129.86455738830114,4.549231556789636,1.9460782580193372,1.4987257426372276,13.472510800401789,COMPANY_116,2021-06-30,2022-06-30,0,0.10924485217328274
371.69016751202963,68.37499438065609,-6.340690700404345,-2.0634928837566253,-1.5438745927965778,-0.8042759093379397,COMPANY_117,2021-06-30,2022-06-30,1,0.9576877231437472
108.86205140713871,199.79146498893746,12.330496571672137,5.1608478708479355,6.697619503605484,16.52040107127016,COMPANY_118,2021-06-30,2022-06-30,0,0.005653374492458071
76.95197739502896,201.00186413104825,12.948562504676325,6.9556457535155864,7.805093461773463,16.37205319862745,COMPANY_119,2021-06-30,2022-06-30,0,0.002968963182370092
162.19879913647483,122.249802029001,5.32276114004725,0.5142171673473672,0.4089144676731602,4.6517142031055165,COMPANY_120,2021-06-30,2022-06-30,1,0.15126970098036954
323.1610354579142,93.91042440540052,-3.1656840666881356,0.6933518781774664,-0.7610442058891813,3.428125342028346,COMPANY_121,2021-06-30,2022-06-30,0,0.7676603289487492
232.13114596701598,125.09987973082465,-0.35948723897254986,4.1821165226231845,-1.839683229375146,7.9968804427832705,COMPANY_122,2021-06-30,2022-06-30,0,0.19497214534842336
146.2787091860994,170.55889395527757,5.522900384840478,1.6205599244328583,4.481066204429212,6.4803895318274956,COMPANY_123,2021-06-30,2022-06-30,0,0.05420909179537634
159.9428668576455,112.73498034961172,2.8095699907298664,2.372259623895211,2.057238437783095,11.85770558539427,COMPANY_124,2021-06-30,2022-06-30,0,0.09571418364769767
76.42013477347267,176.71871689205477,14.145403366135863,6.451151278586952,6.677536068621107,13.427161331880901,COMPANY_125,2021-06-30,2022-06-30,0,0.004283167482709136
41.741211211584385,278.4334958531096,11.065980631431415,4.44634117428895,5.527839715889438,24.690618305711286,COMPANY_126,2021-06-30,2022-06-30,0,0.002895952354814591
141.78520945106345,187.71269760014457,5.57073824316129,3.590252026615115,3.7034384963999725,13.660331798744181,COMPANY_127,2021-06-30,2022-06-30,0,0.028379991213797123
246.19208849362525,115.1934306241233,5.33092093725992,2.5578930485594142,-0.005256562827825384,7.275502513658981,COMPANY_128,2021-06-30,2022-06-30,0,0.1455057230788299
431.46089548958486,88.74683904222263,-2.162915477596573,0.0924711364203441,2.026951312398354,6.769424799995899,COMPANY_129,2021-06-30,2022-06-30,1,0.7683465104827801
293.4935139466834,129.93244170244876,3.5444762391084415,1.028664649126296,1.794794347429688,16.652610351988884,COMPANY_130,2021-06-30,2022-06-30,1,0.33032674995761924
184.99066183590696,94.5476957783133,,5.699896001103465,6.85783077270902,11.391598065450204,COMPANY_131,2021-06-30,2022-06-30,0,0.04533943285964689
235.90079161342834,153.85619923659377,5.086845248738018,-0.4508001130595791,1.1918901349335052,-0.49186373637126923,COMPANY_132,2021-06-30,2022-06-30,0,0.4475865605022378
112.48748051474672,204.87446423560547,12.062372017203183,5.09302053680792,4.7350004025978665,8.154211265010407,COMPANY_133,2021-06-30,2022-06-30,0,0.010184553880273662
104.4322202623754,207.98502286903746,12.150843428023899,2.1502867391079135,5.847667270591558,16.7680462480251,COMPANY_134,2021-06-30,2022-06-30,0,0.010103093543800597
290.3084979477795,143.70668105886665,-0.6874666534502452,0.42923595387232827,-0.7434856228886191,-4.833507335823014,COMPANY_135,2021-06-30,2022-06-30,1,0.8010765873005911
72.83825830859924,202.34999390882837,11.000328234137514,4.7948798677672,5.116613814254166,19.609862250606177,COMPANY_136,2021-06-30,2022-06-30,0,0.006278996714588334
190.55016701895178,157.70201307418725,0.4577385271542074,3.3531201482671773,2.911185262550475,6.415471364102888,COMPANY_137,2021-06-30,2022-06-30,0,0.09802997612386274
150.2762270466401,191.59474332409766,5.423372420981809,4.516876344927076,2.2528848998386906,7.95502616136449,COMPANY_138,2021-06-30,2022-06-30,0,0.03653076514869705
132.6544383177079,159.57398527595015,8.785072378893073,5.715536760173001,1.2910361087046283,11.139173800217385,COMPANY_139,2021-06-30,2022-06-30,0,0.02378514909131836
291.26586075438655,83.39536314090705,3.9844058257129964,-0.5043112451138136,1.5464185986093635,2.3916910836885332,COMPANY_140,2021-06-30,2022-06-30,1,0.5976754622337715
,256.24366469600307,14.210230327280579,2.8622391694637104,6.528285063865554,19.180430234154784,COMPANY_141,2021-06-30,2022-06-30,0,0.004525057862042385
,115.49337044023561,7.841821130079496,4.345336248883858,1.2670682704638065,6.952827441442711,COMPANY_142,2021-06-30,2022-06-30,0,0.08453363254160241
202.20981138669546,117.4198607899534,7.055168737604876,2.201041720202128,4.114619480682492,9.076119800455823,COMPANY_143,2021-06-30,2022-06-30,0,0.06697057264368941
223.2694085752715,128.85285971431307,3.0281677356235073,2.240768732979589,0.3461133295082941,9.158390346399852,COMPANY_144,2021-06-30,2022-06-30,0,0.14503767307803692
47.227589173519334,252.8343583375795,13.488529737366706,7.36536355460013,6.722854717774709,23.760297834454555,COMPANY_145,2021-06-30,2022-06-30,0,0.0014425941082007658
64.41687047375574,225.94773361175362,16.81077910630234,4.454945743308943,6.221634772505435,13.281282994288912,COMPANY_146,2021-06-30,2022-06-30,0,0.003544404001043462
80.37710409664115,234.19311011957092,9.24585894588115,3.705296529523488,6.780102932764747,7.8526091391892985,COMPANY_147,2021-06-30,2022-06-30,0,0.010121641293422771
131.57588484055123,223.3227378901192,5.90754369311667,5.249427026893821,5.445329330302359,11.300065087417499,COMPANY_148,2021-06-30,2022-06-30,0,0.01427698995175557
102.96089418744913,268.8067988249075,8.335281824054464,4.448792966611933,3.7455479281386648,15.007622398941532,COMPANY_149,2021-06-30,2022-06-30,0,0.009330625649451028
91.45195087832687,157.06931783381688,8.686751649395928,4.198060462434194,3.499866742702556,15.064703354139695,COMPANY_150,2021-06-30,2022-06-30,0,0.01792438385892246
136.00510380073655,128.4062598745545,4.473011152000977,2.9001281704694692,2.346459227990896,,COMPANY_151,2021-06-30,2022-06-30,0,0.0651850470425894
105.65596328669137,143.73084538667004,8.828368107300854,6.230233244581058,2.670381279061386,4.4321077030270875,COMPANY_152,2021-06-30,2022-06-30,0,0.023619722532177582
149.73436070776953,150.0489137483033,11.329223075134434,,2.6412886792550685,8.33159235593417,COMPANY_153,2021-06-30,2022-06-30,0,0.03159595021115523
173.32836844291523,111.15570199969746,5.038546754203631,2.832798376210872,-0.21903188061617906,2.347478935310568,COMPANY_154,2021-06-30,2022-06-30,0,0.1376443660079027
94.89787494307703,170.43607425838655,8.946827221187045,2.3661144427630383,6.2609218237967434,6.820966152913221,COMPANY_155,2021-06-30,2022-06-30,0,0.02258208253965465
288.96848442341644,103.60961601619235,6.375970376518696,2.8965333631123884,0.8124176541888322,4.676446982214929,COMPANY_156,2021-06-30,2022-06-30,0,0.1558672876709559
,157.25718540904967,7.918305722983212,4.4706118793722975,2.933703765793687,10.3681584599981,COMPANY_157,2021-06-30,2022-06-30,0,0.029207265133881173
108.6283754711562,187.04347837616808,8.176935587024563,5.589634884505879,5.3164270129404185,10.49065969862902,COMPANY_158,2021-06-30,2022-06-30,0,0.012752759370093052
105.44318402619396,192.17418436092498,4.305971334397693,,2.4857692876860464,5.859253021284273,COMPANY_159,2021-06-30,2022-06-30,0,0.06818855258930301
283.0082146707687,107.66737723854045,3.8230005355553827,-0.5229508906558877,-0.4929485468164383,-1.2959467457849922,COMPANY_160,2021-06-30,2022-06-30,0,0.6522289744591615
260.7175136367467,103.25071078481118,1.3048804287370475,0.2937335482039847,2.4324717526799695,10.648393325743982,COMPANY_161,2021-06-30,2022-06-30,1,0.4606250407036075
102.85249435152839,230.89910847001374,10.279612194064432,3.4240233247760488,3.9105078101397748,9.653474316471181,COMPANY_162,2021-06-30,2022-06-30,0,0.014012830036882659
187.07814255182797,204.88803148618956,2.509383636068795,0.6248275995206993,0.9280782348139132,2.468350214119469,COMPANY_163,2021-06-30,2022-06-30,0,0.13769993887935433
473.35146925358504,87.90150979310265,-4.119018281915287,2.2091850298268083,-1.867941585470664,-2.360994066944914,COMPANY_164,2021-06-30,2022-06-30,1,0.8051562015813647
102.8926726049529,270.66037116303545,8.367768721173626,7.184068374273487,5.068244086285255,18.634187520919696,COMPANY_165,2021-06-30,2022-06-30,0,0.004169182087088332
232.794183994507,175.596196313081,2.5867038005994676,0.39540802329625757,2.5255640818548324,15.780201087579986,COMPANY_166,2021-06-30,2022-06-30,0,0.2560654471784264
102.8869593036133,123.05145430974238,10.280889715081576,1.7993332713225982,1.68617230941037,5.596729599375266,COMPANY_167,2021-06-30,2022-06-30,0,0.052903088110291936
224.89527619749768,98.038480386648,4.540393616697594,1.495014022091108,2.311882037322932,1.0638825346850265,COMPANY_168,2021-06-30,2022-06-30,0,0.3984871110770341
268.30207122835935,122.69867861422289,3.2695938561127997,0.5017310737310711,0.5388793265796153,1.5053287492291991,COMPANY_169,2021-06-30,2022-06-30,0,0.5286851081702705
169.34140128058613,144.53112641025498,5.013453164960841,1.5670380855930273,0.8075034558154321,2.2455650484770944,COMPANY_170,2021-06-30,2022-06-30,0,0.12565265289554897
357.8047840917266,60.949689407599244,0.5027081607353086,0.0355550806708167,0.5201981674070578,11.407011104837753,COMPANY_171,2021-06-30,2022-06-30,1,0.6921406247423454
333.18104972224717,111.27964323291356,-4.815658961592224,1.472350706460575,0.35421596296958924,-0.4619957032373554,COMPANY_172,2021-06-30,2022-06-30,1,0.8425815652084304
164.37673097634735,188.6470643500497,8.813974104129654,2.7910553765010233,4.382997298516178,11.117535923849521,COMPANY_173,2021-06-30,2022-06-30,0,0.026369496811716863
148.7260261675318,246.28321427873507,11.48550675610341,2.555666710448196,1.282987127831083,9.291408402290946,COMPANY_174,2021-06-30,2022-06-30,0,0.02194598576357001
135.44654741375993,162.93905988523312,5.030436443906492,1.6534391042301395,4.7772840624556245,7.4194398036284035,COMPANY_175,2021-06-30,2022-06-30,0,0.05282183661942479
111.89694282108195,161.8391498806091,5.677503797226283,2.681813818336898,3.581781951006388,10.01125535689162,COMPANY_176,2021-06-30,2022-06-30,0,0.039765109753356426
94.70921595723074,256.6125011449704,12.51532773474419,5.463495695505383,2.2151423320900885,18.761446512308787,COMPANY_177,2021-06-30,2022-06-30,0,0.005529708727281714
223.33523483585722,70.3454933924004,-1.5047071581540106,0.8832952314186638,0.8130098591250406,4.409359332268526,COMPANY_178,2021-06-30,2022-06-30,0,0.6245274685253313
74.55924801087296,173.02356460926393,12.194734585921157,3.9952297366575884,1.8284846448353171,12.524686238674844,COMPANY_179,2021-06-30,2022-06-30,0,0.015083954913967312
181.6455915372477,125.71933335818107,3.1615236127882396,2.6088962385074415,0.2761773406861009,3.5435838594764384,COMPANY_180,2021-06-30,2022-06-30,0,0.14574490927057607
182.74502713642735,217.97069362701362,7.786201928234354,0.9930035996269333,2.3867886836916745,7.120188330272991,COMPANY_181,2021-06-30,2022-06-30,0,0.05287867461719416
224.09003232253892,119.29005595189412,2.513267374768804,1.2088070972543494,-0.5540973488884966,-2.177062142665055,COMPANY_182,2021-06-30,2022-06-30,0,0.5461884270020325
254.74536795047538,106.82240589668572,-1.1964842968677676,1.6681868097556654,0.9678486266433044,2.4056928418520145,COMPANY_183,2021-06-30,2022-06-30,1,0.31110728899875234
199.57169955583615,124.21243289932143,3.721820527010827,0.9623992452003352,1.3065144793447048,12.643233933624682,COMPANY_184,2021-06-30,2022-06-30,0,0.12620780267100484
301.7706827154716,93.02427250127417,1.5738871613184946,3.7929208316080754,1.8726364673298472,12.823864497720969,COMPANY_185,2021-06-30,2022-06-30,0,0.15331315285205954
175.61098249614065,168.0578383581848,6.045164539969171,1.82673222676119,3.4763522052916267,11.781807321800715,COMPANY_186,2021-06-30,2022-06-30,0,0.051775908061470734
206.8532084162387,124.99856301830586,-1.8166301644590157,0.7615910552089109,0.5703174826968291,8.317292440117027,COMPANY_187,2021-06-30,2022-06-30,1,0.25747542034494364
239.77008921224743,118.87986072364146,2.1434242597386057,1.8776814921022127,3.3217429378147543,-0.9680033648964921,COMPANY_188,2021-06-30,2022-06-30,1,0.19055423508152183
344.7852875016839,94.6678581419991,1.7334115893104254,2.8998964688839757,0.5334185122212008,-0.836918299795542,COMPANY_189,2021-06-30,2022-06-30,1,0.33298346277232793
111.44539590253686,143.62855188435356,4.147841525775513,4.558915217629034,3.496284375561444,11.457282225313067,COMPANY_190,2021-06-30,2022-06-30,0,0.035256102722994634
71.04473470330771,171.4108409402043,12.274498369123389,7.119487030183594,3.8844537405412924,10.283121558950732,COMPANY_191,2021-06-30,2022-06-30,0,0.007313427607045396
156.99200374565925,181.39884672292263,1.6085516451202162,4.534930383267869,2.9059640240930933,15.557126071357022,COMPANY_192,2021-06-30,2022-06-30,0,0.03959818673819053
42.204786990576565,422.6332134346556,,5.780766915168035,5.822879065483412,22.02775439726279,COMPANY_193,2021-06-30,2022-06-30,0,0.0005541961744038881
213.4235511723472,94.2647165831934,1.9446877744874924,1.783146979001516,1.7858696268572172,6.403783801636352,COMPANY_194,2021-06-30,2022-06-30,1,0.18576220968719948
239.62222869566804,128.47844418085108,5.418517723302365,0.9455795708175261,2.962109315318778,11.324014499171552,COMPANY_195,2021-06-30,2022-06-30,0,0.2664221701070166
117.46258998600746,173.01029061972412,2.182009033230738,3.942723146252563,3.035614604921643,8.555125889761424,COMPANY_196,2021-06-30,2022-06-30,0,0.04821902709816047
287.7398928115281,176.21763719791656,-3.150355656348733,1.355306639583741,0.3930015538787923,-1.171657010129083,COMPANY_197,2021-06-30,2022-06-30,0,0.7279883625640299
379.799006639259,69.72640312572895,-1.3494813140090565,0.7635065991924739,-0.014547883426876462,-7.183194970680703,COMPANY_198,2021-06-30,2022-06-30,1,0.9009145760043713
160.46576523370473,258.6124411454694,5.532860719463516,4.753652690236782,3.488588598259454,6.2892900550292365,COMPANY_199,2021-06-30,2022-06-30,0,0.022555614598987847
202.74792176349015,,9.908683837105864,2.734237706505696,5.21639389794105,12.463364609841875,COMPANY_200,2021-06-30,2022-06-30,0,0.02987757009983131
132.6349760433759,135.71890491366676,11.676843773624483,3.294134172311138,4.394874206410391,17.534860835629406,COMPANY_001,2022-06-30,2023-06-30,0,0.01707057011891071
112.17720661011295,131.7619704814616,9.043065361968022,4.275030468300395,2.1606657235829476,10.040620807788855,COMPANY_002,2022-06-30,2023-06-30,0,0.030573242226026927
179.89273319472144,260.17355838039396,4.7728520916300505,2.4769248664060735,,-0.26773986483692447,COMPANY_003,2022-06-30,2023-06-30,0,0.052105789840710674
103.27173711446164,170.98689799516046,13.181095237685216,4.066336597001782,4.5111369881839085,14.756530231252887,COMPANY_004,2022-06-30,2023-06-30,0,0.010206392559351763
401.6240523445464,140.52774550872718,-1.6126822480627006,1.0067611153145322,2.4663780783349303,5.574543749087372,COMPANY_005,2022-06-30,2023-06-30,1,0.6328432380221656
295.2231597762465,106.1233361776146,-5.159996542196445,2.2019421507659906,2.5183229903521243,8.773533974131201,COMPANY_006,2022-06-30,2023-06-30,1,0.31662245116915205
88.06958064076672,148.99947197999364,7.60451058477469,5.647183851424725,5.495610365431078,10.718165536824102,COMPANY_007,2022-06-30,2023-06-30,0,0.014966481633945705
199.47593629643512,108.58657877065377,12.260419881762077,5.173684203683418,0.937466356865758,4.06428128505106,COMPANY_008,2022-06-30,2023-06-30,0,0.04453221931586825
213.26489528881157,199.83532360168607,10.763379162385283,4.504094232982002,3.461123523376399,1.2755421442827437,COMPANY_009,2022-06-30,2023-06-30,0,0.029904552285402126
124.61059358731201,199.3525643330812,11.104754619053542,6.515413225145341,3.289574125803311,24.489318558795446,COMPANY_010,2022-06-30,2023-06-30,0,0.005851174601447853
304.44338954432516,100.96279081668989,7.62393856431858,2.777736737236515,3.154966000313718,1.8134214778960343,COMPANY_011,2022-06-30,2023-06-30,0,0.13221410136842365
177.9276700305296,125.67820025882051,,4.047937575612513,0.901047855426744,3.8062727287677878,COMPANY_012,2022-06-30,2023-06-30,0,0.11800128205861637
98.90998347022627,191.62352527062404,13.43852492467437,3.1089258753610904,5.95364128374047,16.92893794624287,COMPANY_013,2022-06-30,2023-06-30,0,0.007929888240472081
131.01758678510504,146.9788335883006,11.729433379573152,2.964655257684645,3.047433709329567,9.743010000089273,COMPANY_014,2022-06-30,2023-06-30,0,0.026602265624309878
29.231720968033393,362.58586705761223,18.46800654409192,10.551030797994974,8.445221075446911,22.930802352043347,COMPANY_015,2022-06-30,2023-06-30,0,0.00020035224571690754
174.2913111535792,99.14570993391065,4.02389364742293,3.359690342599242,1.0777417825939821,7.305551105836448,COMPANY_016,2022-06-30,2023-06-30,0,0.10847693885032457
174.12199455620524,164.6449776999999,9.504693466599079,3.573122858157444,4.8850274785899,18.075737063089242,COMPANY_017,2022-06-30,2023-06-30,0,0.01844678501199995
108.82762553522224,186.47415549262027,7.527412351059791,4.377038093592483,4.213237939070568,7.883101393062503,COMPANY_018,2022-06-30,2023-06-30,0,0.02135140413588677
285.2108443819382,164.34154434293524,0.06925593243710271,1.2135858864555218,6.052696336321088,21.350590570181865,COMPANY_019,2022-06-30,2023-06-30,0,0.20900654526977622
219.08835177491721,154.35277716087452,0.8665550975982339,4.302537133137509,-0.16907349982982867,8.934713938606528,COMPANY_020,2022-06-30,2023-06-30,0,0.11629685430488307
72.1035832453475,204.93682182002973,,5.7819273269692175,4.340353692093609,15.810230139146793,COMPANY_021,2022-06-30,2023-06-30,0,0.005948129283119393
308.02406560802825,107.67114355225786,-1.338446099154566,1.3741640596923796,0.43728519697349033,-1.8536141684532295,COMPANY_022,2022-06-30,2023-06-30,1,0.7882209322454317
179.10353874693033,150.15540147152132,1.2827029154047676,0.5603212443121901,2.6979519172478934,8.21062377128546,COMPANY_023,2022-06-30,2023-06-30,0,0.136363770645692
,222.54267045714977,7.048958599809485,3.745836346756834,3.908394571582921,14.815424197380167,COMPANY_024,2022-06-30,2023-06-30,0,0.01648007005195899
155.94723809829696,96.60983043402786,1.4009992393401705,4.495583476026364,5.09600096776583,9.040515025711088,COMPANY_025,2022-06-30,2023-06-30,0,0.06547832206358147
321.1237234175151,97.93337395976299,-2.2509783163361243,3.5708784326197067,0.6734533605906446,,COMPANY_026,2022-06-30,2023-06-30,0,0.2515641799251108
65.14286728147657,332.90283688570105,12.46586681954652,3.7820302115258766,6.260093907666705,20.41101901855084,COMPANY_027,2022-06-30,2023-06-30,0,0.002443567396555823
137.72588115077025,266.5271489005136,12.32873060501762,4.824006514784332,5.521030367428777,12.568796104352081,COMPANY_028,2022-06-30,2023-06-30,0,0.006091631400305821
323.94426121033484,75.55260107069313,-6.753673601179294,0.18963824980627308,-2.876180939636307,-0.852236060505851,COMPANY_029,2022-06-30,2023-06-30,1,0.9360115410712971
73.28716952146326,142.86582213365546,13.648347142801752,5.291765683973552,4.627120194322864,18.935240977281342,COMPANY_030,2022-06-30,2023-06-30,0,0.006867507472864494
138.59736072150693,181.20627024882444,10.071538577815165,2.3784567249740567,2.5727359981750375,3.4511230056372364,COMPANY_031,2022-06-30,2023-06-30,0,0.039358191547121016
154.54891459190205,197.1714281288874,12.312064047218794,1.845212770142402,2.2285430688394903,8.504429788740726,COMPANY_032,2022-06-30,2023-06-30,0,0.02886656221118411
276.9596746585006,103.02819390952655,1.0476574626465873,1.9479307838451607,,4.436173037249656,COMPANY_033,2022-06-30,2023-06-30,0,0.24999642974903924
238.17228917278229,87.71277362317203,0.657181481498017,1.416396074270639,0.5010999070178936,7.48822989026313,COMPANY_034,2022-06-30,2023-06-30,0,0.5165144630473717
181.15978142063085,134.5859028672882,9.458056390939475,4.033502632041672,4.040389282055035,7.361399028523802,COMPANY_035,2022-06-30,2023-06-30,0,0.035093506702805914
184.51473830078984,124.62003232844475,8.111803503413858,2.9582267070644144,3.5346751203243123,8.387891091260016,COMPANY_036,2022-06-30,2023-06-30,0,0.05250073177961181
195.97826013963262,126.80231869983442,7.813467874456836,0.40529197370716963,3.501180119573675,6.759413130309296,COMPANY_037,2022-06-30,2023-06-30,0,0.09098074764117098
50.63318195661736,,13.420996902436773,4.5806708670912775,3.955409817521512,17.6615864686733,COMPANY_038,2022-06-30,2023-06-30,0,0.0049529146194084136
155.7557657428245,178.1848283981501,4.634657058672962,0.7281641129213154,4.5330296162111985,9.286287302981622,COMPANY_039,2022-06-30,2023-06-30,0,0.06088013454920443
121.03091674561766,139.39390808405363,-0.2759006745740882,5.767342528463485,5.037487111247622,11.012051005399565,COMPANY_040,2022-06-30,2023-06-30,0,0.03962925240163323
,88.70982131827272,-0.5752390787955814,3.9204372615959358,-0.4599528563441573,-2.622783202740866,COMPANY_041,2022-06-30,2023-06-30,0,0.38648502905549503
158.34316716149996,150.98723255858755,2.637070814464413,5.1091864841767,4.645357394719193,11.001242678697292,COMPANY_042,2022-06-30,2023-06-30,0,0.0379278429686978
56.19755517884562,118.21061888355665,6.824764558016998,4.378578534278854,5.318523234463804,18.633664965847522,COMPANY_043,2022-06-30,2023-06-30,0,0.016005884651972002
169.9759089005419,117.0430966784223,2.8065179980800092,3.492117656296425,3.382303792682945,6.176678824722727,COMPANY_044,2022-06-30,2023-06-30,0,0.08591763868934532
229.36567560764655,160.47412435266543,7.52893985715121,2.3765567624922985,0.9125988202284705,8.571797404909052,COMPANY_045,2022-06-30,2023-06-30,0,0.07882353488128106
167.31515061723374,129.46192596786074,4.508169907849001,2.9116783022075268,1.672476791124016,-1.555089653100099,COMPANY_046,2022-06-30,2023-06-30,0,0.11910597698263162
110.02835490092743,143.90645062390433,12.300957619115511,3.0478373428689496,3.7310363423453734,10.16274991013009,COMPANY_047,2022-06-30,2023-06-30,0,0.02111839735052876
175.39922974697575,89.44195038256883,2.757069183362228,0.9337226018191527,4.792281169561124,5.065262843692507,COMPANY_048,2022-06-30,2023-06-30,0,0.13746385753560617
213.4186477882637,109.49083289945041,4.160226782343298,2.8273177453898968,3.1314824714820024,5.316084272060415,COMPANY_049,2022-06-30,2023-06-30,0,0.10942464843028085
178.98848201718187,193.33679918513496,3.12361640425161,0.6602388312448471,1.9929294080720728,12.249120677167141,COMPANY_050,2022-06-30,2023-06-30,1,0.08437097427401372
88.83806898436822,127.44408863762298,9.679101001697019,2.4719859534287476,4.225091215887363,7.983992821309159,COMPANY_051,2022-06-30,2023-06-30,0,0.03141500825488447
95.66333685658168,156.9807672865709,6.669791867607765,5.830425096384167,3.524806126662979,12.238530956058957,COMPANY_052,2022-06-30,2023-06-30,0,0.018556488731672108
238.25310600470124,166.38359422399589,2.386509741436997,1.6901235277217581,1.50787597648771,4.076021945359848,COMPANY_053,2022-06-30,2023-06-30,1,0.1528852730763968
218.38624536497935,173.9543315723985,3.9750852808903847,0.5146624774955264,3.1624858888612026,10.186791921656436,COMPANY_054,2022-06-30,2023-06-30,0,0.09732569563756305
231.938267694314,138.8585119904687,5.374950606616083,4.703659801740024,2.6926986246330364,8.20871525303453,COMPANY_055,2022-06-30,2023-06-30,0,0.06174410177826291
89.71572798293434,168.8496942615278,2.3228471212660313,4.280407852082862,6.970199567807541,8.692014274828676,COMPANY_056,2022-06-30,2023-06-30,0,0.026056198979421175
278.4461967342222,111.61635986570484,2.70334442825859,1.0450112520252155,1.6901064674612676,1.654918474550982,COMPANY_057,2022-06-30,2023-06-30,0,0.5091591364351478
234.36262702806775,170.1010671999633,3.2731540759289883,1.4441049531760717,4.8439395024726535,4.889158204942246,COMPANY_058,2022-06-30,2023-06-30,1,0.2446690969010527
81.99754343628986,243.23475156965367,13.11795627888397,5.412231011252674,4.261155961539529,15.327359515790224,COMPANY_059,2022-06-30,2023-06-30,0,0.004859982353351642
130.87814880426728,166.88355924910277,6.2199263830912095,2.549239200092183,4.294396527666689,10.182391303088218,COMPANY_060,2022-06-30,2023-06-30,0,0.03692410286103752
188.63168171260548,266.44111064021763,4.348780393698556,3.5479625802636345,5.50337187257082,19.044876764267336,COMPANY_061,2022-06-30,2023-06-30,0,0.01598750782239416
189.3847269456056,185.21159200767843,-0.5020503774515266,2.945224396670866,4.969378728978063,14.29293983976663,COMPANY_062,2022-06-30,2023-06-30,0,0.058320625386141724
74.26292526250204,171.49913533705788,9.542256639953292,1.729141505657517,3.703357819734723,12.63263194216498,COMPANY_063,2022-06-30,2023-06-30,0,0.023496600923767923
104.4691658522921,229.13703743945018,12.240504896577864,3.483844546060478,5.915413406639925,18.69307906399994,COMPANY_064,2022-06-30,2023-06-30,0,0.00639603242014275
290.8627867910776,152.6692363569888,6.667396419201008,2.4346572906850437,0.8953814345521307,13.110531699032876,COMPANY_065,2022-06-30,2023-06-30,0,0.09368835998347065
137.29009486622743,192.94820963817153,11.39093608299812,4.012794683431732,5.10239715019259,22.069279611740484,COMPANY_066,2022-06-30,2023-06-30,0,0.008620243171518558
,130.63448845323597,5.529049980117202,2.1428450523528366,4.1624927027592005,4.768947960693748,COMPANY_067,2022-06-30,2023-06-30,1,0.0835519827677775
275.42179302882255,125.31559546495096,8.343345235436452,1.9938361382166052,1.7053217975201074,14.081541135003711,COMPANY_068,2022-06-30,2023-06-30,0,0.08383609126576451
,188.12894598438683,9.282040757249485,2.691350572246918,4.733623172998303,8.41167079904648,COMPANY_069,2022-06-30,2023-06-30,0,0.027182889232763106
172.99061377785034,155.44684570647885,10.755745198157221,6.550475593534879,3.6844567347340296,11.405951064224709,COMPANY_070,2022-06-30,2023-06-30,0,0.015161003559880112
91.14965554112803,256.1287919059933,10.394156563569517,3.459470498066697,2.9504142059854512,14.090553678422093,COMPANY_071,2022-06-30,2023-06-30,0,0.010644964088785958
87.5973910577834,185.1070602260546,8.951149460756923,4.820355354798741,,6.638809981106911,COMPANY_072,2022-06-30,2023-06-30,0,0.020274195066905316
113.84506315061837,171.38919008860222,13.077291970924524,5.504019611799783,6.068687467811511,15.891109771563263,COMPANY_073,2022-06-30,2023-06-30,0,0.006591935569428544
363.9290566799914,121.26703843098275,0.8644564421762166,1.1883077714611647,0.05291812074325852,11.049415646725029,COMPANY_074,2022-06-30,2023-06-30,0,0.5743071186556282
174.87422647939653,170.2176766271839,12.458716843615536,4.344476658268019,6.131627138324744,7.122217621108129,COMPANY_075,2022-06-30,2023-06-30,0,0.015514095265370283
224.31233828341178,83.80838806548287,2.5779159523988175,1.8657472726297395,2.513120920595848,11.031023110899955,COMPANY_076,2022-06-30,2023-06-30,0,0.15160826192644525
80.6595881882549,247.15723091217384,8.764521399793892,,,15.418894500896407,COMPANY_077,2022-06-30,2023-06-30,0,0.00919465011097143
194.6356266835709,154.56385431077516,8.304021562209964,2.589316279362423,4.488533688949296,15.445320289163417,COMPANY_078,2022-06-30,2023-06-30,0,0.03287050785050342
147.89359792499084,155.11338121686072,,5.107333986139474,3.0624658053486122,12.097123524551199,COMPANY_079,2022-06-30,2023-06-30,0,0.025700459419440616
88.02741964784914,177.96185601490387,12.248712866562707,3.401649148475241,5.765847788298598,14.885871202690327,COMPANY_080,2022-06-30,2023-06-30,0,0.009755060273730826
125.33796871886237,166.60375964493684,11.060211213919109,4.634397496290411,4.632895257915124,9.983313855218228,COMPANY_081,2022-06-30,2023-06-30,0,0.015160828233963404
358.66367168531565,76.48793440124754,-2.9052028271739725,1.1649202668098864,0.4159899204689845,5.008683226074567,COMPANY_082,2022-06-30,2023-06-30,0,0.7551546166381977
323.78296037266506,99.49766854149013,4.612149565343676,1.3228098478937402,2.63522145894908,6.220822357847509,COMPANY_083,2022-06-30,2023-06-30,0,0.43875056538035484
120.88294591920645,175.55652180248285,9.911277319453822,,6.823766634302929,19.04581483869212,COMPANY_084,2022-06-30,2023-06-30,0,0.005791349961953847
137.04396380391867,264.3581586720044,12.415620403019465,5.521557986069714,4.965054022316773,16.82611879058891,COMPANY_085,2022-06-30,2023-06-30,0,0.004857960363165259
154.90997332313182,137.30217893607815,8.753814742659337,4.178340886033478,1.7210238395574216,3.428958218517243,COMPANY_086,2022-06-30,2023-06-30,1,0.04948486576156347
83.18510101371147,345.47164101035696,10.319328105253314,5.515742441004869,6.161356910257515,23.847442509718636,COMPANY_087,2022-06-30,2023-06-30,0,0.0019497228444460358
245.6368607100778,165.61214562962468,5.308284663098876,3.5680579626788336,4.020019547866065,12.83426588474667,COMPANY_088,2022-06-30,2023-06-30,0,0.049267068790872844
268.8026707490045,147.08224538539338,2.9835528280681616,2.3175573361642106,2.0546494163286892,7.537398458870872,COMPANY_089,2022-06-30,2023-06-30,0,0.13577286286286816
86.02515158836768,212.5105976097865,6.912422816699047,6.00834678940245,4.78498969306988,13.550555544725606,COMPANY_090,2022-06-30,2023-06-30,0,0.009952504708552714
190.44339346631727,139.007983061115,8.192370756074894,3.6206786010947702,1.7638531581137076,4.546448142239017,COMPANY_091,2022-06-30,2023-06-30,0,0.061991958151560646
,80.10297128139771,-2.559729821355696,-1.2460307814488993,1.7344094756450765,-0.12248735276384715,COMPANY_092,2022-06-30,2023-06-30,1,0.8509404320042765
176.66447343279796,184.01221024792318,7.74377091940694,2.3028061817634917,4.599411846500872,12.274598055209234,COMPANY_093,2022-06-30,2023-06-30,0,0.03200883764986795
126.94685318787414,116.77771852928271,4.198104286231523,0.9655551094591572,-0.03195115715431829,11.088906855252757,COMPANY_094,2022-06-30,2023-06-30,0,0.11855230771924889
83.030543895426,211.40294209390913,11.23032019552623,6.285813549199933,5.881184837790957,21.026233874754098,COMPANY_095,2022-06-30,2023-06-30,0,0.003999551528430029
199.4857503019712,129.255932765845,3.3729853445039777,-0.3025631962877444,3.275092915289919,4.293434025848849,COMPANY_096,2022-06-30,2023-06-30,0,0.16725912463862275
155.20343685127952,,7.884301101624324,3.455213945732298,4.11413487866926,6.486541453764788,COMPANY_097,2022-06-30,2023-06-30,0,0.04167767637814337
188.37286738190957,174.41170367722935,9.665474947465924,4.373170959304571,6.959089147680816,14.275446973960952,COMPANY_098,2022-06-30,2023-06-30,0,0.014304044773614586
290.21259539668245,106.29201191479633,-0.5110617727520941,-0.6468292464272019,2.3921252671438133,-2.492487356202906,COMPANY_099,2022-06-30,2023-06-30,0,0.7897265988448183
125.34459693333613,112.00368657760266,6.094705650569715,3.3648527204690146,3.5956525225654357,10.217870681570695,COMPANY_100,2022-06-30,2023-06-30,1,0.047156405550887445
125.71227023925114,159.6972436418996,-1.6299578998077333,2.9096810550399637,1.8594246888608579,15.888792261044646,COMPANY_101,2022-06-30,2023-06-30,0,0.07909087643642759
120.73943812359971,214.92238235868535,4.303883582933755,3.036011634257151,4.517704757129819,17.271589893753443,COMPANY_102,2022-06-30,2023-06-30,0,0.021957697522524352
294.13309221422315,92.65856466651043,0.2297203748118326,1.3026040499997513,1.1250871717489694,10.314640695299648,COMPANY_103,2022-06-30,2023-06-30,0,0.5338342465196171
192.26969868358003,113.35914193548196,-3.7339059473974467,1.7798768962131348,1.1250893648721227,2.9553167031126755,COMPANY_104,2022-06-30,2023-06-30,0,0.2908443700643989
267.24388796667455,164.3640330605141,4.5159520861403575,-0.18895064870364386,1.9736009887108996,10.025418294083371,COMPANY_105,2022-06-30,2023-06-30,0,0.34239450847663616
116.13149642077974,148.06765246880943,3.0599593132331746,2.6800478742324088,1.7362829772238964,3.6208946831863686,COMPANY_106,2022-06-30,2023-06-30,0,0.0874261782658176
100.40604759574914,174.70005322918752,8.822552444145849,7.9370777171853,4.090235583573751,13.066784911258667,COMPANY_107,2022-06-30,2023-06-30,0,0.008568942955343245
51.272884671284174,256.0845401940196,12.007237719064403,6.447172393461054,5.1668500465670375,18.1819471531159,COMPANY_108,2022-06-30,2023-06-30,0,0.002959029862957642
158.15236669755512,165.9661829956419,8.110872481884268,3.852197393315241,1.5536724444506258,13.335518077316973,COMPANY_109,2022-06-30,2023-06-30,0,0.03332572983557366
153.37772651184036,232.2109926065425,6.6981582646842455,1.6976042638002564,5.657443597982508,19.10921757734942,COMPANY_110,2022-06-30,2023-06-30,0,0.01837169473279541
227.53920221073528,132.15341319302817,-0.007719179589403602,1.274906092827351,1.57583108415634,7.590126198715259,COMPANY_111,2022-06-30,2023-06-30,0,0.42942938404882325
87.85261133205286,163.96757919838234,12.120357023066848,3.7165241895436245,5.376424831576985,16.568626557362617,COMPANY_112,2022-06-30,2023-06-30,0,0.009938793525217496
198.0191927521013,170.33703134143795,6.362759369085376,2.6216448493541487,,13.3833246122197,COMPANY_113,2022-06-30,2023-06-30,0,0.05922162040706947
261.8380934866146,137.0371150803236,-1.713271141270528,1.021613603414652,4.7534625114037485,8.13753835557452,COMPANY_114,2022-06-30,2023-06-30,1,0.4101487018748001
256.5292413938059,,5.12436952493119,3.45710950688637,,11.2293376214487,COMPANY_115,2022-06-30,2023-06-30,0,0.10423708389398859
166.97094152606914,166.83089077302046,-0.8214856469187097,0.6400213259926693,2.5706343757517938,15.518027884887921,COMPANY_116,2022-06-30,2023-06-30,0,0.11151545190789532
320.2828059071749,79.241795071805,-2.946322640995152,0.9185841799591152,-1.6960705375234846,-5.236408240561865,COMPANY_117,2022-06-30,2023-06-30,1,0.8973344804132688
237.86949657315617,166.22759038188178,6.961151076410316,4.140932025377426,4.2509606882731585,3.997812333611436,COMPANY_118,2022-06-30,2023-06-30,0,0.05033549840351813
79.49275768773302,338.47097162629177,11.832486056116924,6.8430153485408445,5.965993666440343,24.270375303032715,COMPANY_119,2022-06-30,2023-06-30,0,0.0013658924621130068
182.3603643302105,144.70613480502504,6.301089806496886,2.857760019424814,3.656799812837609,1.5092467164437098,COMPANY_120,2022-06-30,2023-06-30,0,0.07159206471218155
607.5831906609449,60.71655741272707,-8.02863817616917,,-0.35448469211582256,-1.393489455176827,COMPANY_121,2022-06-30,2023-06-30,1,0.9730502673373274
233.29721013198665,71.67286912734174,,2.291719132177686,-0.17637062584375296,3.781168004532628,COMPANY_122,2022-06-30,2023-06-30,0,0.2793604661262693
252.96550627976973,121.87414839364676,3.483256633355664,1.214810537999436,1.1656828628697513,3.1290663975347117,COMPANY_123,2022-06-30,2023-06-30,1,0.44240206827719863
175.6191158472574,161.95587929661346,6.548973857774566,5.280997129110509,4.362519085443447,10.997968133304997,COMPANY_124,2022-06-30,2023-06-30,0,0.026130942784834698
57.09062128774791,328.20602010965433,18.078943976762027,5.247121974684559,7.160411704620489,13.984299332913046,COMPANY_125,2022-06-30,2023-06-30,0,0.001239420242021802
341.8877940000572,116.3783751185983,0.47606906782950187,2.9792118952549647,1.8433229316564756,3.7413741305670483,COMPANY_126,2022-06-30,2023-06-30,0,0.2562716486357472
171.50494657815554,170.71227904863918,3.5457088864671507,1.9533870904615123,3.008878423843287,12.386563444054941,COMPANY_127,2022-06-30,2023-06-30,0,0.06410611143616493
146.66249635088818,209.8877627315955,2.597938664660825,1.9233122971769596,1.3634883467618262,5.990824038568222,COMPANY_128,2022-06-30,2023-06-30,0,0.07857134875019608
239.95347952920702,105.53380072053213,0.3268617672972961,-0.27624100519127204,0.11396544377559659,-0.5583728853325178,COMPANY_129,2022-06-30,2023-06-30,1,0.6620196275312853
105.94477094431285,257.4909391019903,5.852043560545765,6.0738281974360655,5.732444761918268,3.6771346228088237,COMPANY_130,2022-06-30,2023-06-30,0,0.011954290157324228
229.20222927793967,115.88665812437863,1.0650443496408362,-0.5676312386311537,-0.9783191848217252,-1.9297237412657515,COMPANY_131,2022-06-30,2023-06-30,0,0.6751881734713613
219.99330300557355,136.16755796309562,6.124048723314308,3.5415236932079126,6.260224594785008,10.110658408266875,COMPANY_132,2022-06-30,2023-06-30,0,0.04218602552133268
57.20301756816217,211.48689043896582,15.748180052411861,6.1024929388196085,6.758790616762995,17.167675639643075,COMPANY_133,2022-06-30,2023-06-30,0,0.002494578252641802
,219.3513760792951,6.820647983152784,3.92596963239206,6.324470238771152,12.136365319458442,COMPANY_134,2022-06-30,2023-06-30,0,0.011766076170210815
306.23362895670476,111.94155003345381,-4.453383771966259,0.8105081299162027,0.564597410036894,0.7417112212050215,COMPANY_135,2022-06-30,2023-06-30,1,0.745605796498174
118.12548034055087,260.0320032106535,14.756938953111698,5.255603629575729,3.886504229941514,6.704447453753646,COMPANY_136,2022-06-30,2023-06-30,0,0.0065354897516020785
221.3276639522325,220.73988960068775,6.560628107851716,3.368535480464103,3.8107047391964226,11.331934585180568,COMPANY_137,2022-06-30,2023-06-30,0,0.0325435936834456
175.25579774173377,133.3854777454871,9.812976553386086,5.438815793990399,2.1074901044476206,7.596217380546001,COMPANY_138,2022-06-30,2023-06-30,0,0.03241061920592282
154.7539531912345,207.36627771026457,2.672858234561617,4.093591564981173,1.2116087053450695,7.7922877634657,COMPANY_139,2022-06-30,2023-06-30,0,0.0538398109459545
117.80629781576613,137.97274698304915,7.854727207611151,,3.801235428957763,6.003643083444652,COMPANY_140,2022-06-30,2023-06-30,0,0.03339980401773949
86.4125945901611,295.9362005284231,10.26826412002576,5.420954806955575,5.21075119801362,19.02051137851848,COMPANY_141,2022-06-30,2023-06-30,0,0.0036891041556571876
190.3673757726777,,1.7796985107237289,4.365131956178436,4.370860143900197,13.897436653007514,COMPANY_142,2022-06-30,2023-06-30,0,0.05095642553803896
205.22683167176015,99.06752941622672,4.759229693037314,-0.42242357277518794,3.7089824528375663,4.955325557250917,COMPANY_143,2022-06-30,2023-06-30,1,0.16844677363299984
264.2493764478463,76.78786997788336,2.8151860963495343,-0.2375134474058156,1.8099685234233687,6.271044856095216,COMPANY_144,2022-06-30,2023-06-30,1,0.5521758867006253
193.46557815529974,176.7703464103762,8.03073858651996,5.671792027802225,3.150264423164329,10.127859502026237,COMPANY_145,2022-06-30,2023-06-30,0,0.02474918076478265
141.02576684782764,133.52140739739244,9.221805832838625,4.547090488949988,2.897608834610951,10.697560452562367,COMPANY_146,2022-06-30,2023-06-30,0,0.028379514229445582
250.5825642703842,173.75290019323737,5.283348555116999,3.75077959634452,3.1980611088602036,5.907855504950331,COMPANY_147,2022-06-30,2023-06-30,0,0.06637565061445039
79.98903702410536,170.24839994667656,6.786038764424054,4.903701930947182,,21.635242592320193,COMPANY_148,2022-06-30,2023-06-30,0,0.009705776069391901
52.64665818388873,224.84346177738166,11.923717222976991,2.6606744623335827,5.748345056713929,13.534649382857937,COMPANY_149,2022-06-30,2023-06-30,0,0.007994660205929
120.00956402192908,107.47571931486289,9.647918302809463,4.474448254513343,5.010763270871885,16.226808490161616,COMPANY_150,2022-06-30,2023-06-30,0,0.018608143687954836
168.9470979870136,184.51775152767934,5.144033988876632,2.100169879238516,7.021973134443211,10.787532558957004,COMPANY_151,2022-06-30,2023-06-30,0,0.03299364267985015
93.60734882477563,136.91935492268632,3.004121508384432,3.4731710284981343,5.740150056250506,10.89272265838023,COMPANY_152,2022-06-30,2023-06-30,0,0.03636181950430163
121.0434776903583,189.7911925206605,9.14896463649707,3.42169053429715,4.741191280624789,12.336594956381205,COMPANY_153,2022-06-30,2023-06-30,0,0.017502041130194098
300.9458942997782,99.08927083751111,-0.9979089009981954,2.7324215928565234,1.6795121472382502,6.7145820633125135,COMPANY_154,2022-06-30,2023-06-30,1,0.26251804750724395
105.82508764912913,165.8473923803748,4.98670163152592,3.765158734568389,3.670935675381712,9.791281990476442,COMPANY_155,2022-06-30,2023-06-30,0,0.03355799032583929
178.82631825339232,234.95945437207374,10.570175374077904,4.872096886930697,3.286071221408994,1.146128646328565,COMPANY_156,2022-06-30,2023-06-30,0,0.020864515661276346
333.8704249696494,193.24931906707963,1.2551950010997737,0.5052774521472512,2.470734657402402,11.023003960627424,COMPANY_157,2022-06-30,2023-06-30,1,0.38748602536181265
180.80228272682604,82.71256402177339,2.4353680323624785,4.709406309419032,0.40192273547649915,8.012817528036823,COMPANY_158,2022-06-30,2023-06-30,0,0.1178406291047547
215.40375297627904,135.63689749168083,3.656068696773208,5.1914416855543095,3.075408951258766,3.9887045145900517,COMPANY_159,2022-06-30,2023-06-30,0,0.07169961448683682
96.26450542242891,170.41667828256047,11.121225938646738,4.607196982186741,6.250439279770326,7.922295380308779,COMPANY_160,2022-06-30,2023-06-30,0,0.011823121706676975
226.15791402117415,181.91079239116013,2.8078430511648085,5.07176606101679,,7.138854222418152,COMPANY_161,2022-06-30,2023-06-30,0,0.051597836173633435
283.63746519326884,,4.682903200974551,0.3169844954655139,0.42400669134852276,4.449910469268973,COMPANY_162,2022-06-30,2023-06-30,0,0.5486062091209811
232.64819492829392,158.20358031935748,4.425384476376307,1.8106922855969376,4.1448037035370895,12.782619433143296,COMPANY_163,2022-06-30,2023-06-30,0,0.07071399955627877
251.58023772398954,130.5680094253744,2.1164492722700254,,1.3732602972177612,9.335378671753269,COMPANY_164,2022-06-30,2023-06-30,1,0.3862912446808491
48.84244921590252,178.9957341011198,9.01965401730718,5.500607887734625,7.250502970660591,21.264811888129827,COMPANY_165,2022-06-30,2023-06-30,0,0.005110511021212816
176.79856938901509,89.65445126253317,2.8153872104959814,1.8963559689762548,4.089384252726533,12.143378871033818,COMPANY_166,2022-06-30,2023-06-30,0,0.09884925932833821
284.8451414054749,118.43943501911454,4.399923806034521,1.9281790949308615,2.012346851830456,3.7138375544231943,COMPANY_167,2022-06-30,2023-06-30,0,0.17823438121220386
240.97133728287875,111.72753334534374,2.3677866450833815,2.563114833078747,2.0833331994175905,9.7158207590089,COMPANY_168,2022-06-30,2023-06-30,0,0.13904411615028298
100.15772804888262,186.99870296162,8.357583444923273,3.7844198180327,3.9038530741813906,6.723363049460002,COMPANY_169,2022-06-30,2023-06-30,0,0.022849485257508496
387.55350497672714,69.14916149641307,0.6507187056471597,0.6821080023978499,0.7719643789048923,3.2676926144510006,COMPANY_170,2022-06-30,2023-06-30,0,0.7396450101802399
204.79032681448965,116.03651340291077,3.323898862173982,5.480501705719572,3.3912538506125802,3.147637351010707,COMPANY_171,2022-06-30,2023-06-30,0,0.0752439881835585
202.8725713844182,148.14188943199062,8.829670086484793,1.360972328393364,1.3886688512376706,9.244510661039529,COMPANY_172,2022-06-30,2023-06-30,0,0.07434922597042765
177.83124697030212,136.0717153426835,8.822552732537774,1.756186200882433,1.4549111796612753,7.526075163839099,COMPANY_173,2022-06-30,2023-06-30,0,0.07181708353013798
233.87479026971087,190.5884239117695,7.6926637504328275,3.069541149035379,2.4185615270121694,8.110894964745318,COMPANY_174,2022-06-30,2023-06-30,0,0.05095669158325691
83.7695558963441,182.37872967528762,9.870000280095798,3.579087466144202,2.622129626886368,8.108374619802117,COMPANY_175,2022-06-30,2023-06-30,0,0.021680555112559913
251.64625242812835,122.12112916639082,5.027278290920377,3.3967271082412216,3.647514104020808,11.421042059127021,COMPANY_176,2022-06-30,2023-06-30,0,0.07482548502525695
85.14416863324888,181.09818125643628,5.6463275890326265,4.1142271482206985,5.928188260414986,11.678850495213599,COMPANY_177,2022-06-30,2023-06-30,0,0.017814933735650653
277.57599736556557,77.70905762245106,0.5218994282553844,2.8605451143449234,1.3845256855475876,6.173619242972509,COMPANY_178,2022-06-30,2023-06-30,0,0.24673052713382912
102.11036359414072,170.90182584437784,11.704599270470323,3.745864010958109,6.198324902632778,19.326843768906972,COMPANY_179,2022-06-30,2023-06-30,0,0.008505016784844397
253.26998777977235,106.06869084929288,3.706813490965521,0.14784852085325595,-1.3617742978860765,2.3444817802937217,COMPANY_180,2022-06-30,2023-06-30,0,0.591219101717921
127.62494399139048,198.94472154883215,6.224636123069727,,3.8952205898121637,8.898245629724258,COMPANY_181,2022-06-30,2023-06-30,0,0.025020526686499102
165.06449672016245,120.54082538725302,7.7764653007387565,4.606319947337986,1.838045135058667,14.088504632376885,COMPANY_182,2022-06-30,2023-06-30,0,0.037910597586902656
207.15899961593456,121.19037315517852,4.732089285180842,3.97840711702242,-0.2567957912556684,-1.8162877405724434,COMPANY_183,2022-06-30,2023-06-30,0,0.146244940619578
178.65471110427822,158.43814068950837,2.5385468640767535,3.280084997304867,2.2001437298940902,6.2512895731791165,COMPANY_184,2022-06-30,2023-06-30,0,0.0851497580558249
375.02760183706215,83.6420210018297,2.3972681782055294,0.3258336876999865,-1.4606258842929591,-8.368452792067988,COMPANY_185,2022-06-30,2023-06-30,1,0.8219908949773747
,92.19336504545676,1.0647527256009037,0.8132083932108025,2.6220070487661338,-2.7110358657618994,COMPANY_186,2022-06-30,2023-06-30,1,0.597587524097911
134.30945685139488,124.1390649037349,9.216709542051657,0.8108419409171854,2.2712051257775436,19.202967828635046,COMPANY_187,2022-06-30,2023-06-30,0,0.04327742205422006
254.7532413942715,100.67502816780227,2.250247971541177,1.567330789599689,0.6499544366019572,9.470003455526339,COMPANY_188,2022-06-30,2023-06-30,0,0.20932876195772457
302.65532563092796,138.36183365552316,0.7541509698976145,2.6355339040987156,0.3498334611751806,0.3710138239545553,COMPANY_189,2022-06-30,2023-06-30,0,0.26772780835201204
282.5947389374567,125.7636308582474,-3.8125517864607525,1.301678722180987,0.8246450227328179,0.9946040800600665,COMPANY_190,2022-06-30,2023-06-30,1,0.6690759333586725
135.2564196831702,109.42342236387309,9.159799121391421,3.4823583832633336,5.27609909541418,17.553186073298708,COMPANY_191,2022-06-30,2023-06-30,0,0.022453955366855217
112.76849602017387,141.22883230581783,9.241433763638256,6.212291773224928,4.7150129040978745,15.190725267889698,COMPANY_192,2022-06-30,2023-06-30,0,0.012223628766336026
236.28632629206473,114.57266968737729,1.3811272068756968,1.260664048661054,2.568157011947089,2.731447638996366,COMPANY_193,2022-06-30,2023-06-30,0,0.44898817732901414
990.2458264071105,55.546499099967946,-7.132881973510997,-2.908126942218161,-3.1382414035865693,-13.382037021098018,COMPANY_194,2022-06-30,2023-06-30,1,0.99863648622283
207.04175181036877,131.9664831449005,8.381508711528614,3.6406362191096475,4.014525276192598,9.162121029611686,COMPANY_195,2022-06-30,2023-06-30,0,0.04371665281767596
59.07155179191673,215.05152488695606,11.195112763920644,4.400470900101301,4.856579561575346,16.35432371463792,COMPANY_196,2022-06-30,2023-06-30,0,0.006809650927551964
125.1595288844804,194.0347226562011,11.244816173055677,3.967437449797719,4.080200095811259,7.076945260422693,COMPANY_197,2022-06-30,2023-06-30,0,0.017041884530101952
324.41150449356985,101.54711070116463,-0.6074418041126148,-0.5103273515435309,1.894231697284782,1.4862283334385613,COMPANY_198,2022-06-30,2023-06-30,1,0.705620856066421
173.3833532660973,99.70168804043593,0.16641601935328953,1.691455915499815,1.7573947919294348,8.765792073110024,COMPANY_199,2022-06-30,2023-06-30,0,0.1726017187900268
332.03677770096635,131.40716248047102,2.526157068879638,-1.2370507995314726,1.9409124463464675,6.106077892141532,COMPANY_200,2022-06-30,2023-06-30,0,0.5872491329708289
199.54268169996536,243.9114690646335,10.059577104964825,5.182045846537049,5.43218258160536,7.368186344457735,COMPANY_001,2023-06-30,2024-06-30,0,0.01298855033356015
116.90206730800399,273.69143317877547,8.860076062811373,3.6566199103661234,3.0700915208271127,14.471773014782986,COMPANY_002,2023-06-30,2024-06-30,0,0.01158923834850506
88.37035574875557,135.00667074818608,7.190665547842693,5.830120683859547,2.930184065837869,11.732965476394984,COMPANY_003,2023-06-30,2024-06-30,0,0.02133192869272471
231.46290078171413,96.9321319829015,3.6319456205580942,4.287999581907812,2.637734293906723,8.754153930615354,COMPANY_004,2023-06-30,2024-06-30,0,0.09643577512048168
183.34438399885477,132.95852736822832,3.6270694728849433,3.747492572216573,5.756810478644647,-1.922815005271631,COMPANY_005,2023-06-30,2024-06-30,0,0.07617186420770389
208.73784076664444,91.81027332421867,6.142876373559277,1.4908183051993968,2.336063453222296,8.521276784920778,COMPANY_006,2023-06-30,2024-06-30,0,0.1192319143289056
216.94719232569602,111.09184032332324,9.006496405402912,2.2056421780366784,0.6264907741099599,20.23430713158313,COMPANY_007,2023-06-30,2024-06-30,0,0.059469601703435716
117.2181179282256,133.29649640417782,6.054925410605397,2.714377884060567,0.49047005909490027,7.55433001646998,COMPANY_008,2023-06-30,2024-06-30,0,0.07135781235559562
138.7046756547342,159.25729014795584,11.131775190135677,4.80095142539905,4.708125555921248,11.856282699333052,COMPANY_009,2023-06-30,2024-06-30,0,0.014813381024552142
90.12112601930924,199.37230304634252,8.963619909127713,2.275627695893215,3.7529583398013293,11.943772154763847,COMPANY_010,2023-06-30,2024-06-30,0,0.020839809555000487
136.15850666487142,228.171379120154,4.072013336834859,4.948822503590515,6.308903942012091,14.757548538856335,COMPANY_011,2023-06-30,2024-06-30,0,0.014067037796353474
151.8887851567962,109.32377300168892,3.2874861530920523,1.969228313711223,1.937403710941628,2.197428093328244,COMPANY_012,2023-06-30,2024-06-30,0,0.13800223725643293
53.24534135424182,197.1592551978293,14.241812673401443,7.8059974410138455,5.838032897544078,12.75467112570698,COMPANY_013,2023-06-30,2024-06-30,0,0.0030487026952044907
207.5472519940238,207.67617935752656,7.899483630102983,3.886805432037898,5.1696606246370935,4.74320164855,COMPANY_014,2023-06-30,2024-06-30,0,0.029439719434336972
154.47548026571377,238.69898605432167,1.1271926421476621,2.891396275005069,2.815158921023377,10.059540030204456,COMPANY_015,2023-06-30,2024-06-30,0,0.048908304920218554
251.22838426170725,112.38061290006345,-0.903100384593718,1.5980907256162133,2.9078844747014623,7.256277037931145,COMPANY_016,2023-06-30,2024-06-30,1,0.21654527085723627
52.40072783328479,298.1576837892928,7.847906500155742,4.4884119651599725,8.231804876271788,19.043548432335246,COMPANY_017,2023-06-30,2024-06-30,0,0.003329472004982698
121.85438289025292,122.21161555156174,10.78802902330912,5.7369894448426,6.728556160480346,16.2552398649608,COMPANY_018,2023-06-30,2024-06-30,0,0.010001686626845972
149.17066901257485,157.89426928560013,6.89892575077777,0.28098549390530136,3.081342880291784,3.3591685374221525,COMPANY_019,2023-06-30,2024-06-30,0,0.08507718597083862
176.30132213974267,146.50626574010684,9.968886481898062,3.605991024213777,1.7959780639634482,10.165244581587489,COMPANY_020,2023-06-30,2024-06-30,0,0.038348876743774366
208.17375046419755,140.20655649350724,10.32316851888206,,4.796479655434691,2.0579725663207684,COMPANY_021,2023-06-30,2024-06-30,1,0.04601367735011553
303.1476666851691,131.38382947330075,-0.5001819338129367,2.47846004370558,0.11051303148086222,4.848707291076579,COMPANY_022,2023-06-30,2024-06-30,0,0.27707309203828245
51.104041671625794,322.8560427905762,10.396159639006658,7.761269814777693,4.942510628127042,20.647969130728207,COMPANY_023,2023-06-30,2024-06-30,0,0.001711991237443947
59.370497257880636,371.85886250511214,14.76804293638028,5.263388332366956,4.005419077869293,21.974781372121495,COMPANY_024,2023-06-30,2024-06-30,0,0.001417379820113356
107.77392618139022,148.64120248103666,8.966830668130896,3.997140493761175,4.695473755045028,16.801159907153846,COMPANY_025,2023-06-30,2024-06-30,0,0.016424454222114682
266.529526206331,89.57619138652697,1.194265457806844,1.0205256395167002,1.2668344972264036,1.3636012068880556,COMPANY_026,2023-06-30,2024-06-30,1,0.5839416643500895
,173.1933455925232,10.621203353215886,4.831197329853999,5.43760891758701,11.879284439224426,COMPANY_027,2023-06-30,2024-06-30,0,0.013963323742439238
120.55385495975797,166.53265576395626,9.217294407027648,3.692846362357495,6.084054923824711,12.869468059079068,COMPANY_028,2023-06-30,2024-06-30,0,0.015855011266370605
306.41914089929526,117.15997851131691,6.546119148605678,2.3238026495479405,0.36698534990026876,3.2895246762408665,COMPANY_029,2023-06-30,2024-06-30,0,0.181562226486771
64.46842174734073,,10.480797743163487,6.819815987990912,5.943101045378759,16.336452448437797,COMPANY_030,2023-06-30,2024-06-30,0,0.0033202005353154588
137.4041817704843,180.89766645611965,8.92396415534696,2.6901610954739104,1.9811582013886473,12.367164120713733,COMPANY_031,2023-06-30,2024-06-30,0,0.031528711403203374
164.83710656334222,121.16945430810465,5.864211789690124,1.0885204987205683,4.117438437964447,-1.2435011726852414,COMPANY_032,2023-06-30,2024-06-30,0,0.1116124243304661
117.96554827021055,145.98582219884165,9.254722750347653,3.6580938509856207,3.552666170730351,10.85473617787108,COMPANY_033,2023-06-30,2024-06-30,0,0.0258692307039485
222.9902250457747,75.18990672223698,,4.638908484133696,3.5727563569322216,-3.136743025722909,COMPANY_034,2023-06-30,2024-06-30,1,0.27662613318261575
103.24051912818288,174.6888043889306,8.404982720806458,2.784219314806841,2.987049809143287,7.898095414113023,COMPANY_035,2023-06-30,2024-06-30,1,0.031334540426020206
585.5425746407711,62.87224957825571,-2.5179437708010877,0.0403309907976066,-0.13100467465253107,0.9469165345236772,COMPANY_036,2023-06-30,2024-06-30,1,0.9246530750685413
174.1881346943397,90.38871824988021,3.1607564632152716,3.238731019533952,2.995098800390984,0.02462131963917802,COMPANY_037,2023-06-30,2024-06-30,0,0.13181290482786834
,207.66702658831443,5.680171085948203,0.39736144040492993,2.819384481587569,6.873007999901443,COMPANY_038,2023-06-30,2024-06-30,0,0.05187722217088937
139.0812777704568,261.16612964560187,9.725141856590243,4.1392097493325135,4.149295787686287,9.890716655588957,COMPANY_039,2023-06-30,2024-06-30,0,0.012107033806004579
256.697699169443,114.70005448129406,,2.910466733979332,1.8795110251556282,1.4888511947950214,COMPANY_040,2023-06-30,2024-06-30,0,0.1661673556488813
84.39534782616646,258.8617517135759,,5.4741351265408,5.275882084762873,16.77153898460298,COMPANY_041,2023-06-30,2024-06-30,0,0.0036007599049680114
102.40695097891609,127.24270253327379,5.885025895156227,2.8449632421496878,2.887203014669068,12.633521163550473,COMPANY_042,2023-06-30,2024-06-30,0,0.04367885800589402
53.555095547677624,167.48630161769802,,4.871115957391618,4.33061252437698,17.38614505393204,COMPANY_043,2023-06-30,2024-06-30,0,0.014791134886045868
70.98440362741198,215.1866662413851,14.185390616081966,2.444288367445084,5.6374829917124645,18.922035705209673,COMPANY_044,2023-06-30,2024-06-30,0,0.006187159904068072
501.63277253873434,83.98637702718135,-4.699954250558762,0.22558225070791826,0.07753461433078958,-3.9203709889368668,COMPANY_045,2023-06-30,2024-06-30,1,0.9478224135923715
194.62709384284636,144.18175113791327,8.262901504297087,3.4788152665180916,3.1501131353680476,14.621484938962677,COMPANY_046,2023-06-30,2024-06-30,0,0.036196255898542105
87.96854137177974,186.03729137601525,8.408189073466037,2.365746133681525,4.4889052611470825,7.945310207299652,COMPANY_047,2023-06-30,2024-06-30,0,0.02490457457896974
91.73097743083196,220.71867181542075,11.466443163184708,4.220978019624235,4.051214510972506,6.399391760115535,COMPANY_048,2023-06-30,2024-06-30,0,0.012298176038707606
181.21194881289932,115.52465120558536,-0.09884495120105719,3.6914795832626206,1.2921192898758616,7.208671671868036,COMPANY_049,2023-06-30,2024-06-30,1,0.13630989181047018
183.86343954196926,116.55616481726743,3.829086313716304,1.9911848081432193,2.241527933055841,15.249362439635693,COMPANY_050,2023-06-30,2024-06-30,1,0.08594658774200083
146.22062699645883,145.046366244846,6.319271959515159,3.525881313904857,2.4573548994466328,11.445140921089196,COMPANY_051,2023-06-30,2024-06-30,0,0.043744060753538566
71.04259277016153,190.52249774972208,11.353373216937474,5.456294347577969,3.949547142089506,,COMPANY_052,2023-06-30,2024-06-30,0,0.006718865224229071
275.9721641440009,137.23724513923267,1.4314427013985025,,1.5427215923115638,5.080387797633,COMPANY_053,2023-06-30,2024-06-30,1,0.481984878486988
297.20092721257373,116.54893796465801,-5.966839653028401,-1.5158869321864687,0.3634157581589486,2.841321024232542,COMPANY_054,2023-06-30,2024-06-30,1,0.8208020574979891
328.6708839770016,117.46698353814257,2.2516905936227416,1.119583188400509,2.8221012978933784,5.189673482840446,COMPANY_055,2023-06-30,2024-06-30,1,0.48923878863164055
134.53438344582827,143.69171943168854,6.996771072659097,5.084400199843013,5.521975205756996,19.07778893754809,COMPANY_056,2023-06-30,2024-06-30,0,0.015602010250579857
238.00386433169933,124.73056673049247,9.40969937537068,2.4106159108105927,3.425096085175864,12.904891143918643,COMPANY_057,2023-06-30,2024-06-30,0,0.05322889752328276
198.3472144711582,145.03047339190013,4.006696831116599,2.591246323120073,5.975085978527392,8.547167818911731,COMPANY_058,2023-06-30,2024-06-30,0,0.05826156054127807
176.69525821381902,210.1221918898111,4.846298744742728,3.9217394710505697,3.32876092078322,8.667125805262655,COMPANY_059,2023-06-30,2024-06-30,0,0.0365925612447643
288.75017387124075,133.6315943644899,9.062095325873829,3.397769047730947,2.37058109406982,5.685680984624475,COMPANY_060,2023-06-30,2024-06-30,0,0.07896496500462993
120.94756321539442,164.78881568155472,5.314250185474949,2.6592935753466356,0.7560625644155672,8.702271317019669,COMPANY_061,2023-06-30,2024-06-30,0,0.06100474008314261
113.0157185565926,178.3779762803121,9.510234440342657,3.6474460518624316,3.3946560983358545,12.908989843283695,COMPANY_062,2023-06-30,2024-06-30,0,0.019274926886465336
313.3993675751142,112.10227380036744,1.9325289793220928,-0.26677292207233827,2.2254962316054376,-0.8671656386645674,COMPANY_063,2023-06-30,2024-06-30,1,0.6279371133352429
99.61845468267211,207.98926660978069,12.307602452518205,5.736600072180158,3.2747283408137573,12.027699023863638,COMPANY_064,2023-06-30,2024-06-30,0,0.008435078503676405
210.46920069179023,126.15232028847802,6.684851079959195,4.064220512220371,3.8617955786681337,4.5647803768123385,COMPANY_065,2023-06-30,2024-06-30,0,0.06059190976947396
103.94662608375467,164.34646050025341,11.444794326484113,5.00325261895796,4.682690257718702,11.50321291784444,COMPANY_066,2023-06-30,2024-06-30,0,0.011921619502606218
202.52635974565433,225.28926275149686,3.8887597182368507,3.7136540453516638,3.899544054394814,8.622965718420467,COMPANY_067,2023-06-30,2024-06-30,0,0.03947441976676874
48.785368658953104,329.8768783904219,13.763509448434757,7.466767980146756,7.88628360813408,19.506394005583065,COMPANY_068,2023-06-30,2024-06-30,0,0.0009010046126080284
152.40413402437284,162.51586588469962,7.041347176654631,0.6036458669266511,0.5032728070898145,14.34332292672744,COMPANY_069,2023-06-30,2024-06-30,0,0.06962945328952987
169.65917300321567,131.09486553885185,9.030239335208142,2.8219497362589134,0.37255706510439346,9.797175740418545,COMPANY_070,2023-06-30,2024-06-30,0,0.0609107259698045
198.71716255754384,118.79614274977948,12.0073360890845,3.498409312846752,4.610415861721989,11.029142491000549,COMPANY_071,2023-06-30,2024-06-30,0,0.028671222329420834
110.97291858614936,246.3866923416637,7.046886437644152,3.9239981015335843,3.712817443177193,9.97328771537768,COMPANY_072,2023-06-30,2024-06-30,0,0.01679219364482522
50.47374926858942,230.24040958445397,15.639469089606257,6.849990462763099,7.946610628594903,26.928742843808116,COMPANY_073,2023-06-30,2024-06-30,0,0.0011268117559683727
256.59292051969163,125.11688370522715,4.3568931846677375,,3.5068463303230297,-2.4270691825225574,COMPANY_074,2023-06-30,2024-06-30,0,0.44431773200912594
240.07303758667837,168.80557166742804,10.184087635782527,1.5574624539437567,3.303840887720851,20.287129754264097,COMPANY_075,2023-06-30,2024-06-30,0,0.034249307216755766
98.33450741622362,182.36752168967394,5.866923855926608,3.388263343961494,5.284091352263624,15.246480119514125,COMPANY_076,2023-06-30,2024-06-30,0,0.019428451414625063
211.85435436347592,148.5165861743307,0.05734348691205504,3.1504571188966217,3.358835902315907,3.2555652977511764,COMPANY_077,2023-06-30,2024-06-30,0,0.12677475014746353
178.30096789584314,124.88121492626355,3.4618886794764734,3.345968115936624,6.775953293547085,,COMPANY_078,2023-06-30,2024-06-30,0,0.05146660782201609
126.7684441072428,150.43464673910768,7.380407460596243,4.058344939712023,3.9354085395848557,4.134488006241998,COMPANY_079,2023-06-30,2024-06-30,0,0.036204159105998446
53.9118600231558,,13.766397830597956,6.128599925063194,4.6774094196023555,20.036388668815928,COMPANY_080,2023-06-30,2024-06-30,0,0.0014650657097845469
121.56670276477026,214.54137241192646,7.524266263783824,3.5401941809828124,4.202959949886445,19.020336033025224,COMPANY_081,2023-06-30,2024-06-30,0,0.014261723103576552
138.19050416623787,120.84042287817977,8.272707068088364,4.5789019838116936,4.904363263207951,9.349461924913724,COMPANY_082,2023-06-30,2024-06-30,0,0.02748471787462057
212.00309769843554,130.98789012393948,,1.6295220551322975,2.9734823801219745,4.223773251822621,COMPANY_083,2023-06-30,2024-06-30,1,0.2340757551218342
301.2167476268949,116.5089549982945,4.363761499354123,1.3173726061711248,3.731162370509632,3.765557591183902,COMPANY_084,2023-06-30,2024-06-30,1,0.3902999076907161
117.15639586352064,147.50027808274078,4.992245566319205,6.2340816328836315,6.290852946093505,6.358862677067038,COMPANY_085,2023-06-30,2024-06-30,0,0.02131096565771495
212.7548038093926,81.27993530564794,6.950459872127929,1.122490238189578,0.570628244240065,4.238551626178909,COMPANY_086,2023-06-30,2024-06-30,0,0.17483047195658566
50.117564500140986,286.23909580042994,15.651318463239697,4.3767814414056385,7.490826416601646,19.849723570578387,COMPANY_087,2023-06-30,2024-06-30,0,0.0017562705042199133
142.16102619707235,179.44769561684035,9.65776269118317,2.9875713010016876,3.823416954502073,13.028968549582387,COMPANY_088,2023-06-30,2024-06-30,0,0.022498527211745948
75.29834924762163,154.31642179895542,6.1559470521788064,3.6826210937016595,4.736799153879726,9.794335855638662,COMPANY_089,2023-06-30,2024-06-30,0,0.025497144874779283
106.39026435642009,179.51375828857,14.091470455458492,2.2860945619836968,3.7511662653010234,6.948395206951464,COMPANY_090,2023-06-30,2024-06-30,0,0.0183385459071069
158.43804537913294,,2.236719682665238,1.5597048839888847,0.8766319998333647,9.790300686643075,COMPANY_091,2023-06-30,2024-06-30,0,0.13188049189432244
234.19051069272734,73.89838564879129,-2.74426907891093,-1.3436290276483553,0.008804946634456579,-1.1771473609750822,COMPANY_092,2023-06-30,2024-06-30,1,0.8671142678307237
364.1733101432721,169.42135580463727,6.441715140742783,4.840329583347959,1.3064875710730768,-2.6599621822035555,COMPANY_093,2023-06-30,2024-06-30,0,0.12947081971541918
157.47398268584774,156.39867533179114,7.826821716034248,6.231696781535384,2.106691514124469,17.363588205689958,COMPANY_094,2023-06-30,2024-06-30,0,0.01907288956145157
186.79729066418778,121.18011823719591,11.37240785824179,3.346867611160968,4.245002256182708,10.827383552767913,COMPANY_095,2023-06-30,2024-06-30,0,0.031006407717953113
187.4305697155391,123.17696574531483,6.323116815268475,0.5695165320405953,0.4354933602223303,1.8565862354229798,COMPANY_096,2023-06-30,2024-06-30,0,0.16373629473219067
118.82514575836495,162.3720060694967,14.146635955951883,3.472711935948324,6.826303680060747,14.16995229941746,COMPANY_097,2023-06-30,2024-06-30,0,0.008971968350999327
182.7618946000903,184.17290358628026,4.921889225787979,2.6116416498423742,0.7704968878345122,8.711312977174726,COMPANY_098,2023-06-30,2024-06-30,0,0.07194517705541698
252.79871863207805,129.8874599153183,6.77225547115715,2.3351642887093593,-0.007275119680203002,5.720819214316651,COMPANY_099,2023-06-30,2024-06-30,0,0.13312055663597042
171.1660875072665,140.69716358469293,0.6482235880904543,3.7511470708048975,1.7346060121015006,6.4789908990112846,COMPANY_100,2023-06-30,2024-06-30,0,0.10462502582525868
236.4460672879485,110.77491302985771,0.896011742110213,1.615090009575277,0.9482510277282894,5.408022078647306,COMPANY_101,2023-06-30,2024-06-30,0,0.229826065675099
211.50792507732112,73.187452430949,6.367137277180096,,4.26040028440168,14.631987463069368,COMPANY_102,2023-06-30,2024-06-30,1,0.07390734467103101
95.57231069173946,123.08044989341835,7.506075285797882,3.4777673151095203,6.297959791216128,4.507684454894665,COMPANY_103,2023-06-30,2024-06-30,0,0.03080282537543266
103.96648663593311,326.03343941868735,12.637186860417039,5.173693665119741,2.1425922036094267,15.423128112238778,COMPANY_104,2023-06-30,2024-06-30,0,0.004544175588863688
119.60553142172014,154.38502987236777,6.00076068505394,1.5397703379754657,3.843676750064383,13.465943289311085,COMPANY_105,2023-06-30,2024-06-30,0,0.042901409548547306
205.0036707292489,104.73778993097429,1.4802379688508824,3.2626028904562667,3.3802445427772536,7.842003664484,COMPANY_106,2023-06-30,2024-06-30,0,0.11476019688411357
68.69138174536243,259.2280806432738,7.938095127289401,6.283961216659916,4.545976068397822,8.359278203297533,COMPANY_107,2023-06-30,2024-06-30,0,0.0076496695869161515
130.6326575158335,242.81543340089354,7.72490618286546,3.765514467073638,5.65811046552126,16.85972353859342,COMPANY_108,2023-06-30,2024-06-30,0,0.010792983409742355
113.74047489058447,205.61748834890227,6.672303024941867,4.4914163252038,2.9373977650469114,9.53643097411597,COMPANY_109,2023-06-30,2024-06-30,0,0.02256849650642697
121.35814229501972,193.14255911007254,1.8805097963068018,5.32405743938519,3.370448566514603,12.728659713046124,COMPANY_110,2023-06-30,2024-06-30,0,0.02893323415318305
153.21299691198243,115.11900066790959,0.7881353062510277,1.0301378746809784,2.005566128010071,3.152001379896342,COMPANY_111,2023-06-30,2024-06-30,0,0.18409464595676242
74.36026714284952,168.81469544475644,11.241059009734727,2.841576851375872,0.4253800200838209,21.976130667533173,COMPANY_112,2023-06-30,2024-06-30,0,0.016937748644374265
170.9487672396239,253.88880943093756,5.24765371560097,5.184933243614791,3.8939546058283407,19.56289957391671,COMPANY_113,2023-06-30,2024-06-30,0,0.013030045962555145
50.56516259490241,247.52165688646647,10.486195385083967,6.164055104403131,3.571021322426018,12.87911664063739,COMPANY_114,2023-06-30,2024-06-30,0,0.005682270170223735
298.56343956351907,,4.457555548549253,1.6902866665579481,3.1854246188551665,8.143825683802138,COMPANY_115,2023-06-30,2024-06-30,0,0.13229214796191247
144.76153567484735,131.67165825700684,-1.1926035277827145,0.9554603216632126,0.5757891740968514,6.252561260600363,COMPANY_116,2023-06-30,2024-06-30,0,0.20376881863410803
956.5810224659147,77.78430206410538,-6.525986125840874,-4.045882772326637,-1.9266305096360457,-0.8251183426887643,COMPANY_117,2023-06-30,2024-06-30,1,0.9970549385335585
145.0085468791745,105.14169799558411,6.627891673657571,2.0501503219228088,2.8023389694700174,5.4724227395629645,COMPANY_118,2023-06-30,2024-06-30,0,0.0818246523145372
73.90350961355767,225.64196859381477,8.226384170732015,5.137285600079922,4.072799935268533,19.493647983069373,COMPANY_119,2023-06-30,2024-06-30,0,0.007736268155777437
135.6419642396678,126.31404746285114,2.436975412661914,1.901607507622129,4.327188092808072,3.587681079783196,COMPANY_120,2023-06-30,2024-06-30,1,0.09586193166314796
339.240299282592,74.53410227471373,-1.1999116513563526,0.5831982493938008,-2.185993102675874,-2.7384906933732958,COMPANY_121,2023-06-30,2024-06-30,1,0.8925091332827492
93.6057076590488,384.4718245618439,9.800647067443421,3.4595743989725136,3.9356210215816905,18.39728424290507,COMPANY_122,2023-06-30,2024-06-30,0,0.003976526571027322
225.36171994090273,139.0684630103805,-1.7299157440607238,1.8088792581109987,2.1272436775301706,2.474065942254816,COMPANY_123,2023-06-30,2024-06-30,0,0.2279712141672473
237.22561843055223,136.81955136436116,3.133504732686677,1.305880889294313,0.12444772309400509,5.336400797070952,COMPANY_124,2023-06-30,2024-06-30,0,0.4185293140841055
61.47818911477494,129.49524598857616,11.191862602116915,5.485828178466033,3.71282738964484,12.49894568704665,COMPANY_125,2023-06-30,2024-06-30,0,0.012577467005078821
228.0733492274972,94.04646826929437,6.288361998808348,4.384362790503278,2.787613903934578,6.141303369559841,COMPANY_126,2023-06-30,2024-06-30,0,0.08090062370600853
72.27094890741951,163.55955090504312,10.63919691669684,5.002177763934932,6.438796703850002,15.027387225699687,COMPANY_127,2023-06-30,2024-06-30,0,0.008079313118874337
337.5143611787495,114.51746735223144,3.3988151636410695,-0.7666081962732949,1.5557071449412323,6.767759428306851,COMPANY_128,2023-06-30,2024-06-30,1,0.5802172690505722
303.62332387068057,125.2217012352149,3.5121773536280365,0.6880103667040238,1.607393168708899,4.49902953096302,COMPANY_129,2023-06-30,2024-06-30,0,0.48381943318462134
56.205282594798355,150.25974115738876,11.702864701349569,4.779669036548814,3.1223466546498253,13.729494962819505,COMPANY_130,2023-06-30,2024-06-30,0,0.011994671157472419
210.25683394875264,120.93865062195172,2.383068874845759,5.037122285369296,1.1105021162255464,6.793350535530605,COMPANY_131,2023-06-30,2024-06-30,0,0.09844813228798943
272.9549795725022,137.80759238470074,-1.0108031492891199,1.099418410749176,2.304058331348019,15.898476403435684,COMPANY_132,2023-06-30,2024-06-30,1,0.3954962206153409
101.15739731264271,164.16345187365533,3.598469452241557,4.407262826762358,4.026523511660403,12.710768662606448,COMPANY_133,2023-06-30,2024-06-30,0,0.02916693172159216
106.60428909185643,151.05233576067525,15.472439713609983,6.454629142613683,7.789738922857575,14.722307857962656,COMPANY_134,2023-06-30,2024-06-30,0,0.0041001013335194535
246.16337078749692,118.91763897039192,-2.7066642706186337,-0.4332676091042871,-0.37798409525700793,6.90857131557734,COMPANY_135,2023-06-30,2024-06-30,0,0.6701398145536573
87.57432801563077,271.7107629778533,13.043717117329125,4.402750075110979,8.956260438925765,20.96653449354243,COMPANY_136,2023-06-30,2024-06-30,0,0.002305276711368448
259.6440416628095,137.3507638767009,9.895448944260803,1.777458450844916,3.665027650781018,7.707892919577367,COMPANY_137,2023-06-30,2024-06-30,0,0.06766425972021475
132.3834961007261,147.0499692515172,11.742468489845088,2.031655907590558,4.374777233083264,9.223983909570933,COMPANY_138,2023-06-30,2024-06-30,0,0.027474356426503473
,117.90370766590796,3.870558971230852,3.0350691074827743,1.9774954030330123,7.6832740903329695,COMPANY_139,2023-06-30,2024-06-30,0,0.08801581010734837
153.08485549060336,142.88062163884106,6.275661678824582,0.806602545886435,4.948333722681287,9.788395425259862,COMPANY_140,2023-06-30,2024-06-30,0,0.0582478582236031
213.6624211294899,126.46472548747612,2.124649211630893,4.087177850175214,2.1372949775031325,11.74631393073495,COMPANY_141,2023-06-30,2024-06-30,0,0.08638276261483455
145.86490736374088,238.83017292411247,4.387833182055912,3.846486418032731,4.003404220594646,3.267918451014629,COMPANY_142,2023-06-30,2024-06-30,0,0.03318858301698056
220.3641558371722,83.87451109404687,-0.5065820324252419,1.049599158183812,2.8684146814064997,4.620009603035034,COMPANY_143,2023-06-30,2024-06-30,1,0.5077318250379481
235.47308782675336,128.1041937908497,-3.648772827181128,2.8989822774200973,1.793323978132376,,COMPANY_144,2023-06-30,2024-06-30,1,0.19674145652176922
98.48442228925997,204.3679172454552,8.403153019905702,3.3629398195358493,2.450334040872109,16.47701760316802,COMPANY_145,2023-06-30,2024-06-30,0,0.017792333917415224
119.64910016081701,242.16530089386706,14.844204805598524,4.6426943668930285,4.011259334407464,17.354526465129585,COMPANY_146,2023-06-30,2024-06-30,0,0.005219954071530091
353.46762208805444,95.24206475448437,5.86526168599924,3.4628731760944946,5.910729005570353,8.151525549651012,COMPANY_147,2023-06-30,2024-06-30,0,0.10130811364829528
51.142601457862455,194.87802708457818,10.339613773347144,4.3323370565736035,8.209192697578489,14.008554681376733,COMPANY_148,2023-06-30,2024-06-30,0,0.006036205984413993
75.35066594152136,195.39112215075625,8.565275430561565,,7.405104313435935,23.23651377852523,COMPANY_149,2023-06-30,2024-06-30,0,0.006224086613273689
172.81699524379002,101.37869906316718,3.7172523397197472,1.6390921976074535,1.9928667325533616,2.133852513859229,COMPANY_150,2023-06-30,2024-06-30,0,0.15600425752662694
310.55659730803626,101.02753011228813,-2.5603205287899087,-1.3571128609467185,1.4069682817875078,13.385711811344038,COMPANY_151,2023-06-30,2024-06-30,1,0.6796380463925011
365.4038701093455,104.50144087108129,0.15085202612746418,0.42857257174774244,0.8629344108627759,4.083418137237567,COMPANY_152,2023-06-30,2024-06-30,1,0.6890088616650772
185.13019478588765,118.56646665258964,10.990355939361894,4.679279928233211,2.0946787227441295,5.809790977871597,COMPANY_153,2023-06-30,2024-06-30,0,0.040081362112247006
98.02880915368199,151.72418796095292,6.545690905639065,5.3673331898103145,7.683385613112764,17.99133812605439,COMPANY_154,2023-06-30,2024-06-30,0,0.010347808981580879
58.7121372736104,216.264745732812,11.18801959026611,4.3194109457666725,4.848636850806445,12.323791184020084,COMPANY_155,2023-06-30,2024-06-30,0,0.00805141100589811
398.5783568090499,90.81948902461481,5.231035189333591,3.256889080680527,1.4034444994685729,4.29609560860822,COMPANY_156,2023-06-30,2024-06-30,0,0.2350154780879489
149.7410537280254,142.2836256809221,12.604755790947424,4.883557707269237,3.278113108108872,6.945450942501662,COMPANY_157,2023-06-30,2024-06-30,0,0.020929477232511796
70.38903144337158,187.87266589937582,10.390263405865639,3.3735351234198365,,10.830958959801517,COMPANY_158,2023-06-30,2024-06-30,0,0.017375354947682133
202.7852320477995,126.42954953880847,2.816412239590785,3.401612786022014,3.834346958923202,9.466863049671897,COMPANY_159,2023-06-30,2024-06-30,0,0.07869844179181619
148.05766090319509,191.88990755072493,6.045632855399045,3.651651632431422,4.145113260292913,15.383563418462643,COMPANY_160,2023-06-30,2024-06-30,0,0.023805957666542237
180.45221984345605,111.32897075897448,7.525192701257371,0.5792732822995965,1.495369410795779,4.01062277401387,COMPANY_161,2023-06-30,2024-06-30,0,0.12754713508491283
233.07541911060903,152.29669904642284,3.903508521292137,-0.7025715600915663,2.104450129844457,5.620385735165147,COMPANY_162,2023-06-30,2024-06-30,0,0.40065998277820464
184.22228452402572,169.9488390698159,9.841439212000244,4.385810346721552,5.392055877912681,9.352041421431815,COMPANY_163,2023-06-30,2024-06-30,0,0.020683430244513832
216.1452073848191,113.83288181293452,2.338841357759633,1.9984976284017548,1.9169223980664674,-4.313084429362902,COMPANY_164,2023-06-30,2024-06-30,1,0.22278021337808532
300.69977738396534,112.23000696964979,-0.9457921452437315,-2.0422424524106497,0.22296796299545574,4.5074159334776835,COMPANY_165,2023-06-30,2024-06-30,1,0.7511115049235557
87.99897438899737,230.43668226344136,12.03720878449051,3.263972867402425,6.986619965432396,19.70536444262673,COMPANY_166,2023-06-30,2024-06-30,0,0.005333132148776201
212.16457988725958,145.23498730790618,1.0123559360338126,2.218955081549964,3.4268782912078026,3.5463834375994234,COMPANY_167,2023-06-30,2024-06-30,1,0.13511388253056295
134.79617519573586,166.87194674109722,5.385777761839785,1.8871558342137702,1.9163054614678026,4.978961061922971,COMPANY_168,2023-06-30,2024-06-30,0,0.0724649286918809
242.99878260866467,117.19078582542974,-2.591468691244112,2.149036593316957,2.0794961701930914,5.306481097125797,COMPANY_169,2023-06-30,2024-06-30,1,0.24962222841246007
491.4858474230256,96.47632486406575,,1.2818646820594906,-1.8379597371434684,1.4871901187263585,COMPANY_170,2023-06-30,2024-06-30,1,0.8147628137657011
157.4953393451483,178.05030117445148,5.302107089788674,4.410236104116304,0.14425963658899388,8.087332414217595,COMPANY_171,2023-06-30,2024-06-30,0,0.05299142147213901
311.4815311562617,59.71543519430449,-1.7762419722754623,0.4897065519854459,-1.0899085486222473,1.6794274921965884,COMPANY_172,2023-06-30,2024-06-30,1,0.7958770908960938
146.67805376098596,184.70622352141712,0.3104536238566631,2.2677759025878195,0.779564070053897,4.071965535202687,COMPANY_173,2023-06-30,2024-06-30,0,0.1194975900482873
194.89984313731242,137.56811859960487,6.545940108191168,3.7930632223726004,1.845170247186247,7.592735752294638,COMPANY_174,2023-06-30,2024-06-30,0,0.06366820526602258
104.46093091703543,200.75004138193776,5.043763571589864,3.831628787899993,5.7432549294537765,20.47244487683256,COMPANY_175,2023-06-30,2024-06-30,0,0.013805119919300805
119.08542394225967,196.69144902474224,4.541110921398155,5.668678032330264,3.6713793691508023,19.197609262397776,COMPANY_176,2023-06-30,2024-06-30,0,0.015265900623976675
108.65876452526788,220.68271516589792,7.9719572675436385,5.272212844827401,5.477640846571579,11.699848226701585,COMPANY_177,2023-06-30,2024-06-30,0,0.010550597850344075
221.30075490491447,101.38057301003323,3.0892056308726668,3.2528147097963824,-0.5781251609725186,1.7284448628248228,COMPANY_178,2023-06-30,2024-06-30,1,0.19824961432680144
214.69720937883244,166.68745311610644,10.31345900589506,4.179151211521687,4.509654868016489,13.655458979960699,COMPANY_179,2023-06-30,2024-06-30,0,0.022046550032203283
140.10898285727444,260.64194435514247,8.051128177212147,6.458611454471859,5.950328148032719,14.30029107763981,COMPANY_180,2023-06-30,2024-06-30,0,0.006450478224709435
45.1719714127835,329.3534760841564,21.759540209752686,7.629624718336955,8.368807242331489,24.092887368214033,COMPANY_181,2023-06-30,2024-06-30,0,0.0003056721230449648
206.8889997759637,152.99874284204654,3.6784304421397853,4.388156076048082,2.189431203493764,3.018076894323274,COMPANY_182,2023-06-30,2024-06-30,0,0.08229222229932746
252.5304822434843,117.74419390589325,2.825137995240955,3.181203183105317,1.3491590243782425,9.751421549073665,COMPANY_183,2023-06-30,2024-06-30,0,0.13199544455252615
208.8460859001995,104.40771037481906,10.895736438066104,3.877295602881172,2.4174543696182553,3.808543830389711,COMPANY_184,2023-06-30,2024-06-30,0,0.05727096893823448
436.64580183009184,125.56042646633153,-7.084629389656052,1.5593222570490757,-0.39209935523971984,0.40618518199090525,COMPANY_185,2023-06-30,2024-06-30,1,0.6619083515436549
157.37333247727426,141.0738314844027,8.331623160564476,2.305303853993548,3.2505921857218225,18.670979969246854,COMPANY_186,2023-06-30,2024-06-30,0,0.03286350300256639
210.83858457669294,77.009999774729,-4.183307403736107,1.1875752162604605,0.872999875059574,11.505737393739473,COMPANY_187,2023-06-30,2024-06-30,0,0.3188356298872606
167.10414859378818,160.12157449418424,5.969631873445271,4.666578825196813,4.626667525507078,12.720409380595374,COMPANY_188,2023-06-30,2024-06-30,0,0.02729767127316618
432.702340557681,151.66110316383725,1.6519479263900352,0.51335111332633,0.7096838752356788,5.417973506945172,COMPANY_189,2023-06-30,2024-06-30,1,0.6413811436139033
206.92986052699985,140.61461484863904,10.12330629000969,2.890061913923092,1.9062426428908008,4.995611439701313,COMPANY_190,2023-06-30,2024-06-30,0,0.05968783974500445
168.01891422644664,122.29521764224285,5.035582095423447,1.1303697546215783,2.873815943350329,6.0735750001179865,COMPANY_191,2023-06-30,2024-06-30,0,0.10559748803254225
131.8076563011294,154.27875936394702,9.231382994177526,6.275781487249897,3.805082711625274,5.159314096948631,COMPANY_192,2023-06-30,2024-06-30,0,0.01995334484053734
235.56129728565747,95.93412502428023,8.258247868733314,1.7682275665606333,0.7175031093896219,11.896420763672094,COMPANY_193,2023-06-30,2024-06-30,0,0.10722333870409093
550.665890212605,62.68291994257059,-3.6872869213962005,,-3.6886635214585506,2.87494439476556,COMPANY_194,2023-06-30,2024-06-30,1,0.9469454721647573
139.52101432631753,202.95256330699834,11.439394889942719,5.03976986918002,3.5281807253265427,10.545875269682943,COMPANY_195,2023-06-30,2024-06-30,0,0.012920363540114874
66.26928601405665,289.2088386689831,18.265525274781062,,8.27205241917137,19.45042358443489,COMPANY_196,2023-06-30,2024-06-30,0,0.0011575157790988634
169.999699632187,138.3017973665723,5.638097513752735,3.5850038902517714,,6.578592649138294,COMPANY_197,2023-06-30,2024-06-30,0,0.06660635076268483
407.81622772995377,,2.898884258196878,-0.3426231165259608,-1.0514698900147514,3.715178526171614,COMPANY_198,2023-06-30,2024-06-30,1,0.7860668111235536
275.88190284385763,145.7214099492445,3.2370801237585947,2.7079349587379222,4.474661900699742,6.158394168862558,COMPANY_199,2023-06-30,2024-06-30,0,0.10477758333521907
186.42025848938246,139.02089251853718,6.0709875636182415,1.1931441740279127,3.5259932924010684,4.652195794825874,COMPANY_200,2023-06-30,2024-06-30,0,0.09116304900200829
158.74404742220858,140.1912892276168,7.2045906578753875,1.8424964789557694,2.8755505625584403,6.9185166487169045,COMPANY_001,2024-06-30,2025-06-30,0,0.06537003545373958
83.50649693197559,123.27456423757864,9.466293522586234,3.7166778823850364,5.208254860256154,16.28387785166106,COMPANY_002,2024-06-30,2025-06-30,0,0.01666566661048472
99.56920100776047,205.73523469318613,7.094380565945677,6.068246393108638,5.399717248024225,7.418836198231996,COMPANY_003,2024-06-30,2025-06-30,0,0.01258510263631674
64.26898823177518,181.06314818904738,11.856311023287676,3.2895941780657405,2.7026857733867415,14.498340213462587,COMPANY_004,2024-06-30,2025-06-30,0,0.01350208769101561
226.79688763681787,151.8285387542233,2.72961480802972,1.1506916066208739,0.6034953608776343,14.250617934508778,COMPANY_005,2024-06-30,2025-06-30,1,0.3086765556358814
214.45713077294667,66.32493608992698,2.8858033450058085,,4.400883829314689,1.3116677642012515,COMPANY_006,2024-06-30,2025-06-30,1,0.19430940755575932
136.02195347548582,246.47730763640683,7.4920632128514315,0.5312428367077064,,11.531842222051097,COMPANY_007,2024-06-30,2025-06-30,0,0.03535516348487755
194.51443694411753,127.45918268369432,11.828034521207364,2.8694177918172885,3.2682588019223093,8.510885575166238,COMPANY_008,2024-06-30,2025-06-30,0,0.0392175941480517
285.2465310742087,115.2504344459169,4.582019121151959,2.2580003711830776,,4.270441582225111,COMPANY_009,2024-06-30,2025-06-30,1,0.1604139207431763
47.44466321753613,355.07394925783115,16.878549247017578,8.07581712870782,9.170691625251395,20.09801065113146,COMPANY_010,2024-06-30,2025-06-30,0,0.0004234843300385704
66.47821929217308,233.68410860558743,9.585593131830956,2.7204247960802244,4.863441083858577,11.930073074323232,COMPANY_011,2024-06-30,2025-06-30,0,0.011829680465544477
133.99294204504199,179.38409676968513,7.914817464767575,5.802773448313953,4.238249840289812,8.898837401177452,COMPANY_012,2024-06-30,2025-06-30,0,0.017621494253845838
127.41619012024748,166.73941909124005,9.520602617429418,1.8355125084618085,3.595519080114655,8.843457147989517,COMPANY_013,2024-06-30,2025-06-30,0,0.034276259362734894
181.70901360906674,124.19339347086908,1.5271250151259212,2.55560873293254,2.719772947879597,7.614214198295228,COMPANY_014,2024-06-30,2025-06-30,0,0.11486448640942781
82.93072391604436,231.25155189763984,7.946654294972699,5.2832463982748985,3.9287748112215386,12.150639679435056,COMPANY_015,2024-06-30,2025-06-30,0,0.01057203389328458
229.42500299811732,103.3948142772955,2.7928117085371773,2.447181039742335,0.7097364767337413,-1.6132305379981835,COMPANY_016,2024-06-30,2025-06-30,0,0.2273945680066219
64.3606064155282,239.16928045449453,13.812635452989587,4.457548095716291,7.596981112661021,18.281909895442464,COMPANY_017,2024-06-30,2025-06-30,0,0.00306661504871546
209.65444926302794,114.36777783439068,5.8559634102855025,1.6951130487792827,0.15610603663629163,10.452041058428595,COMPANY_018,2024-06-30,2025-06-30,0,0.12399615463501709
203.58102793513476,168.73301580092667,4.163971215907474,1.4923879872551542,3.3622114264885905,7.190146570824165,COMPANY_019,2024-06-30,2025-06-30,0,0.08673471648548836
60.830469873401555,204.36923911587996,9.768372873045749,6.273086002234781,5.940041683465946,13.502062479658509,COMPANY_020,2024-06-30,2025-06-30,0,0.005930056529330393
151.24029780610041,,3.4606355652457483,1.376072963009819,3.855466584434544,8.501080820303798,COMPANY_021,2024-06-30,2025-06-30,0,0.09334813425142452
234.1706505466479,105.22356571429013,-0.11056324562056563,1.677968469561565,1.8976290470370811,5.414065072858749,COMPANY_022,2024-06-30,2025-06-30,0,0.22971611219400642
142.88416664754521,172.74046076344706,8.003944325611194,6.55540906573305,2.8101334255724018,16.47640294602883,COMPANY_023,2024-06-30,2025-06-30,0,0.014463665880908394
39.28077755754908,275.7948809758405,16.278868929815484,7.114072306238562,,18.241218297423497,COMPANY_024,2024-06-30,2025-06-30,0,0.0011492492963754322
159.57846897116994,154.17295346195547,3.4038366892714524,3.8908496912898487,2.321616162852273,13.704902296150221,COMPANY_025,2024-06-30,2025-06-30,0,0.0504861780862654
225.88385996835405,98.46602172053704,0.1496478838988744,0.7021451131006075,-1.6948085404697977,-7.994968483080113,COMPANY_026,2024-06-30,2025-06-30,1,0.7339124131648573
158.42959980067667,247.06897244029676,8.97010771403801,2.0015354450235723,3.5023335821529833,7.859423087170415,COMPANY_027,2024-06-30,2025-06-30,0,0.02606783338235169
92.4004357115792,253.42472554016095,13.640395634467277,5.6831481643613335,5.370140767352373,12.902845129295963,COMPANY_028,2024-06-30,2025-06-30,0,0.004158293505347395
698.4183449820825,82.2719290333342,1.5793438398734576,1.0427424755871872,-1.4654294897154019,-3.1743033023874845,COMPANY_029,2024-06-30,2025-06-30,1,0.9293821750626945
163.68148687299558,136.4871636065384,11.181821844353763,2.684714433339511,3.859043330652365,12.81680757855813,COMPANY_030,2024-06-30,2025-06-30,0,0.028709840252466895
245.2024343780238,113.38023933618108,1.9708160576900928,1.230385834134615,-0.17137744677185984,2.9439103933540265,COMPANY_031,2024-06-30,2025-06-30,1,0.5261725870421644
175.57198953157882,150.46269358867022,0.2907278722670492,2.6419985828917585,1.0955158657333481,8.809130926262522,COMPANY_032,2024-06-30,2025-06-30,1,0.12250194015327315
197.69301466763102,140.47082813695613,4.782780091369176,2.8312295881256926,4.176036795860514,3.537118896639959,COMPANY_033,2024-06-30,2025-06-30,0,0.07852479631866525
130.83404580418502,171.49476561829982,7.597405650163158,5.68245091785349,4.754085121883408,9.189012215594406,COMPANY_034,2024-06-30,2025-06-30,0,0.017875889364006088
193.45502134803309,132.03268637885014,-0.3723357642614493,1.3393983779663314,4.148652009087904,3.6799585738232286,COMPANY_035,2024-06-30,2025-06-30,0,0.1614781569647498
349.33401845103623,93.25765473321967,-3.9851466810741902,1.1141944208319141,-3.876579749725404,4.357358281507121,COMPANY_036,2024-06-30,2025-06-30,1,0.8384371045310217
119.06487345500373,183.89457999398874,9.191612652746832,4.637921119857861,1.802752960386817,19.882224771581008,COMPANY_037,2024-06-30,2025-06-30,0,0.01517649789779212
59.07918672948374,261.3515093550169,11.298131148969322,6.279133357587807,7.875856574811775,10.019871028279209,COMPANY_038,2024-06-30,2025-06-30,0,0.0032763385492072866
95.46343766344806,,16.338653330108716,6.460235119516392,7.4210779231476645,15.86155233536477,COMPANY_039,2024-06-30,2025-06-30,0,0.001957338015866704
229.3724138733673,114.06753821203147,8.749438936168465,3.5529295508187344,2.3560618459189278,2.541635408873079,COMPANY_040,2024-06-30,2025-06-30,0,0.07974772539555812
384.6907131063853,102.15115648019892,1.6410115082312093,1.3826090883092006,1.1864483274029323,-2.0918217371385897,COMPANY_041,2024-06-30,2025-06-30,1,0.6844253237574487
92.19251062941112,136.85567887988535,13.838487770188545,2.7887178892494844,3.6672180134023424,13.474485560025705,COMPANY_042,2024-06-30,2025-06-30,0,0.01634701907800723
138.87672683386774,145.46797170916895,5.575669633720371,1.8684644424548504,1.4909829818689884,9.876567219141375,COMPANY_043,2024-06-30,2025-06-30,0,0.07141379694226759
191.31095147973193,96.2727932548854,4.656977837165328,4.32908853322848,3.002591470601615,11.397073680234746,COMPANY_044,2024-06-30,2025-06-30,0,0.06577235067012077
141.0325604585551,219.59324109404935,10.835890308090299,5.331925902000638,3.0973447391800257,5.8519043857310775,COMPANY_045,2024-06-30,2025-06-30,0,0.015030600141263922
169.7909138444773,174.50132457090245,6.529506381125497,,1.6832664383380034,4.619862396846104,COMPANY_046,2024-06-30,2025-06-30,0,0.046146780027786646
54.17274113645148,250.72690835195604,9.970323702702675,5.981892685771175,9.313437100987663,15.750668891712213,COMPANY_047,2024-06-30,2025-06-30,0,0.0027618668446959546
64.09316437066089,,17.37232097068128,5.825219075756008,6.440640674928882,25.271576144797386,COMPANY_048,2024-06-30,2025-06-30,0,0.0016994720306119137
263.06887215889515,,7.705549255196589,2.6419148044919107,1.9021180092939118,8.063455079358704,COMPANY_049,2024-06-30,2025-06-30,0,0.08513541586631244
88.28251226963104,153.94777253320504,7.22396168656098,2.6209850331616384,3.1016905089278084,8.719275764380935,COMPANY_050,2024-06-30,2025-06-30,0,0.03676666988368126
238.31977769885722,185.27948128439726,7.215596280249939,2.6607192319708366,3.887960076602123,4.102545719995834,COMPANY_051,2024-06-30,2025-06-30,0,0.05899232724202349
73.7185577058235,277.98778122673025,11.45665047204548,5.058756088852275,5.889614944028891,26.520013038338952,COMPANY_052,2024-06-30,2025-06-30,0,0.0025303908241457763
96.11643794146276,234.73804379914995,9.384216810517385,5.456934373244645,7.867032278143642,15.34429097351497,COMPANY_053,2024-06-30,2025-06-30,0,0.00505430455149969
164.0328926268198,153.32674644516618,4.816415393198815,2.4306157085465143,2.619625652299257,7.572023019410607,COMPANY_054,2024-06-30,2025-06-30,0,0.07042250611405954
264.56503710772256,100.68302955962973,7.458067818428714,0.973226956193074,4.282470211862827,4.154713128999552,COMPANY_055,2024-06-30,2025-06-30,1,0.30429870069595644
120.70082684536962,170.61709836169487,0.8593068847990404,-0.19108122148373896,1.9026183603955524,10.278397043493982,COMPANY_056,2024-06-30,2025-06-30,0,0.11796066444791661
204.22169848449946,112.05158113840682,7.170764688195948,3.8549698864534734,0.8261795761745803,1.6441711864734625,COMPANY_057,2024-06-30,2025-06-30,1,0.09874013469007445
66.4368388366684,171.12573198741356,11.513691583714074,6.508714037533262,4.906450402308672,14.311241064926776,COMPANY_058,2024-06-30,2025-06-30,0,0.0065275904487722925
119.37008052937024,215.75306674075262,5.013690316789538,2.8120084598253374,5.378198229595151,13.310980585302229,COMPANY_059,2024-06-30,2025-06-30,0,0.022261323241971442
117.16165345365916,147.03114563590955,6.124963437356899,2.434065363042043,2.002837134717523,3.2086597932759684,COMPANY_060,2024-06-30,2025-06-30,0,0.06831564895544368
79.48773741914385,242.90135148002685,7.7000404205194775,4.339377621295618,3.581610479722669,12.677759036205849,COMPANY_061,2024-06-30,2025-06-30,0,0.01203946448659622
,192.90975449678874,7.844759811111132,3.875770874871389,6.078818970876677,19.27825504372317,COMPANY_062,2024-06-30,2025-06-30,0,0.010068061506953184
156.78353880421795,204.62715939994456,8.469459485991788,2.504251764757162,5.143838353432148,4.991289652509049,COMPANY_063,2024-06-30,2025-06-30,1,0.029447620728519027
135.54221749884906,120.69219590715436,4.1645445784681145,3.4908311372936773,2.8572727451393076,13.390826214398189,COMPANY_064,2024-06-30,2025-06-30,0,0.0528853321430725
301.6705186256796,102.83539691959061,5.3143413456473,0.5035965416882562,,0.5385040516883137,COMPANY_065,2024-06-30,2025-06-30,1,0.4695947966653789
151.28063732323358,,2.071076791511552,2.852763053693545,3.24742173310904,,COMPANY_066,2024-06-30,2025-06-30,0,0.06162458894686104
224.95841346358517,119.82512853206606,10.369288952153973,4.250629868113849,2.6085196836663327,5.6133092923602925,COMPANY_067,2024-06-30,2025-06-30,0,0.050272632296119536
111.51635732615692,158.50423851398895,14.491553431413283,4.509706503802405,3.388519460982619,10.024618139749183,COMPANY_068,2024-06-30,2025-06-30,0,0.012698775962153106
390.2457902126382,115.66020319094582,1.8412526962031555,2.0677593087676276,2.01374578673702,3.0353771375720857,COMPANY_069,2024-06-30,2025-06-30,0,0.30314532371321234
390.6639910402558,104.51141186016284,1.7897670783308621,2.0149655602659573,,1.7970498960870938,COMPANY_070,2024-06-30,2025-06-30,0,0.3418395947328147
96.94211432494271,207.98095342603605,9.498207734771485,5.414909616384032,5.353002728922233,7.386729170003509,COMPANY_071,2024-06-30,2025-06-30,0,0.010960338558695186
170.91692719888266,108.395433268052,6.692375327887096,0.7826773926446411,1.7905602394544253,11.897770121488971,COMPANY_072,2024-06-30,2025-06-30,0,0.09555647873750277
114.41263231611613,284.5935328275619,11.468699062180264,7.6364742893223365,6.535740963418165,18.381445380817567,COMPANY_073,2024-06-30,2025-06-30,0,0.0023037912905731193
,128.4236386501124,5.351407538840851,4.8464131376400985,3.773959432712804,5.225447427054427,COMPANY_074,2024-06-30,2025-06-30,0,0.05859316015677589
113.730956458308,186.8958129929892,2.917608262041795,4.8030390833159,4.40200462044537,15.263082553891724,COMPANY_075,2024-06-30,2025-06-30,0,0.023168450278994387
210.395977120224,108.89148626122375,6.183262664278871,4.576720406743339,-0.29271392747055547,3.444700234722501,COMPANY_076,2024-06-30,2025-06-30,1,0.10559352518320736
183.18195909912035,129.15405517355111,8.365680802861263,3.184986248823498,3.3609778282732385,11.601604579466937,COMPANY_077,2024-06-30,2025-06-30,0,0.04313021081097889
107.10849555481475,166.6673028337771,7.61148258305602,5.198528813421991,4.89956010451581,15.404354503152748,COMPANY_078,2024-06-30,2025-06-30,0,0.014027971676224887
126.31955188741371,201.09862219043274,11.734089927566663,3.409503933916537,2.7499559733887793,13.86068210520031,COMPANY_079,2024-06-30,2025-06-30,0,0.015476192153640699
127.10971894503547,367.0890403802029,10.831842515925416,5.008727235553334,5.592946326915927,24.015746916864575,COMPANY_080,2024-06-30,2025-06-30,0,0.0022588592027813974
109.3236910729662,262.15839896355834,17.283677614843718,3.9809506599950417,4.288563755536876,15.35102077776499,COMPANY_081,2024-06-30,2025-06-30,0,0.0041138935201289655
223.98300240668974,108.90355399497011,3.8591290814661576,1.2428176633587475,1.4409688086983037,9.425343723986684,COMPANY_082,2024-06-30,2025-06-30,0,0.3550213223077302
156.39211845349016,145.54779041076904,4.309606870662828,4.2464598240226765,2.424078610833462,2.422223915064608,COMPANY_083,2024-06-30,2025-06-30,0,0.06844529430907598
239.46864059855682,102.07385313346363,1.061839716685197,0.10725744232000389,1.7616063794849741,4.906374542509621,COMPANY_084,2024-06-30,2025-06-30,0,0.5330251943317486
110.19829420096174,212.30090884108103,8.255172525907726,3.714895781644577,3.88368015422122,13.224463766491018,COMPANY_085,2024-06-30,2025-06-30,0,0.01626676099473574
178.87861686153707,138.68851796778017,8.041158211186548,3.4791926747908453,1.2072600076470918,8.442052727222672,COMPANY_086,2024-06-30,2025-06-30,0,0.05681079985693955
60.80699219192644,243.9379851346239,13.808450332632587,6.069525967529428,3.5844536967799394,13.470242429047758,COMPANY_087,2024-06-30,2025-06-30,0,0.004309117214565918
102.26453049512386,185.0233522224207,13.584672109680092,4.3541046256517415,3.357295940346475,10.15723165167039,COMPANY_088,2024-06-30,2025-06-30,0,0.011745700270236525
366.5615468941714,119.94729457223795,-1.2282773463859904,1.539240551279895,-3.0726044694814245,-3.6803398493710366,COMPANY_089,2024-06-30,2025-06-30,0,0.6959854062059198
207.3912236103791,175.71152886839863,4.867233687450629,4.1441725252425545,2.985040941872644,12.340991428026355,COMPANY_090,2024-06-30,2025-06-30,0,0.043553979659865044
294.25503597393043,180.95670789179374,4.504364985652412,2.393577546314165,4.5462026413311865,5.477626849927147,COMPANY_091,2024-06-30,2025-06-30,0,0.08829363479951885
195.49564012427953,127.16997624843897,6.860243211032484,1.8489196345038443,1.1774956957529787,4.733848576992255,COMPANY_092,2024-06-30,2025-06-30,0,0.10807847401107064
196.45577934873435,95.68708831353507,6.561405207738874,1.80524068766725,1.9011816614476338,11.760916685999899,COMPANY_093,2024-06-30,2025-06-30,0,0.0955254274808466
198.6689431896059,87.98269168376531,9.344792301861462,-1.6708001376892367,4.4987154266690474,1.44981141568572,COMPANY_094,2024-06-30,2025-06-30,0,0.1487050444691852
173.6406283355651,101.0158480847052,8.206101689211588,3.3434813927361287,1.8612566403853688,5.778035630904498,COMPANY_095,2024-06-30,2025-06-30,0,0.07119728837092326
255.45201853359504,71.37814677859024,-1.2833649172629666,0.35443873249988056,-0.10734462870308636,1.2124371346117022,COMPANY_096,2024-06-30,2025-06-30,1,0.7195964157374778
101.15075615363924,205.57009365194278,10.279486386383912,5.197600466710144,3.4137562743012397,17.21265232291764,COMPANY_097,2024-06-30,2025-06-30,0,0.009280729093500728
112.1023141160764,234.07446967001823,5.418672142608643,3.7318997312259907,2.4797614783914845,21.129185358118672,COMPANY_098,2024-06-30,2025-06-30,0,0.016425061545734476
301.3816158845988,147.28118679157313,3.9779998656596187,1.2780115623212887,2.642077693584762,-0.5990364063281763,COMPANY_099,2024-06-30,2025-06-30,0,0.43067674364108444
76.27691357935058,254.33488897235947,15.260335938451426,6.7902872671505925,8.124842860425563,14.932851947959227,COMPANY_100,2024-06-30,2025-06-30,0,0.001794053189832316
260.9089092148222,173.55612317731968,-1.7803965393644106,0.6447360117415148,2.5671388111237015,7.035564798387449,COMPANY_101,2024-06-30,2025-06-30,1,0.4488809401168742
390.679068878645,93.91749985787177,-2.188163165149129,0.12163361176688292,0.2549293899452547,-2.4441324080521087,COMPANY_102,2024-06-30,2025-06-30,1,0.8892701197936378
177.2625547471673,162.49434161797583,8.994422541414046,2.1864139030817222,3.603244496511895,14.807564289462038,COMPANY_103,2024-06-30,2025-06-30,0,0.033452481345978606
151.33684085057203,147.66399758171104,8.674968857871873,5.377361721991285,4.6830746203158515,6.977623570610009,COMPANY_104,2024-06-30,2025-06-30,0,0.023268017366747495
428.1200085760884,126.1964234345408,6.275350122703573,4.880786648828674,4.988704939589597,9.950139056070354,COMPANY_105,2024-06-30,2025-06-30,0,0.08887693868916673
128.60376846813142,198.15755850854742,9.452767035611723,3.0527943951865333,6.070618868394552,14.754428285429297,COMPANY_106,2024-06-30,2025-06-30,0,0.013816739065332088
103.13326387933463,114.04547630713905,2.7747729534253374,3.0000789154919003,2.8419226028547495,7.290431442029664,COMPANY_107,2024-06-30,2025-06-30,0,0.07572654100128703
37.668271614832214,295.0051333600219,13.817978951331561,6.458294863068431,5.2576223509817375,27.8377251442718,COMPANY_108,2024-06-30,2025-06-30,0,0.0012441318786242607
189.3190782383414,145.38171785066672,10.157660176072287,2.7825727114313494,5.716953268998684,13.233490950110927,COMPANY_109,2024-06-30,2025-06-30,0,0.02590640567946899
87.20876331076335,312.40205006184885,10.11852907542072,4.962674235504309,5.498196394272876,18.86287656021645,COMPANY_110,2024-06-30,2025-06-30,0,0.003593566249135399
182.55792496781376,138.90266664439298,2.3166556519417174,1.4988113328317014,4.264424922732149,10.029514777746455,COMPANY_111,2024-06-30,2025-06-30,0,0.09132628086721208
245.79861311770946,154.02576354888944,6.197406862461513,1.7898085911991444,,10.796993048500381,COMPANY_112,2024-06-30,2025-06-30,0,0.08666608931388162
212.5488097224511,112.410715078005,5.496394670973297,4.757435817776088,1.4678080373513036,7.394244497607502,COMPANY_113,2024-06-30,2025-06-30,0,0.07711877973150492
128.94281683175655,126.53958853314568,8.000482914455363,5.018935158049129,4.73584979753266,3.0864122557133635,COMPANY_114,2024-06-30,2025-06-30,0,0.031716700122946646
234.7231645100292,170.1116686139568,6.447298866059815,2.325722098303736,4.8090626817674575,4.869592646238393,COMPANY_115,2024-06-30,2025-06-30,0,0.06315011179524542
96.25658238128094,162.26293450330044,7.633296778479058,3.3770238581339114,1.9541437582840953,13.488109461714274,COMPANY_116,2024-06-30,2025-06-30,0,0.0289230494102641
246.3737898516153,159.61879540635286,3.6709989404335044,3.5413632117067646,1.8148277830474253,2.4766920787552937,COMPANY_117,2024-06-30,2025-06-30,0,0.11168838303025702
121.77473488449876,243.33983297039174,10.0851339911757,6.934395912511114,6.206917909184503,12.37984805958426,COMPANY_118,2024-06-30,2025-06-30,0,0.005221845891590307
54.44997773187044,232.47931537047955,17.547010576512104,8.086488948340435,5.4431782269743145,21.110677287152733,COMPANY_119,2024-06-30,2025-06-30,0,0.0012731927812382883
287.6087892960156,76.89316417520476,1.5371116298098584,1.720591843719946,-0.3294135076260793,4.541340603718577,COMPANY_120,2024-06-30,2025-06-30,0,0.3325963315270638
,133.40317462266444,9.017820300740214,0.5332422922274807,0.29544368202452187,10.084556528261572,COMPANY_121,2024-06-30,2025-06-30,1,0.10202695476354212
111.08397117942665,192.51093373887463,12.31364968436706,1.7154544087609036,5.442509412998866,12.958679041773532,COMPANY_122,2024-06-30,2025-06-30,0,0.01474023102956433
214.60250070796235,167.87326770844805,6.170049440043,3.8763275692981067,4.344914168942935,4.255242760685968,COMPANY_123,2024-06-30,2025-06-30,0,0.05044197754510962
214.80949647222778,139.10927396638152,5.385127091493724,0.9098132323735713,0.11501150486894862,8.284596479643643,COMPANY_124,2024-06-30,2025-06-30,0,0.1415006043040772
90.67622522912446,141.073133801416,6.801673763282741,3.256294524243369,4.513899628589668,13.139050879962186,COMPANY_125,2024-06-30,2025-06-30,0,0.02666791197437181
157.1884323614166,193.85476975961126,7.340024713763276,1.2891915916317502,3.070394386414499,7.6141085701243325,COMPANY_126,2024-06-30,2025-06-30,0,0.04957401348635858
190.4070054321826,142.29800403042347,,2.847477648231892,2.725748007475244,4.061246728887671,COMPANY_127,2024-06-30,2025-06-30,0,0.05873754959422153
315.57383338730034,120.00813073275549,9.053764950215887,7.070228863306293,2.3241455727427915,7.600010284942818,COMPANY_128,2024-06-30,2025-06-30,0,0.04748603857803788
219.78138769883893,151.3199954145366,7.913001801480492,7.151473307496232,3.637211552617392,3.5306430624675187,COMPANY_129,2024-06-30,2025-06-30,0,0.030323165244689337
136.5552147527158,147.3333103465329,2.77280628267217,4.701886098701479,1.561957487669491,7.05402810831852,COMPANY_130,2024-06-30,2025-06-30,0,0.06232766644783126
381.4344798921817,63.519014320360036,-2.2718302137286965,-0.8333546387162769,0.2911394911909581,-0.26503794881224163,COMPANY_131,2024-06-30,2025-06-30,1,0.9103140453225683
91.36590484240912,228.85912187473681,15.952493582998537,3.1831859706744496,4.7567495573256835,20.562389347767954,COMPANY_132,2024-06-30,2025-06-30,0,0.00472938517159883
235.5017068645275,184.15203144283325,14.309689585463392,3.194878510471298,1.5568482900743583,8.925044469030926,COMPANY_133,2024-06-30,2025-06-30,0,0.029518475061370966
97.99431482158803,220.84321233681044,4.8620481783803156,4.37281580630961,4.590662568024786,10.560417047652157,COMPANY_134,2024-06-30,2025-06-30,0,0.01871220377004602
505.45701828812827,92.89107632428379,2.463049657669158,2.14721521856434,0.30038605298413823,4.118384040010011,COMPANY_135,2024-06-30,2025-06-30,1,0.46279296204923337
121.80321102061696,203.42447057711385,6.915421487125646,4.127776881757876,2.075193330281887,17.092765953669034,COMPANY_136,2024-06-30,2025-06-30,0,0.020220912095551945
266.23242195314896,116.72261124325327,9.986188688452298,2.5463532956967727,1.0381461626231192,5.765219718541643,COMPANY_137,2024-06-30,2025-06-30,0,0.09730320709502946
164.06743660293057,209.4199309285697,8.456791420568242,4.8527124005225915,4.966455758668795,8.298640155498953,COMPANY_138,2024-06-30,2025-06-30,0,0.017509664686628325
184.4671193661461,90.62137481866333,7.140022691390149,2.9180758396471935,4.099713572749152,-0.7959816577221632,COMPANY_139,2024-06-30,2025-06-30,0,0.09235260528393181
147.49592772086538,118.55146731818724,6.744105430290807,2.8380196382026726,3.6097211166626337,5.273883265303713,COMPANY_140,2024-06-30,2025-06-30,1,0.06118588142765379
41.26411915063391,268.44180468834253,16.28103728771345,7.281833713633383,6.925849721343181,19.468904015360163,COMPANY_141,2024-06-30,2025-06-30,0,0.0011414813739607915
144.03907938837847,211.504022285069,5.844008716527139,4.536610203651968,4.231767042056339,0.9342258951330216,COMPANY_142,2024-06-30,2025-06-30,0,0.03170569966938511
223.33016331419407,,-1.272319915646623,1.3614905625269045,2.884767070245781,9.45262676644338,COMPANY_143,2024-06-30,2025-06-30,0,0.42508845682120844
113.821900442065,215.16861595466747,9.618574046364063,4.615711970950227,0.8661320933164385,21.115735431647877,COMPANY_144,2024-06-30,2025-06-30,0,0.012654902623022823
232.29428291086597,107.75157466987955,-2.706260145941047,0.8586604054278872,2.081682892017379,2.1795260581397473,COMPANY_145,2024-06-30,2025-06-30,1,0.5942955548651121
179.71695652006423,124.29267882570764,3.4654628954028475,2.8533296842937315,1.046848849277031,9.40213067868475,COMPANY_146,2024-06-30,2025-06-30,0,0.10259289144189274
75.43206988901899,193.50851590001972,6.2656183082325265,3.3270053735701275,4.006707301637776,9.729579977915426,COMPANY_147,2024-06-30,2025-06-30,0,0.023322596953852574
42.95908206689481,331.7283554716289,11.441823679302336,6.222307484348301,6.490866979589315,14.86450979452508,COMPANY_148,2024-06-30,2025-06-30,0,0.0019534245172865942
57.51798199487972,326.4756756729515,14.14733975283978,6.476319247740619,7.446633213304944,24.65259505860392,COMPANY_149,2024-06-30,2025-06-30,0,0.000939752938471893
81.10484635217186,241.03256397928303,10.101270106956434,3.0116025935742523,4.608034082744877,14.654881674851039,COMPANY_150,2024-06-30,2025-06-30,0,0.010019512089650552
123.5259084641874,125.11621391489004,4.749200778997914,2.3304960933439838,3.5009744102856915,1.9586346381141997,COMPANY_151,2024-06-30,2025-06-30,0,0.08095323697428278
86.59098741172303,143.6396168966514,7.126530445413439,5.382808536292299,4.846709786690434,19.384505486655655,COMPANY_152,2024-06-30,2025-06-30,0,0.012944979842587004
92.6645783187241,198.87468812230813,10.33732682489383,4.5017679326982645,4.891399759459704,10.750639227141894,COMPANY_153,2024-06-30,2025-06-30,0,0.011389210373997139
198.01262196803353,196.08966779903255,7.349568789901946,3.8133361999692763,4.055634711115805,,COMPANY_154,2024-06-30,2025-06-30,0,0.03657402441390688
147.74968995919912,95.05547081166031,9.48704545158942,2.698260835813088,-0.9868021732026717,14.264195641306978,COMPANY_155,2024-06-30,2025-06-30,0,0.06624357578818646
299.3176134032013,125.34810616864895,1.0421569029434172,1.7276448198434322,1.5318563391611433,7.437705227478176,COMPANY_156,2024-06-30,2025-06-30,0,0.22594682110672948
99.28654785254568,263.0738565894963,5.231766838271211,2.021046748700871,3.291601556012297,7.640336102546012,COMPANY_157,2024-06-30,2025-06-30,0,0.027953324737870107
,131.55835176277898,-0.5036913951862854,2.179459993903538,1.1450167651735175,-1.1020181932924453,COMPANY_158,2024-06-30,2025-06-30,0,0.3620376138288585
452.5080413060111,69.78761357734673,-8.47495377021964,0.14348421480661522,-0.1914137637443063,2.681514436641832,COMPANY_159,2024-06-30,2025-06-30,1,0.920465144625658
71.25654832976882,180.48448448453485,11.730594400680886,2.92377990642842,1.3822804469728514,7.201126305426982,COMPANY_160,2024-06-30,2025-06-30,0,0.023404614045282775
381.3415573550144,128.09843177879398,8.904112300794477,-1.34312127250152,0.8542953921649097,6.4329456013906805,COMPANY_161,2024-06-30,2025-06-30,1,0.5170666090447453
205.2110073240836,79.20322201112191,0.14798348920740795,0.16634388281610846,0.477111596606027,0.30707665130832984,COMPANY_162,2024-06-30,2025-06-30,0,0.36617720989111874
72.09138777274782,241.17542436565893,8.469920967585173,5.553393282592001,6.089866912654241,15.590416703108264,COMPANY_163,2024-06-30,2025-06-30,0,0.005825368715528615
139.48984978639257,122.46537814884594,2.7579144682057617,2.0969893457175637,2.419021124689352,0.9166990554938224,COMPANY_164,2024-06-30,2025-06-30,0,0.1259741861940595
201.04312068176657,164.31821953150856,3.674509170371797,3.059812782126106,4.1453509829089,-0.501925086497029,COMPANY_165,2024-06-30,2025-06-30,0,0.08648576167599147
165.20617156301287,107.27738173900403,9.668285546583451,3.0250937347213878,2.4806452130832892,11.19942338984491,COMPANY_166,2024-06-30,2025-06-30,0,0.046537600458906585
217.13884400124022,124.3736511365481,0.16457526776811005,1.1992154311449696,2.3487177206419596,10.63740458001643,COMPANY_167,2024-06-30,2025-06-30,0,0.16835299462392286
222.43670846311318,103.93500571865978,1.791355506869127,0.7842220984974353,1.09171575542027,7.590775894610962,COMPANY_168,2024-06-30,2025-06-30,1,0.4579009957136173
130.4875058793411,155.491744105498,6.917211087663612,7.238843837666151,4.794206776743187,18.390847705425017,COMPANY_169,2024-06-30,2025-06-30,0,0.01102338062635492
238.07423229813426,126.10878472810741,1.018265447010887,4.040197623950135,-2.055073943099027,-0.15728621042058277,COMPANY_170,2024-06-30,2025-06-30,0,0.2385732518756433
273.67427895211245,95.37794478048285,-2.0301171950224965,0.8974552754457383,2.026849254899462,7.474122876728645,COMPANY_171,2024-06-30,2025-06-30,1,0.5846064232164714
263.758430558149,60.056559962665254,2.5259424391653207,-0.3181647614825298,1.1358696722412618,5.287787769833996,COMPANY_172,2024-06-30,2025-06-30,1,0.6157514786575677
190.731005567653,111.1430858364499,6.930622623896475,3.25856547868257,4.390504272902467,17.891810263574385,COMPANY_173,2024-06-30,2025-06-30,0,0.03893788103129244
154.06867099842407,,1.9840622289324843,-0.2101246121613265,4.253902064226063,6.515784789786622,COMPANY_174,2024-06-30,2025-06-30,0,0.12082656795882077
178.15720734603258,232.5651874641116,10.45356227910616,3.902675829770116,6.447670291388077,17.741469279714842,COMPANY_175,2024-06-30,2025-06-30,0,0.00906723447078335
164.43432132727295,133.44159175428467,5.483650093535396,2.267309405777493,1.269315780256465,7.0852801453417324,COMPANY_176,2024-06-30,2025-06-30,0,0.08987827764790639
106.09524763095652,209.7462921262475,10.157064981889333,7.734466934521584,4.412607066693422,11.178000578368696,COMPANY_177,2024-06-30,2025-06-30,0,0.0067018971531045924
93.48002274356918,219.67374552909692,5.629954860733237,6.280447817160865,6.91492518446111,18.797931985898877,COMPANY_178,2024-06-30,2025-06-30,0,0.006697461086875383
138.29950210531766,199.47287402262955,7.288449309204327,4.437669402050769,3.639051277742226,5.1920880695812945,COMPANY_179,2024-06-30,2025-06-30,0,0.026710252761111598
238.4776686929967,97.53568641926384,7.8009704869090655,3.2139827785794415,0.7020886691687911,3.358952999988398,COMPANY_180,2024-06-30,2025-06-30,0,0.12041287563402316
102.65783971359535,193.98838732214537,8.324562074896036,4.792533710360044,5.4317330412510625,13.15082449168625,COMPANY_181,2024-06-30,2025-06-30,0,0.012053753495621322
110.08569514138584,247.33704744775267,7.4877923866324965,4.434826968122537,4.091602843365183,14.169676158303215,COMPANY_182,2024-06-30,2025-06-30,0,0.011791590777327872
381.3010884807237,96.90855569580512,-1.223903967512311,1.9148885113386906,0.4905265549340179,1.634489866110567,COMPANY_183,2024-06-30,2025-06-30,0,0.45443196765639987
450.9411398181683,113.18421949666492,2.711585675560217,2.516658236458231,-1.4290417817268692,3.771851003946722,COMPANY_184,2024-06-30,2025-06-30,0,0.41122905868058535
159.36434564380764,97.51347147472735,0.5874899532146416,0.20299630213022857,1.0556721540594982,10.35787512974039,COMPANY_185,2024-06-30,2025-06-30,0,0.20360597483650236
163.7681001584175,138.90583764994878,,0.6108199345637138,4.553858441861584,5.0156926158265955,COMPANY_186,2024-06-30,2025-06-30,0,0.04838054222424318
,115.29541620007127,0.6793870677042717,0.7677874056455003,3.4387780798645267,6.750551685322269,COMPANY_187,2024-06-30,2025-06-30,0,0.5320355275804667
254.32673178131142,170.76264300914403,-3.2320203119466173,1.1376083342597316,0.5498617677142104,8.655064491431219,COMPANY_188,2024-06-30,2025-06-30,1,0.5047442596927464
121.6689321877044,130.84093841686476,9.087652247942305,2.55517818155003,3.376105968292249,8.049416710455992,COMPANY_189,2024-06-30,2025-06-30,0,0.04014915209691858
107.69927558759493,182.54926280446236,5.326559340243908,3.077282498361815,1.1275779186207529,15.441876781137514,COMPANY_190,2024-06-30,2025-06-30,0,0.03612245098635352
69.84250258624071,163.96847370976562,12.08767140665853,6.91752478718395,2.732635782166898,13.888078410798775,COMPANY_191,2024-06-30,2025-06-30,0,0.00798794392756574
134.20565041066536,193.11555165846312,6.820740779333473,2.1881766340287836,3.533352038348143,5.9940880669302885,COMPANY_192,2024-06-30,2025-06-30,0,0.04142424139567935
195.78974641414874,109.44097255594247,-0.9257101261760576,0.06067607537094677,0.5686457266102818,2.1601704009365204,COMPANY_193,2024-06-30,2025-06-30,0,0.3259672390538759
187.46340288432984,91.16532757893683,4.880761066586899,1.5476712177170442,0.21049678046912584,3.785793640571482,COMPANY_194,2024-06-30,2025-06-30,0,0.17938987050962338
190.11975302033255,83.66203051497786,1.0690215800679037,,0.8304135798232806,-0.08534661153962064,COMPANY_195,2024-06-30,2025-06-30,0,0.27963982689351596
197.276514826338,127.251299656603,7.431479926795715,1.2651670510310782,1.3744190774573741,9.192678790560196,COMPANY_196,2024-06-30,2025-06-30,0,0.09466872438399572
141.38343473831227,144.76870511003986,-0.5907863175532562,4.203958382900032,3.205795028269055,1.1266826872762614,COMPANY_197,2024-06-30,2025-06-30,0,0.0988137594516439
,133.66764764483548,-1.14505873161455,1.0312276057799252,-2.4479735784245498,-3.0157118207040394,COMPANY_198,2024-06-30,2025-06-30,0,0.81559759245988
439.8209669783197,66.96321187970513,-3.130918798818435,1.131025297143212,1.3344530591982287,8.283670655640048,COMPANY_199,2024-06-30,2025-06-30,1,0.7850818513174916
310.22847874394915,98.67545929639714,3.7866315145819067,,-0.2986398491529436,2.0938267129791566,COMPANY_200,2024-06-30,2025-06-30,1,0.6355105353668007
