date,return,latent_audit,price,return_pct,vol20_annual_pct
2017-01-27,-0.006909013143938521,0,100.41958086989631,-0.6909013143938522,5.35645945377331
2017-01-30,0.002366363341854223,0,100.65721008487121,0.23663633418542232,5.408660577081113
2017-01-31,-0.0005322147997002462,0,100.6036388279675,-0.05322147997002462,5.334014788293067
2017-02-01,0.0027772699111323815,0,100.88304228703484,0.2777269911132382,5.385145701924198
2017-02-02,-0.0010563536274142665,0,100.77647411937033,-0.10563536274142665,5.0586256720180875
2017-02-03,0.002061523324846093,0,100.98422717136314,0.20615233248460932,4.949780108245236
2017-02-06,-0.001751470513806643,0,100.80735627511295,-0.1751470513806643,4.624959107255575
2017-02-07,-0.0026727054618752655,0,100.53792790339924,-0.26727054618752655,4.796198247765872
2017-02-08,-0.0011218364533220058,0,100.42514079093574,-0.11218364533220057,4.7257878628735845
2017-02-09,0.0012168254666394323,0,100.547340659741,0.12168254666394324,4.607891281014957
2017-02-10,0.0029246591144288965,0,100.8414073560331,0.29246591144288964,4.673606094427636
2017-02-13,2.7673848022120435e-05,1,100.84419802581462,0.0027673848022120437,4.454276587953072
2017-02-14,0.0041300239781878155,1,101.26068698172234,0.41300239781878156,4.627285616764704
2017-02-15,0.00734080792639877,1,102.00402223535036,0.734080792639877,5.185885447251058
2017-02-16,-0.0037451574625483905,2,101.62200111026569,-0.374515746254839,5.059339074037537
2017-02-17,0.015360160855415101,2,103.18293139376853,1.5360160855415101,7.267973227675445
2017-02-20,-0.0027845124253409632,2,102.89561723921948,-0.2784512425340963,7.396536502057134
2017-02-21,0.01296121142736452,1,104.22926908920618,1.296121142736452,8.450948434731984
2017-02-22,0.003535857431476032,1,104.59780892489256,0.35358574314760316,8.463592747123583
2017-02-23,-0.004258379347741691,1,104.15239177554778,-0.4258379347741691,8.701503433324728
2017-02-24,0.0021355358718170543,1,104.37481294432001,0.21355358718170545,8.115674490200792
2017-02-27,0.0009768239189471102,1,104.47676875813966,0.09768239189471102,8.121109871131877
2017-02-28,0.0006399617215860858,1,104.54362989093984,0.06399617215860857,8.08558353591872
2017-03-01,0.013654867504213073,1,105.97115930551011,1.3654867504213073,9.094825835732038
2017-03-02,-0.013261145013878688,1,104.5658603946709,-1.3261145013878688,10.626822047479227
2017-03-03,0.005209457786473568,1,105.11059183030325,0.5209457786473568,10.692945941572631
2017-03-06,-0.010357789785871202,1,104.02187841585646,-1.0357789785871203,11.501970983447068
2017-03-07,0.004966893710464234,1,104.53854402951086,0.4966893710464234,11.445495224114321
2017-03-08,-0.0006663597482861105,1,104.46888375162516,-0.06663597482861106,11.430267867682362
2017-03-09,0.007095340585901004,1,105.21012606247184,0.7095340585901004,11.566476289761063
2017-03-10,0.002048411280006412,1,105.4256396714691,0.20484112800064122,11.564324396347878
2017-03-13,-0.007601930404049869,1,104.62420129588415,-0.7601930404049869,12.065107063652961
2017-03-14,0.0011889272558490184,1,104.74859186042625,0.11889272558490184,12.037140315903612
2017-03-15,0.0015507121584527731,1,104.91102677540502,0.1550712158452773,11.852717969139508
2017-03-16,0.001501865787625817,1,105.06858905726371,0.1501865787625817,11.693992375206228
2017-03-17,0.0053309780366688295,1,105.62870739787175,0.533097803666883,10.633350401124426
2017-03-20,-0.0022942817201865567,1,105.38636538536188,-0.22942817201865567,10.61042608998644
2017-03-21,0.011666182830640946,1,106.61582199180427,1.1666182830640945,10.428726500726738
2017-03-22,0.005897170723144715,1,107.24455369587835,0.5897170723144716,10.533440837322903
2017-03-23,-0.0008578890027322171,1,107.15254977265974,-0.08578890027322171,10.364486114633713
2017-03-24,-0.001213896712306882,1,107.02247764477539,-0.1213896712306882,10.402846357363421
2017-03-27,0.00012519762653061603,1,107.03587660496194,0.012519762653061603,10.410459415108503
2017-03-28,-0.00608464634485874,1,106.38460114960881,-0.608464634485874,10.72986285876252
2017-03-29,0.0027174427554394064,1,106.67369521329316,0.27174427554394065,9.653111462781045
2017-03-30,-0.007457175561807713,1,105.87821074026087,-0.7457175561807713,8.744975572501806
2017-03-31,0.006829929672429945,1,106.60135147345957,0.6829929672429945,8.875269779926942
2017-04-03,-0.002543469729533786,1,106.33021416285943,-0.2543469729533786,7.968899736600972
2017-04-04,-0.00321436081614551,1,105.98843048888197,-0.321436081614551,7.972871027403556
2017-04-05,0.00578922073512246,1,106.60202090835129,0.578922073512246,8.153300909038924
2017-04-06,0.006615499274581157,1,107.30724650033936,0.6615499274581157,8.107558273144717
2017-04-07,0.017501426572539513,1,109.18527639566645,1.7501426572539514,10.005976655470002
2017-04-10,0.0002748522088027284,1,109.21528621005253,0.02748522088027284,9.399482676053523
2017-04-11,-0.008211055783070376,1,108.31851340261778,-0.8211055783070376,10.095561138163466
2017-04-12,-0.003667130298907854,1,107.92129530018637,-0.3667130298907854,10.273858326335509
2017-04-13,0.005882106924072005,1,108.55609989852641,0.5882106924072006,10.39456672910161
2017-04-14,-0.007754529974177161,1,107.71429836798352,-0.7754529974177161,10.810178156444692
2017-04-17,-0.004227879508518841,1,107.25889529313903,-0.4227879508518841,10.909662382955363
2017-04-18,-0.014084047876811303,1,105.74825587661658,-1.4084047876811303,11.36008945051579
2017-04-19,0.007130234479829267,1,106.50226573684985,0.7130234479829267,11.458522892945572
2017-04-20,0.003640949758784807,1,106.89003513559447,0.36409497587848066,11.541621201429878
2017-04-21,-0.006797030219270368,1,106.16350033663898,-0.6797030219270368,11.780912453628138
2017-04-24,-0.004944171576058287,1,105.6386097758597,-0.49441715760582866,11.889195439859709
2017-04-25,0.004964215495261923,1,106.16302259940696,0.4964215495261923,11.863747014031054
2017-04-26,-0.002383230651283814,1,105.91001162991512,-0.2383230651283814,11.842494111047504
2017-04-27,-0.005070111906618724,1,105.37303601892015,-0.5070111906618724,11.681243849044828
2017-04-28,-0.007707171135877903,1,104.5609079972153,-0.7707171135877903,11.658404620696485
2017-05-01,0.018406103654759358,1,106.48546690804778,1.8406103654759358,13.502174587897228
2017-05-02,0.0013878539329840696,1,106.63325318210177,0.13878539329840697,13.450743416295976
2017-05-03,-0.013863977738041731,1,105.15489213385014,-1.386397773804173,14.183351791706952
2017-05-04,0.0017577917742339275,1,105.33973253826348,0.17577917742339275,13.956525569461304
2017-05-05,0.006952084109719132,1,106.07206321896479,0.6952084109719132,12.543771933785555
2017-05-08,-0.004606803368341756,1,105.5834100808407,-0.4606803368341756,12.576156810389676
2017-05-09,-0.014272440133958465,1,104.07647718132272,-1.4272440133958464,13.165201823077119
2017-05-10,0.006169575479671003,1,104.71858486295113,0.6169575479671002,13.456129317097576
2017-05-11,0.0028213395959060055,1,105.01403155285223,0.28213395959060056,13.276963127154017
2017-05-12,0.00231618561110394,0,105.25726354169898,0.23161856111039403,13.140765361636738
2017-05-15,0.0021897172442342074,0,105.48774718675713,0.21897172442342075,13.136943511252985
2017-05-16,0.00010075005637560008,0,105.49837508323314,0.010075005637560008,12.163317039848918
2017-05-17,0.002923305238739621,0,105.80677903579247,0.29233052387396213,11.9213436693114
2017-05-18,0.0014898240842937784,0,105.96441252348154,0.14898240842937785,11.851256789157267
2017-05-19,0.004604916407589624,0,106.45236978533153,0.46049164075896243,11.726467921310935
2017-05-22,-0.0014797887970311593,0,106.29484276110577,-0.14797887970311593,11.59008438087906
2017-05-23,-0.0004898419701435965,0,106.24277508591156,-0.04898419701435965,11.462145935631705
2017-05-24,0.0036014115532205385,0,106.62539904355216,0.3601411553220539,11.489617023931483
2017-05-25,0.004033218450387008,1,107.0554425702545,0.4033218450387008,11.37263262208254
2017-05-26,0.005385046273225321,1,107.63194108229592,0.5385046273225321,11.01505935147213
2017-05-29,-0.008985510157338233,1,106.66481318244692,-0.8985510157338233,9.63438888176823
2017-05-30,0.0011592947888337864,1,106.78846914452124,0.11592947888337865,9.630683045125107
2017-05-31,0.0038918786710332594,1,107.20407690989711,0.3891878671033259,8.170055988594356
2017-06-01,-0.009249613868716321,1,106.2124805933284,-0.9249613868716321,8.929711834171226
2017-06-02,-0.0035056446516847375,1,105.84013737879422,-0.3505644651684737,8.684511288374381
2017-06-05,0.0022263226001009695,1,106.07577166863842,0.22263226001009695,8.55138458430365
2017-06-06,0.014430357995348166,1,107.60648302844969,1.4430357995348166,8.147830687983292
2017-06-07,0.002420764502999724,1,107.86697298285759,0.2420764502999724,7.980914387674853
2017-06-08,0.0030359453502886193,1,108.19445121793461,0.3035945350288619,7.98600950021916
2017-06-09,0.022864685236696682,1,110.66828328938982,2.2864685236696682,11.018197187244855
2017-06-12,0.019265475109374285,1,112.80036034649876,1.9265475109374284,12.513510754300794
2017-06-13,0.006442748006041603,1,113.52710464320195,0.6442748006041603,12.495150402902961
2017-06-14,-0.005107974840277501,1,112.94721104899492,-0.51079748402775,12.880898341977332
2017-06-15,-0.006371545269894959,1,112.22756278068789,-0.6371545269894959,13.322266918786415
2017-06-16,0.004126829723020428,1,112.69070682251336,0.41268297230204276,13.3152721121406
2017-06-19,-0.0008010392909044655,1,112.60043713862873,-0.08010392909044654,13.287915752804464
2017-06-20,-0.00321888894732551,1,112.23798883605917,-0.321888894732551,13.41546005769837
2017-06-21,-0.0026978573341331163,1,111.93518675470946,-0.26978573341331163,13.550109039605223
2017-06-22,0.011153946396138587,1,113.18370582761324,1.1153946396138588,13.890723857756202
2017-06-23,0.01171073488798325,1,114.5091702001999,1.171073488798325,14.222961012820182
2017-06-26,-0.008979153153353939,1,113.48097482350883,-0.8979153153353939,14.2222423983703
2017-06-27,-0.007921481723363776,1,112.5820373554949,-0.7921481723363776,14.745609058734624
2017-06-28,0.0077441977942832,1,113.45389492085923,0.7744197794283201,14.850431403296485
2017-06-29,0.007093749931034078,1,114.25870848012963,0.7093749931034078,14.199012312041981
2017-06-30,0.0033805621146982016,1,114.64496714129191,0.3380562114698202,13.943910197091542
2017-07-03,-0.00851117173975765,1,113.66920413685351,-0.851117173975765,14.633019012252088
2017-07-04,0.0144521206904399,1,115.31196519382559,1.44521206904399,14.635176347954987
2017-07-05,0.0016821429537580432,1,115.50593640356037,0.16821429537580432,14.644773497620275
2017-07-06,0.014305364641220928,1,117.15829094203897,1.4305364641220928,15.138764380815683
2017-07-07,0.007190850353395578,1,118.00075867986276,0.7190850353395578,13.484453585486369
2017-07-10,-0.014145117765194514,1,116.33162405195378,-1.4145117765194515,13.435576675230237
2017-07-11,-0.003938168040059102,1,115.87349056806421,-0.3938168040059102,13.442198948753587
2017-07-12,-0.002366691255595384,1,115.59925379118145,-0.2366691255595384,13.310008622207437
2017-07-13,-0.004247782117959923,1,115.10821334807777,-0.42477821179599234,13.170507793882352
2017-07-14,-0.0011014203355108518,1,114.98143082111187,-0.11014203355108518,13.152449340267063
2017-07-17,-0.0015171780099974515,1,114.80698352271203,-0.15171780099974516,13.16818640984287
2017-07-18,0.005492663782117789,1,115.43757968304142,0.5492663782117789,13.160784070861448
2017-07-19,0.009173580485471141,1,116.49655561131178,0.9173580485471141,13.339276859128258
2017-07-20,-0.001991472994042116,1,116.26455586691293,-0.1991472994042116,12.95774781629791
2017-07-21,-0.0029434423490370515,1,115.92233784948228,-0.29434423490370515,12.44126646120586
2017-07-24,0.014675992181514035,1,117.62361317342412,1.4675992181514035,12.841939843809028
2017-07-25,-0.009459596450321054,1,116.51094125977485,-0.9459596450321054,13.007316140759128
2017-07-26,-0.01602662314700491,1,114.64366431170163,-1.6026623147004908,14.233079368883775
2017-07-27,0.009978357587007491,1,115.78761978928863,0.9978357587007491,14.443979636604082
2017-07-28,0.009665866157773975,1,116.90680742489911,0.9665866157773975,14.767141222811434
2017-07-31,-0.0006332168899527142,1,116.83278005988723,-0.06332168899527142,14.3517950703352
2017-08-01,0.0023677065400574218,1,117.1094057973281,0.23677065400574218,13.512010560336579
2017-08-02,-0.0031250030520813083,1,116.74343854678402,-0.3125003052081308,13.578349102463411
2017-08-03,-0.01762032395769901,1,114.68638133965396,-1.7620323957699011,14.016312374066613
2017-08-04,-0.0035877256995619387,0,114.27491806193193,-0.3587725699561939,13.69652608278891
2017-08-07,0.004308114781782627,0,114.76722752562154,0.43081147817826276,12.997442175737259
2017-08-08,0.0022192206018702247,0,115.02192132136592,0.22192206018702249,12.97426198785961
2017-08-09,-0.00502642429156538,0,114.4437723419737,-0.502642429156538,13.063493537022728
2017-08-10,0.0004409009153743314,0,114.49423070595816,0.04409009153743314,12.989464037224302
2017-08-11,0.004421097645531369,0,115.00042087975922,0.44210976455313694,13.088179669147868
2017-08-14,-0.005446404629810571,0,114.37408205504953,-0.5446404629810571,13.22381955942276
2017-08-15,-0.0016309007214997107,0,114.18754928210508,-0.16309007214997107,13.061002273187237
2017-08-16,0.004615479557930242,0,114.71457958158679,0.4615479557930242,12.708138148224862
2017-08-17,0.005391874988565735,0,115.33310625405659,0.5391874988565735,12.880772994585769
2017-08-18,-0.0009579640908918875,0,115.22262127977419,-0.09579640908918875,12.847414179711919
2017-08-21,0.005035437076066039,0,115.80281753896789,0.5035437076066039,11.7703695788076
2017-08-22,-0.006485167547177026,0,115.05181686479251,-0.6485167547177026,11.523332409661052
2017-08-23,0.004805137712481795,0,115.60465668889907,0.4805137712481795,10.111721872969316
2017-08-24,0.004184368429718438,0,116.08838916467654,0.4184368429718438,9.581860951932214
2017-08-25,0.0010053623674030892,0,116.20510006243516,0.10053623674030891,8.91038896622984
2017-08-28,-0.0032790992386424796,0,115.82405200729407,-0.32790992386424794,8.973342182944593
2017-08-29,0.0008465013895810634,0,115.92209722826514,0.08465013895810634,8.926828535802063
2017-08-30,0.003077736985322511,0,116.27887495432073,0.30777369853225106,8.95586403562593
2017-08-31,0.0008419991400771354,0,116.3767816670414,0.08419991400771354,6.145242723226361
2017-09-01,-0.0004421791143249783,0,116.32532228479586,-0.04421791143249783,5.949833598041559
2017-09-04,0.002409575196105084,0,116.60561689605224,0.24095751961050843,5.842638536535957
2017-09-05,0.004663140280495494,0,117.14936524513226,0.46631402804954936,5.9839940696000715
2017-09-06,0.007081798817007041,0,117.97899348133838,0.7081798817007041,5.930471742629879
2017-09-07,0.005249619619384881,0,118.5983383201933,0.5249619619384881,6.05774058992846
2017-09-08,-0.001994359960387963,0,118.36181054287897,-0.1994359960387963,6.113057602025989
2017-09-11,-0.0018726569477049008,0,118.14015947602292,-0.18726569477049007,5.695819060706425
2017-09-12,-0.0005691254899158798,0,118.0729228998824,-0.05691254899158797,5.627320445033539
2017-09-13,0.0010622026482414438,0,118.19834027127227,0.10622026482414437,5.521873717058338
2017-09-14,0.0016355674155290028,0,118.3916616251896,0.1635567415529003,5.32857647112502
2017-09-15,-0.0011391381626224678,0,118.25679716529605,-0.11391381626224678,5.339203491201254
2017-09-18,0.003593371386564662,0,118.6817377564966,0.3593371386564662,5.229000376203205
2017-09-19,-0.0009667565679800617,0,118.56700140702121,-0.09667565679800617,4.458737352292196
2017-09-20,0.0036568413742032587,0,119.00058212338163,0.36568413742032585,4.363791186397479
2017-09-21,-0.0009559297850575911,0,118.88682592249069,-0.09559297850575911,4.318168998912577
2017-09-22,0.0012825870833295954,0,119.03930862979692,0.12825870833295955,4.317673578549732
2017-09-25,0.0011978414320760623,0,119.18189884571939,0.11978414320760622,3.979661003949036
2017-09-26,0.003053618457821577,0,119.54583489187291,0.3053618457821577,4.013497004897254
2017-09-27,0.0025049011109192533,0,119.84528538649934,0.2504901110919253,3.9895289119340616
2017-09-28,-0.0015135669998333934,0,119.66389151745271,-0.15135669998333934,4.127441824542489
2017-09-29,0.0034478929061263217,0,120.0764798001352,0.3447892906126322,4.128533902501159
2017-10-02,0.005741444813383518,0,120.76589228229304,0.5741444813383517,4.377980109911755
2017-10-03,-0.0005428968302975579,0,120.70032886216492,-0.054289683029755786,4.3092581214458106
2017-10-04,-0.0005222719036194051,0,120.6372904716426,-0.05222719036194051,3.819897366831941
2017-10-05,-0.0042141918681685925,0,120.12890178313911,-0.42141918681685925,3.9374189688861314
2017-10-06,0.005385477469151899,0,120.77585327708617,0.5385477469151899,4.147300737730977
2017-10-09,0.0022913412577498845,0,121.05259197263992,0.22913412577498846,4.024567912946275
2017-10-10,0.005779600667210796,0,121.75222761397258,0.5779600667210796,4.273201143840716
2017-10-11,0.0008447940121169338,0,121.85508316682277,0.08447940121169338,4.277112903241817
2017-10-12,-0.0018126710723434644,0,121.63419998254825,-0.18126710723434644,4.437737252999228
2017-10-13,-0.003875641432746245,0,121.16278943745695,-0.3875641432746245,4.737930069180272
2017-10-16,0.005427429570642539,0,121.82039194371133,0.5427429570642539,4.901741490256777
2017-10-17,-0.0022766487291634536,0,121.54304970320649,-0.22766487291634535,5.003451753824885
2017-10-18,0.0022376530710624593,0,121.81502088164116,0.22376530710624593,4.937645865317724
2017-10-19,0.004258878291633069,0,122.33381622966881,0.4258878291633069,4.986024639680119
2017-10-20,-0.0054564912679085685,0,121.66630282964168,-0.5456491267908569,5.554711149152192
2017-10-23,0.0060632356913207786,0,122.40399429938942,0.6063235691320779,5.8280853048471215
2017-10-24,-0.002138533369056386,0,122.14222927307439,-0.2138533369056386,5.9164774453741735
2017-10-25,0.00416415878681928,0,122.65084891034357,0.41641587868192803,5.998174888406274
2017-10-26,0.00402294037728311,0,123.14426596273304,0.402294037728311,5.99227416927288
2017-10-27,0.006993467161269053,0,124.00547134284199,0.6993467161269054,6.275233266655212
2017-10-30,0.0014516262495169103,0,124.18548094012698,0.14516262495169102,6.083231722220954
2017-10-31,6.957378085083784e-05,0,124.19412099356278,0.006957378085083784,6.061077363845747
2017-11-01,0.0035577745357789356,0,124.6359756747271,0.3557774535778936,6.059386474363845
2017-11-02,0.003951603348657676,0,125.12848761356659,0.3951603348657676,5.695615556719579
2017-11-03,-0.0032191779130603306,1,124.72567674994635,-0.32191779130603304,5.843712077472833
2017-11-06,0.0003754685445589423,1,124.77250731826477,0.03754685445589423,5.853941057957916
2017-11-07,-0.0017855862892326494,1,124.54971523992408,-0.17855862892326493,5.738793948645273
2017-11-08,-0.011706451539404172,1,123.09168003422133,-1.1706451539404172,7.333132283644909
2017-11-09,-0.009278161334453314,1,121.94961556793491,-0.9278161334453314,8.087462297917554
2017-11-10,-0.014118781148078493,1,120.22783563463892,-1.4118781148078492,9.462730050454939
2017-11-13,-0.0011545003849381115,1,120.08903255211845,-0.11545003849381115,9.212996076847137
2017-11-14,0.00784393285292912,1,121.03100285983048,0.784393285292912,9.672159969402518
2017-11-15,-0.012822280584671409,1,119.47910938171758,-1.2822280584671408,10.602647049278659
2017-11-16,0.007504156784885655,1,120.37569935103649,0.7504156784885655,10.873089896673767
2017-11-17,-0.0008335284039413628,1,120.2753627864831,-0.08335284039413628,10.732528545618312
2017-11-20,-0.0020358670703453344,1,120.03049813601226,-0.20358670703453344,10.451699386288023
2017-11-21,0.0022783133215307162,1,120.30396521890549,0.22783133215307164,10.502992123894588
2017-11-22,0.019871229359483347,1,122.69455290462568,1.9871229359483347,12.720831408325553
2017-11-23,0.0011276192424860593,1,122.83290564342914,0.11276192424860593,12.642119057549575
2017-11-24,0.0042148623838845,1,123.35062943692887,0.42148623838845,12.472780350257402
2017-11-27,-0.007806331961278392,1,122.38771347591155,-0.7806331961278392,12.736823419509772
2017-11-28,0.002586560487518907,1,122.70427669974613,0.2586560487518907,12.788181840406546
2017-11-29,-0.009584810274622163,1,121.52817948769432,-0.9584810274622163,13.07295950427231
2017-11-30,0.008263657274784796,1,122.53244671220915,0.8263657274784796,13.385495343594577
2017-12-01,-0.003631299675903945,1,122.08749467817539,-0.3631299675903945,13.395296166428377
2017-12-04,-0.00127639855190671,1,121.93166237676225,-0.127639855190671,13.38506303592782
2017-12-05,0.008447611152009366,1,122.96169364763922,0.8447611152009366,13.803624471979791
2017-12-06,-0.011302037987422991,1,121.57197591503575,-1.1302037987422993,13.761169738097987
2017-12-07,0.01215088355571381,1,123.04918283801737,1.215088355571381,14.064720472852038
2017-12-08,-0.010648336461840466,1,121.73891373780363,-1.0648336461840466,13.634107263488913
2017-12-11,-0.007463786620249651,1,120.8302804622837,-0.7463786620249652,13.926263371728782
2017-12-12,0.015817210344421902,1,122.74147842433112,1.5817210344421901,14.758491585686922
2017-12-13,0.0031150607720656274,1,123.12382558887609,0.31150607720656276,13.873320987734944
2017-12-14,-0.013389539188389333,1,121.47525430112943,-1.3389539188389332,14.642989326873149
2017-12-15,0.014368113152585743,1,123.22062450016718,1.4368113152585742,15.432985566049423
2017-12-18,-0.0012856020932383737,1,123.06221180737961,-0.12856020932383735,15.41405206031214
2017-12-19,0.0024299931015075143,1,123.3612521331278,0.24299931015075144,15.41543246339076
2017-12-20,0.002499766938230741,1,123.66962651266896,0.2499766938230741,13.787058084956765
2017-12-21,-0.012062076555645661,1,122.17791401006504,-1.2062076555645662,14.476462504968287
2017-12-22,0.018156382894249843,2,124.39622299805251,1.8156382894249843,15.826809626822344
2017-12-25,-0.0030597899344673796,2,124.0155966870373,-0.30597899344673796,15.58547390020743
2017-12-26,-0.016232900629618244,2,122.0024638294938,-1.6232900629618245,16.67775779892348
2017-12-27,0.029792641050694547,2,125.63723944166625,2.9792641050694546,19.386914152806742
2017-12-28,-0.0669323691144784,2,117.22804135683253,-6.6932369114478405,30.95280862685862
2017-12-29,0.03215046755580175,2,120.99697769710556,3.2150467555801745,33.22883233233723
2018-01-01,0.01716752419425597,2,123.07419623915246,1.716752419425597,33.7924365911026
2018-01-02,-0.00217559252654066,1,122.80643693760456,-0.217559252654066,33.679018393388304
2018-01-03,0.013273766669523748,1,124.4365409270299,1.3273766669523748,33.69998152219675
2018-01-04,-0.03912937180003174,2,119.56741725158628,-3.912937180003174,36.33953174944919
2018-01-05,-0.017152873033581345,2,117.51649252451656,-1.7152873033581346,36.63643777367875
2018-01-08,0.009454674656783114,2,118.62757272814217,0.9454674656783114,36.76349959500032
2018-01-09,0.028123356383357452,2,121.96377823286836,2.812335638335745,37.74153237928761
2018-01-10,0.014113601458100512,2,123.68512639117122,1.4113601458100513,38.064196115520474
2018-01-11,0.007986726225765236,2,124.67296563385666,0.7986726225765236,37.78450046794259
2018-01-12,-0.018530941301071618,2,122.36265822586515,-1.8530941301071617,38.11028823343056
2018-01-15,-0.011441544567183763,2,120.96264041841482,-1.1441544567183763,38.32314232724578
2018-01-16,0.014043334157218194,2,122.66135919835004,1.4043334157218195,38.664253970794995
2018-01-17,0.003373998614474385,2,123.0752184543348,0.3373998614474385,38.67298818114244
2018-01-18,-0.012066585764354447,2,121.59012077538891,-1.2066585764354447,38.67317545997964
2018-01-19,-0.0026238310039003523,0,121.27108884673046,-0.2623831003900352,38.08140564592583
2018-01-22,0.004745217813876973,0,121.84654657783423,0.4745217813876973,38.125984455521866
2018-01-23,-0.0026559842001538563,0,121.52292407528019,-0.26559842001538564,37.6898704816693
2018-01-24,0.0006730153040768001,0,121.60471086297902,0.06730153040768001,36.02533489771503
2018-01-25,0.00034281816407557967,0,121.64639916670001,0.034281816407557966,26.42488157830784
2018-01-26,0.0025529538659883064,0,121.95695681173619,0.25529538659883066,23.912505023549805
2018-01-29,0.00024269841121956346,0,121.98655557139158,0.024269841121956345,23.088695006761817
2018-01-30,-0.0011176058051309368,0,121.85022268873706,-0.11176058051309368,23.080607298450325
2018-01-31,0.008942637379394106,0,122.93988504484086,0.8942637379394106,22.79243713986508
2018-02-01,0.014098082477962024,1,124.67310168403418,1.4098082477962024,18.19730481876995
2018-02-02,-0.005361752055477855,1,124.00463542481701,-0.5361752055477855,16.97848532706472
2018-02-05,-0.0018151918012984248,1,123.77954322727089,-0.18151918012984247,16.858618054953222
2018-02-06,-0.006985013616164426,1,122.91494143242578,-0.6985013616164426,14.06849615016216
2018-02-07,0.01765071448440973,1,125.0844779695175,1.7650714484409729,14.57195103701377
2018-02-08,0.0028151698208794896,1,125.43661201695775,0.28151698208794895,14.338132000713733
2018-02-09,0.007405138238150712,1,126.36548746906861,0.7405138238150712,12.668130584522459
2018-02-12,0.0014975451636426876,1,126.55472549367927,0.14975451636426876,11.690766043230987
2018-02-13,-0.011543356622822491,1,125.09385916500233,-1.1543356622822492,11.805793380491023
2018-02-14,-0.003321722017320956,1,124.6783321387823,-0.3321722017320956,11.866941705581613
2018-02-15,0.0004013030562452658,2,124.72836593451714,0.04013030562452658,10.875433028687441
2018-02-16,0.02893859394071502,2,128.33782946918504,2.8938593940715016,14.5246966411111
2018-02-19,0.048932132361976244,2,134.61767312781993,4.893213236197624,21.883732826096907
2018-02-20,0.034260074640220815,2,139.2296846570719,3.4260074640220815,23.97520500780244
2018-02-21,-0.029221185292993276,2,135.16122824342258,-2.9221185292993277,27.14833535612827
2018-02-22,-0.030174255278340608,2,131.08283883867148,-3.0174255278340607,29.92661106523833
2018-02-23,0.00469581509094666,2,131.69837961145424,0.469581509094666,29.92339109765632
2018-02-26,-0.02906391229816671,2,127.87070945661627,-2.906391229816671,32.13983676417652
2018-02-27,-0.014645745802008257,2,125.99794755039223,-1.4645745802008256,32.69855753116786
2018-02-28,0.016640443955499053,1,128.09460933511244,1.6640443955499054,33.03169923609725
2018-03-01,0.0031020721321018277,1,128.49196805300335,0.3102072132101828,32.738337873047044
2018-03-02,-0.0189864508364503,1,126.05236161868628,-1.89864508364503,33.477573508175965
2018-03-05,0.0101204720663745,1,127.32807102334873,1.01204720663745,33.610899735892005
2018-03-06,0.000613936002632928,1,127.40624231029575,0.0613936002632928,33.46059090488606
2018-03-07,0.0008716844230381297,1,127.51730034711545,0.08716844230381296,32.94619150014896
2018-03-08,-0.0053883160644922195,1,126.83019682915442,-0.5388316064492219,33.020360097915116
2018-03-09,8.02646012011397e-05,1,126.84037680432316,0.00802646012011397,32.92698801678626
2018-03-12,0.001181380818535338,1,126.99022359249557,0.11813808185353379,32.92576936043927
2018-03-13,0.008192734402327954,1,128.03062076608114,0.8192734402327954,32.7229440146414
2018-03-14,-0.0066505786559918015,1,127.17914305230084,-0.6650578655991801,32.807356948227095
2018-03-15,0.00313983978010689,1,127.57846518485636,0.313983978010689,32.81297050004304
2018-03-16,-0.003293572604205685,1,127.15827624703691,-0.3293572604205685,31.169809695513685
2018-03-19,-0.010257360415362423,1,125.85396797777484,-1.0257360415362424,25.304562063938484
2018-03-20,0.002094430435160327,1,126.11756035869317,0.2094430435160327,21.23033963176954
2018-03-21,0.00693579870425577,1,126.99228637041288,0.693579870425577,19.536604983327095
2018-03-22,-0.018469030990215178,1,124.64686189791945,-1.8469030990215178,17.739510336833174
2018-03-23,-0.0008609113178669703,1,124.53955200377493,-0.08609113178669703,17.55111152607047
2018-03-26,-0.003502637976155101,1,124.10333503939317,-0.35026379761551013,14.55422968636646
2018-03-27,0.0018888993657743657,1,124.33775375023957,0.18888993657743658,13.726406127870463
2018-03-28,-0.012420662577326597,1,122.79339646528513,-1.2420662577326598,12.716627846338028
2018-03-29,0.003941252396903853,1,123.27735623342791,0.39412523969038527,12.765382604235024
2018-03-30,0.013498045245472467,1,124.94135956560895,1.3498045245472468,12.242367653427326
2018-04-02,-0.004313015614298632,1,124.40248553093076,-0.4313015614298632,11.65292727460701
2018-04-03,0.010067731560252943,1,125.65493636068442,1.0067731560252944,12.306095530544898
2018-04-04,-0.017020759786552778,1,123.51619387289463,-1.7020759786552777,13.58280854182243
2018-04-05,-0.0013563469164338488,1,123.34866306420548,-0.13563469164338487,13.507190817828679
2018-04-06,0.008596035094665819,1,124.40897250078551,0.8596035094665819,13.958023886299584
2018-04-09,0.006936663297522695,1,125.27195565421422,0.6936663297522695,14.220548508973424
2018-04-10,-0.010855598430013056,1,123.91205360908968,-1.0855598430013056,14.258260198102912
2018-04-11,-0.015596275570423219,1,121.97948707450526,-1.559627557042322,15.012584391519765
2018-04-12,0.004044670251103254,1,122.47285387712034,0.4044670251103254,15.05737939088299
2018-04-13,0.004842519904691602,1,123.06593110980468,0.4842519904691602,15.24032104504437
2018-04-16,-0.00023925462124360774,1,123.03648701706902,-0.023925462124360773,14.8956699302953
2018-04-17,0.0005752355489179344,1,123.10726197821522,0.05752355489179344,14.862326038517523
2018-04-18,-0.0071648307888021665,1,122.22521927726856,-0.7164830788802167,14.684670833687733
2018-04-19,0.00493822595662341,1,122.82879502765755,0.493822595662341,13.476376573302465
2018-04-20,0.008676432210080564,1,123.89451074116091,0.8676432210080564,13.88044810396137
2018-04-23,-0.00992638471391304,1,122.66468616360211,-0.992638471391304,14.26374092035193
2018-04-24,0.00812862203111196,1,123.66178103399099,0.8128622031111961,14.573519786060169
2018-04-25,0.017162232682347157,1,125.78409329400979,1.7162232682347158,15.06690406658423
2018-04-26,-0.016616309011258518,1,123.69402593113554,-1.6616309011258519,16.296237902586654
2018-04-27,0.0049586818145962745,1,124.30738524809448,0.49586818145962747,15.642113222846998
2018-04-30,-0.008744248869469156,1,123.22041053517216,-0.8744248869469156,15.873718235007361
2018-05-01,9.441258896948754e-05,1,123.23204409314468,0.009441258896948754,15.386240572292053
2018-05-02,0.009781822864706994,1,124.43747811971959,0.9781822864706994,14.589003129628711
2018-05-03,0.0024153971078979667,1,124.73804404448407,0.24153971078979666,14.589806042718315
2018-05-04,0.0008528169323115901,1,124.84442276054865,0.085281693231159,14.282651110924427
2018-05-07,0.007900625010615246,1,125.83077172944648,0.7900625010615246,14.346790840150112
2018-05-08,0.0016066864073276197,1,126.03294232000772,0.16066864073276196,13.734946152903692
2018-05-09,-0.009089972643645482,1,124.88730632212071,-0.9089972643645482,12.866180494879492
2018-05-10,0.013427607097193945,1,126.56424400284105,1.3427607097193945,13.553126919593044
2018-05-11,-0.0009918949695484265,1,126.43870556588995,-0.09918949695484265,13.530717848265727
2018-05-14,-0.002458538664688549,1,126.12785111954304,-0.2458538664688549,13.588908858959762
2018-05-15,0.004949907088253988,1,126.75217226382588,0.4949907088253988,13.647572020659975
2018-05-16,0.006343513056164117,1,127.55622632347865,0.6343513056164117,13.349809312568665
2018-05-17,-0.006592553814160129,1,126.71530503710993,-0.6592553814160129,13.656666988156784
2018-05-18,0.01436751603580504,1,128.53588921421252,1.436751603580504,14.187229086287045
2018-05-21,0.008757830206381783,1,129.6615847073769,0.8757830206381783,13.665880909942887
2018-05-22,-0.016405425756327318,1,127.53443120601229,-1.6405425756327319,15.099744998456355
2018-05-23,-0.002975309468724486,1,127.15497680525665,-0.29753094687244863,13.996199950543083
2018-05-24,-0.0006434597876207599,1,127.0731576908866,-0.064345978762076,12.457247764679677
2018-05-25,0.0011303745337435107,1,127.21679795226275,0.11303745337435107,12.385201765272983
2018-05-28,0.009855376817100024,1,128.47056743354716,0.9855376817100023,12.16498495436008
2018-05-29,0.008950301121189297,1,129.62041769728748,0.8950301121189297,12.374120031929891
2018-05-30,-0.01427655100465603,1,127.76988519278731,-1.4276551004656028,13.414713721568056
2018-05-31,0.005385322390168502,1,128.4579672163053,0.5385322390168502,13.48704415298963
2018-06-01,-0.0005927410191822412,1,128.3818249098954,-0.059274101918224124,13.506058800000556
2018-06-04,-2.6016049533680535e-06,1,128.3814909111038,-0.0002601604953368053,13.293741424343903
2018-06-05,-0.010834957753256078,1,126.99048288078198,-1.0834957753256078,13.940890085523947
2018-06-06,-0.007682450021333616,1,126.01488484286536,-0.7682450021333616,13.822053176737029
2018-06-07,0.003916658149872482,1,126.5084420685904,0.39166581498724823,13.030554174307246
2018-06-08,-0.005559235706534626,1,125.80515182026461,-0.5559235706534627,13.177163581489662
2018-06-11,0.004401086654735835,1,126.35883119503781,0.4401086654735835,13.247273070054097
2018-06-12,0.022287080556346112,1,129.17500064488738,2.2287080556346113,15.347770219509584
2018-06-13,-0.0051915069424221996,1,128.50438773225207,-0.5191506942422199,15.360435679878945
2018-06-14,0.0009756879597955138,1,128.62976791614332,0.09756879597955138,15.135797956797283
2018-06-15,0.01736934089065511,1,130.86398220376466,1.736934089065511,15.525355663758466
2018-06-18,0.0012928670442117493,1,131.03317193363023,0.12928670442117493,15.250698758856625
2018-06-19,0.0033257758501220643,1,131.468958892412,0.3325775850122064,13.884865724615981
2018-06-20,0.0002366962741331179,1,131.500077105146,0.02366962741331179,13.792322778413249
2018-06-21,0.013431523520039578,1,133.2663234836708,1.3431523520039579,14.365788965171777
2018-06-22,-0.0009230761119158935,1,133.14330852394014,-0.09230761119158935,14.40868309092579
2018-06-25,-0.0009159031945620194,1,133.0213621423285,-0.09159031945620194,14.166630252394654
2018-06-26,-0.008771698747320261,1,131.8545388266578,-0.8771698747320261,14.372092090076316
2018-06-27,0.0002209237405958305,1,131.88366862458994,0.022092374059583048,13.217428129420295
2018-06-28,0.008724457208814724,1,133.0342820480467,0.8724457208814724,13.39558875880093
2018-06-29,0.0049716807807378485,1,133.6956860312842,0.4971680780737848,13.410178714144799
2018-07-02,-0.01040355548078669,1,132.3047755441159,-1.040355548078669,14.11255577695334
2018-07-03,0.01091979114272531,1,133.7495160602428,1.091979114272531,13.688058854120275
2018-07-04,-0.0027942004593332287,1,133.37579310103166,-0.27942004593332287,13.304140620831431
2018-07-05,0.00376064863691702,1,133.8773725955548,0.376064863691702,13.30263682927256
2018-07-06,0.01631819292404293,1,136.06200938973305,1.6318192924042931,13.724481770414615
2018-07-09,-0.004938528473057754,1,135.3900632822604,-0.4938528473057754,14.080619414287613
2018-07-10,0.002297060170015739,1,135.70106240404198,0.2297060170015739,12.205136801074303
2018-07-11,0.004942493140670123,1,136.3717639741556,0.49424931406701234,11.884518781373648
2018-07-12,0.00725331032524324,1,137.360910697861,0.725331032524324,11.951275624549233
2018-07-13,-0.004564023788522002,1,136.7339922338229,-0.45640237885220025,11.031026635149836
2018-07-16,-0.0015319253595068888,1,136.52452596361329,-0.15319253595068888,11.107794089081438
2018-07-17,-0.009683852423335393,1,135.20244260201585,-0.9683852423335393,11.849157704740428
2018-07-18,-0.01260534301952382,1,133.49816943593996,-1.260534301952382,12.854520678647157
2018-07-19,0.011909450989443914,1,135.08805934201774,1.1909450989443915,12.665888707659292
2018-07-20,0.010602826655706263,1,136.52037461847695,1.0602826655706263,13.12145495256144
2018-07-23,-0.009170200387834015,1,135.26845542620333,-0.9170200387834014,13.622690457230261
2018-07-24,-8.733376742826491e-05,1,135.25664192237676,-0.00873337674282649,13.147727601637982
2018-07-25,0.0051532031728902606,1,135.95364687868562,0.515320317289026,13.210105921356138
2018-07-26,-0.004332351762444105,1,135.36464785702006,-0.4332351762444105,13.08249169654499
2018-07-27,0.0051503664238562955,1,136.06182539431998,0.5150366423856295,13.090017698068168
2018-07-30,0.018219027799118406,1,138.5407395735779,1.8219027799118406,13.735992758552456
2018-07-31,0.0025854423705836457,0,138.8989286717234,0.25854423705836455,13.359023984914456
2018-08-01,0.0037441746261812504,0,139.4189905160598,0.37441746261812503,13.25392380662003
2018-08-02,-0.005349670992000734,0,138.67314478676204,-0.5349670992000735,13.508378437469865
2018-08-03,0.0034657017044124805,0,139.15374454100572,0.34657017044124805,12.400728985703937
2018-08-06,0.0025867500432900647,0,139.51370049572117,0.2586750043290065,12.19646143047829
2018-08-07,0.00309167669815003,0,139.94503175261647,0.30916766981500304,12.206353656672349
2018-08-08,0.0013060734426180273,0,140.1278102420149,0.13060734426180273,12.141133564360523
2018-08-09,0.003018537816265289,0,140.55079133634086,0.30185378162652887,11.96148435766585
2018-08-10,0.0033283944648055215,0,141.01859981224877,0.33283944648055214,11.78599818694068
2018-08-13,0.0003852470617837396,0,141.07292681348332,0.03852470617837396,11.738626331534327
2018-08-14,-0.0007332580565315237,0,140.96948395333882,-0.07332580565315237,10.9973766403461
2018-08-15,0.0002668828670594766,0,141.00710629338423,0.02668828670594766,9.56880819528559
2018-08-16,-0.00019796135061777274,1,140.9791923361757,-0.019796135061777274,8.979868421997736
2018-08-17,-0.00845955662457959,1,139.78657087572032,-0.845955662457959,9.148200466694204
2018-08-20,-0.006423243068086422,1,138.88868775333128,-0.6423243068086423,8.77980479573338
2018-08-21,0.008362640614677942,1,140.05016393445663,0.8362640614677942,9.104476360944888
2018-08-22,0.011265727373576076,1,141.62793089996688,1.1265727373576075,9.649022885059365
2018-08-23,-0.006929172589469662,1,140.64656652327153,-0.6929172589469662,9.917631284303626
2018-08-24,-0.009020856346873185,1,139.37781405098414,-0.9020856346873185,10.562823256004638
2018-08-27,-0.0038089996394323365,1,138.84692400751908,-0.38089996394323367,8.568341380426373
2018-08-28,0.00018686842263560154,1,138.87287011319617,0.018686842263560155,8.519120558211558
2018-08-29,-0.010681466185869347,1,137.38950424694744,-1.0681466185869346,9.191568106256744
2018-08-30,-0.01074698848060869,1,135.91298082744896,-1.074698848060869,9.735917849693438
2018-08-31,-0.006221728702099989,1,135.06736713364685,-0.6221728702099989,9.755558773028651
2018-09-03,-0.006439962235630377,1,134.19753839004014,-0.6439962235630377,9.783709574474342
2018-09-04,-0.006736818352372208,1,133.29347395057093,-0.6736818352372208,9.737540179686476
2018-09-05,0.0056317713734615185,1,134.044152321435,0.5631771373461518,10.072037007519254
2018-09-06,-0.009583097145324716,1,132.759594187976,-0.9583097145324716,10.198936936297846
2018-09-07,-0.0030422741924700032,1,132.35570310077514,-0.3042274192470003,9.93623356711424
2018-09-10,0.0035219902087181318,1,132.8218585911641,0.35219902087181315,10.144306238255787
2018-09-11,-0.008863031369952739,1,131.6446542918552,-0.8863031369952739,10.313539439367855
2018-09-12,0.004155877090922555,1,132.19175329476911,0.41558770909225545,10.585526551732741
2018-09-13,0.00474612843246584,1,132.81915233361894,0.474612843246584,10.912031584677848
2018-09-14,-0.005502644236733862,1,132.08829579050249,-0.5502644236733861,10.763642407149801
2018-09-17,-0.0066395047593847895,1,131.21129492194243,-0.663950475938479,10.773549640956494
2018-09-18,0.016942690623129777,1,133.43436729806513,1.6942690623129777,12.279670864414996
2018-09-19,0.015168741378264588,1,135.45839870658185,1.5168741378264587,12.916891289015908
2018-09-20,0.0015974891471484344,1,135.6747920284057,0.15974891471484343,12.856700231681739
2018-09-21,0.0050690922404786525,1,136.36254006390544,0.5069092240478652,12.774846679383106
2018-09-24,-0.010813537187490289,1,134.88797866594376,-1.081353718749029,13.209171833032606
2018-09-25,0.0045107688296661215,1,135.49642715560677,0.45107688296661214,13.3668389717392
2018-09-26,0.00352289031492363,1,135.97376620654,0.352289031492363,12.975192656982035
2018-09-27,0.00382523225787802,1,136.49389744325842,0.382523225787802,12.467899354549438
2018-09-28,0.012485754897056476,1,138.1981267916789,1.2485754897056476,12.940887927847433
2018-10-01,-0.00437454928972271,1,137.59357227428137,-0.43745492897227106,12.799626593150457
2018-10-02,0.009656007050115739,1,138.92217677821245,0.9656007050115739,12.760263626750195
2018-10-03,0.015336989765282343,1,141.05282478163065,1.5336989765282343,13.556648417522169
2018-10-04,-0.00010041645083899997,1,141.03866075758523,-0.010041645083899996,12.825850704541256
2018-10-05,0.006455805416660806,1,141.94917890766266,0.6455805416660806,12.668632976285712
2018-10-08,0.00406189920690675,1,142.52576216488876,0.40618992069067505,12.670008475273647
2018-10-09,0.009492026642850553,1,143.87862049665048,0.9492026642850553,11.936609259193414
2018-10-10,0.01873787155583499,1,146.57459960714746,1.8737871555834988,12.962310633096019
2018-10-11,-0.008781352306953169,1,145.2874764087465,-0.8781352306953168,13.883057889814241
2018-10-12,-0.002477532974120849,1,144.927521895217,-0.24775329741208488,13.632299967492001
2018-10-15,-0.0040460327276460725,1,144.34114039849234,-0.4046032727646072,13.375245093500531
2018-10-16,0.01037906982358275,1,145.83926717310385,1.037906982358275,12.775265737279398
2018-10-17,-0.0035192221295881642,1,145.32602639670534,-0.3519222129588164,12.419800684736511
2018-10-18,0.008538713787014412,1,146.5669237419109,0.8538713787014411,12.519004001141914
2018-10-19,-0.0072658802917728695,1,145.50198601926877,-0.7265880291772869,13.117341229659207
2018-10-22,-0.03129940219418184,1,140.94786083879944,-3.129940219418184,17.36479574659554
2018-10-23,-0.006377638328672607,1,140.04894635916952,-0.6377638328672607,17.60581220697716
2018-10-24,0.0094544349459068,1,141.37303001176505,0.94544349459068,17.81140633952844
2018-10-25,0.00333997458826582,1,141.84521233947052,0.333997458826582,17.805675777419445
2018-10-26,0.00552468116291333,1,142.6288619121318,0.5524681162913331,17.428639577887886
2018-10-29,0.0027575406741014567,1,143.0221668001553,0.2757540674101457,17.285658193917467
2018-10-30,0.0044353760714441115,1,143.6565238964668,0.44353760714441115,17.07678490673622
2018-10-31,0.007220822549029859,1,144.69384216353365,0.7220822549029859,16.450737463300896
2018-11-01,-0.01724150222453816,1,142.19910296199413,-1.724150222453816,17.723879229396044
2018-11-02,-5.449001988627968e-05,1,142.19135453004588,-0.005449001988627968,17.582327572433947
2018-11-05,0.002896854229690627,1,142.60326215684168,0.2896854229690627,17.552733552756948
2018-11-06,0.005274386121955813,1,143.35540682370734,0.5274386121955813,17.3152005131779
2018-11-07,-0.010350880711324917,1,141.8715521083517,-1.0350880711324917,16.151819543780952
2018-11-08,-0.0003060167814794352,1,141.828137032592,-0.03060167814794352,15.929252671389833
2018-11-09,0.00029433667061832364,1,141.86988225424616,0.029433667061832366,15.92913594298724
2018-11-12,0.006798269017741535,1,142.83435187932585,0.6798269017741535,16.11962268205248
2018-11-13,-0.016159042549432446,1,140.52628550978721,-1.6159042549432445,16.497639237314903
2018-11-14,-0.0016318021262189326,1,140.29697441830268,-0.16318021262189325,16.485180452991816
2018-11-15,0.0023234410028607137,1,140.62294616124348,0.23234410028607136,16.11631609665588
2018-11-16,0.011435020158734837,1,142.23097238537798,1.1435020158734837,16.66641833836972
2018-11-19,-0.011200176093733666,1,140.63796044867877,-1.1200176093733667,12.944923759455667
2018-11-20,-0.007131011452650339,1,139.63506954204186,-0.7131011452650339,12.996208454507496
2018-11-21,-0.0012199471498534338,1,139.46472213693445,-0.12199471498534338,12.496372688831894
2018-11-22,-0.012856486376603877,1,137.67169583676412,-1.2856486376603877,13.117597041525014
2018-11-23,-0.010083299129852431,1,136.283510945928,-1.0083299129852432,13.1852152368402
2018-11-26,-2.671828087714016e-05,1,136.2798696848036,-0.002671828087714016,13.0818854271567
2018-11-27,0.006507874910772611,1,137.1667620295687,0.6507874910772611,13.244744684791574
2018-11-28,-0.0024654154691805745,1,136.8285889726036,-0.24654154691805744,12.761076270344232
2018-11-29,-0.0059916358875599035,1,136.00876188847116,-0.5991635887559904,11.643698697038229
2018-11-30,0.013344296600920862,1,137.82370314743494,1.3344296600920862,12.876812433739138
2018-12-03,-0.0032238653345257624,1,137.37937808858197,-0.32238653345257623,12.780823177284024
2018-12-04,0.008896421837722402,1,138.60156298786194,0.8896421837722401,13.108455055118078
2018-12-05,-0.001353790024155258,1,138.41392557455663,-0.1353790024155258,12.699254655109687
2018-12-06,-9.749154182556574e-05,1,138.40043138754223,-0.009749154182556573,12.701422538456908
2018-12-07,0.0059648638169957705,1,139.2259711129824,0.596486381699577,12.94656119289899
2018-12-10,-0.0018736319562115131,0,138.9651128843705,-0.1873631956211513,12.623813532882735
2018-12-11,0.0011247446904663692,0,139.12141315724728,0.11247446904663692,11.360838168804504
2018-12-12,0.0019224949651418391,0,139.38887337358548,0.1922494965141839,11.382992021225173
2018-12-13,0.004527918337265267,0,140.02001480934447,0.45279183372652665,11.476892387723842
2018-12-14,-0.0015224051716002903,0,139.80684761467117,-0.15224051716002904,10.626248825243774
2018-12-17,0.0011121287069050482,0,139.96233082332537,0.11121287069050481,9.908306592246285
2018-12-18,0.0013588591914707045,0,140.1525199230243,0.13588591914707046,9.575879837627701
2018-12-19,-0.0027864519718466332,0,139.7619916575255,-0.2786451971846633,9.622766919096952
2018-12-20,-0.0011745082043357025,0,139.59784005166944,-0.11745082043357026,8.34080475273138
2018-12-21,0.008905909390681963,0,140.84108576630453,0.8905909390681963,7.787555079133934
2018-12-24,-0.002450334735320357,0,140.49597796169112,-0.2450334735320357,7.903726473631291
2018-12-25,0.004999521726132039,0,141.19839065594476,0.4999521726132039,7.7952792535639155
2018-12-26,-0.0014890720840840335,0,140.98813607410142,-0.14890720840840335,7.73754639267495
2018-12-27,0.0021343487731135683,0,141.28905392935474,0.21343487731135682,7.212509961489564
2018-12-28,0.001028789642591486,0,141.4344106446488,0.10287896425914861,5.813466675696441
2018-12-31,0.001038704428573357,0,141.58131919333806,0.10387044285733571,5.565101392435872
2019-01-01,-0.002685085904006567,0,141.2011611889014,-0.26850859040065667,5.018866279810101
2019-01-02,0.0014782363596194783,0,141.40988987939133,0.14782363596194784,4.947799214905147
2019-01-03,0.0012863414201345587,0,141.59179127795986,0.12863414201345588,4.928619106051492
2019-01-04,-0.0002726852700110744,0,141.5531812821239,-0.02726852700110744,4.606384279975879
2019-01-07,0.00580475514743311,0,142.37486283980684,0.580475514743311,4.809802331706623
2019-01-08,-0.0024380506060783635,0,142.02774571916993,-0.24380506060783635,4.9820551652558
2019-01-09,0.0006898528373724625,0,142.1257239625399,0.06898528373724624,4.972265978639048
2019-01-10,-0.0012845064092545505,0,141.94316255919009,-0.12845064092545505,4.848286910205173
2019-01-11,0.007120940613345905,0,142.95393139024458,0.7120940613345905,5.277691849251752
2019-01-14,0.00010565887062987376,0,142.96903574118735,0.010565887062987375,5.28994051258781
2019-01-15,0.002078983477561863,0,143.26626600429623,0.2078983477561863,5.301345585595891
2019-01-16,-0.0040535423774733115,0,142.68553012378547,-0.40535423774733115,5.441909605851062
2019-01-17,-0.011625425375290092,2,141.0267501411977,-1.1625425375290093,7.036961587554001
2019-01-18,-0.02261059733871855,2,137.838051079767,-2.2610597338718548,10.225196174862344
2019-01-21,-0.0012259489557172496,0,137.66906866498766,-0.12259489557172497,10.212298663330516
2019-01-22,0.005623000580722642,1,138.44318191803845,0.5623000580722642,10.26311787643322
2019-01-23,0.0009017952639366905,1,138.5680293238165,0.09017952639366905,10.28198985664001
2019-01-24,0.006692647658781125,1,139.49541632085246,0.6692647658781125,10.580174789478178
2019-01-25,-0.00274342236806368,1,139.11272147547547,-0.274342236806368,10.587062598788059
2019-01-28,0.0001936216299134577,1,139.13965670734925,0.01936216299134577,10.571772396832541
2019-01-29,0.0018765262650075212,1,139.40075592766473,0.18765262650075212,10.5906326978553
2019-01-30,0.012216491651348015,1,141.10374409864664,1.2216491651348016,11.518141586963196
2019-01-31,-0.0077909688179559015,1,140.00440922827727,-0.7790968817955901,11.821676912073066
2019-02-01,0.008148324452690195,1,141.14521057947647,0.8148324452690194,12.217923452551263
2019-02-04,-0.004075243284044976,1,140.57000950798735,-0.4075243284044976,12.085527262303945
2019-02-05,-0.0069979982335657085,1,139.58630082975813,-0.6997998233565709,12.283773669968632
2019-02-06,-0.014010456509140843,1,137.63063303271096,-1.4010456509140843,13.121045389893323
2019-02-07,-0.012865298381746562,1,135.8599738722765,-1.2865298381746562,13.717654003516882
2019-02-08,0.0036770758882351913,1,136.35954130637847,0.3677075888235191,13.460953236231191
2019-02-11,-0.008283601527811735,1,135.22999320168125,-0.8283601527811735,13.588881549192303
2019-02-12,0.0024504810109940724,1,135.56137173213884,0.24504810109940725,13.60699602066605
2019-02-13,-0.0021274772281600126,1,135.27296800076056,-0.21274772281600127,13.59923012869417
2019-02-14,0.01051108294087162,1,136.69483338707445,1.0511082940871619,13.923152088957233
2019-02-15,1.1088524088837242e-05,0,136.6963491310273,0.0011088524088837242,11.479857831039867
2019-02-18,0.004839472244410559,0,137.35788731855914,0.48394722444105587,11.622352463595877
2019-02-19,-0.006915731517917122,0,136.40795704799567,-0.6915731517917122,11.657392849746701
2019-02-20,-0.0029397176796463007,0,136.00695616501724,-0.2939717679646301,11.66649531453119
2019-02-21,-0.0010219495738753033,0,135.8679639141203,-0.10219495738753033,11.316130209720784
2019-02-22,0.0035379270226400398,0,136.34865485516318,0.353792702264004,11.428405106561588
2019-02-25,0.0038561782154049856,0,136.8744395677154,0.38561782154049856,11.5515035836823
2019-02-26,0.0028947057885706073,0,137.27065080023942,0.28947057885706073,11.58833248218602
2019-02-27,0.000768935510010275,0,137.37620307812196,0.0768935510010275,10.556724845779364
2019-02-28,0.0013985675714240416,0,137.56833298083237,0.13985675714240417,10.310323056661234
2019-03-01,0.0006473517116916539,0,137.65738807666207,0.06473517116916538,9.771057201781606
2019-03-04,-0.002767940966006986,0,137.27636055293118,-0.27679409660069865,9.731546651163821
2019-03-05,0.005672626787015726,0,138.05507811302778,0.5672626787015727,9.76385721676199
2019-03-06,-0.003040775995922511,0,137.63528354538644,-0.3040775995922511,8.442662188549297
2019-03-07,-0.00012621356773091156,0,137.61791210520454,-0.012621356773091157,6.94266706929461
2019-03-08,0.0059911740231863905,0,138.4424049653344,0.5991174023186391,7.12265582520132
2019-03-11,-0.0005237659460247018,0,138.36989354812778,-0.052376594602470176,6.299834281331538
2019-03-12,0.0008044963988215078,0,138.48121162919256,0.08044963988215077,6.282037678234271
2019-03-13,8.99226657053373e-05,0,138.49366422889238,0.00899226657053373,6.180673412922042
2019-03-14,0.0032716280275120937,0,138.94676398241646,0.32716280275120935,5.185913374347244
2019-03-15,-0.0050795749866444865,0,138.2409734756162,-0.5079574986644486,5.590575539395889
2019-03-18,-0.0004061144651050109,0,138.18483181661756,-0.04061144651050109,5.3644944016380895
2019-03-19,0.00434742110674247,0,138.7855794710888,0.43474211067424695,4.815273312165239
2019-03-20,0.006192848174076813,0,139.64505749350448,0.6192848174076813,4.946676200590994
2019-03-21,-0.002370443469268649,0,139.31403677895338,-0.2370443469268649,5.053551117643104
2019-03-22,-0.002093475020003425,0,139.02238632302078,-0.20934750200034252,5.111588462643978
2019-03-25,0.00014207822128277608,0,139.04213837638807,0.01420782212827761,5.002922036031599
2019-03-26,0.0005214254459589664,0,139.11463848539807,0.052142544595896644,4.941086688510719
2019-03-27,-0.0016669206789332407,0,138.88274541776445,-0.16669206789332408,5.0099218377363535
2019-03-28,0.002134440622698067,0,139.17918239137595,0.21344406226980672,5.03320427322038
2019-03-29,-0.0025718409009151113,0,138.82123567754587,-0.2571840900915111,5.15629520996042
2019-04-01,0.0025297857681480466,0,139.17242366387967,0.2529785768148047,5.063121173642243
2019-04-02,-0.0020208308773555133,0,138.89117973286332,-0.20208308773555134,4.788158078891894
2019-04-03,-0.0029017766111600375,0,138.48814855601805,-0.29017766111600374,4.77550857377349
2019-04-04,0.00018834737336972658,0,138.5142324350414,0.01883473733697266,4.772974257526144
2019-04-05,0.0013541840730409017,0,138.70180620249442,0.13541840730409016,4.304163117663581
2019-04-08,0.008733297042518122,0,139.91313027639458,0.8733297042518122,5.272439030551925
2019-04-09,0.007925422917194993,0,141.02200100550363,0.7925422917194993,5.886400286066337
2019-04-10,-0.0038006460668374327,0,140.48602629204453,-0.38006460668374326,6.116325164144515
2019-04-11,0.007002089332760632,0,141.46972199814599,0.7002089332760632,6.456502042770648
2019-04-12,0.0010478806438529084,0,141.6179653815191,0.10478806438529084,6.056819915675424
2019-04-15,0.0022011174558193526,0,141.92968315717798,0.22011174558193525,6.034968854328053
2019-04-16,0.005189514636011788,0,142.66622932520664,0.5189514636011787,6.0976168182573485
2019-04-17,0.0021986558850984623,0,142.97990326991732,0.21986558850984622,5.839438442627289
2019-04-18,0.0024019535172742387,0,143.32333435147603,0.24019535172742387,5.69781790606915
2019-04-19,0.0008586182180861626,0,143.44639437742705,0.08586182180861626,5.550438894616826
2019-04-22,-0.0015377643272091554,0,143.22580762928666,-0.15377643272091554,5.639210788103041
2019-04-23,0.0033775587515359074,0,143.70956120929077,0.33775587515359073,5.665264251306084
2019-04-24,0.0010653463007453134,0,143.86266165870683,0.10653463007453134,5.535772289692574
2019-04-25,9.800305698685289e-05,0,143.87676063933563,0.009800305698685289,5.565049247171751
2019-04-26,0.0004443018230574627,0,143.9406853463833,0.044430182305746274,5.359540766740571
2019-04-29,-0.001094131126436538,0,143.7831953621852,-0.1094131126436538,5.449305966094878
2019-04-30,-0.001153806139351513,0,143.61729742864077,-0.1153806139351513,5.380380292701111
2019-05-01,0.0027950948225645375,0,144.01872139311428,0.2795094822564537,5.110189245211448
2019-05-02,0.0034748381268958897,0,144.51916313719786,0.34748381268958894,5.091789483937912
2019-05-03,0.0034408298017586172,0,145.01642898064551,0.3440829801758617,5.103530609133214
2019-05-06,0.00889483633360237,0,146.30632638211182,0.889483633360237,5.131065737370064
2019-05-07,0.0010068366015290435,0,146.4536329465486,0.10068366015290435,4.682695127792783
2019-05-08,-0.002255439033031396,1,146.12331570627168,-0.2255439033031396,4.460233508625784
2019-05-09,-0.011212567369187956,1,144.484898184706,-1.1212567369187956,6.115337192714846
2019-05-10,0.00022723778655077802,1,144.5177306131595,0.0227237786550778,6.122523673044255
2019-05-13,-0.008576093480798488,1,143.2783330457882,-0.8576093480798488,6.98186297197954
2019-05-14,-0.004593045590451132,1,142.62024912998504,-0.4593045590451132,6.97059089502899
2019-05-15,0.015242925402656645,1,144.79419894838173,1.5242925402656644,8.812498169564922
2019-05-16,-0.009830946711972188,1,143.37073489431748,-0.9830946711972188,9.529687394866263
2019-05-17,-0.0050378627763578996,1,142.64845280577433,-0.50378627763579,9.690479557830189
2019-05-20,0.0025760528039147513,1,143.01592275259875,0.2576052803914751,9.728550886356702
2019-05-21,0.0033924420122631513,1,143.50109597736724,0.33924420122631516,9.729248887491227
2019-05-22,0.011008815248035634,1,145.0808730308727,1.1008815248035633,10.491456241038438
2019-05-23,0.002972959146911537,1,145.51219253939178,0.2972959146911537,10.528505817987272
2019-05-24,-0.006076961069166403,1,144.62792061024086,-0.6076961069166403,10.7913493382857
2019-05-27,0.0038662007960761306,1,145.187081192039,0.3866200796076131,10.852260031995305
2019-05-28,-0.0034767289927093684,1,144.6823050574918,-0.34767289927093686,10.930484610813163
2019-05-29,0.009259147922864891,0,146.0219399218402,0.9259147922864891,11.35168938800839
2019-05-30,-0.00045015346822027355,0,145.95620763914812,-0.045015346822027354,11.31055755921966
2019-05-31,0.002147343181045863,0,146.26962570635337,0.21473431810458632,11.275503366034288
2019-06-03,0.0021402149331272635,0,146.58267414355305,0.21402149331272635,10.851832821217748
2019-06-04,0.002878140590543016,0,147.0045596878759,0.2878140590543016,10.892448885816464
2019-06-05,0.0022646204753620034,0,147.33746922371665,0.22646204753620033,10.874905321435776
2019-06-06,0.0005187628789534277,0,147.41390243342886,0.05187628789534277,9.967691596352214
2019-06-07,-0.001926808414782896,0,147.12986408576415,-0.19268084147828962,10.019680481559913
2019-06-10,0.0007335892653323745,0,147.2377969746673,0.07335892653323746,9.374228284100838
2019-06-11,-0.003915477613125436,1,146.66129067680708,-0.39154776131254365,9.319890866012523
2019-06-12,0.009103124847819942,1,147.9963667161805,0.9103124847819941,8.311922778479886
2019-06-13,-0.002570826276296188,1,147.61589376783016,-0.2570826276296188,7.393514209727098
2019-06-14,-0.004972376138177289,1,146.8818920200433,-0.49723761381772885,7.385901275751379
2019-06-17,-0.006445228368987449,1,145.93520468270515,-0.6445228368987449,7.884648740923147
2019-06-18,-0.005272953736847265,1,145.16569509983592,-0.5272953736847265,8.135196946735265
2019-06-19,0.0006173099094733425,1,145.25530732193664,0.061730990947334245,7.146050068866117
2019-06-20,-0.005484080008386368,1,144.45871559494037,-0.5484080008386367,7.318792984588941
2019-06-21,0.004752430421135556,1,145.14524558953192,0.4752430421135556,7.204099593575779
2019-06-24,0.006880149492629506,1,146.14386657733235,0.6880149492629506,7.48224925079383
2019-06-25,-0.011816098840389212,1,144.4170162049379,-1.181609884038921,8.55497730496491
2019-06-26,0.003591218508665453,1,144.93564926649933,0.3591218508665453,7.949664607868963
2019-06-27,0.004131184828862553,1,145.53440522191045,0.4131184828862553,8.107639931738163
2019-06-28,-0.002782833764132801,1,145.12940716521592,-0.2782833764132801,8.112655164307712
2019-07-01,0.005953712676828419,1,145.99346595643604,0.5953712676828419,8.378290117567781
2019-07-02,-0.014537176191125814,1,143.8711332190742,-1.4537176191125813,9.708020438330898
2019-07-03,-0.0064958401095011045,1,142.93656934131036,-0.6495840109501104,9.80777015826689
2019-07-04,-0.0014795382448843436,1,142.72508922037733,-0.14795382448843436,9.778907915602122
2019-07-05,0.0009026313725447384,1,142.85391736355686,0.09026313725447384,9.81774387680243
2019-07-08,9.18025862600076e-05,1,142.8670317226282,0.00918025862600076,9.801394907645184
2019-07-09,0.011404339028573886,1,144.49633578839908,1.1404339028573887,10.759745906082037
2019-07-10,-0.0014144615262042955,1,144.2919512807489,-0.14144615262042956,10.114363035131754
2019-07-11,0.007029263605297436,1,145.306217442424,0.7029263605297437,10.513913247450876
2019-07-12,0.010311672493647582,1,146.80456756798102,1.0311672493647581,11.087277976722458
2019-07-15,-0.000889413344702604,1,146.67399762652275,-0.0889413344702604,10.831570309554992
2019-07-16,-0.015094057593340376,1,144.46009185890256,-1.5094057593340375,11.997027170627755
2019-07-17,0.013582637627989995,1,146.42224093832817,1.3582637627989995,12.960574984517931
2019-07-18,-0.012842339242308336,1,144.54183684757916,-1.2842339242308336,13.650855454406589
2019-07-19,0.0005240264064661757,1,144.6175805869264,0.05240264064661757,13.540306080977544
2019-07-22,-0.009605632666707093,1,143.2284372306605,-0.9605632666707093,13.669384813688795
2019-07-23,0.0028302866980923808,1,143.63381477134297,0.2830286698092381,13.105314619584208
2019-07-24,-0.004219287770041869,1,143.02778237331378,-0.4219287770041869,13.09577396795954
2019-07-25,-0.007741833814111452,1,141.9204850513787,-0.7741833814111452,13.20099465429449
2019-07-26,-0.0014256454851286461,1,141.71815675261794,-0.14256454851286463,13.188517908993012
2019-07-29,0.002319875877755978,1,142.0469252859084,0.2319875877755978,12.990297838594833
2019-07-30,0.01246508849087576,1,143.81755277945405,1.246508849087576,12.886868454932907
2019-07-31,0.005644108326525595,1,144.6292746265971,0.5644108326525595,12.793818449561941
2019-08-01,0.0031172255296346616,1,145.08011669379565,0.3117225529634662,12.797832589538297
2019-08-02,-0.006900791520323184,1,144.0789490547476,-0.6900791520323184,13.089963266534626
2019-08-05,0.008600442106722958,1,145.31809171489044,0.8600442106722959,13.402969967030057
2019-08-06,-0.0075207750186538245,1,144.22518704096265,-0.7520775018653825,13.113280307094724
2019-08-07,-0.017767567276156485,1,141.6626563272961,-1.7767567276156484,14.543817151033227
2019-08-08,-0.00772146022223621,1,140.56881376148857,-0.7721460222236209,14.421997470595674
2019-08-09,-0.0010987874260534893,1,140.4143585164322,-0.10987874260534893,13.722048809042805
2019-08-12,-0.005591512150223298,1,139.62922992472178,-0.5591512150223298,13.764509985982112
2019-08-13,0.004144397225657689,1,140.2079089178425,0.4144397225657689,13.09310629955895
2019-08-14,-0.004650299254488769,1,139.55590018352842,-0.4650299254488769,11.855839587601533
2019-08-15,0.026454632785950796,1,143.24780027599647,2.64546327859508,15.03308727242626
2019-08-16,-0.004152624843739639,1,142.6529459017593,-0.41526248437396385,15.086227863772638
2019-08-19,-0.01561819054278044,1,140.42496501117668,-1.561819054278044,15.698632068788864
2019-08-20,-0.007805997815876363,1,139.32880804100492,-0.7805997815876363,15.813264718863088
2019-08-21,0.0026889084903820087,1,139.7034504559012,0.2688908490382009,15.844265250066798
2019-08-22,9.97751256712856e-05,1,139.71738938522714,0.00997751256712856,15.653475672330094
2019-08-23,-0.011965643536715545,1,138.04558090796303,-1.1965643536715544,16.15416697099793
2019-08-26,0.010201873652383482,1,139.45390448265593,1.0201873652383482,16.621551621302018
2019-08-27,-0.003805995567788336,1,138.92314354028417,-0.38059955677883356,15.877132571729932
2019-08-28,0.0022593979550451803,1,139.23702620670753,0.22593979550451804,15.714604376715835
2019-08-29,0.003554921854292665,1,139.7320029540965,0.3554921854292665,15.733716641594011
2019-08-30,-0.004267052420794021,1,139.1357591726288,-0.4267052420794021,15.648675893287303
2019-09-02,0.0033308461140342366,1,139.59919897539217,0.33308461140342366,15.296546319742635
2019-09-03,-0.011049696228461527,1,138.05667023297752,-1.1049696228461527,15.516358673347158
2019-09-04,0.009017359978934977,1,139.3015769259614,0.9017359978934978,14.83593477272655
2019-09-05,0.005760481908693825,1,140.1040211396959,0.5760481908693824,14.77327539103402
2019-09-06,0.01181843425769789,1,141.75983130277453,1.181843425769789,15.360193247675683
2019-09-09,0.005238080544856978,1,142.50238071716382,0.5238080544856978,15.26934461452209
2019-09-10,-0.0018696506778364112,1,142.23595104446267,-0.1869650677836411,15.257584051303558
2019-09-11,0.002296680245835009,1,142.56262154347405,0.2296680245835009,15.129476958095852
2019-09-12,0.0025386879602784366,1,142.9245435543722,0.2538687960278437,11.839699965180795
2019-09-13,0.006762545179674033,1,143.89107723744294,0.6762545179674032,11.975689528441842
2019-09-16,-0.010305730710022061,1,142.40817454385888,-1.030573071002206,11.149742572978365
2019-09-17,0.0015067469656339324,1,142.62274762873432,0.15067469656339325,10.68504768937681
2019-09-18,0.010051803456471567,1,144.05636345632033,1.0051803456471566,11.1322701220123
2019-09-19,0.0041758768714237225,1,144.65792509265899,0.41758768714237227,11.155421920220048
2019-09-20,0.009499411389360194,1,146.0320902338454,0.9499411389360194,10.214267159503066
2019-09-23,-0.004934034723957211,1,145.31156282981954,-0.49340347239572113,10.179505939338734
2019-09-24,0.0037660402993449377,1,145.85881203139743,0.37660402993449377,9.951192627616608
2019-09-25,-0.005086944625246389,1,145.11683633148948,-0.5086944625246389,10.305942627042535
2019-09-26,0.0026942567506522386,1,145.5078183474089,0.26942567506522386,10.294240935141143
2019-09-27,-0.0005519426437401821,1,145.42750637746536,-0.055194264374018205,10.074118621280647
2019-09-30,0.006223828364692274,1,146.3326222166639,0.6223828364692273,10.167837586787801
2019-10-01,-0.020556881720150612,1,143.32447980995647,-2.0556881720150613,12.191638072231822
2019-10-02,0.009085563313226745,1,144.62666344560512,0.9085563313226744,12.196940203455174
2019-10-03,0.0038983866408606126,1,145.19047409829372,0.38983866408606127,12.136645863480583
2019-10-04,0.01255379635808119,1,147.01316574325696,1.255379635808119,12.219578522058196
2019-10-07,0.0064800529122164136,1,147.9658188360657,0.6480052912216414,12.273095665581272
2019-10-08,-0.008257273042601978,1,146.74402466896413,-0.8257273042601978,12.734855755556355
2019-10-09,-0.009120491095679398,1,145.4056470986267,-0.9120491095679398,13.284082463431723
2019-10-10,-0.009168711857338165,1,144.07246461794958,-0.9168711857338165,13.74860509818425
2019-10-11,0.014476080924805958,1,146.15806927479525,1.4476080924805959,14.472947157193744
2019-10-14,-0.0010372206055003896,1,146.0064711136833,-0.10372206055003896,13.890030220306778
2019-10-15,-0.014249322349559375,1,143.92597784166279,-1.4249322349559375,14.942749737304691
2019-10-16,0.0013956937841209662,1,144.12685443430996,0.13956937841209663,14.518531442810401
2019-10-17,-0.007579605292739957,1,143.03442976561368,-0.7579605292739957,14.67578881745952
2019-10-18,0.01062054833102636,1,144.5535338399402,1.062054833102636,14.782351630709165
2019-10-21,0.0059814210704072215,1,145.41816939305227,0.5981421070407221,14.852524727269648
2019-10-22,-0.005761047795369357,1,144.58040836886377,-0.5761047795369357,14.92362186555097
2019-10-23,0.0062260631877040324,1,145.48057512707234,0.6226063187704033,14.992307912315853
2019-10-24,-0.008441548607768435,1,144.25249378065106,-0.8441548607768434,15.262067692010312
2019-10-25,0.0009737965941104041,1,144.39296636778658,0.0973796594110404,15.269516345419643
2019-10-28,-0.007052415522814107,1,143.37464717038924,-0.7052415522814107,15.242917459651586
2019-10-29,0.00541489328741916,1,144.15100558493828,0.541489328741916,13.50713048995322
2019-10-30,0.0006615608845674233,1,144.24637025170435,0.06615608845674233,13.107288202903616
2019-10-31,0.0066772412993869315,1,145.2095380724357,0.6677241299386931,13.255970797397278
2019-11-01,-0.002497051805344292,1,144.8469423332387,-0.2497051805344292,12.42181442395117
2019-11-04,-0.0003203692312515376,1,144.80053782967425,-0.03203692312515376,12.13066851822438
2019-11-05,-0.0029215116141938936,1,144.37750137666333,-0.29215116141938935,11.855101580086123
2019-11-06,-0.003968485676265839,1,143.804541330475,-0.39684856762658394,11.5107680991787
2019-11-07,0.01286052800203329,1,145.65394366107515,1.286052800203329,11.964719804219964
2019-11-08,0.003630153009984266,1,146.18268976307246,0.3630153009984266,10.861712687275682
2019-11-11,0.005641796042821903,1,147.00742268370684,0.5641796042821903,11.03202601780018
2019-11-12,0.01145784068540228,1,148.69181031238833,1.145784068540228,10.262499593764055
2019-11-13,0.02076715117655414,1,151.77971561586122,2.076715117655414,12.300170268567502
2019-11-14,0.013629769629157315,1,153.84843817408444,1.3629769629157316,12.271847607557145
2019-11-15,-0.0053399237086256225,1,153.02689925154363,-0.5339923708625622,12.381701261094927
2019-11-18,-0.010611569185076539,1,151.40304372295813,-1.061156918507654,13.204211726162821
2019-11-19,-0.002563292739615573,1,151.01495340022737,-0.2563292739615573,13.0004924216802
2019-11-20,0.012984490208196057,1,152.9758055839438,1.2984490208196058,13.48946471723688
2019-11-21,0.0027674041909790206,1,153.39915146943522,0.27674041909790204,12.849804693309943
2019-11-22,0.008035611521173719,1,154.63180745832128,0.8035611521173719,12.93832030016814
2019-11-25,-0.004918208762089649,1,153.87129594798202,-0.49182087620896486,12.728753362518894
2019-11-26,-0.0073162523214319805,1,152.74553472180082,-0.7316252321431981,13.27445233657906
2019-11-27,0.007639231290696783,1,153.91239319016182,0.7639231290696783,13.346977084473735
2019-11-28,0.010643022261567738,1,155.55048621721588,1.0643022261567738,13.553429438338199
2019-11-29,-0.0028630764705311423,1,155.10513328014767,-0.28630764705311423,13.575443305210811
2019-12-02,-0.01190397281898731,1,153.2587659894954,-1.1903972818987312,14.588370322509991
2019-12-03,0.010634312661053767,1,154.88856762507496,1.0634312661053766,14.666417804677156
2019-12-04,0.0002418841271658566,1,154.92603271106293,0.024188412716585662,14.454371008455574
2019-12-05,-0.003601416591216642,1,154.36807952644597,-0.36014165912166424,14.26120399525092
2019-12-06,-0.003335511746676503,1,153.8531829838736,-0.3335511746676503,14.430336688257029
2019-12-09,0.016664154819819785,1,156.41701624463894,1.6664154819819785,15.245914392993607
2019-12-10,-0.0050432046957471196,1,155.62817321381922,-0.504320469574712,15.178402126246734
2019-12-11,-0.0026734643673595876,1,155.2121068381748,-0.26734643673595876,13.599537515281638
2019-12-12,-0.004852228012870007,1,154.45898230543804,-0.48522280128700074,12.915918801081046
2019-12-13,0.002267074712386016,1,154.8091523583236,0.2267074712386016,12.762211150415586
2019-12-16,0.010201517052831592,1,156.38844056604145,1.0201517052831592,12.470084414504548
2019-12-17,0.008044374404460774,1,157.64648773448445,0.8044374404460773,12.56281242343335
2019-12-18,-0.004439132890158128,1,156.94667402576437,-0.4439132890158128,12.088946375382621
2019-12-19,-0.003775198688477232,1,156.35416914782144,-0.3775198688477232,12.206805929732276
2019-12-20,0.0047761019260147315,1,157.10093259622874,0.47761019260147314,12.010264295837967
2019-12-23,-0.041222068413305425,2,150.6249072049529,-4.122206841330542,19.119761341847507
2019-12-24,0.007897955956698816,2,151.8145360880395,0.7897955956698816,19.215161836116344
2019-12-25,0.006030297353597002,2,152.73002288324875,0.6030297353597002,19.136038616646974
2019-12-26,-0.001065610669437337,2,152.56727214132096,-0.1065610669437337,18.69294153640883
2019-12-27,0.01237157330958626,2,154.45476933326088,1.237157330958626,19.254617301422165
2019-12-30,-0.03505810025191378,2,149.0398785455892,-3.505810025191378,22.59534327323874
2019-12-31,-0.03282132984379914,2,144.14819153196464,-3.282132984379914,24.71749474181313
2020-01-01,0.01325194607188819,1,146.05843559250647,1.325194607188819,25.39862684401112
2020-01-02,-0.009061545655162678,1,144.73492041006332,-0.9061545655162678,25.49470042726184
2020-01-03,-0.007405394312822443,1,143.66310125359186,-0.7405394312822443,25.540743335398215
2020-01-06,-0.005866021657868743,1,142.82037039020167,-0.5866021657868743,24.43358770809938
2020-01-07,-0.0006356069634234779,1,142.72959276826296,-0.06356069634234779,24.468793344159245
2020-01-08,-0.010404561171472955,1,141.24455398932614,-1.0404561171472955,24.558474990509044
2020-01-09,0.015367544479971303,1,143.4151359553108,1.5367544479971302,25.55810688932621
2020-01-10,0.007915549048751046,1,144.55034549829838,0.7915549048751046,25.80685411215934
2020-01-13,-0.002716655442358999,1,144.15765201550553,-0.2716655442358999,25.31347798278872
2020-01-14,-0.0011698564689193352,1,143.989008253751,-0.11698564689193351,24.94345054558855
2020-01-15,-0.010416416341174769,1,142.48915879522707,-1.0416416341174768,25.034717945373124
2020-01-16,0.009291718603812006,1,143.8131279628462,0.9291718603812007,25.5236692138643
2020-01-17,-0.012990896727327656,1,141.9448664694469,-1.2990896727327657,25.488210216822555
2020-01-20,0.010521273934548868,1,143.43830729317492,1.052127393454887,22.112014335426895
2020-01-21,0.0030584660419906602,1,143.8770084851517,0.305846604199066,21.880100298274137
2020-01-22,-0.006192033562976048,1,142.98611721967103,-0.6192033562976048,21.6705467903551
2020-01-23,-0.0009204491335294904,1,142.85450577196943,-0.09204491335294904,21.672505393615978
2020-01-24,-0.003248252098159121,1,142.39047832386413,-0.3248252098159121,20.879291962998845
2020-01-27,-0.007838689686947679,1,141.2743235499073,-0.7838689686947679,17.46048316304772
2020-01-28,0.003428904229612997,1,141.75873967546332,0.3428904229612997,13.415433939835667
2020-01-29,0.009485683790716251,1,143.1034182545952,0.9485683790716251,12.950713921630042
2020-01-30,-0.00409531322689199,1,142.5173649330037,-0.409531322689199,12.65682766355058
2020-01-31,0.0057016131167443185,1,143.32994381026955,0.5701613116744318,12.596522999574852
2020-02-03,-0.005683979093789316,1,142.51525940613797,-0.5683979093789316,12.585605443268621
2020-02-04,-0.0013806338980039106,1,142.31849800801905,-0.13806338980039107,12.592766960957514
2020-02-05,-0.006726485715678459,1,141.3611946640913,-0.672648571567846,12.257349269954773
2020-02-06,0.005569620924719449,1,142.14852293183574,0.556962092471945,11.071522814454012
2020-02-07,0.016627864454252204,1,144.51214930351847,1.6627864454252204,12.304766937143956
2020-02-10,-0.0005844316802632317,1,144.42769182528258,-0.05844316802632316,12.265192722248194
2020-02-11,-0.015618228391364616,1,142.17198714831767,-1.5618228391364615,13.47920234917583
2020-02-12,-0.0022321291390898935,0,141.8546409130416,-0.22321291390898934,12.993017946358206
2020-02-13,0.00032192028763045706,0,141.90030679984608,0.03219202876304571,12.505702740405406
2020-02-14,0.0013307820814527013,0,142.08914518548795,0.13307820814527013,11.632479060528103
2020-02-17,0.0025796405398661143,0,142.45568410468334,0.25796405398661143,11.011705552978382
2020-02-18,0.00388253876220676,0,143.00877382011646,0.388253876220676,11.049068792034161
2020-02-19,0.0020021937425968583,0,143.29510509219554,0.20021937425968583,10.848539993246058
2020-02-20,0.001305422218445927,0,143.48216570617743,0.13054222184459272,10.848723169321605
2020-02-21,-0.0038626675490520436,0,142.92794180083646,-0.38626675490520435,10.877091075295798
2020-02-24,-0.003381545462277145,0,142.44462446780724,-0.3381545462277145,10.549755537711562
2020-02-25,-0.0021774353903576543,0,142.13446050132484,-0.21774353903576543,10.526304159824853
2020-02-26,-0.0012732922857396866,0,141.95348178923072,-0.12732922857396867,9.937494999455044
2020-02-27,0.0008524380421647393,0,142.07448833732565,0.08524380421647393,9.847250183873022
2020-02-28,0.003984161578467316,0,142.6405360550396,0.39841615784673157,9.730359726478524
2020-03-02,0.0003316413064323652,0,142.68784154876707,0.03316413064323652,9.514498460218219
2020-03-03,-0.0004361409040944781,0,142.6256095445507,-0.04361409040944781,9.501197002707904
2020-03-04,-0.0013412103530138079,0,142.43431860042463,-0.13412103530138078,9.172771585090087
2020-03-05,0.0034968550741395366,0,142.93239077015411,0.34968550741395366,9.046292481505807
2020-03-06,0.001727013615003784,0,143.17923695503922,0.1727013615003784,6.725749862760547
2020-03-09,-0.0029704465881667183,0,142.75393067912984,-0.29704465881667186,6.784924169511447
2020-03-10,0.0016521207392660618,0,142.9897774086166,0.16521207392660617,3.8335109115168615
2020-03-11,-8.93688582934934e-05,0,142.97699857546192,-0.00893688582934934,3.720348083742173
2020-03-12,2.571619030788323e-05,0,142.98067539916696,0.002571619030788323,3.7226230996003187
2020-03-13,-0.002393220292142495,0,142.63849114541742,-0.23932202921424947,3.8298813877376365
2020-03-16,0.0003035337975948728,0,142.681786748318,0.03035337975948728,3.7257780519897685
2020-03-17,0.0023273406293357153,0,143.0138558676836,0.23273406293357152,3.552220995025672
2020-03-18,0.003914310449099753,0,143.5736564980725,0.39143104490997527,3.753982844237576
2020-03-19,0.0018424716713111161,0,143.83818689291675,0.1842471671311116,3.7815983596113165
2020-03-20,0.002764087581837806,0,144.2357682391015,0.2764087581837806,3.5806621137668553
2020-03-23,0.0040933728129420345,0,144.82617901146526,0.40933728129420344,3.4997546942890216
2020-03-24,0.0002857380448573549,0,144.86756136070017,0.02857380448573549,3.323645330137375
2020-03-25,0.004488681435200882,0,145.51782569394277,0.4488681435200882,3.4386438589229926
2020-03-26,0.00025047048008087504,0,145.5542736136047,0.025047048008087505,3.45431429022856
2020-03-27,0.000848058279607516,0,145.67771212047498,0.0848058279607516,3.296374814111903
2020-03-30,0.007628171112569081,0,146.78896663581753,0.7628171112569081,4.021461030208857
2020-03-31,-0.001397768731656714,0,146.5837896081018,-0.1397768731656714,4.0941862570167
2020-04-01,0.0017761798944205842,0,146.8441487880517,0.17761798944205842,3.967688774845017
2020-04-02,0.0019119391201454748,0,147.12490586068404,0.1911939120145475,3.902767641151768
2020-04-03,0.006870950574332789,0,148.13579381710616,0.6870950574332788,4.352509830934279
2020-04-06,-0.00043517659597419297,0,148.0713285866109,-0.043517659597419295,4.075393142691737
2020-04-07,0.00756586757817703,0,149.19161665082194,0.756586757817703,4.553131886344603
2020-04-08,0.0011119941528719359,0,149.35751685619516,0.11119941528719358,4.495096983322256
2020-04-09,0.0014658534299605585,0,149.57645308456918,0.14658534299605586,4.431789790585112
2020-04-10,0.002740626605367687,0,149.9863862914293,0.2740626605367687,4.077163029860427
2020-04-13,0.001140207264291143,0,150.1574018586236,0.1140207264291143,4.0274088654536255
2020-04-14,-0.00010130830040718354,0,150.14218966744772,-0.010130830040718354,4.136772350601273
2020-04-15,0.00574790066518519,0,151.00519205930962,0.574790066518519,4.272521842547595
2020-04-16,-0.0024864760495628734,0,150.62972126589452,-0.24864760495628735,4.626559790435357
2020-04-17,0.005140531423381733,0,151.40403808135707,0.5140531423381732,4.732937911531336
2020-04-20,0.005083696520985971,1,152.17373026301448,0.5083696520985971,4.7917256743567505
2020-04-21,0.022379384444082957,1,155.57928467486067,2.2379384444082957,8.461357334989831
2020-04-22,-0.006685539701755549,2,154.53915319039615,-0.668553970175555,9.200713941080597
2020-04-23,-0.008415634887039749,2,153.23860810139348,-0.8415634887039749,10.024987866882826
2020-04-24,0.04160239569498045,2,159.61370131137568,4.160239569498045,17.05567261762827
2020-04-27,0.00662675344751702,2,160.6714219568118,0.662675344751702,17.03603462678965
2020-04-28,0.024093899702074567,2,164.54262308242892,2.4093899702074566,18.211766620205875
2020-04-29,-0.026795634582071213,2,160.13359908113668,-2.6795634582071215,21.574402580181605
2020-04-30,-0.027302108881666298,2,155.7616141234104,-2.7302108881666296,24.341112044278805
2020-05-01,0.028484432563977514,2,160.198395316965,2.8484432563977515,25.956304119899915
2020-05-04,0.0041729737514402685,2,160.86689901564552,0.41729737514402687,25.90222241899362
2020-05-05,-0.022796061133376993,2,157.19976735134807,-2.2796061133376995,27.579006589451932
2020-05-06,-0.0037083636573373375,1,156.61681344716047,-0.37083636573373374,27.67014763830311
2020-05-07,-0.009889337696584684,1,155.06797689001849,-0.9889337696584684,28.0188666359953
2020-05-08,0.01071189215850993,1,156.72904833570266,1.071189215850993,28.19098101710517
2020-05-11,0.015193406390810855,1,159.11029646031204,1.5193406390810855,28.55004241350738
2020-05-12,0.00030531796330903545,1,159.15887569196877,0.030531796330903544,28.54444848774069
2020-05-13,-0.01122070522347474,1,157.37300086412952,-1.122070522347474,28.965942491547043
2020-05-14,-0.003057098619774955,1,156.89189608039794,-0.3057098619774955,28.978957285709928
2020-05-15,0.006367570358472762,1,157.89091626736408,0.6367570358472763,28.99875887021225
2020-05-18,-0.008514778774373734,1,156.54651004486428,-0.8514778774373735,29.22384968158312
2020-05-19,0.011930076456339202,1,158.41412187867257,1.1930076456339203,28.462825944094806
2020-05-20,0.0029562239642457024,1,158.88242950204528,0.2956223964245702,28.320455376575886
2020-05-21,-0.01868898236520476,1,155.91307857894066,-1.8688982365204758,29.025324863484574
2020-05-22,-0.010567818846691772,1,154.2654174086884,-1.0567818846691772,24.976874175262118
2020-05-25,0.007477974058615605,1,155.41901019821208,0.7477974058615605,25.015789306626417
2020-05-26,-0.0002722546406884652,1,155.3766966514344,-0.02722546406884652,23.127875590980242
2020-05-27,-0.003492770768777304,1,154.8340014672211,-0.3492770768777304,21.324868765464842
2020-05-28,0.0019843007916377888,1,155.14123869890497,0.1984300791637789,19.05557930139653
2020-05-29,-0.019957245195265014,1,152.0450469582938,-1.9957245195265014,17.06110419253243
2020-06-01,-0.004910310796634318,1,151.29845852263972,-0.4910310796634318,16.889949244274067
2020-06-02,0.010627353513412766,1,152.90636072739423,1.0627353513412767,15.829789611875364
2020-06-03,-0.006208779102558037,1,151.9569989102618,-0.6208779102558037,15.904192213038057
2020-06-04,0.0004281954625767539,1,152.02206620770193,0.04281954625767539,15.59775117984973
2020-06-05,-0.0035720271286203815,1,151.4790392630591,-0.35720271286203814,14.994269993634715
2020-06-08,-0.008944192018676399,1,150.12418164908567,-0.8944192018676399,13.796083093179154
2020-06-09,-0.0166977275332068,1,147.6174489677636,-1.66977275332068,14.575773593343216
2020-06-10,-0.0016726559477864746,1,147.3705357637506,-0.16726559477864747,14.315520690376182
2020-06-11,-0.004553295344902231,1,146.69951418928179,-0.45532953449022306,14.322845546947011
2020-06-12,-0.009446336479289733,1,145.3137412169015,-0.9446336479289732,14.001464044857526
2020-06-15,-0.013726040836907441,1,143.3191588707945,-1.372604083690744,14.337330109746835
2020-06-16,0.006560506633746642,1,144.25940516330934,0.6560506633746642,13.637506214660796
2020-06-17,-0.01075868835007025,1,142.70736318159078,-1.075868835007025,13.493297543881253
2020-06-18,-0.005237335120777466,1,141.95995689640628,-0.5237335120777467,12.536473932015863
2020-06-19,0.010335976441035068,1,143.4272516664579,1.0335976441035069,13.393655688417539
2020-06-22,-0.00647717977973239,1,142.49824757210132,-0.647717977973239,12.763745222977189
2020-06-23,0.010522954528671136,1,143.99775015171787,1.0522954528671136,13.752424254924737
2020-06-24,-0.00445755789839775,1,143.35587184317757,-0.44575578983977504,13.754203927865955
2020-06-25,0.005544983845525977,1,144.1507778367093,0.5544983845525977,14.008802541384382
2020-06-26,0.036758253714551554,2,149.449508701581,3.6758253714551556,18.86552290896806
2020-06-29,-0.005036609459222626,2,148.69678989237846,-0.5036609459222626,18.86923061970409
2020-06-30,0.0009532906280278447,0,148.83854114860068,0.09532906280278447,18.39875048486177
2020-07-01,-0.0025511980490003786,0,148.45882455280633,-0.2551198049000379,18.314521969384263
2020-07-02,0.004080507755831018,0,149.0646119378156,0.4080507755831018,18.400660920362927
2020-07-03,0.00582066930116685,0,149.93226774841241,0.582066930116685,18.52267727877995
2020-07-06,-0.0015543773562922056,0,149.69921642644675,-0.15543773562922056,18.256994674526275
2020-07-07,0.005636277883021063,0,150.5429628090967,0.5636277883021062,17.254429770030086
2020-07-08,-0.0006996970461205941,0,150.43762834270495,-0.06996970461205941,17.237611820070033
2020-07-09,0.006855999227331666,0,151.46902860638414,0.6855999227331666,17.218319937465708
2020-07-10,-0.004474482067291353,0,150.79128315413482,-0.4474482067291353,16.880242103002143
2020-07-13,0.003213272562737052,0,151.2758166469939,0.3213272562737052,15.838616026458501
2020-07-14,0.001520433899732685,0,151.50582152683373,0.1520433899732685,15.77879555232716
2020-07-15,0.003146438614044062,0,151.98252529393824,0.3146438614044062,14.980945659593143
2020-07-16,-0.0017318709934616178,0,151.7193111668686,-0.17318709934616178,14.769429492497785
2020-07-17,0.002181467628201449,0,152.05028193275217,0.21814676282014492,14.541222927644215
2020-07-20,0.0009269613311764554,0,152.1912266644983,0.09269613311764555,14.135576746483089
2020-07-21,-0.0033502413419031884,0,151.68134932505194,-0.33502413419031885,14.057205523362423
2020-07-22,0.00453917257918791,0,152.36985714668242,0.45391725791879095,13.815475697277952
2020-07-23,0.006349079364566637,0,153.3372654624744,0.6349079364566637,13.837366016116926
2020-07-24,-0.0011757094201646676,1,153.1569853950079,-0.11757094201646677,5.864535310833998
2020-07-27,0.015586748017842277,1,155.5442047335322,1.5586748017842278,7.327191027310333
2020-07-28,-0.04669809287130336,2,148.2805870152927,-4.669809287130336,18.877318695517125
2020-07-29,0.008024282001674382,1,149.47043226087723,0.8024282001674382,19.06887252309725
2020-07-30,-0.004401821411797008,1,148.81249011172076,-0.44018214117970084,19.090008073842952
2020-07-31,-0.00636502092198403,1,147.8652954987071,-0.636502092198403,19.08605045908561
2020-08-03,-0.017978895655850827,1,145.20684077981429,-1.7978895655850826,20.057993286473398
2020-08-04,0.020474771167285032,1,148.17991761670538,2.047477116728503,21.39947889168506
2020-08-05,-0.01450172821860878,1,146.0310527239721,-1.450172821860878,21.952872702020034
2020-08-06,-0.006079634631640367,1,145.14323727853653,-0.6079634631640367,21.787777076461396
2020-08-07,0.009706957828642176,1,146.55213656191188,0.9706957828642176,22.156002921224864
2020-08-10,-0.004223762465390266,1,145.93313514827892,-0.4223762465390266,22.110931646219107
2020-08-11,0.00010963475206243213,1,145.9491344913686,0.010963475206243214,22.089317459929863
2020-08-12,0.0009547441903351489,1,146.0884785796087,0.09547441903351489,22.03821931743025
2020-08-13,0.009489376405826862,1,147.47476714140518,0.9489376405826863,22.405297954737613
2020-08-14,-0.004649688624467967,1,146.7890553942317,-0.4649688624467967,22.394852226375267
2020-08-17,0.00808146913323109,1,147.97532661449634,0.8081469133231091,22.647175044708014
2020-08-18,0.015235857863600748,1,150.22985765811472,1.5235857863600748,23.37389490376393
2020-08-19,0.005335454015731855,1,151.0314021554395,0.5335454015731855,23.39780079354118
2020-08-20,-0.0024999973058253827,0,150.6538240569559,-0.24999973058253827,23.27296375298135
2020-08-21,-0.000873953423650014,0,150.52215963163533,-0.08739534236500139,23.272527595798483
2020-08-24,-0.0021041238087888877,0,150.20544237180408,-0.21041238087888878,22.45698544909228
2020-08-25,0.0032163242658667553,0,150.68855178096976,0.3216324265866755,14.891533420589392
2020-08-26,-0.004985275233756887,0,149.9373278757654,-0.49852752337568873,14.775532827394237
2020-08-27,0.006228289086877251,0,150.87118089868957,0.6228289086877251,14.818452327229203
2020-08-28,0.000696111891406496,0,150.97620412178367,0.06961118914064961,14.580198383647852
2020-08-31,0.0030148550282323846,0,151.43137548992362,0.30148550282323844,12.726733351061014
2020-09-01,0.00032354954410330594,0,151.48037104242633,0.032354954410330594,10.727624716355734
2020-09-02,0.00011682159601825821,0,151.49806722113698,0.011682159601825821,9.023114324805368
2020-09-03,0.0024117043999200036,0,151.86343577643356,0.24117043999200036,8.522326752266537
2020-09-04,-0.001919801845781728,0,151.57188807212322,-0.19198018457817279,8.170352169766543
2020-09-07,0.0027277332648091325,0,151.98533575322747,0.27277332648091324,7.869182015089013
2020-09-08,0.001982197656705217,0,152.28660072961105,0.19821976567052169,7.83608827909484
2020-09-09,0.002110918583070752,1,152.60806534504388,0.21109185830707522,7.823648983435441
2020-09-10,0.02123462603457487,1,155.84864054250585,2.123462603457487,10.06536791860099
2020-09-11,-0.008434612258261599,1,154.53411768855264,-0.8434612258261599,10.515714258240234
2020-09-14,-0.001146686172741464,1,154.35691555258236,-0.1146686172741464,10.386518380074177
2020-09-15,0.0012571439354777082,1,154.5509644128683,0.1257143935477708,9.160605023599192
2020-09-16,0.0031910108084012953,1,155.0441382107586,0.31910108084012956,9.07067381117276
2020-09-17,-0.00927650031874657,1,153.60587121322672,-0.9276500318746571,9.743871260865422
2020-09-18,-0.006193425574034524,1,152.65452468213286,-0.6193425574034523,10.056663408712211
2020-09-21,0.006697427309074768,1,153.6769172645928,0.6697427309074768,10.212632514060259
2020-09-22,0.004643780205608391,1,154.390559091045,0.46437802056083904,10.26314972208197
2020-09-23,0.007576612612879071,1,155.56031654836366,0.7576612612879071,10.222097976265223
2020-09-24,0.005860040315764239,1,156.47190627487012,0.5860040315764239,10.202052275436795
2020-09-25,-0.0017117703921015943,1,156.20406229851312,-0.17117703921015942,10.27352812903951
2020-09-28,-0.006344861563000326,1,155.21296914765077,-0.6344861563000326,10.647855063877625
2020-09-29,-0.007866226493152603,1,153.99202877766066,-0.7866226493152603,11.12888634466825
2020-09-30,0.00020850390730114694,1,154.02413671735403,0.020850390730114694,11.128137378407374
2020-10-01,-0.01453435051685759,1,151.7854959262476,-1.453435051685759,12.36933087672784
2020-10-02,0.0006801086660305456,1,151.8887265574048,0.06801086660305457,12.350137918411454
2020-10-05,0.004815001830477433,1,152.62007105380758,0.4815001830477433,12.430263208423648
2020-10-06,0.005631880787854628,1,153.4796090998165,0.5631880787854627,12.564988116001924
2020-10-07,-0.009276921531080565,1,152.0557908095766,-0.9276921531080565,13.00426392653481
2020-10-08,0.0051204834871053095,1,152.83438997553574,0.512048348710531,10.508221271419856
2020-10-09,0.018634848694350278,1,155.68243570802318,1.8634848694350277,12.20833960063945
2020-10-12,0.0007994212686551316,1,155.8068915582842,0.07994212686551316,12.195211690734416
2020-10-13,-0.010396883169389862,1,154.1869855097669,-1.0396883169389863,12.786002319009743
2020-10-14,0.010684243620844195,1,155.83435682611685,1.0684243620844196,13.306854769737964
2020-10-15,0.016963692982958387,1,158.47788301151186,1.6963692982958387,14.044861797082142
2020-10-16,0.0028513229505914405,0,158.92975463650376,0.28513229505914406,13.742947451153412
2020-10-19,0.003244732913012625,0,159.44543924222984,0.3244732913012625,13.642429273194004
2020-10-20,0.004636786963895799,0,160.18475377636082,0.46367869638957987,13.642241537661787
2020-10-21,0.008271539824933014,0,161.5097283465691,0.8271539824933014,13.682906239117337
2020-10-22,0.008438609448621293,1,162.8726458662387,0.8438609448621293,13.811555891825842
2020-10-23,0.00016519967421585,1,162.89955237427446,0.016519967421585,13.759860272085092
2020-10-26,0.004005806819071073,2,163.55209651199897,0.40058068190710727,13.399495058603852
2020-10-27,0.03719357105956704,2,169.63518303555918,3.719357105956704,17.596339983845688
2020-10-28,-0.0006462975237612875,2,169.5255482368205,-0.06462975237612875,17.62919712905094
2020-10-29,-0.031358084669562206,2,164.2095517415563,-3.1358084669562207,20.809165129432632
2020-10-30,-0.00464642417529431,2,163.44656451053012,-0.46464241752943103,21.00760420543817
2020-11-02,-0.03373257317138088,2,157.93309131356784,-3.3732573171380875,24.854026616241626
2020-11-03,-0.0019519191925495023,2,157.62481868149422,-0.19519191925495022,24.845917948174108
2020-11-04,-0.028378606005917965,2,153.1516460553778,-2.8378606005917963,26.788936578844563
2020-11-05,-0.020954260176037038,2,149.94246661754508,-2.0954260176037036,27.772656106689837
2020-11-06,-0.05139539473060277,2,142.23611435885616,-5.139539473060277,32.06338832717712
2020-11-09,0.012107621315670131,2,143.95825536892553,1.2107621315670132,32.54996876800394
2020-11-10,-0.007303606634486543,2,142.9068408999239,-0.7303606634486542,32.4845791871693
2020-11-11,-0.029331460415047982,2,138.71517455302825,-2.933146041504798,33.24887019760992
2020-11-12,0.00620307212232894,2,139.57563478524213,0.620307212232894,32.49149174364505
2020-11-13,-0.018675046786055475,2,136.96905327543433,-1.8675046786055476,32.600680581772714
2020-11-16,-0.03240267886374953,2,132.53088902787863,-3.2402678863749528,33.5276315114749
2020-11-17,-0.011320962577032174,2,131.03051179289324,-1.1320962577032174,33.14385946813421
2020-11-18,-0.02142195410961343,2,128.2235821823067,-2.142195410961343,32.670803890257716
2020-11-19,0.028611391776245367,2,131.89223732707828,2.8611391776245365,34.98742793001811
2020-11-20,0.006490556719292272,2,132.74829137428404,0.6490556719292272,35.30802181020201
2020-11-23,-0.006166623021208553,2,131.92968270466926,-0.6166623021208553,34.957820940341314
2020-11-24,-0.008997055308538364,2,130.74270405253745,-0.8997055308538363,30.117598328446572
2020-11-25,-0.023865161124206374,2,127.62250835450921,-2.3865161124206375,30.006116579661096
2020-11-26,-0.0036705397569056614,2,127.15406486371796,-0.36705397569056614,29.47740886795391
2020-11-27,-0.05162606936680071,2,120.58960029079297,-5.1626069366800715,32.382712886549456
2020-11-30,-0.04905138041312053,2,114.67451393306314,-4.905138041312053,33.982037600391784
2020-12-01,-0.0571560926572013,2,108.12016678928546,-5.71560926572013,36.58006326721552
2020-12-02,-0.038454642146981945,2,103.9624444665315,-3.8454642146981945,37.11500421600294
2020-12-03,-0.03179283438658727,2,100.65718368718228,-3.179283438658727,37.39220282824219
2020-12-04,0.0049418296776612735,2,101.1546143447974,0.49418296776612736,36.34352151773226
2020-12-07,0.030947095124416665,2,104.28505581719953,3.0947095124416664,38.84915046047491
2020-12-08,-0.052900327634449684,2,98.76834219709279,-5.290032763444969,40.861194358376196
2020-12-09,0.032977999755246616,2,102.02552456189464,3.2977999755246614,44.39863606802853
2020-12-10,-0.008183142652537029,2,101.19063514020475,-0.8183142652537029,43.782554407855734
2020-12-11,-0.022678669181444375,2,98.8957662015998,-2.2678669181444375,43.84304465468357
2020-12-14,0.0029266799891408636,2,99.18520246155276,0.29266799891408635,43.86064683472129
2020-12-15,-0.04613922797517108,2,94.60887379341568,-4.613922797517108,45.294414101456745
2020-12-16,-0.021997551290599604,2,92.52771023959914,-2.1997551290599606,45.304416183033936
2020-12-17,0.011247295226478184,2,93.56839671329395,1.1247295226478184,43.4277457568377
2020-12-18,-0.0323069087918577,2,90.5454910548772,-3.23069087918577,42.864924491333255
2020-12-21,-0.006914104117840116,2,89.91945010232281,-0.6914104117840116,42.83698651186854
2020-12-22,0.007621355171565296,2,90.60475816838446,0.7621355171565296,43.72973741977459
2020-12-23,0.058923549770192714,2,95.94351214573555,5.892354977019272,51.40793876285857
2020-12-24,0.013110238063117705,2,97.20135443057777,1.3110238063117705,52.17990467043152
2020-12-25,0.006230699374980654,2,97.80698684887564,0.6230699374980654,50.48790823782694
2020-12-28,-0.005289432183584717,2,97.28964342485774,-0.5289432183584717,48.33448597370486
2020-12-29,-0.08743837202712285,2,88.78279538868891,-8.743837202712285,53.37302920211074
2020-12-30,-0.03796606702286704,2,85.41206182848445,-3.796606702286704,53.3378520805401
2020-12-31,-0.00011093521903075116,0,85.40258662269764,-0.011093521903075117,52.74289188630139
2021-01-01,0.004345265444483206,0,85.77368353121872,0.4345265444483206,52.72442402962098
2021-01-04,0.005622987421395105,0,86.25598787480149,0.5622987421395105,51.00188506739275
2021-01-05,0.006235987325360258,0,86.79387912192519,0.6235987325360258,48.500810169077226
2021-01-06,0.0010031235376414568,0,86.8809441049956,0.10031235376414568,46.37499823930341
2021-01-07,0.0020809589904095503,0,87.06173978672616,0.20809589904095505,46.50047334509841
2021-01-08,0.0025551552635738233,0,87.28419604939812,0.25551552635738234,46.239343878835406
2021-01-11,0.004072617383869198,0,87.63967118356595,0.4072617383869198,46.2698499616074
2021-01-12,0.00024852131672662195,0,87.66145151004598,0.024852131672662196,43.76197696292463
2021-01-13,-0.006014759513502841,0,87.13418896060847,-0.6014759513502841,43.22735324665152
2021-01-14,-0.0003330458220995589,0,87.10516928301311,-0.03330458220995589,42.928434319489924
2021-01-15,-0.0002533004527690316,0,87.08310550419519,-0.025330045276903163,41.53262469558761
2021-01-18,0.0023163020859075676,0,87.28481628312187,0.23163020859075675,41.50560987946002
2021-01-19,-0.001751418623607862,0,87.13194403032543,-0.1751418623607862,41.37598275384986
2021-01-20,-0.004953457968646792,0,86.70033960784473,-0.49534579686467917,34.644091852106136
2021-01-21,0.0005906223246010555,0,86.75154676396761,0.05906223246010555,34.065153594073465
2021-01-22,-0.003120000639602295,0,86.48088188257755,-0.3120000639602295,33.80092535875844
2021-01-25,0.00609067124083305,0,87.00760850274165,0.609067124083305,34.068865215051616
2021-01-26,0.006105926292900108,0,87.53887054718089,0.6105926292900108,15.035026681409223
2021-01-27,0.0037194332130294763,0,87.86446552972517,0.3719433213029476,5.701096427937005
2021-01-28,0.0010531874552467454,0,87.95700328258305,0.10531874552467455,5.674479731941749
2021-01-29,0.0038226781376964006,0,88.29323459608867,0.3822678137696401,5.642432168931346
2021-02-01,0.00021713495961728636,0,88.31240614401717,0.021713495961728637,5.43523923997627
2021-02-02,-0.003338690774653286,0,88.0175583283367,-0.3338690774653286,5.316251281140632
2021-02-03,0.0016697735380542841,0,88.1645277181175,0.1669773538054284,5.326456728265539
2021-02-04,-0.003510979512623683,0,87.85498386755904,-0.3510979512623683,5.5063992341633385
2021-02-05,-0.0022737091460833664,0,87.65522718721037,-0.22737091460833664,5.52936642232643
2021-02-08,0.0018530132537244739,0,87.8176534849465,0.1853013253724474,5.378202116713031
2021-02-09,0.0017872370109082614,0,87.97460444546591,0.17872370109082614,5.4112094970960225
2021-02-10,0.004541819770339376,0,88.37416924322412,0.45418197703393764,5.095592611317532
2021-02-11,0.0055530615458454936,0,88.8649164440947,0.5553061545845493,5.357174951104753
2021-02-12,-0.0046158602126815445,0,88.45472841197713,-0.46158602126815446,5.705664006567241
2021-02-15,0.0032867984359957053,0,88.74546127497804,0.32867984359957053,5.750370407016811
2021-02-16,0.004878958159856703,0,89.17844666741584,0.4878958159856703,5.835630550412095
2021-02-17,-0.0033615369821856566,0,88.87867002092945,-0.33615369821856567,5.638172402899051
2021-02-18,0.0017635865114273084,0,89.03541524453196,0.17635865114273083,5.635420838817495
2021-02-19,0.0010015655744038984,0,89.12459005134366,0.10015655744038984,5.390666658566218
2021-02-22,0.005784876624953333,0,89.64016480904023,0.5784876624953332,5.35720842639524
2021-02-23,0.003736493345454764,0,89.97510468833467,0.37364933454547644,5.1488058076759415
2021-02-24,-0.0012553630835509986,0,89.86215326347029,-0.12553630835509985,5.151629065840706
2021-02-25,-0.004273415125860983,0,89.47813497847173,-0.4273415125860983,5.49748608636612
2021-02-26,0.0008484543645385055,0,89.55405309262497,0.08484543645385055,5.385369046885003
2021-03-01,-0.0012084094574221127,0,89.44583512791738,-0.12084094574221127,5.4264528670750645
2021-03-02,0.004333602115227897,0,89.83345778822603,0.43336021152278975,5.36274553152807
2021-03-03,-0.0006512849539091429,0,89.77495060881094,-0.06512849539091428,5.389071340317185
2021-03-04,0.00898243850087184,1,90.58134858157338,0.8982438500871839,5.835615690866182
2021-03-05,0.01679851761315766,1,92.10298096114454,1.679851761315766,7.785557524487697
2021-03-08,-0.007960266588752448,1,91.36981667907503,-0.7960266588752448,8.625827195188577
2021-03-09,0.01990766365882594,1,93.18877625809064,1.990766365882594,10.712665284316145
2021-03-10,-0.01602851981827139,1,91.69509811099739,-1.602851981827139,12.61519070309748
2021-03-11,-0.001824556370668438,1,91.5277952355799,-0.18245563706684378,12.601793822231516
2021-03-12,-0.00690972870585477,1,90.89536300145701,-0.690972870585477,12.774738468795885
2021-03-15,0.00262772721298179,1,91.1342112203498,0.262772721298179,12.76391389701278
2021-03-16,-0.006012889609364633,1,90.5862312686453,-0.6012889609364633,12.949781864490124
2021-03-17,0.00726176013406608,1,91.24404675156725,0.726176013406608,13.044052440900323
2021-03-18,0.003590205892012087,1,91.57163166582576,0.3590205892012087,13.067899164157712
2021-03-19,-0.006698686334193118,1,90.95822202818613,-0.6698686334193118,13.38399562054991
2021-03-22,0.00426641350987872,1,91.34628741548173,0.42664135098787204,13.32350059146582
2021-03-23,0.0019407373556522165,1,91.5235665677691,0.19407373556522164,13.28936687253669
2021-03-24,-0.0008664395711015744,1,91.44426692800643,-0.08664395711015745,13.28176714015094
2021-03-25,-0.007297112269001285,1,90.77698784587623,-0.7297112269001286,13.480049673161865
2021-03-26,-0.011483418391495305,1,89.73455771412235,-1.1483418391495306,14.162183158020799
2021-03-29,-0.011764523724538416,1,88.67887338098359,-1.1764523724538416,14.777653350079731
2021-03-30,0.0029782929489779323,1,88.94298504429747,0.29782929489779325,14.727949393741879
2021-03-31,0.011662560865119475,1,89.98028802090201,1.1662560865119476,15.342227969320607
2021-04-01,0.0001400536868414077,1,89.99289009198239,0.01400536868414077,14.984611139651902
2021-04-02,0.005273125312663356,1,90.46743387868617,0.5273125312663356,13.749589045765237
2021-04-05,-0.0037510628646379293,1,90.12808484700474,-0.3751062864637929,13.5408891085909
2021-04-06,0.005338075317152804,1,90.6091953521088,0.5338075317152804,11.430378870176263
2021-04-07,0.006581104101991509,1,91.2055038993187,0.6581104101991508,10.35360046991981
2021-04-08,0.003275711685131595,1,91.50426683419002,0.3275711685131595,10.408694249049224
2021-04-09,0.0046215734980441054,1,91.92716052874887,0.46215734980441053,10.194917236123766
2021-04-12,0.005612675452728766,1,92.44311784608765,0.5612675452728766,10.328459541098685
2021-04-13,0.012176347176477718,1,93.56873734305765,1.2176347176477718,10.761669204674517
2021-04-14,-0.007411495353334508,1,92.87525308102221,-0.7411495353334508,11.003254979529556
2021-04-15,0.0006924748346193041,1,92.93956685653971,0.06924748346193041,10.95759291609487
2021-04-16,0.021516103460753878,1,94.93926419262267,2.1516103460753877,12.82647656581834
2021-04-19,0.014809013772772602,1,96.34522106362812,1.4809013772772601,13.578348693000025
2021-04-20,0.01623594822856981,1,97.90947708488731,1.623594822856981,14.395576251206085
2021-04-21,0.02038207396897826,1,99.90507528909546,2.038207396897826,15.491237098886677
2021-04-22,0.005854994475570357,1,100.49001895299455,0.5854994475570358,14.855577804633194
2021-04-23,-0.01120447937344596,1,99.36408060839852,-1.120447937344596,14.814459655922063
2021-04-26,-0.011818273411413777,1,98.18976873649471,-1.1818273411413778,14.82260963005542
2021-04-27,-0.007962958164163746,1,97.40788771589709,-0.7962958164163746,15.527111856368137
2021-04-28,0.002061436825788508,1,97.60868792275691,0.20614368257885082,15.320639024759606
2021-04-29,0.015506346887264343,1,99.12224209689789,1.5506346887264342,15.755830515253946
2021-04-30,-0.002807141227643224,1,98.84399196453126,-0.2807141227643224,15.989072128197504
2021-05-03,0.00115576211034067,1,98.95823210527868,0.11557621103406701,15.746857184355978
2021-05-04,-0.004025897950810475,1,98.55983636143021,-0.40258979508104753,16.046905788796657
2021-05-05,-0.01175191417307117,1,97.40156962359873,-1.1751914173071172,16.987539756350397
2021-05-06,0.0011463867286736857,0,97.51322949036721,0.11463867286736858,17.005512259632756
2021-05-07,-0.002355562985448259,0,97.28353093638819,-0.23555629854482588,17.11032369773145
2021-05-10,0.005350333742625341,0,97.80403029455887,0.5350333742625341,17.105040780211443
2021-05-11,0.0036615105292990982,0,98.16214078129029,0.36615105292990985,16.75454032205197
2021-05-12,0.00028760913350770205,0,98.19037310954367,0.028760913350770204,16.37192301039522
2021-05-13,-0.0018917905807603098,0,98.0046174865737,-0.18917905807603097,16.442360707711707
2021-05-14,-0.0035510176237736474,0,97.65660136266769,-0.35510176237736474,14.98195145255382
2021-05-17,0.0035029251984796082,0,97.99868513237884,0.35029251984796084,14.16024848555277
2021-05-18,-0.0017811717682561067,0,97.82413264109483,-0.17811717682561068,12.964031399458387
2021-05-19,0.0025897842742140112,0,98.07747604144735,0.25897842742140115,10.568846251766775
2021-05-20,0.005077330471420145,0,98.57544779911258,0.5077330471420145,10.506327202373274
2021-05-21,0.0016753402677730411,0,98.74059521622418,0.1675340267773041,9.809069320403967
2021-05-24,-0.0011528732100952947,0,98.62675982925053,-0.11528732100952947,8.829149956514469
2021-05-25,-0.0009433365804554898,0,98.5337215988918,-0.09433365804554898,8.30026266594073
2021-05-26,-8.243290478612115e-05,0,98.52559917800102,-0.008243290478612116,8.284647337091677
2021-05-27,0.0023143695175694328,0,98.75362382143884,0.2314369517569433,6.162981876106003
2021-05-28,0.0025856563790425877,0,99.0089667588263,0.2585656379042588,6.1552624038905766
2021-05-31,-0.0014552698816985182,0,98.86488199148408,-0.14552698816985182,6.165101940202229
2021-06-01,0.003951074412990082,0,99.25550449706392,0.3951074412990082,6.131229866192372
2021-06-02,-0.0007244947412602498,0,99.18359440601466,-0.07244947412602498,4.181873646175925
2021-06-03,-0.0029461518913396862,0,98.8913844717655,-0.2946151891339686,4.397958727360422
2021-06-04,0.005021498726746019,0,99.38796743297664,0.502149872674602,4.495423537913555
2021-06-07,0.002806115884105627,0,99.6668615870793,0.28061158841056266,4.2589544868126525
2021-06-08,0.00458808951163649,0,100.12414206938472,0.458808951163649,4.349023466171783
2021-06-09,0.0032401307398045648,0,100.44855737990031,0.3240130739804565,4.411291874388449
2021-06-10,-0.0026346593428972654,0,100.1839096497188,-0.26346593428972653,4.486278582901324
2021-06-11,0.0019808716653907255,0,100.38236111767198,0.19808716653907255,4.141455405572712
2021-06-14,0.00321179044512895,0,100.7047682259692,0.32117904451289503,4.122915733675951
2021-06-15,-0.0038644515326094137,0,100.31559953005728,-0.38644515326094137,4.391413067344054
2021-06-16,0.0018015926092720229,0,100.49632737276532,0.1801592609272023,4.36865632261126
2021-06-17,-0.004841892424830558,0,100.00973496653585,-0.48418924248305584,4.61948050303213
2021-06-18,0.004442342948129255,0,100.4540125074087,0.4442342948129255,4.795903704163754
2021-06-21,0.0006589755895367703,0,100.52020924952213,0.06589755895367704,4.737567919000751
2021-06-22,0.002371181566562442,0,100.75856091676158,0.2371181566562442,4.707366922432647
2021-06-23,0.004466102232888483,0,101.20855895065458,0.4466102232888483,4.828443308969428
2021-06-24,0.0021596597211381336,0,101.42713499885474,0.21596597211381335,4.824650077716612
2021-06-25,0.0037479130083267094,0,101.80727507751426,0.3747913008326709,4.8817225408914275
2021-06-28,0.0011442955407691394,0,101.92377268840332,0.11442955407691394,4.765968942692069
2021-06-29,-0.003948385717068483,0,101.52133832009069,-0.39483857170684833,5.049924982690343
2021-06-30,-0.0006050644857826385,0,101.45991136372407,-0.06050644857826385,5.044270092701369
2021-07-01,0.003652267200613587,0,101.83047007017495,0.3652267200613587,4.8763236735614335
2021-07-02,0.004283175480097677,0,102.26662784270634,0.42831754800976773,4.811615222532875
2021-07-05,0.0022845927726967193,0,102.50026544156385,0.22845927726967194,4.7954096423871935
2021-07-06,-0.0022635532419842935,0,102.26825063341936,-0.22635532419842935,4.809292840250701
2021-07-07,0.002287648281309981,0,102.50220442121348,0.2287648281309981,4.76380905749423
2021-07-08,0.0024390035661216733,0,102.75220766333216,0.24390035661216733,4.585100360710243
2021-07-09,0.0007219316732146196,0,102.82638773653703,0.07219316732146196,4.581002650011545
2021-07-12,0.002669249242972257,0,103.10085699416037,0.2669249242972257,4.553484089743695
2021-07-13,-0.003956020108425974,0,102.6929879306955,-0.3956020108425974,4.567035187351072
2021-07-14,0.0031994360254528603,0,103.02154757584236,0.31994360254528603,4.619098399028464
2021-07-15,0.0016784161650179857,0,103.19446060663884,0.16784161650179857,4.02043537545114
2021-07-16,-0.0019228239400121275,0,102.99603582730776,-0.19228239400121275,4.052387410809703
2021-07-19,0.0061781505314730915,0,103.63236084079387,0.6178150531473091,4.403374736411039
2021-07-20,0.0008903221726610172,0,103.72462702945562,0.08903221726610172,4.3971965397183
2021-07-21,-0.0025257113962085086,0,103.46264855689984,-0.25257113962085087,4.462161823427251
2021-07-22,0.006167243937888054,0,104.10072794901023,0.6167243937888054,4.801556067908655
2021-07-23,-0.000982842563956419,0,103.9984133226431,-0.0982842563956419,4.776045735356426
2021-07-26,0.001017655556476069,0,104.10424788582557,0.10176555564760689,4.775994477558082
2021-07-27,0.00021779899325450745,0,104.12692168620863,0.021779899325450745,4.411190166576057
2021-07-28,-0.0010354851069587858,0,104.0190998095691,-0.10354851069587859,4.438040438759022
2021-07-29,0.005952749001465527,0,104.63829940209384,0.5952749001465527,4.672146317155117
2021-07-30,-0.0004690701536193662,0,104.58921669891883,-0.046907015361936616,4.582132092640803
2021-08-02,-0.0012491254480722469,0,104.45857164674628,-0.12491254480722469,4.635152353943246
2021-08-03,-0.0017136580717927667,0,104.2795653722759,-0.17136580717927666,4.588450442999248
2021-08-04,-8.235780814061272e-05,0,104.27097713583797,-0.008235780814061271,4.575851834362923
2021-08-05,0.00034776204845620416,0,104.30723862444127,0.03477620484562042,4.540197418142748
2021-08-06,0.003918080105483976,0,104.71592274095364,0.3918080105483976,4.676787259476218
2021-08-09,-0.0004888429283674948,0,104.66473310263427,-0.048884292836749485,4.653967865234433
2021-08-10,0.0007040847006366802,0,104.73842593990805,0.07040847006366802,4.309243866962425
2021-08-11,-0.00030939249533844726,0,104.70602065694867,-0.030939249533844727,4.250235410696684
2021-08-12,-0.006058813557680841,0,104.07162639942156,-0.6058813557680841,4.882074974321197
2021-08-13,0.0007913005888356586,0,104.1539783386725,0.07913005888356586,4.8031752768358915
2021-08-16,0.003521708888342471,0,104.52077832994404,0.3521708888342471,4.47249724484304
2021-08-17,-0.0025243992645008727,0,104.25692615400288,-0.2524399264500873,4.588690411190261
2021-08-18,-0.0022501153729506734,0,104.02233604172717,-0.22501153729506734,4.5674942638842895
2021-08-19,0.002660598938314027,0,104.29909775856072,0.26605989383140266,4.114523631551499
2021-08-20,-0.0006738625301680142,0,104.22881450465088,-0.06738625301680141,4.105205904037726
2021-08-23,0.0044533785228798636,0,104.69298486863114,0.44533785228798634,4.3776435628309045
2021-08-24,0.002372650394799662,0,104.94138472051245,0.23726503947996622,4.4396018616907424
2021-08-25,0.0032188050644999192,0,105.27917058112646,0.32188050644999194,4.514208281530039
2021-08-26,0.0035244210132618393,0,105.65021870218136,0.3524421013261839,4.204406171753515
2021-08-27,-7.111020520203688e-05,0,105.64270589344981,-0.007111020520203688,4.194795193679008
2021-08-30,-0.0014368074116244227,0,105.49091767063805,-0.14368074116244228,4.205716611028283
2021-08-31,-0.00027615875305463545,0,105.46178543035553,-0.027615875305463545,4.135959132820463
2021-09-01,-0.0020309193440963443,0,105.24760105026209,-0.2030919344096344,4.233229438059071
2021-09-02,0.0028683829848971,0,105.5494914783159,0.28683829848971,4.317325523647568
2021-09-03,-0.00227093697957913,0,105.30979523494202,-0.22709369795791298,4.24394866462978
2021-09-06,0.003371858167426891,0,105.66488492811501,0.3371858167426891,4.369829572213809
2021-09-07,0.003077795840493165,0,105.99009987143293,0.3077795840493165,4.466199429483635
2021-09-08,0.0018353537495862542,0,106.184629198651,0.18353537495862543,4.473291807180709
2021-09-09,-0.0005598151392161672,0,106.12518543567353,-0.055981513921616724,3.735501603128938
2021-09-10,0.0007843819928036973,0,106.20842812011222,0.07843819928036973,3.7355487901953035
2021-09-13,-0.003172742550456512,0,105.87145612099845,-0.3172742550456512,3.8842155700851024
2021-09-14,0.0022851850686594235,0,106.11339199172338,0.22851850686594236,3.7360660929565053
2021-09-15,0.004963525383421913,0,106.6400885063953,0.4963525383421913,3.8098200806608515
2021-09-16,0.003093340878038229,0,106.96996265140974,0.3093340878038229,3.8341471220659415
2021-09-17,0.00016222914483840956,0,106.98731629697409,0.016222914483840955,3.789211792921411
2021-09-20,0.0025814340491849604,0,107.26349699809401,0.258143404918496,3.6384893070307625
2021-09-21,-0.004417772311951449,0,106.78963129097274,-0.44177723119514495,4.1188721354109035
2021-09-22,-9.653547351646044e-05,0,106.77932230334942,-0.009653547351646044,4.0361049226509085
2021-09-23,-0.005847058915798861,0,106.15497731485266,-0.5847058915798861,4.512375480962969
2021-09-24,-0.0004182586295124488,0,106.11057707952503,-0.04182586295124488,4.517252116009027
2021-09-27,0.0020699357767670454,0,106.33021915931533,0.20699357767670454,4.517671307536573
2021-09-28,0.00046710447124814476,0,106.37988648011343,0.04671044712481447,4.510611712706533
2021-09-29,-6.424799778733422e-05,0,106.37305178540224,-0.0064247997787334225,4.421008197779545
2021-09-30,0.007403611201936971,1,107.16059650318486,0.740361120193697,4.994322215399741
2021-10-01,-0.00583894512861679,1,106.53489166025292,-0.583894512861679,5.423861555426238
2021-10-04,-0.016083162745951982,1,104.82147365955869,-1.6083162745951982,7.9197095502605634
2021-10-05,0.005456447994629569,1,105.39342657930251,0.545644799462957,8.100739256177432
2021-10-06,0.006074758392356726,1,106.03366618191437,0.6074758392356726,8.381759040192982
2021-10-07,0.0042017972642411075,1,106.47919815039499,0.4201797264241107,8.513320627550426
2021-10-08,0.016851420103054317,1,108.27352385066366,1.6851420103054318,10.371995592628885
2021-10-11,-0.005934934324772325,1,107.6309275974983,-0.5934934324772325,10.563381175660638
2021-10-12,0.0032614975490362404,1,107.98196560405803,0.326149754903624,10.58668853737927
2021-10-13,0.00672334507423823,1,108.70796562060865,0.672334507423823,10.694286523547023
2021-10-14,0.0002115224448675514,1,108.7309597952733,0.02115224448675514,10.667727706516136
2021-10-15,0.001419851274981568,1,108.88534158716861,0.1419851274981568,10.666498495136114
2021-10-18,-0.0005900801606458525,1,108.82109050731286,-0.05900801606458525,10.659639400912607
2021-10-19,0.007325844439041026,1,109.61829688805622,0.7325844439041026,10.720533054657059
2021-10-20,-0.00148654660009829,0,109.4553441815087,-0.148654660009829,10.756354196957089
2021-10-21,0.0028055982757084663,0,109.76243190641142,0.28055982757084663,10.431672576799047
2021-10-22,0.0006787199635752606,0,109.83692986019686,0.06787199635752607,10.40947239281564
2021-10-25,0.001170308177598312,0,109.96547291741454,0.11703081775983121,10.410676626066733
2021-10-26,-1.2681041574711402e-05,0,109.96407844068071,-0.0012681041574711402,10.419618285990069
2021-10-27,-0.005177987784849029,1,109.39468578574267,-0.5177987784849029,10.687735106077692
2021-10-28,-0.006055898629325283,1,108.73220265803731,-0.6055898629325284,10.75644276242247
2021-10-29,-0.00010539487669697125,1,108.72074284094519,-0.010539487669697124,10.479596533018714
2021-11-01,0.004030179202547635,1,109.1589069176283,0.4030179202547635,8.333942577605823
2021-11-02,-0.004182568548054478,1,108.70234230681464,-0.4182568548054478,8.51069987876215
2021-11-03,0.0022333372733831804,1,108.9451112995925,0.22333372733831805,8.348131343793549
2021-11-04,-0.00291367883768847,1,108.62768023432928,-0.29136788376884704,8.409676029958831
2021-11-05,-0.008131309884774698,1,107.74439490427972,-0.8131309884774698,6.66333339666725
2021-11-08,-0.0028906562249376095,1,107.43294289844754,-0.28906562249376094,6.4004753330667326
2021-11-09,0.014510772082868334,1,108.99187784703872,1.4510772082868333,8.178931019314877
2021-11-10,0.0006466059486675654,1,109.06235264361106,0.06466059486675654,7.840969930295058
2021-11-11,0.007457422184263293,1,109.87567665168348,0.7457422184263293,8.256376060165687
2021-11-12,0.021821479107975772,1,112.27332643421289,2.1821479107975774,11.197870248707565
2021-11-15,-0.0018304240920994515,1,112.06781863260755,-0.18304240920994516,11.237991934583459
2021-11-16,-0.0026106932188629125,1,111.77524393845064,-0.26106932188629123,11.106899388167989
2021-11-17,-0.011878383186621608,1,110.44753476017162,-1.1878383186621608,11.992428727433207
2021-11-18,-0.007325187752921746,1,109.63848583120601,-0.7325187752921746,12.267669261009075
2021-11-19,0.008131488039760201,1,110.53000986743989,0.8131488039760202,12.605235628641628
2021-11-22,0.015883987656666307,1,112.2856671798655,1.5883987656666307,13.762040856807953
2021-11-23,0.012115296806877592,1,113.64604136490786,1.2115296806877591,14.297255026124922
2021-11-24,-0.009686064147447567,1,112.54525851814388,-0.9686064147447567,14.669042519706329
2021-11-25,0.004537601976575601,1,113.05594410565003,0.45376019765756015,14.42906068498199
2021-11-26,-0.0043739212669549835,1,112.56144630737066,-0.4373921266954984,14.589959343047212
2021-11-29,-0.005010931440660246,1,111.99740861706286,-0.5010931440660246,14.756803818303949
2021-11-30,0.0023634106337454513,1,112.26210448354036,0.23634106337454514,14.615012684527606
2021-12-01,-0.0085065531340465,1,111.30714092681124,-0.85065531340465,15.049165181341648
2021-12-02,-0.010321197561640048,1,110.15831793528432,-1.0321197561640048,15.534100820948119
2021-12-03,0.008636614430703732,1,111.10971285362625,0.8636614430703732,15.40302574904176
2021-12-06,0.003100947598980886,1,111.45425825092316,0.3100947598980886,15.318794177949183
2021-12-07,0.002922012265370345,1,111.77992896056013,0.2922012265370345,14.586598452676943
2021-12-08,-0.0008480748659912636,1,111.68513121228638,-0.08480748659912636,14.605165687217033
2021-12-09,0.001845680592293731,1,111.89126629141268,0.18456805922937308,14.422453619646072
2021-12-10,-0.0133271752573412,1,110.4000717757812,-1.33271752573412,13.002212131420821
2021-12-13,-0.008011596816626764,1,109.515590912187,-0.8011596816626764,13.249385872547737
2021-12-14,0.008042955995385482,1,110.39641999070233,0.8042955995385481,13.624582987245343
2021-12-15,-0.00048600221338662117,1,110.34276708623689,-0.04860022133866212,12.955900125324305
2021-12-16,0.0008439271497486058,1,110.43588834315936,0.08439271497486059,12.665890218608505
2021-12-17,0.009255216030998494,1,111.45799634735052,0.9255216030998494,12.762864615504904
2021-12-20,-0.01569022133406178,1,109.70919571520955,-1.5690221334061778,12.618518751949875
2021-12-21,0.00012777025366222353,0,109.72321328697514,0.012777025366222352,11.628223241207767
2021-12-22,0.0034635092628243543,0,110.10324065254142,0.3463509262824354,11.368744851138066
2021-12-23,-0.0008100628610064437,0,110.01405010641234,-0.08100628610064438,11.175620452264726
2021-12-24,-0.0016466499620377479,0,109.83289547498099,-0.16466499620377478,11.119182423506453
2021-12-27,0.0067123889439248165,0,110.5701365882465,0.6712388943924816,11.362695797771249
2021-12-28,0.0006820587283629915,0,110.6455519150028,0.06820587283629914,11.319802972687846
2021-12-29,0.0018051787704240142,0,110.84528691636162,0.18051787704240144,10.962859284544022
2021-12-30,0.003020590346287562,0,111.18010511995267,0.3020590346287562,10.331520647624712
2021-12-31,-0.00081981047556627,0,111.08895850510076,-0.081981047556627,9.876854362187583
2022-01-03,0.0024445524906015264,0,111.36052129529274,0.24445524906015265,9.85231956280455
2022-01-04,0.0019865179071437253,0,111.5817409649947,0.19865179071437253,9.820768185405205
2022-01-05,0.008431494368650405,0,112.52254178558525,0.8431494368650405,10.265636073169984
2022-01-06,-0.003981338102524703,1,112.07455150258139,-0.3981338102524703,10.364212726668844
2022-01-07,0.0013045197754668898,1,112.2207549713431,0.13045197754668897,9.070236041978674
2022-01-10,0.0020866391385232852,1,112.45491919082093,0.20866391385232852,8.451272740678565
2022-01-11,0.0011314812785661135,1,112.582159826568,0.11314812785661135,8.071645273188272
2022-01-12,-0.011137705084777018,1,111.32825293261246,-1.1137705084777019,9.14474924176536
2022-01-13,0.0016061081612266997,1,111.50705814822264,0.16061081612266997,9.152986112254341
2022-01-14,0.0025951868993622763,1,111.79643980471535,0.2595186899362276,8.59628197725766
2022-01-17,0.0144440988716792,1,113.41123863475637,1.44440988716792,7.846643312670569
2022-01-18,-0.0016168854912513967,1,113.227865648463,-0.16168854912513966,7.916321284615946
2022-01-19,-0.010020342162512352,1,112.0932836923344,-1.0020342162512352,8.88020716710845
2022-01-20,0.011688524455567223,1,113.40348878007707,1.1688524455567224,9.635113928794741
2022-01-21,0.0013795794732808632,1,113.55993790539651,0.13795794732808633,9.562144602570523
2022-01-24,0.006052844088648951,1,114.24729850425453,0.6052844088648951,9.518940987798938
2022-01-25,-0.002296864610513908,1,113.98488792747328,-0.22968646105139082,9.617510920871592
2022-01-26,0.0087304194462272,1,114.98002380961132,0.8730419446227201,9.954414872019177
2022-01-27,0.00362074409568937,1,115.39633705194221,0.362074409568937,9.966036294881269
2022-01-28,-0.003692577845924701,1,114.97022709424336,-0.36925778459247005,10.120287899111862
2022-01-31,-0.006655488607352532,1,114.2050440576329,-0.6655488607352532,10.542697374792695
2022-02-01,-0.0031597598418439243,1,113.84418354568358,-0.31597598418439243,10.654805549550534
2022-02-02,-0.01824183119683074,1,111.7674571667022,-1.824183119683074,12.278808067843116
2022-02-03,-0.011920180728939885,1,110.43516887766107,-1.1920180728939884,12.901381520121735
2022-02-04,-0.003942485740835363,1,109.99977979907416,-0.39424857408353625,12.927394609436774
2022-02-07,-0.006518133927438464,1,109.28278650235505,-0.6518133927438464,13.018288987560252
2022-02-08,0.014173276007653456,1,110.83168159833838,1.4173276007653457,14.129988791521031
2022-02-09,0.0009521461438882757,0,110.93720955659288,0.09521461438882757,13.592123716979168
2022-02-10,0.005916903397718698,0,111.5936143087517,0.5916903397718698,13.750824776287999
2022-02-11,-0.0019260549433318546,0,111.37867887626807,-0.19260549433318547,13.73454295240976
2022-02-14,0.004580944767727619,0,111.88889845250272,0.45809447677276194,12.755703965728356
2022-02-15,0.0025928598624098305,0,112.17901068634946,0.25928598624098304,12.800601089595744
2022-02-16,0.0010007016549880342,0,112.29126840799822,0.10007016549880342,12.293702798567633
2022-02-17,0.002591318969156404,0,112.58225090189448,0.2591318969156404,11.560206826840364
2022-02-18,0.0026377046733950995,0,112.87920963123976,0.26377046733950993,11.593578701803315
2022-02-21,0.0015491326606017484,0,113.05407450158242,0.15491326606017483,11.375714936493804
2022-02-22,0.002617346532051925,0,113.34997619141349,0.2617346532051925,11.406483915244326
2022-02-23,-0.0005702295909990845,0,113.2853406808501,-0.057022959099908455,10.901371211731208
2022-02-24,0.0016521232092999297,0,113.47250202146238,0.16521232092999297,10.819501878956462
2022-02-25,-0.00013504330299125974,0,113.45717831999072,-0.013504330299125974,10.767715702598563
2022-02-28,-0.000798457027826636,0,113.36658763860375,-0.0798457027826636,10.531879486869112
2022-03-01,0.0007864495186682848,0,113.45574473688518,0.07864495186682847,10.485164816704323
2022-03-02,0.004044552375906161,0,113.91462243882093,0.40445523759061613,8.09732495241236
2022-03-03,0.004146418185828019,0,114.38696010093298,0.41464181858280186,6.57114357336219
2022-03-04,0.0004556368676431039,0,114.4390790171326,0.04556368676431039,6.241434879691762
2022-03-07,0.0069448385384148536,0,115.23383994339147,0.6944838538414854,5.605149997349821
2022-03-08,-0.006547484678909142,0,114.47934814187025,-0.6547484678909141,4.715618117062445
2022-03-09,0.008130888005173318,0,115.41016690051704,0.8130888005173318,5.23926279027524
2022-03-10,0.0033269070312633275,0,115.79412579625765,0.33269070312633275,5.058927074036468
2022-03-11,0.0036581519555177223,0,116.2177183039767,0.3658151955517722,4.891060223436471
2022-03-14,0.0003642631512435897,0,116.26005213627644,0.03642631512435897,4.839934593238664
2022-03-15,0.004036788989706802,0,116.72936943468291,0.4036788989706802,4.893308395119291
2022-03-16,0.004439547829588251,0,117.24759505340585,0.44395478295882507,4.952561656990096
2022-03-17,0.005504476970550929,0,117.89298174022981,0.5504476970550929,5.09170030514864
2022-03-18,0.005061351594490521,0,118.48967957133998,0.5061351594490521,5.184092212008898
2022-03-21,0.00307072896413568,0,118.85352926235085,0.307072896413568,5.177801665903472
2022-03-22,0.005225647813404713,0,119.47461594765609,0.5225647813404714,5.267018233633611
2022-03-23,0.004728271853348551,0,120.03952441143102,0.47282718533485507,5.173685613426157
2022-03-24,5.0250071666803516e-05,0,120.04555640613555,0.0050250071666803516,5.255723030360573
2022-03-25,0.00018175558445519412,0,120.0673753564014,0.01817555844551941,5.233215751693237
2022-03-28,0.002808852253222616,0,120.40462687420974,0.2808852253222616,5.054110189383425
2022-03-29,0.0003488540488112286,0,120.4466305157904,0.034885404881122864,5.082079265968203
2022-03-30,-0.002637280970299501,0,120.12897890919443,-0.2637280970299501,5.440580595609759
2022-03-31,-0.001932222542060268,0,119.8968629881914,-0.1932222542060268,5.645069755384059
2022-04-01,-0.0021612794017418563,0,119.63773236788155,-0.21612794017418563,5.835439025798199
2022-04-04,0.0024231174253803844,0,119.92762864191515,0.24231174253803844,5.565388020483798
2022-04-05,0.0019954231831288208,0,120.16693501240488,0.19954231831288208,4.559640912231549
2022-04-06,-0.001516949569461055,0,119.98464783207436,-0.1516949569461055,4.234599566592543
2022-04-07,0.0033967019512021667,0,120.39219991947989,0.3396701951202167,4.237683444044542
2022-04-08,0.001852504943632119,0,120.6152270650055,0.18525049436321192,4.189477603482856
2022-04-11,0.0007090636999187626,0,120.70075094417474,0.07090636999187626,4.174890585163675
2022-04-12,-0.006040071769542628,0,119.97170974583425,-0.6040071769542628,4.9454100957306055
2022-04-13,0.0006155250931757326,0,120.045555343654,0.06155250931757326,4.815750077298193
2022-04-14,0.00041742499797353086,0,120.09566535935005,0.04174249979735309,4.541180877974382
2022-04-15,0.0013644302570934197,0,120.25952751891211,0.13644302570934197,4.277013111161277
2022-04-18,0.004824507595101446,0,120.83972052281042,0.4824507595101446,4.445483770085718
2022-04-19,-0.0036810677344041916,0,120.39490132655948,-0.36810677344041914,4.402162395380847
2022-04-20,0.0008220654297452434,0,120.49387381285763,0.08220654297452434,4.099231121960809
2022-04-21,0.003825870332484391,0,120.95486774992436,0.3825870332484391,4.296256168938385
2022-04-22,0.0018016384799152295,0,121.17278469399571,0.18016384799152294,4.32468367734059
2022-04-25,0.0021406254158508986,0,121.43217023662109,0.21406254158508986,4.282888294008652
2022-04-26,0.004641042596234208,0,121.99574211124242,0.4641042596234208,4.535834806726611
2022-04-27,-0.00030029204202890506,0,121.959107760725,-0.030029204202890507,4.385021468016256
2022-04-28,0.0010769906109319631,0,122.09045657470095,0.10769906109319631,4.268541284686875
2022-04-29,0.007427309903007252,0,122.99726023188092,0.7427309903007252,4.689594229921704
2022-05-02,-0.004512702552786792,0,122.44221018164671,-0.45127025527867926,5.113948688487765
2022-05-03,0.0026796649386650368,0,122.77031427928313,0.2679664938665037,5.1365680266541345
2022-05-04,0.0013129270715921259,0,122.93150274848827,0.1312927071592126,5.044405254598148
2022-05-05,0.0007104340296357137,0,123.01883747135507,0.07104340296357137,4.980288766389019
2022-05-06,-0.002283218795740471,0,122.73795854941034,-0.2283218795740471,5.110356868643729
2022-05-09,0.0011925601935128447,0,122.8843309530094,0.11925601935128446,5.111123722296491
2022-05-10,0.002946048813861138,0,123.24635419045562,0.2946048813861138,4.444201157583959
2022-05-11,-0.0005362068403155463,0,123.18026865229474,-0.053620684031554636,4.488071404178858
2022-05-12,0.0030149355911036784,0,123.55164922837628,0.30149355911036785,4.515448621461179
2022-05-13,0.0016403056068592194,0,123.75431169134228,0.16403056068592195,4.516032769923141
2022-05-16,-0.0019254205831177108,0,123.5160325923622,-0.19254205831177107,4.479983895096399
2022-05-17,0.0020593908499966164,0,123.7704003797108,0.20593908499966165,4.116129868716685
2022-05-18,0.00020801828829840829,0,123.79614688653979,0.02080182882984083,4.133038061660428
2022-05-19,0.005377612486094718,0,124.46187459176726,0.5377612486094718,4.2897609699455845
2022-05-20,-0.0016800492102954573,1,124.25277251764746,-0.16800492102954573,4.426004695634523
2022-05-23,0.013898917408731434,1,125.97975154067613,1.3898917408731435,6.30541230924565
2022-05-24,-0.011542834360414946,1,124.52558813587589,-1.1542834360414946,7.7953104248100455
2022-05-25,-0.0071089980521051345,1,123.64033597238068,-0.7108998052105134,8.30815966877986
2022-05-26,0.0006862220384089688,1,123.72518069576121,0.06862220384089689,8.306951913155567
2022-05-27,0.0031778452381772664,1,124.11836017207784,0.31778452381772665,7.979538112167683
2022-05-30,-0.0008711739429614857,1,124.01023149085285,-0.08711739429614858,7.780414889615201
2022-05-31,0.0009889289417288065,1,124.13286879784464,0.09889289417288065,7.74492020085716
2022-06-01,-0.010312195371057728,1,122.8527864028314,-1.0312195371057729,8.642931597197325
2022-06-02,-0.017208248000063594,1,120.73870518691263,-1.7208248000063593,10.568544848106821
2022-06-03,-0.011947184949203073,1,119.29621754551727,-1.1947184949203074,11.268179084197984
2022-06-06,0.0008385713333934993,1,119.39625593373322,0.08385713333934994,11.258085152650635
2022-06-07,0.003210804745711375,1,119.77961399890542,0.3210804745711375,11.272070530622575
2022-06-08,-0.0032245711581516566,1,119.39337611027001,-0.3224571158151657,11.285084217957076
2022-06-09,0.008696816024035225,1,120.43171833678947,0.8696816024035224,11.759249759168362
2022-06-10,0.010025073578951072,1,121.63905517435529,1.0025073578951071,12.39237563126958
2022-06-13,-0.006572385764692791,1,120.83959637969667,-0.6572385764692791,12.555433492002589
2022-06-14,0.008676912715162442,1,121.88811101001878,0.8676912715162441,12.98618920636441
2022-06-15,4.2494592573776645e-05,1,121.89329059563573,0.004249459257377665,12.984729359404326
2022-06-16,0.009266337640690429,1,123.0227949824297,0.9266337640690429,13.297427310238138
2022-06-17,0.0008626458824615912,1,123.12892008997021,0.08626458824615912,13.29934618908289
2022-06-20,0.01404108610533443,1,124.85778385901031,1.404108610533443,13.319729076299724
2022-06-21,-0.004110200378430147,1,124.34459334854307,-0.4110200378430147,12.744946951418942
2022-06-22,0.002626566091029557,1,124.6711926410352,0.2626566091029557,12.495032434618704
2022-06-23,0.010220494302845426,1,125.94539385515186,1.0220494302845426,12.968821030574807
2022-06-24,0.002572090415891041,1,126.26933679561232,0.2572090415891041,12.956619256362991
2022-06-27,0.0031457427257852682,0,126.66654764332685,0.3145742725785268,12.962609739882861
2022-06-28,0.005895780723996639,0,127.41334583329757,0.589578072399664,13.073975451469341
2022-06-29,-0.002563176611208858,0,127.08676292530181,-0.25631766112088583,12.431767784175813
2022-06-30,-0.0024594538170922484,0,126.7741989011233,-0.24594538170922484,10.386786137932347
2022-07-01,-0.0037974078093898243,0,126.29278556818701,-0.37974078093898245,9.225146823106273
2022-07-04,0.00411225703892908,0,126.81213396460575,0.41122570389290797,9.202709405086189
2022-07-05,-0.003123769809102982,0,126.41600204909919,-0.3123769809102982,9.45768129008907
2022-07-06,0.005877692666584225,0,127.15903645728208,0.5877692666584224,9.248886260040532
2022-07-07,0.008415685633601934,1,128.22916693357828,0.8415685633601934,9.227124898398706
2022-07-08,0.006142666722691934,1,129.0168359701797,0.6142666722691934,8.942406633548842
2022-07-11,-0.002380692501549559,1,128.70968655621184,-0.2380692501549559,8.460343391402489
2022-07-12,0.004416746572963193,1,129.27816462321616,0.44167465729631933,8.22463485357647
2022-07-13,0.0037937292621590896,1,129.76861097930546,0.37937292621590896,8.155634639327987
2022-07-14,0.003946599794342858,1,130.28075575270856,0.3946599794342858,7.8387492173057485
2022-07-15,-0.0026366291469178175,1,129.93725371480846,-0.26366291469178177,8.05375963553403
2022-07-18,-0.0069714412214640226,1,129.03140378805722,-0.6971441221464023,7.570977602219059
2022-07-19,-0.0084697429153683,1,127.93854096996328,-0.8469742915368301,8.147562991696159
2022-07-20,0.011948304728027803,1,129.46718964393168,1.1948304728027803,8.95935547685928
2022-07-21,0.005901944721622969,1,130.231297840474,0.5901944721622969,8.549460241953492
2022-07-22,0.0004446219327679702,1,130.28920153182673,0.04446219327679702,8.553644286182452
2022-07-25,-0.003297095327245959,1,129.85962561426555,-0.3297095327245959,8.701870721328623
2022-07-26,0.0008341759108233377,1,129.96795138574151,0.08341759108233376,8.527963573787199
2022-07-27,-0.00467534759210789,1,129.360306037179,-0.467534759210789,8.676891452252184
2022-07-28,0.002921611375896552,1,129.73824657888667,0.2921611375896552,8.610457287902104
2022-07-29,-0.0005292115161000246,1,129.6695876047185,-0.052921151610002465,8.4367777955662
2022-08-01,-0.007710089491506618,1,128.66982347995935,-0.7710089491506619,8.948521034738842
2022-08-02,0.0008898714167453329,1,128.78432307807185,0.08898714167453328,8.831166932444615
2022-08-03,0.005916141516848126,1,129.5462293585532,0.5916141516848126,8.834026441293336
2022-08-04,0.012632485787100812,1,131.18272025969762,1.2632485787100811,9.4147118681085
2022-08-05,-0.004917857091092749,1,130.53758238863963,-0.4917857091092749,9.456225826227161
2022-08-08,-0.0030893780097512383,1,130.13430245216207,-0.3089378009751238,9.489171183196433
2022-08-09,0.018956676926206277,1,132.60121638076492,1.8956676926206277,11.468577649374783
2022-08-10,-0.016761339226077247,1,130.37864241121645,-1.6761339226077248,13.08194994067445
2022-08-11,-0.0011447453984024974,1,130.22939206026624,-0.11447453984024973,13.016670307594588
2022-08-12,0.00878658570941122,1,131.3736637754883,0.878658570941122,13.336011864642739
2022-08-15,0.001532328835205546,1,131.57497142867805,0.15323288352055459,13.035308271869795
2022-08-16,-0.0015816935575693756,1,131.36686014403193,-0.15816935575693755,12.592824711538237
2022-08-17,-0.003118027227957505,1,130.95725469725156,-0.3118027227957505,12.03476353452536
2022-08-18,0.00024946755859882205,1,130.9899242838617,0.024946755859882205,11.87059253037706
2022-08-19,-0.00392324809435554,1,130.47601831303527,-0.392324809435554,11.965237849183644
2022-08-22,-0.0052348418278976355,1,129.79299699483266,-0.5234841827897635,12.057588580687838
2022-08-23,0.005396035500248845,1,130.49336461430048,0.5396035500248846,12.20716892129174
2022-08-24,-0.012283798969093058,1,128.89041035657783,-1.2283798969093058,12.89219315251825
2022-08-25,-0.0002932963243942144,1,128.8526072729706,-0.02932963243942144,12.840985896493306
2022-08-26,-0.014942207999980322,1,126.92726481375809,-1.4942207999980321,13.852733285225433
2022-08-29,-0.007903054394021222,1,125.92415173585063,-0.7903054394021222,13.865234821266897
2022-08-30,-0.0035236718375501914,1,125.48043634871162,-0.35236718375501913,13.872193576523598
2022-08-31,0.01856814119040146,1,127.81037480746768,1.856814119040146,15.385020018585028
2022-09-01,-0.002980547587964031,1,127.42942990311849,-0.2980547587964031,14.576933473414663
2022-09-02,-0.010056693157036644,1,126.14791122740672,-1.0056693157036645,14.852457310423839
2022-09-05,-0.01121444974895173,1,124.73323181601175,-1.121444974895173,15.230838527628473
2022-09-06,-0.011130819135272812,1,123.34484877250966,-1.1130819135272811,13.349003472026824
2022-09-07,-0.0038010701137772707,1,122.8760063541521,-0.38010701137772707,12.411170346633563
2022-09-08,-0.013539664247918944,1,121.21230648399172,-1.3539664247918943,12.943157797709373
2022-09-09,0.008076461481413506,1,122.19127300838298,0.8076461481413506,12.855546820095059
2022-09-12,0.00254467191650859,1,122.50220970924983,0.254467191650859,12.91388670815862
2022-09-13,0.021177591760536404,1,125.09651149623593,2.1177591760536405,15.614889292448538
2022-09-14,0.005108500899537914,1,125.73556713774352,0.5108500899537914,15.83596320632169
2022-09-15,-0.0019441643230476517,1,125.49111653397615,-0.19441643230476519,15.814033093429607
2022-09-16,0.009892455387596302,1,126.73253180582817,0.9892455387596302,16.35339685542445
2022-09-19,-0.0011091314354071545,1,126.59196877091358,-0.11091314354071545,16.290674282646687
2022-09-20,0.00204622057737168,1,126.85100386234262,0.20462205773716802,16.153657795025612
2022-09-21,0.004635351047354563,1,127.43900279595391,0.46353510473545634,15.748243373884948
2022-09-22,-0.002800124324341392,1,127.08215774435514,-0.2800124324341392,15.768594711189404
2022-09-23,0.0007596860843295628,1,127.1787002911601,0.07596860843295629,14.837898623283815
2022-09-26,0.0005488558975228893,1,127.24850307085418,0.05488558975228894,14.530347914623851
2022-09-27,0.02073178455673177,1,129.88659162168577,2.073178455673177,16.092452765070238
2022-09-28,0.0028673085293610253,1,130.25901655369228,0.2867308529361025,14.8354249721999
2022-09-29,-0.004261545270896777,1,129.70391185770623,-0.42615452708967766,14.887780228112366
2022-09-30,-0.017599951137033443,1,127.42112934672849,-1.7599951137033443,15.836426974205182
2022-10-03,0.009372116482676687,1,128.61533501332025,0.9372116482676687,15.490363628962738
2022-10-04,-0.008431784039424168,1,127.53087828432976,-0.8431784039424168,15.223987371002934
2022-10-05,0.005512789034760815,1,128.23392911172903,0.5512789034760814,15.135229348735221
2022-10-06,-0.0003159709131860905,1,128.19341092004618,-0.03159709131860905,13.998918108762396
2022-10-07,-0.0017624877208305748,1,127.9674716074082,-0.17624877208305748,13.946393177956672
2022-10-10,-0.00332779725020661,1,127.54162180727717,-0.332779725020661,14.090482171864391
2022-10-11,-0.006883878948714845,1,126.66364072183309,-0.6883878948714844,12.466653341166884
2022-10-12,-0.005752572362007362,1,125.93499896294544,-0.5752572362007362,12.54755550172863
2022-10-13,-0.0041330258360691265,1,125.41450635856626,-0.41330258360691263,12.61890899423452
2022-10-14,-0.004150369286980392,1,124.89398984323385,-0.4150369286980392,12.133926384490927
2022-10-17,-0.010228180217146363,1,123.6165516070788,-1.0228180217146363,12.597342204228964
2022-10-18,-0.005808242659768225,1,122.89855667858114,-0.5808242659768226,12.640763047732555
2022-10-19,-0.0029792417261710192,1,122.5324121704381,-0.2979241726171019,12.43375176312266
2022-10-20,-0.009168580894628743,1,121.40896383723944,-0.9168580894628744,12.69546020774161
2022-10-21,-0.004396768265618561,1,120.87515675787826,-0.4396768265618561,12.66520696266891
2022-10-24,0.0010661874599753264,1,121.00403233423607,0.10661874599753264,12.683088349120936
2022-10-25,-0.010002896739303806,1,119.79364149375733,-1.0002896739303806,9.519554687809219
2022-10-26,-0.013394129807942272,1,118.18910990942383,-1.3394129807942272,9.707475960503285
2022-10-27,-0.0035074679030368486,1,117.77456539992805,-0.3507467903036849,9.717042142965338
2022-10-28,-0.004026919934705411,1,117.30029665471781,-0.4026919934705411,8.457474197002226
2022-10-31,-0.003370518619936009,1,116.90493382071907,-0.33705186199360093,6.811485954083696
2022-11-01,0.00574325580049071,1,117.57634875999088,0.574325580049071,7.6079850759667265
2022-11-02,-0.00619087703998165,1,116.84844804200777,-0.619087703998165,6.743128837822606
2022-11-03,-0.00968746579098503,1,115.71648269887113,-0.968746579098503,6.768501372458571
2022-11-04,0.0111331687910684,1,117.00477383266642,1.11331687910684,8.841743069490835
2022-11-07,-0.011136611502805512,1,115.70173712251837,-1.1136611502805511,9.139376694322717
2022-11-08,-0.003896119224337196,1,115.2509493602261,-0.3896119224337196,9.112413944697252
2022-11-09,-0.0034988784098228926,1,114.84770030179803,-0.34988784098228926,9.112817442452819
2022-11-10,-0.009236854397733283,1,113.78686881619582,-0.9236854397733283,9.258412640933015
2022-11-11,0.019554885124608783,1,116.01195796458545,1.9554885124608783,12.6822462690068
2022-11-14,0.011000992644627072,1,117.28820466084264,1.1000992644627072,13.438379068973227
2022-11-15,0.009540776334998757,1,118.40722518824532,0.9540776334998757,14.041799419018275
2022-11-16,-0.0007615540377049793,0,118.31705168780977,-0.07615540377049794,14.03963883123009
2022-11-17,-0.001924946880000186,0,118.08929764831248,-0.19249468800001862,13.762077207193085
2022-11-18,0.005612920404206293,0,118.75212347660108,0.5612920404206293,13.925819500457678
2022-11-21,0.0008964096171910228,0,118.85857402214737,0.08964096171910228,13.922852500823943
2022-11-22,-0.0036367393654141494,0,118.42631636708403,-0.36367393654141494,13.546537867557717
2022-11-23,0.004217037083357436,0,118.92572453484944,0.4217037083357436,12.748945300534109
2022-11-24,-0.0008106421296102241,0,118.82931833224708,-0.08106421296102241,12.676701239418364
2022-11-25,0.0032078384910573608,0,119.21050359345938,0.3207838491057361,12.595716141744589
2022-11-28,0.003988863229526435,0,119.68601798781664,0.3988863229526435,12.540371419288663
2022-11-29,0.0018184358719575805,0,119.90365933629744,0.18184358719575805,12.428910918201206
2022-11-30,0.0030481299019165303,0,120.26914126566962,0.30481299019165303,12.148520855317054
2022-12-01,-0.0016867715383472451,0,120.0662747012412,-0.1686771538347245,11.487795313674221
2022-12-02,-0.0006228919032824501,0,119.99148639087251,-0.06228919032824501,10.977307068921078
2022-12-05,0.001588585765547192,0,120.18210315813988,0.15885857655471922,9.948839134354435
2022-12-06,-0.0037420260545815657,0,119.73237859682773,-0.3742026054581566,9.937034655766237
2022-12-07,-0.00028623031437536943,0,119.69810756046104,-0.028623031437536944,9.768347907969313
2022-12-08,-0.006943033546073023,0,118.8670395842673,-0.6943033546073023,9.444183625967968
2022-12-09,0.008075631502196331,0,119.82696599370684,0.8075631502196331,7.2773038301990125
2022-12-12,0.006588155892576602,0,120.61640472580785,0.6588155892576603,6.6665060713756645
2022-12-13,0.007274534603213582,0,121.49383293570095,0.7274534603213583,6.34039725474674
2022-12-14,0.0004398708426631004,0,121.54727453037275,0.04398708426631004,6.30294140535477
2022-12-15,-0.0010811524029365382,0,121.41586340244386,-0.10811524029365382,6.251608060753511
2022-12-16,0.0027189420591644687,0,121.74598610009852,0.27189420591644686,6.0746781868150235
2022-12-19,-0.000287597154768271,0,121.71097230089167,-0.0287597154768271,6.0983797640498345
2022-12-20,0.0019682697276624515,0,121.95053232319589,0.19682697276624514,5.82813305779969
2022-12-21,-0.00023841869756875602,0,121.92145703611158,-0.023841869756875602,5.764209034206919
2022-12-22,0.004216354496779436,0,122.43552111973968,0.42163544967794353,5.801823972655297
2022-12-23,-0.001254708942033845,0,122.28190017656817,-0.1254708942033845,5.843920481272667
2022-12-26,0.000703704054312174,0,122.3679504454914,0.07037040543121739,5.757595005404274
2022-12-27,0.00039294985992980203,0,122.41603491447886,0.0392949859929802,5.756726692490986
2022-12-28,0.00506889910917666,0,123.0365494448058,0.506889910917666,5.893124441603609
2022-12-29,0.001398380470305563,0,123.20860135268319,0.1398380470305563,5.797502110880611
2022-12-30,0.0033548391781104943,0,123.62194639558135,0.3354839178110494,5.794554725996951
2023-01-02,-0.006555811149140446,0,122.81150426112275,-0.6555811149140446,6.460530638007733
2023-01-03,-0.0025528429780446006,0,122.49798577484665,-0.25528429780446005,6.355486771192548
2023-01-04,0.003040662176879606,0,122.87046076693618,0.3040662176879606,6.365477073933546
2023-01-05,0.00026853697574015013,0,122.90345602887834,0.026853697574015012,5.592153922373453
2023-01-06,0.0029992127612951495,0,123.27206964260743,0.29992127612951497,5.089483460314645
2023-01-09,-0.002804683719006838,0,122.92633047587253,-0.2804683719006838,4.9142877003689796
2023-01-10,-0.005636104639320747,0,122.2335048143828,-0.5636104639320747,4.848166622497244
2023-01-11,-0.003591509013938554,0,121.79450208003664,-0.3591509013938554,5.040973880107781
2023-01-12,-0.0002664237921450167,0,121.76205312693004,-0.026642379214501667,5.023783861263978
2023-01-13,-0.003100755754534252,0,121.3844987400128,-0.31007557545342523,5.0532810033761795
2023-01-16,0.001295728360039998,0,121.5417800774995,0.1295728360039998,5.078498622649665
2023-01-17,0.000789089254477692,0,121.63768739012875,0.0789089254477692,5.032936759903476
2023-01-18,0.0015756257945587575,0,121.8293428679711,0.15756257945587576,5.0685164401244505
2023-01-19,0.005093521148132726,0,122.44988320233223,0.5093521148132726,5.174507946374371
2023-01-20,0.0013582505329235498,0,122.61620082144822,0.13582505329235497,5.172868907186326
2023-01-23,-0.0002908096905113904,0,122.58054284203565,-0.029080969051139043,5.170579935977491
2023-01-24,-0.0010439985459343938,0,122.45256893354872,-0.10439985459343938,5.184620481682769
2023-01-25,0.0037932403543827972,0,122.9170609595253,0.37932403543827975,5.037544405832747
2023-01-26,-0.0010671207271663252,0,122.78589361605303,-0.10671207271663252,5.019918185854861
2023-01-27,0.003487575023550767,0,123.21411863187275,0.3487575023550767,5.032475002830786
2023-01-30,-0.0006239580210571044,0,123.13723819424492,-0.06239580210571044,4.438040951923049
2023-01-31,0.0028977490694099125,0,123.49405901163199,0.28977490694099123,4.421726092344733
2023-02-01,0.0008541682710675782,0,123.59954371850507,0.08541682710675783,4.315959171884748
2023-02-02,-0.0003681153639197791,0,123.55404482748882,-0.03681153639197791,4.3224739684849425
2023-02-03,0.0038248246225292062,0,124.02661738035808,0.3824824622529206,4.400899554769399
2023-02-06,0.004668655852777372,0,124.60565497349106,0.4668655852777372,4.498101144336449
2023-02-07,0.001812751843574772,0,124.83153410426411,0.1812751843574772,3.8391590427670623
2023-02-08,0.0006780843333830208,0,124.9161804118524,0.06780843333830208,3.4312764811667082
2023-02-09,0.004883670128743902,0,125.52622983072652,0.4883670128743902,3.6081630289382915
2023-02-10,-0.00010014849732293716,0,125.51365856743435,-0.010014849732293716,3.2358466170912696
2023-02-13,0.0025459899455554814,0,125.83321508017693,0.25459899455554813,3.2467775484485104
2023-02-14,0.00042780775323340717,0,125.88704750520252,0.042780775323340715,3.2632793945049796
2023-02-15,-0.004035961666777589,0,125.37897220712773,-0.4035961666777589,3.851260474306766
2023-02-16,0.0019487290929922764,0,125.62330185791721,0.19487290929922763,3.609763704841354
2023-02-17,-0.001388262580692336,0,125.44890372868484,-0.1388262580692336,3.7317176468689435
2023-02-20,0.0018518558928325983,0,125.68121702030422,0.18518558928325984,3.699726295002728
2023-02-21,-0.0015219066555993757,0,125.48994193963719,-0.15219066555993757,3.742708555270876
2023-02-22,0.0033366331223105613,0,125.9086558364298,0.3336633122310561,3.7045230097111066
2023-02-23,-0.0038972007130015423,0,125.41796453313101,-0.38972007130015424,4.054488281239622
2023-02-24,-0.004749252482460802,0,124.82232295372685,-0.4749252482460802,4.437608997014746
2023-02-27,-0.0021092352948569454,0,124.55904330456681,-0.21092352948569454,4.524728724637959
2023-02-28,0.007329200546955262,0,125.47196151288287,0.7329200546955261,5.066985870316061
2023-03-01,0.0018514246381213177,0,125.70426339382124,0.18514246381213176,5.080756517447603
2023-03-02,0.0021448876614243912,0,125.97388491736308,0.2144887661424391,5.0791873475869425
2023-03-03,-0.0012047817125410705,0,125.82211388455688,-0.12047817125410705,5.018324428944256
2023-03-06,0.0010068835645817558,0,125.94880210308818,0.10068835645817557,4.800118993760492
2023-03-07,0.005960294509455951,0,126.69949405673577,0.5960294509455951,5.158319787134403
2023-03-08,0.0013059584032958662,0,126.86495832569251,0.13059584032958663,5.162005581972631
2023-03-09,-0.004983465924990319,0,126.2327311288011,-0.4983465924990319,5.307641436703043
2023-03-10,0.0015170510804653685,0,126.42423262995015,0.15170510804653684,5.323058354819458
2023-03-13,0.0029585752129318065,0,126.79826823092304,0.29585752129318066,5.347419358496577
2023-03-14,-0.001380719144795306,0,126.62319543444971,-0.1380719144795306,5.384018511505157
2023-03-15,4.001565795310521e-05,0,126.62826234492715,0.004001565795310521,5.1377137661708066
2023-03-16,-0.001286748279576488,0,126.46532364620904,-0.12867482795764879,5.145138508031797
2023-03-17,0.00019898000578656553,0,126.49048771703997,0.019898000578656552,5.105156230926991
2023-03-20,0.0015670070897020254,0,126.68869920807244,0.15670070897020252,5.095540556465403
2023-03-21,-0.0011938572819340315,0,126.53745098198415,-0.11938572819340315,5.080402178228539
2023-03-22,0.005978139563108166,0,127.29390952391442,0.5978139563108167,5.360309555127972
2023-03-23,-3.35525243677446e-05,0,127.28963849191324,-0.00335525243677446,5.104236648053437
2023-03-24,0.007585040102316008,0,128.25513550448372,0.7585040102316007,5.219500477588927
2023-03-27,0.0004929926955629815,0,128.31836434945586,0.049299269556298146,5.069508351304914
2023-03-28,-0.003504934360961793,0,127.86861690510504,-0.3504934360961793,4.869908208829703
2023-03-29,-0.00043310906325817614,0,127.81323584821716,-0.04331090632581761,4.881385830707561
2023-03-30,0.0039202253392913375,0,128.31429253408615,0.3920225339291338,4.984085570227289
2023-03-31,0.0008247366725436679,0,128.4201180367505,0.08247366725436678,4.920695606250935
2023-04-03,0.0019729537020100356,0,128.67348498404368,0.19729537020100354,4.932108182233208
2023-04-04,0.0022843380634313126,0,128.9674187235471,0.22843380634313126,4.611391085058956
2023-04-05,0.003140285177136392,0,129.3724131968982,0.3140285177136392,4.678735170184192
2023-04-06,5.959479119345889e-05,0,129.38012311884887,0.005959479119345889,4.136812664182604
2023-04-07,-0.0038895695282664157,0,128.87689013440246,-0.38895695282664156,4.515792911860992
2023-04-10,0.001424665809117521,0,129.06049663336233,0.1424665809117521,4.45844043880397
2023-04-11,0.003300404398643573,0,129.4864484641422,0.33004043986435727,4.452098429010444
2023-04-12,-0.003816784557184363,0,128.9922265872796,-0.3816784557184363,4.775222557409381
2023-04-13,-0.0026291203148799836,0,128.6530905038974,-0.26291203148799835,4.880469027637587
2023-04-14,0.0026799391132705823,0,128.9978729531819,0.26799391132705824,4.915069901473478
2023-04-17,0.006379021440543394,0,129.82075315053478,0.6379021440543394,5.274137829846476
2023-04-18,-0.002902723948433706,0,129.44391934136104,-0.2902723948433706,5.4112737180017065
2023-04-19,-0.0009740710680013352,0,129.31783176460192,-0.09740710680013352,5.143203470324037
2023-04-20,-0.0026226563935457517,0,128.978675526325,-0.26226563935457514,5.2787827337314415
2023-04-21,0.0009824020498936659,0,129.10538444155463,0.09824020498936659,4.608439628885411
2023-04-24,-0.0067653192524189856,1,128.23194529860126,-0.6765319252418985,5.250761257088972
2023-04-25,-0.006921329334608534,1,127.34440977397212,-0.6921329334608534,5.673768083539425
2023-04-26,-0.015671755321242164,1,125.34869934246642,-1.5671755321242165,7.8991135243030515
2023-04-27,-0.011293339671908736,1,123.93309390335997,-1.1293339671908735,8.476991877643455
2023-04-28,0.0010187970295217905,1,124.05935657128819,0.10187970295217905,8.48500033012456
2023-05-01,0.00034163952353022284,1,124.10174015075668,0.03416395235302228,8.410461741338583
2023-05-02,0.007917120815703496,0,125.08426862096924,0.7917120815703496,8.990385108527898
2023-05-03,-0.001573155366101361,0,124.88749163257329,-0.1573155366101361,8.820961915336548
2023-05-04,-7.222954170506735e-05,0,124.87847106628797,-0.007222954170506735,8.817502880356251
2023-05-05,-0.0028271542139993314,0,124.52542037057512,-0.28271542139993316,8.791407438624063
2023-05-08,0.001045090162163492,0,124.65556066234369,0.10450901621634921,8.77452305416578
2023-05-09,-0.0007379663990854275,0,124.56356904711572,-0.07379663990854275,8.583054555206694
2023-05-10,0.002035257778852154,0,124.81708801998043,0.20352577788521542,8.662725762900934
2023-05-11,0.0002498044031513921,0,124.84826787815638,0.02498044031513921,8.678928988141948
2023-05-12,-0.0018799504193747747,0,124.61355932460063,-0.1879950419374775,8.538449683711208
2023-05-15,0.0036497082906202533,0,125.06836246519131,0.3649708290620253,8.245286577591715
2023-05-16,0.0030673049368073815,0,125.4519852708192,0.3067304936807381,8.414782748281722
2023-05-17,0.0040223189621808875,0,125.95659317001724,0.40223189621808875,8.644040800663753
2023-05-18,-0.0007607028080874655,0,125.86077763589567,-0.07607028080874655,8.631562516701857
2023-05-19,-0.0014840390674164354,0,125.6739953248286,-0.14840390674164355,8.592836983708821
2023-05-22,0.0010985999425563425,0,125.81206076887328,0.10985999425563425,8.384204414819648
2023-05-23,-0.006406003201027519,1,125.00610830486,-0.6406003201027519,8.337298734410831
2023-05-24,0.004432761941488325,1,125.56023062420736,0.4432761941488325,6.459923133234108
2023-05-25,-0.010162882508475848,1,124.28417675263641,-1.0162882508475848,6.203020416278965
2023-05-26,0.002668259064819678,1,124.61579913387028,0.2668259064819678,6.261067815940708
2023-05-29,-0.006324246774976814,1,123.82769806808676,-0.6324246774976814,6.67864951090947
2023-05-30,0.009661777853460366,1,125.02409377892599,0.9661777853460366,6.97847585024534
2023-05-31,-0.00010848364357505768,1,125.01053070969816,-0.010848364357505767,6.954422972036214
2023-06-01,-0.00838552993555993,1,123.96225116217174,-0.8385529935559931,7.5736358945148785
2023-06-02,-0.007422994549104317,1,123.04208004750024,-0.7422994549104317,7.939289213003516
2023-06-05,0.0005250607528959671,1,123.10668461468785,0.05250607528959671,7.927246441953577
2023-06-06,-0.02594149606689311,2,119.91311303994767,-2.594149606689311,11.988057122309911
2023-06-07,0.031700124264977814,2,123.71437362431432,3.1700124264977814,16.89231409390647
2023-06-08,0.007251866701216464,1,124.61153377086234,0.7251866701216464,17.10895485278495
2023-06-09,0.0003544561533503386,1,124.65570309578584,0.03544561533503386,17.095461621602208
2023-06-12,-0.006717491352750129,1,123.81832948816891,-0.6717491352750129,17.203422456401
2023-06-13,-0.0067791686974592695,1,122.978944144731,-0.6779168697459269,17.291498549905747
2023-06-14,0.011825133606405644,1,124.43318659001716,1.1825133606405644,17.802696523567676
2023-06-15,0.002256960049352043,0,124.71402732096439,0.2256960049352043,17.830135529356607
2023-06-16,0.0006143202787667568,0,124.79064167699434,0.06143202787667568,17.828739233979665
2023-06-19,0.0023071750993589133,0,125.07855553810452,0.23071750993589132,17.846403064006033
2023-06-20,-4.3084193682053126e-05,0,125.07316662939225,-0.0043084193682053126,17.696766095007536
2023-06-21,0.005389270165129923,0,125.74721971476637,0.5389270165129922,17.731153142695483
2023-06-22,0.0017808669127284305,0,125.97115877772399,0.17808669127284305,17.31319918811616
2023-06-23,-0.0015097073027696458,0,125.78097919937889,-0.1509707302769646,17.31470065520771
2023-06-26,0.0036805457007257373,0,126.24392184160425,0.36805457007257375,17.153493920722592
2023-06-27,0.007224435122439198,0,127.15596286455117,0.7224435122439198,17.01190534199874
2023-06-28,-0.0032783725771502225,0,126.7390982428749,-0.32783725771502226,17.073929813618147
2023-06-29,-9.898368080601808e-05,0,126.7265531404288,-0.009898368080601808,16.73644455769264
2023-06-30,0.0013764864914145318,0,126.90099052893014,0.13764864914145317,16.42681011782756
2023-07-03,0.00044466841070893047,0,126.95741939070602,0.04446684107089305,16.427529978131346
2023-07-04,0.004285362755542736,0,127.50147798730278,0.4285362755542736,12.81485558557598
2023-07-05,-0.001261708660918324,0,127.34060826824631,-0.1261708660918324,7.146941127790164
2023-07-06,0.001517842913942572,0,127.53389130816342,0.1517842913942572,6.812090351463544
2023-07-07,0.007853826769280944,0,128.53552039771003,0.7853826769280944,7.202194201501993
