date,origin,true_return_pct,current_close,Zero,TrainingMean,Past5DayMomentum,RNN,LSTM,GRU,LSTM_implied_future_price,actual_future_price
2018-11-02,1000,-1.6953744214763922,147.31287618483185,0.0,0.10808267227023398,2.2680909520367054,-0.5970106,-0.41212273,-0.8554268,146.70576388455225,144.81537136245302
2018-11-05,1001,-0.16755213822940984,145.62098507464728,0.0,0.10808267227023398,1.547060152537516,-0.52672887,-0.42115074,-0.8417228,145.0077044241258,145.37699400044397
2018-11-06,1002,-1.7436194335608168,145.53060717978522,0.0,0.10808267227023398,0.3633791200216674,-0.4951679,-0.42187396,-0.80419445,144.91664888982947,142.99310723121943
2018-11-07,1003,-2.1792081887936243,145.96749760266832,0.0,0.10808267227023398,0.4389758451966097,-0.4938144,-0.4134665,-0.78150606,145.36397235904613,142.78656194193383
2018-11-08,1004,-3.0879003441687147,145.41378928142683,0.0,0.10808267227023398,-0.3134662549812317,-0.5515009,-0.39874473,-0.8220972,144.8339617537042,140.9235563817369
2018-11-09,1005,-2.892227767678923,144.81537136245302,0.0,0.10808267227023398,-1.6953744214763922,-0.5240667,-0.37834644,-0.8380006,144.26746755573066,140.6269809800408
2018-11-12,1006,-3.5322232382316465,145.37699400044397,0.0,0.10808267227023398,-0.16755213822940984,-0.5010885,-0.37059122,-0.8286771,144.83823866690247,140.24195403531766
2018-11-13,1007,-0.7660516816980212,142.99310723121943,0.0,0.10808267227023398,-1.7436194335608168,-0.5459398,-0.37001383,-0.8642175,142.46401312462274,141.89770612856242
2018-11-14,1008,0.3584967853240695,142.78656194193383,0.0,0.10808267227023398,-2.1792081887936243,-0.51324105,-0.36280274,-0.84082973,142.26853007941972,143.29844717637042
2018-11-15,1009,2.1002128290442235,140.9235563817369,0.0,0.10808267227023398,-3.0879003441687147,-0.477728,-0.35779428,-0.8094873,140.41933927906126,143.88325099201148
2018-11-16,1010,1.2528991675627266,140.6269809800408,0.0,0.10808267227023398,-2.892227767678923,-0.4685954,-0.34861785,-0.77520984,140.13673332133743,142.38889525410832
2018-11-19,1011,0.2846857220548227,140.24195403531766,0.0,0.10808267227023398,-3.5322232382316465,-0.4238519,-0.3463481,-0.7281234,139.75622508809042,140.6412028547869
2018-11-20,1012,-1.9635789118819247,141.89770612856242,0.0,0.10808267227023398,-0.7660516816980212,-0.40699065,-0.35056853,-0.6772715,141.40025437711228,139.1114326945778
2018-11-21,1013,-3.071409264340774,143.29844717637042,0.0,0.10808267227023398,0.3584967853240695,-0.51485234,-0.34642363,-0.70976824,142.80202954963838,138.8971653941389
2018-11-22,1014,-3.9291588588650783,143.88325099201148,0.0,0.10808267227023398,2.1002128290442235,-0.49868566,-0.35316947,-0.7143532,143.3750993184693,138.2298494892358
2018-11-23,1015,-3.1068166183760293,142.38889525410832,0.0,0.10808267227023398,1.2528991675627266,-0.5188827,-0.3541171,-0.73104763,141.88467174909164,137.96513339363165
2018-11-26,1016,-1.7593643824832306,140.64120285478688,0.0,0.10808267227023398,0.2846857220548227,-0.5201873,-0.35908866,-0.7433153,140.13617691568075,138.16681162466378
2018-11-27,1017,-0.9212245940105612,139.1114326945778,0.0,0.10808267227023398,-1.9635789118819247,-0.47923487,-0.3564502,-0.7217693,138.61557319691136,137.82990396351488
2018-11-28,1018,-0.4114570939929507,138.8971653941389,0.0,0.10808267227023398,-3.071409264340774,-0.5249472,-0.34374353,-0.73485297,138.41971201775957,138.3256631537696
2018-11-29,1019,-0.2812308415775955,138.2298494892358,0.0,0.10808267227023398,-3.9291588588650783,-0.4720109,-0.34726387,-0.7177116,137.74982889099755,137.84110452020576
2018-11-30,1020,-1.1369506231394433,137.96513339363165,0.0,0.10808267227023398,-3.1068166183760293,-0.49006766,-0.33344406,-0.7153395,137.50509381033964,136.3965379497976
2018-12-03,1021,-1.8432726288339474,138.16681162466378,0.0,0.10808267227023398,-1.7593643824832306,-0.3679139,-0.33660913,-0.64080185,137.7017265640857,135.6200206038538
2018-12-04,1022,-2.2255461452911574,137.82990396351488,0.0,0.10808267227023398,-0.9212245940105612,-0.39352298,-0.32849428,-0.60449916,137.37714221405435,134.76243584879637
2018-12-05,1023,-1.7228579548809186,138.3256631537696,0.0,0.10808267227023398,-0.4114570939929507,-0.36697257,-0.32538322,-0.56145215,137.87557668223795,135.9425084624831
2018-12-06,1024,-1.5605830497920081,137.84110452020576,0.0,0.10808267227023398,-0.2812308415775955,-0.46011877,-0.31617785,-0.5892514,137.4052801718527,135.68997960741734
2018-12-07,1025,0.2334629364906693,136.3965379497976,0.0,0.10808267227023398,-1.1369506231394433,-0.40180808,-0.326939,-0.5821673,135.95060660438938,136.7149733125668
2018-12-10,1026,0.027719004526272073,135.6200206038538,0.0,0.10808267227023398,-1.8432726288339474,-0.49502504,-0.31337076,-0.6150907,135.19502621960984,135.6576131235035
2018-12-11,1027,0.13997328136088338,134.76243584879637,0.0,0.10808267227023398,-2.2255461452911574,-0.45271444,-0.31267586,-0.62450415,134.34106868872905,134.9510672522958
2018-12-12,1028,-1.2008365297148993,135.9425084624831,0.0,0.10808267227023398,-1.7228579548809186,-0.4762575,-0.3215808,-0.647138,135.50534593107335,134.31006116145483
2018-12-13,1029,-0.9973020397337939,135.68997960741734,0.0,0.10808267227023398,-1.5605830497920081,-0.40241295,-0.32363406,-0.5998471,135.2508388809259,134.3367406730782
2018-12-14,1030,-3.4869565912132416,136.7149733125668,0.0,0.10808267227023398,0.2334629364906693,-0.45270622,-0.32265317,-0.58212644,136.27385990403968,131.94778153946882
2018-12-17,1031,-2.8193605140469757,135.6576131235035,0.0,0.10808267227023398,0.027719004526272073,-0.34873742,-0.3182873,-0.5009504,135.2258301303779,131.83293594480082
2018-12-18,1032,-1.7016192172507272,134.9510672522958,0.0,0.10808267227023398,0.13997328136088338,-0.34402233,-0.29879785,-0.44408488,134.5478360486588,132.65471395804576
2018-12-19,1033,-2.1138001092989467,134.31006116145483,0.0,0.10808267227023398,-1.2008365297148993,-0.34865916,-0.28443378,-0.42080408,133.9280385351368,131.4710149418245
2018-12-20,1034,-1.6077989884464516,134.3367406730782,0.0,0.10808267227023398,-0.9973020397337939,-0.41799366,-0.28747675,-0.4589169,133.9505505364427,132.17687591542452
2018-12-21,1035,1.2631877151763948,131.94778153946882,0.0,0.10808267227023398,-3.4869565912132416,-0.34624475,-0.29629225,-0.4248346,131.55682727027857,133.61452970632317
2018-12-24,1036,0.894314114590089,131.83293594480082,0.0,0.10808267227023398,-2.8193605140469757,-0.26426762,-0.27932423,-0.33836973,131.46469327109494,133.0119364986337
2018-12-25,1037,1.0765647659925603,132.65471395804576,0.0,0.10808267227023398,-1.7016192172507272,-0.27398252,-0.263977,-0.27740866,132.304535956417,134.0828278689463
2018-12-26,1038,1.705790308013455,131.4710149418245,0.0,0.10808267227023398,-2.1138001092989467,-0.30838215,-0.2634288,-0.25742233,131.12468257199814,133.71363477254906
2018-12-27,1039,2.872744608175193,132.17687591542452,0.0,0.10808267227023398,-1.6077989884464516,-0.32456517,-0.2652588,-0.24195524,131.82626545008486,135.9739799915393
2018-12-28,1040,1.554423575986319,133.61452970632317,0.0,0.10808267227023398,1.2631877151763948,-0.28250098,-0.26954544,-0.21141128,133.2543795918835,135.6914654570215
2018-12-31,1041,2.130027048639871,133.0119364986337,0.0,0.10808267227023398,0.894314114590089,-0.3296147,-0.27181068,-0.21046184,132.65039794967475,135.8451267239743
2019-01-01,1042,2.7788181083379104,134.0828278689463,0.0,0.10808267227023398,1.0765647659925603,-0.41949385,-0.28052652,-0.25254256,133.70668630328655,137.80874576994015
2019-01-02,1043,2.946518527550168,133.71363477254909,0.0,0.10808267227023398,1.705790308013455,-0.39292186,-0.29473692,-0.28021312,133.3195285319268,137.653531794983
2019-01-03,1044,0.45889004931711774,135.9739799915393,0.0,0.10808267227023398,2.872744608175193,-0.35630226,-0.30910972,-0.27935487,135.55367124649118,136.59795105538092
2019-01-04,1045,-0.08788591738786433,135.6914654570215,0.0,0.10808267227023398,1.554423575986319,-0.42738575,-0.31020242,-0.31046635,135.27054991675666,135.57221176778756
2019-01-07,1046,-1.2915441526531568,135.8451267239743,0.0,0.10808267227023398,2.130027048639871,-0.4177053,-0.30958867,-0.33966124,135.42456851681743,134.09062693310653
2019-01-08,1047,-3.476088275588052,137.80874576994015,0.0,0.10808267227023398,2.7788181083379104,-0.5540509,-0.31215787,-0.47137493,137.37856821099845,133.0183921154963
2019-01-09,1048,-5.273447912441165,137.653531794983,0.0,0.10808267227023398,2.946518527550168,-0.351247,-0.3402729,-0.42980325,137.18513675118598,130.39444449613893
2019-01-10,1049,-4.597819770988554,136.59795105538092,0.0,0.10808267227023398,0.45889004931711774,-0.4627934,-0.335168,-0.4479118,136.14011728941247,130.31742345499134
2019-01-11,1050,-3.707524904691639,135.57221176778756,0.0,0.10808267227023398,-0.08788591738786433,-0.49768692,-0.33134174,-0.49719048,135.12300379119768,130.54583825265556
2019-01-14,1051,-2.246223007875292,134.09062693310653,0.0,0.10808267227023398,-1.2915441526531568,-0.46192312,-0.33530352,-0.52784467,133.64101311051988,131.07865241953087
2019-01-15,1052,-1.7006349012742117,133.0183921154963,0.0,0.10808267227023398,-3.476088275588052,-0.50878346,-0.33297727,-0.5764348,132.57547360880605,130.7562349140664
2019-01-16,1053,-1.2672662529690792,130.39444449613893,0.0,0.10808267227023398,-5.273447912441165,-0.43110013,-0.35129154,-0.589495,129.93637938120753,128.74199970529287
2019-01-17,1054,-2.37203135516616,130.31742345499134,0.0,0.10808267227023398,-4.597819770988554,-0.41517478,-0.34691426,-0.58116055,129.86533027115496,127.2262533093943
2019-01-18,1055,-2.1079545898673446,130.54583825265556,0.0,0.10808267227023398,-3.707524904691639,-0.3539406,-0.32887208,-0.5570064,130.1165061649344,127.79399126332791
2019-01-21,1056,-3.1165637754908326,131.07865241953087,0.0,0.10808267227023398,-2.246223007875292,-0.3472014,-0.32078177,-0.5537828,130.65817795488104,126.99350262082223
2019-01-22,1057,-3.0498958047304736,130.7562349140664,0.0,0.10808267227023398,-1.7006349012742117,-0.43913376,-0.3123232,-0.58621657,130.34785393159217,126.76830599099877
2019-01-23,1058,-2.778157537445536,128.74199970529287,0.0,0.10808267227023398,-1.2672662529690792,-0.4787395,-0.32273257,-0.6430321,128.3265038139577,125.16534413662217
2019-01-24,1059,-2.1107775690624497,127.2262533093943,0.0,0.10808267227023398,-2.37203135516616,-0.3172068,-0.3254724,-0.6103674,126.8121685433664,124.54079009258103
2019-01-25,1060,-3.1015838944553065,127.79399126332791,0.0,0.10808267227023398,-2.1079545898673446,-0.41315186,-0.3092615,-0.6131101,127.39877722801373,123.8303534122229
2019-01-28,1061,-1.997214946646797,126.99350262082223,0.0,0.10808267227023398,-3.1165637754908326,-0.3705594,-0.3069384,-0.6123881,126.6037086638891,124.45716940520887
2019-01-29,1062,-0.8311055802156297,126.76830599099877,0.0,0.10808267227023398,-3.0498958047304736,-0.3420747,-0.29474032,-0.5906511,126.3946703435261,125.71472752596276
2019-01-30,1063,0.9351131098431109,125.16534413662217,0.0,0.10808267227023398,-2.778157537445536,-0.36073625,-0.2939694,-0.5973735,124.79739543924484,126.33578167862396
2019-01-31,1064,3.120693410074238,124.54079009258103,0.0,0.10808267227023398,-2.1107775690624497,-0.24084155,-0.26449358,-0.53613096,124.21138516864382,128.4273263218546
2019-02-01,1065,4.109965726978948,123.8303534122229,0.0,0.10808267227023398,-3.1015838944553065,-0.27286464,-0.2556195,-0.50476366,123.51381766896034,128.91973849706218
2019-02-04,1066,2.703908540687028,124.45716940520887,0.0,0.10808267227023398,-1.997214946646797,-0.19349612,-0.24566293,-0.45059526,124.15142724649579,127.82237743825364
2019-02-05,1067,3.164376405058178,125.71472752596276,0.0,0.10808267227023398,-0.8311055802156297,-0.23107897,-0.23221983,-0.4041652,125.42279316781827,129.6928147014775
2019-02-06,1068,1.464900524849977,126.33578167862396,0.0,0.10808267227023398,0.9351131098431109,-0.24595363,-0.23390232,-0.37750578,126.04028159418608,128.18647520750744
2019-02-07,1069,0.08227542332097659,128.4273263218546,0.0,0.10808267227023398,3.120693410074238,-0.38936543,-0.2673555,-0.4229179,128.08396734488446,128.5329904482457
2019-02-08,1070,0.08320862541610907,128.91973849706218,0.0,0.10808267227023398,4.109965726978948,-0.42703748,-0.28950262,-0.4701848,128.54651616394074,129.02701083935563
2019-02-11,1071,3.0656859005317783,127.82237743825362,0.0,0.10808267227023398,2.703908540687028,-0.39297956,-0.29261294,-0.4881611,127.44835494529659,131.74101004110267
2019-02-12,1072,2.700362793595512,129.6928147014775,0.0,0.10808267227023398,3.164376405058178,-0.35979813,-0.29814148,-0.49290627,129.3061453880844,133.19499121564294
2019-02-13,1073,3.279189986526121,128.18647520750744,0.0,0.10808267227023398,1.464900524849977,-0.4282859,-0.29103327,-0.52573556,127.81341205895187,132.3899532665928
2019-02-14,1074,1.1788977571411952,128.5329904482457,0.0,0.10808267227023398,0.08227542332097659,-0.3631698,-0.28930223,-0.52820575,128.16114056818296,130.04826298982658
2019-02-15,1075,0.5899445547884685,129.02701083935563,0.0,0.10808267227023398,0.08320862541610907,-0.30362582,-0.28447857,-0.5052408,128.65995344596325,129.78819866400872
2019-02-18,1076,-1.4445061214434562,131.74101004110267,0.0,0.10808267227023398,3.0656859005317783,-0.4690454,-0.30389166,-0.57271993,131.34065664534586,129.8380030866075
2019-02-19,1077,-1.4336229064498496,133.19499121564294,0.0,0.10808267227023398,2.700362793595512,-0.47760677,-0.3227635,-0.6196853,132.76508425316965,131.28547731133162
2019-02-20,1078,-0.6778485536677925,132.3899532665928,0.0,0.10808267227023398,3.279189986526121,-0.4516816,-0.3233712,-0.6358687,131.9618397980309,131.49254988317375
2019-02-21,1079,1.2140748666829904,130.04826298982658,0.0,0.10808267227023398,1.1788977571411952,-0.499444,-0.32684952,-0.6841044,129.62320280407764,131.62714626534387
2019-02-22,1080,2.375196394137302,129.78819866400872,0.0,0.10808267227023398,0.5899445547884685,-0.38275152,-0.326481,-0.66738373,129.36446812411327,132.870923278692
2019-02-25,1081,1.6966494952035616,129.8380030866075,0.0,0.10808267227023398,-1.4445061214434562,-0.3232203,-0.31558773,-0.63487744,129.42824900408112,132.0408989105588
2019-02-26,1082,0.3098561560569202,131.28547731133162,0.0,0.10808267227023398,-1.4336229064498496,-0.37042457,-0.31112194,-0.64079684,130.87701625648813,131.6922734447895
2019-02-27,1083,0.9958277942984317,131.49254988317375,0.0,0.10808267227023398,-0.6778485536677925,-0.45327199,-0.301804,-0.6755212,131.09570252954936,132.80198924234213
2019-02-28,1084,1.3384328563164516,131.62714626534387,0.0,0.10808267227023398,1.2140748666829904,-0.41549438,-0.30335623,-0.6873767,131.22784499812678,133.38888723879094
2019-03-01,1085,-0.7443325975009185,132.870923278692,0.0,0.10808267227023398,2.375196394137302,-0.46265227,-0.304936,-0.7098219,132.46575018948948,131.88192168412826
2019-03-04,1086,0.32618901279952706,132.0408989105588,0.0,0.10808267227023398,1.6966494952035616,-0.43519485,-0.31702816,-0.7186963,131.6222960069987,132.47160181520678
2019-03-05,1087,1.7063314178607625,131.6922734447895,0.0,0.10808267227023398,0.3098561560569202,-0.40954316,-0.31587166,-0.7022949,131.27629856916454,133.93938008147305
2019-03-06,1088,0.7239891205656823,132.80198924234213,0.0,0.10808267227023398,0.9958277942984317,-0.40074384,-0.31661546,-0.691943,132.3815196682147,133.7634611963515
2019-03-07,1089,0.9775153136204473,133.38888723879094,0.0,0.10808267227023398,1.3384328563164516,-0.49062508,-0.30696344,-0.71980244,132.97943148088703,134.69278403821804
2019-03-08,1090,3.0269081696142175,131.88192168412826,0.0,0.10808267227023398,-0.7443325975009185,-0.4157902,-0.32246944,-0.7214936,131.4566458907527,135.87386634582936
2019-03-11,1091,2.785866062212694,132.47160181520678,0.0,0.10808267227023398,0.32618901279952706,-0.47499114,-0.31673,-0.72498465,132.05202827110648,136.16208321224616
2019-03-12,1092,1.9031692054355842,133.93938008147305,0.0,0.10808267227023398,1.7063314178607625,-0.5011605,-0.31576478,-0.7475861,133.5164430138108,136.48847311713496
2019-03-13,1093,1.5544482091124578,133.7634611963515,0.0,0.10808267227023398,0.7239891205656823,-0.3431415,-0.31962,-0.6867767,133.33592911476347,135.84274492336502
2019-03-14,1094,1.4611644003446944,134.69278403821804,0.0,0.10808267227023398,0.9775153136204473,-0.4141938,-0.31396013,-0.67143023,134.26990054512663,136.66086704841763
2019-03-15,1095,0.18609356339209793,135.87386634582936,0.0,0.10808267227023398,3.0269081696142175,-0.5661408,-0.31240678,-0.752003,135.44938847317255,136.12671886543092
2019-03-18,1096,-1.2033349464137033,136.16208321224616,0.0,0.10808267227023398,2.785866062212694,-0.4340914,-0.31741273,-0.73558885,135.72988758352554,134.5235972811883
2019-03-19,1097,-1.9253582376909217,136.48847311713496,0.0,0.10808267227023398,1.9031692054355842,-0.38191736,-0.31413177,-0.66863424,136.05971592650855,133.86058105647564
2019-03-20,1098,-0.4343827379608367,135.84274492336502,0.0,0.10808267227023398,1.5544482091124578,-0.43015134,-0.30922312,-0.65130943,135.42268799831385,135.25266748864576
2019-03-21,1099,-0.09507991846078312,136.66086704841763,0.0,0.10808267227023398,1.4611644003446944,-0.3344831,-0.2913682,-0.5813801,136.26268458692175,136.5309300074602
2019-03-22,1100,-0.1578757348889237,136.12671886543092,0.0,0.10808267227023398,0.18609356339209793,-0.43596923,-0.2914166,-0.61772376,135.73001970278267,135.91180780764194
2019-03-25,1101,0.49554183824638276,134.5235972811883,0.0,0.10808267227023398,-1.2033349464137033,-0.25598496,-0.30037004,-0.51867366,134.11952653659108,135.19021798803067
2019-03-26,1102,-0.49350768067722983,133.86058105647564,0.0,0.10808267227023398,-1.9253582376909217,-0.43111753,-0.28807846,-0.525124,133.47495392956606,133.19996880756275
2019-03-27,1103,-0.06438324503726944,135.25266748864576,0.0,0.10808267227023398,-0.4343827379608367,-0.41391653,-0.29847908,-0.51952624,134.84897044038928,135.1655874323171
2019-03-28,1104,-0.42488245932691404,136.5309300074602,0.0,0.10808267227023398,-0.09507991846078312,-0.30418003,-0.3022114,-0.44474018,136.11831520032126,135.9508340343026
2019-03-29,1105,-1.4374791871518466,135.91180780764194,0.0,0.10808267227023398,-0.1578757348889237,-0.39076972,-0.29735446,-0.4361083,135.50766636558697,133.95810385752526
2019-04-01,1106,-0.7212672545938159,135.19021798803067,0.0,0.10808267227023398,0.49554183824638276,-0.4151072,-0.29713893,-0.4487337,134.78851232082465,134.215135214269
2019-04-02,1107,0.43459599373933955,133.19996880756275,0.0,0.10808267227023398,-0.49350768067722983,-0.44315404,-0.30941445,-0.4800781,132.78782989364703,133.77885053566249
2019-04-03,1108,-0.7697996358266845,135.1655874323171,0.0,0.10808267227023398,-0.06438324503726944,-0.3750174,-0.31848207,-0.45483625,134.7351126939765,134.12508323250012
2019-04-04,1109,-1.372576224791544,135.9508340343026,0.0,0.10808267227023398,-0.42488245932691404,-0.49516028,-0.3171399,-0.49869776,135.51968168897528,134.08480520894196
2019-04-05,1110,-0.6363516439592654,133.95810385752526,0.0,0.10808267227023398,-1.4374791871518466,-0.40905404,-0.33116907,-0.50295633,133.51447565315405,133.10565926141123
2019-04-08,1111,-0.09672002840742655,134.215135214269,0.0,0.10808267227023398,-0.7212672545938159,-0.5455885,-0.32136068,-0.57396317,133.78382354640485,134.0853222973627
2019-04-09,1112,-0.3795264894337236,133.77885053566249,0.0,0.10808267227023398,0.43459599373933955,-0.36142492,-0.33118165,-0.53441525,133.33580001570058,133.2711243606197
2019-04-10,1113,-0.5196944312177654,134.12508323250012,0.0,0.10808267227023398,-0.7697996358266845,-0.4013136,-0.323176,-0.5192211,133.69162263850967,133.42804264407462
2019-04-11,1114,0.1519910795166446,134.08480520894196,0.0,0.10808267227023398,-1.372576224791544,-0.34787273,-0.3175879,-0.48984265,133.65897135241042,134.28860215184682
2019-04-12,1115,-0.019182173660314827,133.10565926141123,0.0,0.10808267227023398,-0.6363516439592654,-0.4305877,-0.30805814,-0.52284735,132.69561310755194,133.0801267027
2019-04-15,1116,0.022626759002553065,134.0853222973627,0.0,0.10808267227023398,-0.09672002840742655,-0.3931436,-0.31204084,-0.52114135,133.66691945907823,134.1156614600967
2019-04-16,1117,0.26101506297233623,133.2711243606197,0.0,0.10808267227023398,-0.3795264894337236,-0.4500805,-0.3141599,-0.54977125,132.85244219358583,133.6189820697935
2019-04-17,1118,-0.9486421143380164,133.42804264407462,0.0,0.10808267227023398,-0.5196944312177654,-0.41999757,-0.3161738,-0.55043113,133.00617941467738,132.16228803921604
2019-04-18,1119,-2.621092469337405,134.28860215184682,0.0,0.10808267227023398,0.1519910795166446,-0.34414262,-0.31715557,-0.5129708,133.86269736999864,130.7687737136663
2019-04-19,1120,-2.0298578460704597,133.0801267027,0.0,0.10808267227023398,-0.019182173660314827,-0.48281538,-0.31359586,-0.56515336,132.66279019667843,130.37878930926473
2019-04-22,1121,-4.157632147836132,134.1156614600967,0.0,0.10808267227023398,0.022626759002553065,-0.37602544,-0.31833005,-0.5447034,133.6887303690504,128.53962560394865
2019-04-23,1122,-3.7543464833702633,133.6189820697935,0.0,0.10808267227023398,0.26101506297233623,-0.36562967,-0.31676614,-0.5261761,133.19571871059856,128.60246251534107
2019-04-24,1123,-3.4238143715358715,132.16228803921604,0.0,0.10808267227023398,-0.9486421143380164,-0.38787627,-0.309697,-0.5294416,131.75298173212494,127.63729662757872
2019-04-25,1124,-1.859663134713263,130.7687737136663,0.0,0.10808267227023398,-2.621092469337405,-0.26015276,-0.30556884,-0.48827434,130.36918465471845,128.33691503719663
2019-04-26,1125,-1.3590771264095913,130.37878930926473,0.0,0.10808267227023398,-2.0298578460704597,-0.29644728,-0.29097748,-0.4671427,129.99941577455553,128.60684100607276
2019-04-29,1126,0.5871513821185559,128.53962560394865,0.0,0.10808267227023398,-4.157632147836132,-0.32427198,-0.29232448,-0.4779802,128.16387211790425,129.29434779225224
2019-04-30,1127,0.951137141208358,128.60246251534107,0.0,0.10808267227023398,-3.7543464833702633,-0.24965642,-0.2804795,-0.44033766,128.24175630052068,129.82564830083305
2019-05-01,1128,2.039266101764725,127.63729662757872,0.0,0.10808267227023398,-3.4238143715358715,-0.19329707,-0.26193887,-0.39525235,127.30296531554247,130.24016075091382
2019-05-02,1129,0.9663205590652701,128.33691503719663,0.0,0.10808267227023398,-1.859663134713263,-0.17164756,-0.24500674,-0.34362125,128.02248331666542,129.57706103207119
2019-05-03,1130,1.2017922826746297,128.60684100607276,0.0,0.10808267227023398,-1.3590771264095913,-0.20238058,-0.2387936,-0.30411726,128.29973547251902,130.15242809627537
2019-05-06,1131,0.7010681183201584,129.29434779225224,0.0,0.10808267227023398,0.5871513821185559,-0.2983638,-0.24817196,-0.3078315,128.97347813994054,130.2007892434137
2019-05-07,1132,-1.0200861471399203,129.82564830083305,0.0,0.10808267227023398,0.951137141208358,-0.26329863,-0.2532272,-0.2776937,129.49689811710695,128.50131484708166
2019-05-08,1133,-0.8659168798953676,130.24016075091382,0.0,0.10808267227023398,2.039266101764725,-0.25873947,-0.24938059,-0.24256913,129.91536800307904,129.1123892145688
2019-05-09,1134,-1.1523513839283517,129.57706103207119,0.0,0.10808267227023398,0.9663205590652701,-0.3722589,-0.2605938,-0.26522842,129.2393942160558,128.08387797601443
2019-05-10,1135,-0.8956616816610641,130.15242809627537,0.0,0.10808267227023398,1.2017922826746297,-0.20554061,-0.2558434,-0.20862536,129.8194448008838,128.98670267006557
2019-05-13,1136,-0.25378045248533043,130.2007892434137,0.0,0.10808267227023398,0.7010681183201584,-0.27008337,-0.249397,-0.19043817,129.87607139847907,129.8703650913323
2019-05-14,1137,1.0533523137055578,128.50131484708166,0.0,0.10808267227023398,-1.0200861471399203,-0.23456085,-0.24966246,-0.17406447,128.18049844502278,129.85488642016546
2019-05-15,1138,0.6591710610794443,129.1123892145688,0.0,0.10808267227023398,-0.8659168798953676,-0.21101414,-0.24349505,-0.1481603,128.7980045559822,129.9634607205395
2019-05-16,1139,3.22446800497036,128.08387797601443,0.0,0.10808267227023398,-1.1523513839283517,-0.20613089,-0.23944858,-0.1344833,127.7771814639155,132.2139016408763
2019-05-17,1140,2.894772601427631,128.98670267006557,0.0,0.10808267227023398,-0.8956616816610641,-0.31990063,-0.2467969,-0.15787621,128.66836478785933,132.72057439844355
2019-05-20,1141,1.6610218658896114,129.8703650913323,0.0,0.10808267227023398,-0.25378045248533043,-0.33770716,-0.26332033,-0.18132038,129.52838862819294,132.02754025281
2019-05-21,1142,2.1128136289598975,129.85488642016546,0.0,0.10808267227023398,1.0533523137055578,-0.27010995,-0.26484075,-0.16469158,129.51097702731343,132.59847815832111
2019-05-22,1143,1.6228433331572978,129.9634607205395,0.0,0.10808267227023398,0.6591710610794443,-0.39232987,-0.26985025,-0.20094623,129.61275678031478,132.07256407838327
2019-05-23,1144,-0.2872955270456945,132.2139016408763,0.0,0.10808267227023398,3.22446800497036,-0.43533874,-0.30225864,-0.27553886,131.8142704287544,131.83405701532945
2019-05-24,1145,-0.9248036074892663,132.72057439844355,0.0,0.10808267227023398,2.894772601427631,-0.3178233,-0.30345857,-0.24457328,132.31782164829875,131.49316973852626
2019-05-27,1146,-0.21464365642036576,132.02754025281,0.0,0.10808267227023398,1.6610218658896114,-0.4045999,-0.29150143,-0.25338757,131.6426767043164,131.7441515129295
2019-05-28,1147,-0.3927502789804693,132.59847815832111,0.0,0.10808267227023398,2.1128136289598975,-0.3018273,-0.28063774,-0.21482901,132.22635836519643,132.07769726543046
2019-05-29,1148,-0.5193405925852046,132.0725640783833,0.0,0.10808267227023398,1.6228433331572978,-0.39348954,-0.27962622,-0.23943324,131.70325845588852,131.38665764145614
2019-05-30,1149,0.8039754461397708,131.83405701532945,0.0,0.10808267227023398,-0.2872955270456945,-0.27868444,-0.27370793,-0.19965936,131.47321337284424,132.8939704633826
2019-05-31,1150,1.235257409049484,131.49316973852626,0.0,0.10808267227023398,-0.9248036074892663,-0.31699967,-0.26930806,-0.19098382,131.13905112938838,133.11744886011542
2019-06-03,1151,1.6872155256838273,131.7441515129295,0.0,0.10808267227023398,-0.21464365642036576,-0.26591027,-0.25935262,-0.15581454,131.40247077635019,133.96695929143607
2019-06-04,1152,2.049793774988018,132.07769726543046,0.0,0.10808267227023398,-0.3927502789804693,-0.3554122,-0.26523408,-0.1809959,131.72738136971722,134.78501768212476
2019-06-05,1153,2.7335985888665038,131.38665764145614,0.0,0.10808267227023398,-0.5193405925852046,-0.4314081,-0.2827805,-0.23931494,131.0151194077895,134.97824146070184
2019-06-06,1154,2.1373329243007166,132.8939704633826,0.0,0.10808267227023398,0.8039754461397708,-0.38350874,-0.30132666,-0.2616158,132.49352728003169,135.73435704850695
2019-06-07,1155,2.4754102999398064,133.11744886011542,0.0,0.10808267227023398,1.235257409049484,-0.33928972,-0.2953855,-0.22666065,132.7242428947657,136.41265190021582
2019-06-10,1156,2.286531063621511,133.96695929143607,0.0,0.10808267227023398,1.6872155256838273,-0.41415483,-0.2938943,-0.23519845,133.5732402821688,137.03015543062395
2019-06-11,1157,0.3672844732902858,134.78501768212476,0.0,0.10808267227023398,2.049793774988018,-0.3932138,-0.2896542,-0.23905599,134.39460650071774,135.28006212439277
2019-06-12,1158,1.960673203162444,134.97824146070184,0.0,0.10808267227023398,2.7335985888665038,-0.36139703,-0.28959656,-0.22983201,134.58735105077866,137.62472367112173
2019-06-13,1159,1.6488036136878659,135.73435704850695,0.0,0.10808267227023398,2.1373329243007166,-0.35619688,-0.2842058,-0.20963444,135.34859068460088,137.9723500325387
2019-06-14,1160,1.2284210176749522,136.41265190021582,0.0,0.10808267227023398,2.4754102999398064,-0.33360064,-0.2794537,-0.18295993,136.03143804540574,138.08837358692585
2019-06-17,1161,1.0898106855283807,137.03015543062395,0.0,0.10808267227023398,2.286531063621511,-0.3701976,-0.27974775,-0.1785687,136.64681570876658,138.52352470690303
2019-06-18,1162,3.4818849554694387,135.28006212439277,0.0,0.10808267227023398,0.3672844732902858,-0.3895071,-0.28924263,-0.18871517,134.8887733924178,139.99035825525172
2019-06-19,1163,2.0517315984706297,137.62472367112173,0.0,0.10808267227023398,1.960673203162444,-0.42000347,-0.29909515,-0.1981722,137.2130934796873,140.44841361399003
2019-06-20,1164,3.4254589520817946,137.9723500325387,0.0,0.10808267227023398,1.6488036136878659,-0.34302443,-0.29369986,-0.16601013,137.5671226367745,142.69853624812595
2019-06-21,1165,3.2611433062295747,138.08837358692585,0.0,0.10808267227023398,1.2284210176749522,-0.3692299,-0.28986728,-0.16949598,137.68809777332964,142.59163333883717
2019-06-24,1166,3.088566931312786,138.52352470690303,0.0,0.10808267227023398,1.0898106855283807,-0.3922512,-0.29113913,-0.1876771,138.12022885827662,142.80191648308934
2019-06-25,1167,1.458019990875914,139.99035825525172,0.0,0.10808267227023398,3.4818849554694387,-0.37614292,-0.29709342,-0.1894361,139.57445615225234,142.0314456639121
2019-06-26,1168,0.6620008017349743,140.44841361399003,0.0,0.10808267227023398,2.0517315984706297,-0.41604847,-0.29925364,-0.21232252,140.0281202200262,141.3781832381387
2019-06-27,1169,-1.139038701448214,142.69853624812595,0.0,0.10808267227023398,3.4254589520817946,-0.47512686,-0.31082016,-0.2690606,142.2550001710002,141.0731446938597
2019-06-28,1170,-0.39787372662544174,142.59163333883717,0.0,0.10808267227023398,3.2611433062295747,-0.3691573,-0.32256442,-0.2355913,142.13168626410214,142.02429869341586
2019-07-01,1171,0.8649717275427626,142.80191648308934,0.0,0.10808267227023398,3.088566931312786,-0.42206925,-0.31943816,-0.24213995,142.3457512224121,144.0371126870573
2019-07-02,1172,2.218099461721068,142.0314456639121,0.0,0.10808267227023398,1.458019990875914,-0.47896475,-0.32254517,-0.2948426,141.57333094150184,145.181844395658
2019-07-03,1173,3.869828321801494,141.3781832381387,0.0,0.10808267227023398,0.6620008017349743,-0.3896953,-0.32963276,-0.27789426,140.91215611733278,146.8492762139366
2019-07-04,1174,4.065870288385365,141.0731446938597,0.0,0.10808267227023398,-1.139038701448214,-0.3672278,-0.3274067,-0.263696,140.6112594896617,146.80899576885824
2019-07-05,1175,3.678659326499001,142.02429869341586,0.0,0.10808267227023398,-0.39787372662544174,-0.4300983,-0.3215682,-0.28904688,141.56759533366238,147.248888803196
2019-07-08,1176,2.5763013539444435,144.0371126870573,0.0,0.10808267227023398,0.8649717275427626,-0.45548838,-0.3314446,-0.322174,143.55971097003885,147.74794277139642
2019-07-09,1177,2.1973047086311537,145.181844395658,0.0,0.10808267227023398,2.218099461721068,-0.5152278,-0.33314642,-0.3877061,144.69817363473996,148.37193189864135
2019-07-10,1178,1.8312072348448671,146.8492762139366,0.0,0.10808267227023398,3.869828321801494,-0.40444565,-0.3555889,-0.3492434,146.32709576872026,149.53839078428354
2019-07-11,1179,1.7315717726599011,146.80899576885824,0.0,0.10808267227023398,4.065870288385365,-0.57979107,-0.3316031,-0.48607582,146.3221705607543,149.35109889931726
2019-07-12,1180,0.44168368103321143,147.248888803196,0.0,0.10808267227023398,3.678659326499001,-0.46844983,-0.35933033,-0.47260344,146.71977559928962,147.89926311554245
2019-07-15,1181,0.5065554153599328,147.74794277139642,0.0,0.10808267227023398,2.5763013539444435,-0.5116466,-0.35880232,-0.4777733,147.2178200793473,148.49636797658783
2019-07-16,1182,0.3123079238338544,148.37193189864135,0.0,0.10808267227023398,2.1973047086311537,-0.439812,-0.35300532,-0.44079202,147.84817519819921,148.83530919870617
2019-07-17,1183,-0.29744747037494523,149.53839078428354,0.0,0.10808267227023398,1.8312072348448671,-0.465244,-0.33819816,-0.45813042,149.032656799986,149.0935926236563
2019-07-18,1184,0.6072739405730276,149.35109889931726,0.0,0.10808267227023398,1.7315717726599011,-0.41161835,-0.35141253,-0.42927092,148.82626255353694,150.25806920289227
2019-07-19,1185,1.5830039082406433,147.89926311554245,0.0,0.10808267227023398,0.44168368103321143,-0.49509245,-0.3485648,-0.4696356,147.38374248281448,150.2405142309206
2019-07-22,1186,0.01093508009915034,148.49636797658783,0.0,0.10808267227023398,0.5065554153599328,-0.4540714,-0.35517275,-0.45409757,147.96895022295166,148.51260617337041
2019-07-23,1187,-0.5596229292484489,148.83530919870617,0.0,0.10808267227023398,0.3123079238338544,-0.44936985,-0.353104,-0.4421363,148.30976595289945,148.00239268161238
2019-07-24,1188,-0.36931824882413533,149.0935926236563,0.0,0.10808267227023398,-0.29744747037494523,-0.4601047,-0.35219002,-0.44382733,148.56849702967057,148.5429627782696
2019-07-25,1189,-1.3781941132683717,150.25806920289227,0.0,0.10808267227023398,0.6072739405730276,-0.49092662,-0.33736414,-0.48372644,149.75115514057802,148.1872213384273
2019-07-26,1190,-0.8145241241592438,150.2405142309206,0.0,0.10808267227023398,1.5830039082406433,-0.41722327,-0.35077977,-0.44965214,149.7135016143456,149.01676899824886
2019-07-29,1191,0.44718278594586547,148.51260617337041,0.0,0.10808267227023398,0.01093508009915034,-0.4678353,-0.35583752,-0.454597,147.98413931757324,149.1767289831373
2019-07-30,1192,0.6167131271880733,148.00239268161238,0.0,0.10808267227023398,-0.5596229292484489,-0.45853162,-0.3550539,-0.4491017,147.47690582328866,148.9151428658323
2019-07-31,1193,0.4180204878846183,148.5429627782696,0.0,0.10808267227023398,-0.36931824882413533,-0.4190957,-0.35470474,-0.41605425,148.01607013321248,149.1639027959936
2019-08-01,1194,0.869931338496932,148.1872213384273,0.0,0.10808267227023398,-1.3781941132683717,-0.47310984,-0.3454662,-0.4402055,147.67528113638332,149.4763484164981
2019-08-02,1195,0.7176390781591824,149.01676899824886,0.0,0.10808267227023398,-0.8145241241592438,-0.48108315,-0.34422806,-0.4628564,148.50381044522155,150.0861715655905
2019-08-05,1196,0.590015638318353,149.1767289831373,0.0,0.10808267227023398,0.44718278594586547,-0.4505332,-0.34103346,-0.45782417,148.66798571336602,150.0568950128696
2019-08-06,1197,1.3735185939345973,148.91514286583234,0.0,0.10808267227023398,0.6167131271880733,-0.40703547,-0.34320357,-0.41995853,148.40406081704577,150.9605200422788
2019-08-07,1198,3.4194121246249765,149.1639027959936,0.0,0.10808267227023398,0.4180204878846183,-0.46924263,-0.32633302,-0.45423627,148.67712813218284,154.2644313737636
2019-08-08,1199,4.066442984888563,149.47634841649807,0.0,0.10808267227023398,0.869931338496932,-0.42007303,-0.33365723,-0.43486637,148.97761328477785,155.55471890074836
2019-08-09,1200,4.1856807150084,150.0861715655905,0.0,0.22125653054704772,0.7176390781591824,0.018550001,-0.5042269,0.36357403,149.32939882787338,156.36829950470585
2019-08-12,1201,4.263898907193697,150.0568950128696,0.0,0.22125653054704772,0.590015638318353,0.17121246,-0.516544,0.39381218,149.2817824652571,156.45516931949214
2019-08-13,1202,4.448442953949017,150.9605200422788,0.0,0.22125653054704772,1.3735185939345973,0.257904,-0.46457928,0.44875938,150.2591929678908,157.67591265934433
2019-08-14,1203,3.376994965281166,154.2644313737636,0.0,0.22125653054704772,3.4194121246249765,0.25129226,-0.3846553,0.51042825,153.67104920509664,159.47393345447523
2019-08-15,1204,2.725008421838271,155.55471890074836,0.0,0.22125653054704772,4.066442984888563,0.043874077,-0.45421463,0.4819039,154.84816261907258,159.7935980913606
2019-08-16,1205,2.2870958675827113,156.36829950470582,0.0,0.22125653054704772,4.1856807150084,-0.23397717,-0.50797373,0.44258726,155.57398822225056,159.9445924208873
2019-08-19,1206,2.302946481465229,156.45516931949214,0.0,0.22125653054704772,4.263898907193697,-0.43483657,-0.50728315,0.41755092,155.661498513177,160.05824813640587
2019-08-20,1207,1.3843554152950244,157.67591265934436,0.0,0.22125653054704772,4.448442953949017,-0.54775286,-0.47559905,0.40765607,156.92601014733555,159.85870769485985
2019-08-21,1208,-1.0651700760859972,159.47393345447523,0.0,0.22125653054704772,3.376994965281166,-0.58205754,-0.45381182,0.4000852,158.75022179269396,157.77526483616086
2019-08-22,1209,-1.1740868567368445,159.7935980913606,0.0,0.22125653054704772,2.725008421838271,-0.55608505,-0.501462,0.36321515,158.9922973748994,157.91748245826304
2019-08-23,1210,-0.926298323223862,159.94459242088732,0.0,0.22125653054704772,2.2870958675827113,-0.5860361,-0.46149272,0.3665473,159.20645624783097,158.4630283432054
2019-08-26,1211,-0.12677461201364704,160.05824813640584,0.0,0.22125653054704772,2.302946481465229,-0.57894534,-0.4652794,0.35426044,159.31352941145315,159.85533491333507
2019-08-27,1212,-0.7067701877184196,159.85870769485985,0.0,0.22125653054704772,1.3843554152950244,-0.569958,-0.47048908,0.34153497,159.10658963833046,158.72887400640064
2019-08-28,1213,0.42755772514013746,157.77526483616086,0.0,0.22125653054704772,-1.0651700760859972,-0.60063225,-0.4020183,0.349751,157.14098389900153,158.44984516932817
2019-08-29,1214,0.5433202865767983,157.91748245826304,0.0,0.22125653054704772,-1.1740868567368445,-0.56765306,-0.45541304,0.30561548,157.19830216251515,158.77548017651014
2019-08-30,1215,0.2682703285973975,158.4630283432054,0.0,0.22125653054704772,-0.926298323223862,-0.54461545,-0.5023221,0.27466947,157.66703035541934,158.8881376300471
2019-09-02,1216,-1.297184509769156,159.85533491333507,0.0,0.22125653054704772,-0.12677461201364704,-0.5888461,-0.46258873,0.27503002,159.1158574849808,157.78171627079968
2019-09-03,1217,-1.4278167826746735,158.72887400640064,0.0,0.22125653054704772,-0.7067701877184196,-0.5735903,-0.47581005,0.24922724,157.97362304258263,156.4625165043867
2019-09-04,1218,0.9917153074196383,158.44984516932817,0.0,0.22125653054704772,0.42755772514013746,-0.5594061,-0.49996227,0.21708174,157.6576533651097,160.02121653845512
2019-09-05,1219,1.6403166687245285,158.77548017651014,0.0,0.22125653054704772,0.5433202865767983,-0.5633525,-0.5082903,0.19164248,157.968439448,161.37990084369284
2019-09-06,1220,1.7025401473030444,158.8881376300471,0.0,0.22125653054704772,0.2682703285973975,-0.58365667,-0.47997737,0.183661,158.12550901163183,161.59327196250078
2019-09-09,1221,2.3306839009324065,157.78171627079968,0.0,0.22125653054704772,-1.297184509769156,-0.5868241,-0.45407313,0.17431904,157.06527029268116,161.45910933053804
2019-09-10,1222,1.6140761196412612,156.4625165043867,0.0,0.22125653054704772,-1.4278167826746735,-0.56689215,-0.46416909,0.1574338,155.73626260905752,158.9879406194738
2019-09-11,1223,-0.3014140535654297,160.02121653845512,0.0,0.22125653054704772,0.9917153074196383,-0.57060975,-0.4709311,0.15254809,159.26762808268947,159.53889010312184
2019-09-12,1224,-0.8997716319004367,161.37990084369287,0.0,0.22125653054704772,1.6403166687245285,-0.53923887,-0.48203725,0.15964551,160.60199374986806,159.92785027631226
2019-09-13,1225,-0.7067080541670712,161.59327196250078,0.0,0.22125653054704772,1.7025401473030444,-0.5304901,-0.48493385,0.16264747,160.80965533502663,160.4512792945497
2019-09-16,1226,-1.069587482871015,161.45910933053807,0.0,0.22125653054704772,2.3306839009324065,-0.51913685,-0.5016714,0.1568323,160.64911991418234,159.7321629071836
2019-09-17,1227,0.36321713087974494,158.9879406194738,0.0,0.22125653054704772,1.6140761196412612,-0.48859912,-0.5572515,0.13360576,158.10198066303911,159.56541205583665
2019-09-18,1228,-0.06739048948071202,159.53889010312184,0.0,0.22125653054704772,-0.3014140535654297,-0.49306393,-0.5835209,0.13456316,158.6079431687672,159.43137606416926
2019-09-19,1229,0.427749106858788,159.92785027631226,0.0,0.22125653054704772,-0.8997716319004367,-0.49655157,-0.6154269,0.13520704,158.9436065020931,160.61194022748765
2019-09-20,1230,-0.13345448871872057,160.4512792945497,0.0,0.22125653054704772,-0.7067080541670712,-0.48212516,-0.5857143,0.15760387,159.5114889346689,160.2371498601245
2019-09-23,1231,-0.08559479665271041,159.7321629071836,0.0,0.22125653054704772,-1.069587482871015,-0.45951992,-0.58284813,0.15987597,158.8011640285829,159.59544048715424
2019-09-24,1232,-1.4914075471179067,159.56541205583665,0.0,0.22125653054704772,0.36321713087974494,-0.44020605,-0.64832246,0.14381842,158.53091802122964,157.18564145784612
2019-09-25,1233,-0.4789338157834222,159.43137606416926,0.0,0.22125653054704772,-0.06739048948071202,-0.48039567,-0.7087008,0.13975368,158.30148713539646,158.66780529122912
2019-09-26,1234,-0.7441751111934347,160.61194022748765,0.0,0.22125653054704772,0.427749106858788,-0.52056175,-0.75602406,0.13169618,159.39767330152958,159.4167061427098
2019-09-27,1235,0.2611664702816041,160.2371498601245,0.0,0.22125653054704772,-0.13345448871872057,-0.5131118,-0.80299497,0.127106,158.95045552244918,160.65563556849403
2019-09-30,1236,0.5170190960304133,159.59544048715424,0.0,0.22125653054704772,-0.08559479665271041,-0.5312416,-0.829226,0.12550224,158.2720339531969,160.42057939086666
2019-10-01,1237,2.5086659943909018,157.18564145784612,0.0,0.22125653054704772,-1.4914075471179067,-0.5387595,-0.8420031,0.11732943,155.86213047482352,161.12890419316432
2019-10-02,1238,0.8755561304351289,158.66780529122912,0.0,0.22125653054704772,-0.4789338157834222,-0.4953426,-0.87250435,0.10192211,157.28342121498304,160.05703098748336
2019-10-03,1239,0.8217439063179066,159.4167061427098,0.0,0.22125653054704772,-0.7441751111934347,-0.46869773,-0.8936941,0.107584044,157.99200834607183,160.72670321109027
2019-10-04,1240,1.2536557979535345,160.65563556849403,0.0,0.22125653054704772,0.2611664702816041,-0.43601847,-0.9063059,0.103239045,159.19960309236114,162.66970425853756
2019-10-07,1241,1.4181273546539197,160.42057939086666,0.0,0.22125653054704772,0.5170190960304133,-0.4147178,-0.925303,0.09257354,158.93620375043633,162.69554750970286
2019-10-08,1242,1.235525723811981,161.12890419316432,0.0,0.22125653054704772,2.5086659943909018,-0.4281929,-0.9353959,0.1114438,159.62171478094325,163.1196932529672
2019-10-09,1243,2.3321271671892463,160.05703098748333,0.0,0.22125653054704772,0.8755561304351289,-0.508076,-0.93198216,0.119635805,158.56532476982278,163.78976449013894
2019-10-10,1244,1.385711102929199,160.72670321109027,0.0,0.22125653054704772,0.8217439063179066,-0.56686425,-0.92917204,0.11629574,159.2332775416065,162.95391098285842
2019-10-11,1245,1.1021692156405027,162.66970425853756,0.0,0.22125653054704772,1.2536557979535345,-0.5780967,-0.92655295,0.12106703,161.16248127666802,164.4625996620486
2019-10-14,1246,1.7362596973491184,162.69554750970286,0.0,0.22125653054704772,1.4181273546539197,-0.5284052,-0.9188271,0.10228871,161.20065291987277,165.52036473049532
2019-10-15,1247,1.8063851661969554,163.1196932529672,0.0,0.22125653054704772,1.235525723811981,-0.53220457,-0.92409885,0.10283212,161.61230662800193,166.0662631950348
2019-10-16,1248,1.8343877623997695,163.78976449013894,0.0,0.22125653054704772,2.3321271671892463,-0.56002563,-0.92826056,0.10069679,162.2693714307281,166.79430388600946
2019-10-17,1249,3.2590738443478484,162.95391098285842,0.0,0.22125653054704772,1.385711102929199,-0.5871648,-0.9229145,0.1012523,161.44998919853646,168.26469927404264
2019-10-18,1250,2.026463688267932,164.4625996620486,0.0,0.22125653054704772,1.1021692156405027,-0.57707375,-0.90275705,0.09044869,162.97789704990993,167.79537452498147
2019-10-21,1251,1.3785909224603543,165.52036473049532,0.0,0.22125653054704772,1.7362596973491184,-0.54900795,-0.8980521,0.08006106,164.03390700632855,167.80221345349318
2019-10-22,1252,0.9486620320878547,166.0662631950348,0.0,0.22125653054704772,1.8063851661969554,-0.5758491,-0.874981,0.101349965,164.6132194219653,167.64167078207316
2019-10-23,1253,0.25455971289309876,166.79430388600943,0.0,0.22125653054704772,1.8343877623997695,-0.5551416,-0.83730006,0.098657236,165.39773149684243,167.2188949871037
2019-10-24,1254,0.1715070369575411,168.26469927404264,0.0,0.22125653054704772,3.2590738443478484,-0.569036,-0.7627551,0.10963698,166.9812524076853,168.55328507401308
2019-10-25,1255,0.004754301279641382,167.79537452498147,0.0,0.22125653054704772,2.026463688267932,-0.5295155,-0.75794023,0.09126265,166.52358857313038,167.8033520226197
2019-10-28,1256,-1.3187414080676363,167.8022134534932,0.0,0.22125653054704772,1.3785909224603543,-0.55662984,-0.7201853,0.08783291,166.59372701301672,165.58933618102796
2019-10-29,1257,-1.4360878216594486,167.64167078207316,0.0,0.22125653054704772,0.9486620320878547,-0.54361403,-0.6973213,0.08717577,166.47267071040062,165.2341891639454
2019-10-30,1258,-1.4033656141320239,167.21889498710368,0.0,0.22125653054704772,0.25455971289309876,-0.5871832,-0.57702696,0.10047127,166.2539974734276,164.87220251452314
2019-10-31,1259,-2.03174858029207,168.55328507401308,0.0,0.22125653054704772,0.1715070369575411,-0.565746,-0.56612474,0.07866587,167.59906293034336,165.12870609748617
2019-11-01,1260,-2.7686816406117254,167.8033520226197,0.0,0.22125653054704772,0.004754301279641382,-0.58694005,-0.47711188,0.09972538,167.00274320194274,163.15741142283835
2019-11-04,1261,-0.7963307612236847,165.58933618102796,0.0,0.22125653054704772,-1.3187414080676363,-0.5697081,-0.488845,0.07972796,164.77985686056817,164.27069735971233
2019-11-05,1262,-1.0623092378687193,165.2341891639454,0.0,0.22125653054704772,-1.4360878216594486,-0.540367,-0.5311267,0.056694552,164.35658896329107,163.47889110833933
2019-11-06,1263,-0.5811752164018746,164.87220251452314,0.0,0.22125653054704772,-1.4033656141320239,-0.5631374,-0.5168024,0.056139514,164.02013955491043,163.91400613477282
2019-11-07,1264,-1.3275919796080227,165.12870609748617,0.0,0.22125653054704772,-2.03174858029207,-0.5644921,-0.5173564,0.053131297,164.27440217531878,162.93647063930544
2019-11-08,1265,-0.7781276943187976,163.15741142283835,0.0,0.22125653054704772,-2.7686816406117254,-0.58294415,-0.48378724,0.06061192,162.36807697929623,161.88783841922358
2019-11-11,1266,-1.6347332429301975,164.27069735971233,0.0,0.22125653054704772,-0.7963307612236847,-0.5833879,-0.48262447,0.057573155,163.47788628569901,161.58530966157986
2019-11-12,1267,-1.3937689475196136,163.47889110833933,0.0,0.22125653054704772,-1.0623092378687193,-0.5935167,-0.43916315,0.07660487,162.7609554736088,161.2003730883219
2019-11-13,1268,-0.3627633058472024,163.91400613477282,0.0,0.22125653054704772,-0.5811752164018746,-0.5639503,-0.47425127,0.06906572,163.13664344169433,163.31938626737173
2019-11-14,1269,1.3313907149764104,162.93647063930544,0.0,0.22125653054704772,-1.3275919796080227,-0.5437849,-0.5127851,0.056985304,162.100957315428,165.10579168070743
2019-11-15,1270,1.3847639109641374,161.88783841922358,0.0,0.22125653054704772,-0.7781276943187976,-0.599483,-0.42755115,0.08734198,161.19568684069893,164.12960278189294
2019-11-18,1271,1.6346186793471773,161.58530966157986,0.0,0.22125653054704772,-1.6347332429301975,-0.55358493,-0.49043268,0.07231037,160.79284201591895,164.226613316389
2019-11-19,1272,0.5823418299901961,161.2003730883219,0.0,0.22125653054704772,-1.3937689475196136,-0.58609885,-0.45288056,0.08523877,160.4703255317056,162.13911029091545
2019-11-20,1273,-1.136535315004017,163.31938626737173,0.0,0.22125653054704772,-0.3627633058472024,-0.58803123,-0.4592238,0.07465862,162.56938447237965,161.46320376619522
2019-11-21,1274,-2.8410621076696896,165.10579168070743,0.0,0.22125653054704772,1.3313907149764104,-0.5815267,-0.4357729,0.09040536,164.38630106107374,160.4150335956988
2019-11-22,1275,-3.5821360466539165,164.1296027818929,0.0,0.22125653054704772,1.3847639109641374,-0.567107,-0.43706155,0.095153645,163.41225305097285,158.25025711741284
2019-11-25,1276,-4.904673999264054,164.22661331638903,0.0,0.22125653054704772,1.6346186793471773,-0.53640187,-0.49369574,0.07710992,163.41583744464907,156.1718333131882
2019-11-26,1277,-3.525573599367704,162.13911029091545,0.0,0.22125653054704772,0.5823418299901961,-0.5507654,-0.47786534,0.07085617,161.36430851508786,156.42277662424925
2019-11-27,1278,-2.8775365484167925,161.46320376619522,0.0,0.22125653054704772,-1.136535315004017,-0.5637334,-0.44093102,0.080535665,160.75126193020716,156.81704106557828
2019-11-28,1279,-3.042612447099291,160.4150335956988,0.0,0.22125653054704772,-2.8410621076696896,-0.5345797,-0.49950486,0.06496869,159.61375279556958,155.53422581649755
2019-11-29,1280,-1.3022960990471733,158.25025711741284,0.0,0.22125653054704772,-3.5821360466539165,-0.5862223,-0.36967808,0.115259096,157.66523768111685,156.18937019224066
2019-12-02,1281,-0.5141154281615656,156.1718333131882,0.0,0.22125653054704772,-4.904673999264054,-0.5643539,-0.38149506,0.10519047,155.57604781341414,155.36892982368232
2019-12-03,1282,0.7548676632178619,156.42277662424925,0.0,0.22125653054704772,-3.525573599367704,-0.51613635,-0.48278815,0.07563873,155.66758982442437,157.6035615828932
2019-12-04,1283,0.9254292672519204,156.81704106557828,0.0,0.22125653054704772,-2.8775365484167925,-0.55791044,-0.4648171,0.07570137,156.0881320908463,158.2682718596376
2019-12-05,1284,2.3488946705156,155.53422581649755,0.0,0.22125653054704772,-3.042612447099291,-0.58481985,-0.4351095,0.079285815,154.85748404060467,159.18756095752897
2019-12-06,1285,1.3787908669989468,156.18937019224066,0.0,0.22125653054704772,-1.3022960990471733,-0.59332484,-0.41275066,0.08636786,155.54469818545047,158.34289496367444
2019-12-09,1286,0.3668176725079686,155.36892982368232,0.0,0.22125653054704772,-0.5141154281615656,-0.55064064,-0.48476213,0.070933044,154.61575628985167,155.9388505158621
2019-12-10,1287,-0.6369378310057017,157.6035615828932,0.0,0.22125653054704772,0.7548676632178619,-0.5821345,-0.44143033,0.07794739,156.90784903017712,156.5997248761594
2019-12-11,1288,-0.8514050329729184,158.2682718596376,0.0,0.22125653054704772,0.9254292672519204,-0.50010973,-0.52628875,0.06233783,157.43531998011298,156.92076782742538
2019-12-12,1289,-1.8786732284957197,159.18756095752897,0.0,0.22125653054704772,2.3488946705156,-0.51665056,-0.46574497,0.09079777,158.44615327548803,156.19694686672457
2019-12-13,1290,-1.5815942937346006,158.34289496367444,0.0,0.22125653054704772,1.3787908669989468,-0.47701055,-0.5404865,0.0764638,157.48706910005015,155.8385527723948
2019-12-16,1291,-0.8633619506296264,155.9388505158621,0.0,0.22125653054704772,0.3668176725079686,-0.48018283,-0.57325417,0.068212435,155.0449253922174,154.59253381425893
2019-12-17,1292,-1.2066823737711174,156.5997248761594,0.0,0.22125653054704772,-0.6369378310057017,-0.44232458,-0.63836,0.06230189,155.60005520900415,154.71006359870472
2019-12-18,1293,-0.48711519925958013,156.92076782742538,0.0,0.22125653054704772,-0.8514050329729184,-0.44620156,-0.66915494,0.078036025,155.870720732549,156.15638291654315
2019-12-19,1294,-0.6558703337405047,156.19694686672457,0.0,0.22125653054704772,-1.8786732284957197,-0.48526973,-0.7441994,0.070820466,155.03452957424938,155.1724974300173
2019-12-20,1295,0.33169618790414024,155.8385527723948,0.0,0.22125653054704772,-1.5815942937346006,-0.5491856,-0.7387465,0.082673624,154.68730180982965,156.3554633112258
2019-12-23,1296,1.4672423564636494,154.59253381425893,0.0,0.22125653054704772,-0.8633619506296264,-0.5623537,-0.74645257,0.07577334,153.4385735040564,156.86078095031212
2019-12-24,1297,0.6911340421847045,154.71006359870472,0.0,0.22125653054704772,-1.2066823737711174,-0.5532783,-0.7887111,0.06176223,153.4898459859831,155.779317514921
2019-12-25,1298,0.10588904296615631,156.15638291654315,0.0,0.22125653054704772,-0.48711519925958013,-0.5626052,-0.82207847,0.057467893,154.87265380173557,156.32173541594403
2019-12-26,1299,1.540702773387137,155.1724974300173,0.0,0.22125653054704772,-0.6558703337405047,-0.56262594,-0.8420172,0.054829672,153.86591872265333,157.56324440145565
2019-12-27,1300,0.46887489887499356,156.3554633112258,0.0,0.22125653054704772,0.33169618790414024,-0.571657,-0.8484754,0.054570004,155.02882147995794,157.08857483171184
2019-12-30,1301,-0.5219272736994962,156.86078095031212,0.0,0.22125653054704772,1.4672423564636494,-0.56092036,-0.86053395,0.0550337,155.5109373058767,156.04208175279442
2019-12-31,1302,-0.4381729167585391,155.779317514921,0.0,0.22125653054704772,0.6911340421847045,-0.5818369,-0.872918,0.049583897,154.41949495381326,155.0967347356593
2020-01-01,1303,-0.3944349843649886,156.32173541594403,0.0,0.22125653054704772,0.10588904296615631,-0.6074905,-0.85216594,0.060376868,154.98961222503934,155.70514780329708
2020-01-02,1304,-1.0026525626765537,157.56324440145565,0.0,0.22125653054704772,1.540702773387137,-0.5612679,-0.86125374,0.047561392,156.20622882529904,155.98343249362813
2020-01-03,1305,0.4017342548201297,157.08857483171184,0.0,0.22125653054704772,0.46887489887499356,-0.5556975,-0.8845761,0.041205093,155.69900911800522,157.71965344721957
2020-01-06,1306,0.318648554231582,156.04208175279442,0.0,0.22125653054704772,-0.5219272736994962,-0.5848895,-0.8885502,0.040377274,154.65556939608302,156.53930759029257
2020-01-07,1307,0.8447761122741371,155.0967347356593,0.0,0.22125653054704772,-0.4381729167585391,-0.59832054,-0.8712015,0.048510388,153.74553296063488,156.40695490162335
2020-01-08,1308,-0.08589857728446004,155.70514780329708,0.0,0.22125653054704772,-0.3944349843649886,-0.59471273,-0.8545755,0.04596694,154.37452954928224,155.57139929657538
2020-01-09,1309,-0.4087450244440016,155.98343249362813,0.0,0.22125653054704772,-1.0026525626765537,-0.58792585,-0.83736104,0.04815121,154.67728679595697,155.34585797435346
2020-01-10,1310,-1.7998398350747458,157.71965344721957,0.0,0.22125653054704772,0.4017342548201297,-0.58184713,-0.83475024,0.03823237,156.40308685917682,154.88095229673468
2020-01-13,1311,-1.8253787741798644,156.53930759029257,0.0,0.22125653054704772,0.318648554231582,-0.562892,-0.8273023,0.04231222,155.24425703989627,153.68187229629123
2020-01-14,1312,-1.016432505642506,156.40695490162335,0.0,0.22125653054704772,0.8447761122741371,-0.5241831,-0.83583856,0.030757368,155.0996493697726,154.81718377091764
2020-01-15,1313,-0.8687948094121767,155.57139929657538,0.0,0.22125653054704772,-0.08589857728446004,-0.5309125,-0.8469236,0.027100012,154.2538302716519,154.21980305455685
2020-01-16,1314,-1.976383321143249,155.34585797435346,0.0,0.22125653054704772,-0.4087450244440016,-0.53936213,-0.8441851,0.022593811,154.03444914402274,152.27562834726146
2020-01-17,1315,-3.8313798320056325,154.88095229673468,0.0,0.22125653054704772,-1.7998398350747458,-0.5787688,-0.80984294,0.03812377,153.6266607558971,148.94687472681932
2020-01-20,1316,-2.602349138256921,153.68187229629123,0.0,0.22125653054704772,-1.8253787741798644,-0.5163779,-0.8031969,0.019157603,152.44750498413322,149.6825334169316
2020-01-21,1317,-2.3998628423278046,154.81718377091764,0.0,0.22125653054704772,-1.016432505642506,-0.5675948,-0.7785624,0.039718643,153.6118362709903,151.10178370406103
2020-01-22,1318,-1.950585470230981,154.21980305455685,0.0,0.22125653054704772,-0.8687948094121767,-0.5645003,-0.73567426,0.040123478,153.08524453115155,151.21161398395583
2020-01-23,1319,-1.586565215389557,152.27562834726146,0.0,0.22125653054704772,-1.976383321143249,-0.55106384,-0.7326777,0.030448541,151.15993805255877,149.85967619638794
2020-01-24,1320,2.1192583412004584,148.94687472681932,0.0,0.22125653054704772,-3.8313798320056325,-0.61166626,-0.6255944,0.07588914,148.01507429397617,152.10344379342484
2020-01-27,1321,2.883619596535625,149.6825334169316,0.0,0.22125653054704772,-2.602349138256921,-0.5551886,-0.6630755,0.041555375,148.69002172056312,153.99880828313323
2020-01-28,1322,1.9947252412593208,151.10178370406103,0.0,0.22125653054704772,-2.3998628423278046,-0.58748835,-0.69950986,0.03644848,150.04481435158078,154.115849123599
2020-01-29,1323,1.6558726523137501,151.21161398395583,0.0,0.22125653054704772,-1.950585470230981,-0.5616593,-0.7703011,0.02990146,150.04682997371143,153.7154857470384
2020-01-30,1324,2.306962731710671,149.85967619638794,0.0,0.22125653054704772,-1.586565215389557,-0.6092423,-0.7642267,0.05367385,148.7144082184829,153.3168830761009
2020-01-31,1325,0.3249223567276749,152.10344379342484,0.0,0.22125653054704772,2.1192583412004584,-0.5726672,-0.80811375,0.03252244,150.87427485347266,152.59766188766238
2020-02-03,1326,-1.7917595151408672,153.9988082831332,0.0,0.22125653054704772,2.883619596535625,-0.49878973,-0.8084861,0.06732762,152.75375354018107,151.2395199825166
2020-02-04,1327,-3.2685136696782635,154.11584912359902,0.0,0.22125653054704772,1.9947252412593208,-0.40365714,-0.84975445,0.060219586,152.8062441193894,149.07855152785345
2020-02-05,1328,-2.823882333575378,153.71548574703837,0.0,0.22125653054704772,1.6558726523137501,-0.39299053,-0.8865266,0.060713723,152.35276149904038,149.37474130105818
2020-02-06,1329,-2.943153862200032,153.3168830761009,0.0,0.22125653054704772,2.306962731710671,-0.39796573,-0.9101168,0.049570963,151.92152275465926,148.80453131044194
2020-02-07,1330,-1.9135603997245565,152.5976618876624,0.0,0.22125653054704772,0.3249223567276749,-0.42190653,-0.9262634,0.049996033,151.1842075186536,149.67761345887453
2020-02-10,1331,-0.41973232047843867,151.2395199825166,0.0,0.22125653054704772,-1.7917595151408672,-0.4573744,-0.92625976,0.047185943,149.83864556778636,150.60471883581354
2020-02-11,1332,1.3278279446232943,149.07855152785345,0.0,0.22125653054704772,-3.2685136696782635,-0.44386202,-0.91324353,0.05098711,147.71709987643266,151.0580581944799
2020-02-12,1333,1.5390215444744726,149.37474130105818,0.0,0.22125653054704772,-2.823882333575378,-0.38908714,-0.9053924,0.039326504,148.0223105280604,151.67365075168448
2020-02-13,1334,1.2017416273877757,148.80453131044194,0.0,0.22125653054704772,-2.943153862200032,-0.327502,-0.90219265,0.059746772,147.46202607758673,150.5927773066388
2020-02-14,1335,0.6044160229875528,149.67761345887453,0.0,0.22125653054704772,-1.9135603997245565,-0.27139434,-0.90532255,0.030317396,148.32254755562565,150.58228893744536
2020-02-17,1336,0.19079353859370318,150.60471883581354,0.0,0.22125653054704772,-0.41973232047843867,-0.22470278,-0.9208741,0.05189401,149.21783931742524,150.8920629081695
2020-02-18,1337,-0.583806786598684,151.0580581944799,0.0,0.22125653054704772,1.3278279446232943,-0.20764166,-0.9174346,0.045178846,149.67219916296395,150.17617099903634
2020-02-19,1338,-0.4306433984857305,151.67365075168448,0.0,0.22125653054704772,1.5390215444744726,-0.20915961,-0.9292663,0.03645,150.2641987591464,151.02047818748005
2020-02-20,1339,0.6511403865512744,150.5927773066388,0.0,0.22125653054704772,1.2017416273877757,-0.2312988,-0.9327755,0.044865206,149.18808262476637,151.57334769891153
2020-02-21,1340,2.100279251404924,150.58228893744536,0.0,0.22125653054704772,0.6044160229875528,-0.3759398,-0.93359864,0.052851513,149.17645348293073,153.74493750828913
2020-02-24,1341,2.8324337011898404,150.8920629081695,0.0,0.22125653054704772,0.19079353859370318,-0.5251699,-0.93622935,0.05783783,149.47936910979587,155.16598055040106
2020-02-25,1342,2.369116791671777,150.17617099903634,0.0,0.22125653054704772,-0.583806786598684,-0.58495927,-0.92429733,0.053554982,148.7880998784767,153.73401988326424
2020-02-26,1343,0.6804131349509079,151.02047818748005,0.0,0.22125653054704772,-0.4306433984857305,-0.58241737,-0.9194378,0.03764175,149.63193941660842,152.04804135753335
2020-02-27,1344,0.9880207452046097,151.57334769891153,0.0,0.22125653054704772,0.6511403865512744,-0.60242957,-0.9231962,0.041715235,150.17402488486172,153.0709238183779
2020-02-28,1345,-0.6740127632288595,153.74493750828913,0.0,0.22125653054704772,2.100279251404924,-0.59523827,-0.91632384,0.035584167,152.33613260150963,152.70867700666503
2020-03-02,1346,-1.9925334729477773,155.16598055040106,0.0,0.22125653054704772,2.8324337011898404,-0.60383546,-0.923331,0.05466269,153.73328713564845,152.07424644930668
2020-03-03,1347,-1.429207450293013,153.73401988326424,0.0,0.22125653054704772,2.369116791671777,-0.54574364,-0.9076358,0.033668026,152.33867505300492,151.53684181745768
2020-03-04,1348,-0.98598444397201,152.04804135753332,0.0,0.22125653054704772,0.6804131349509079,-0.61066335,-0.9214208,0.04625465,150.64703688423933,150.54887132238392
2020-03-05,1349,-1.013921888303393,153.07092381837788,0.0,0.22125653054704772,0.9880207452046097,-0.57328564,-0.90612996,0.02627799,151.6839057903784,151.51890421715513
2020-03-06,1350,-0.4643425299630355,152.70867700666503,0.0,0.22125653054704772,-0.6740127632288595,-0.59285504,-0.9149185,0.033588022,151.31151573132775,151.9995856723792
2020-03-09,1351,0.04751011032830821,152.07424644930668,0.0,0.22125653054704772,-1.9925334729477773,-0.6157799,-0.90283513,0.045192108,150.70126310189536,152.1464970915757
2020-03-10,1352,0.7739071060498759,151.53684181745768,0.0,0.22125653054704772,-1.429207450293013,-0.56207436,-0.88521636,0.03578247,150.19540983836654,152.70959620456654
2020-03-11,1353,1.4698210980780946,150.54887132238392,0.0,0.22125653054704772,-0.98598444397201,-0.588731,-0.89080876,0.03453155,149.20776797927002,152.76167039599875
2020-03-12,1354,1.2074253007250402,151.51890421715513,0.0,0.22125653054704772,-1.013921888303393,-0.59896964,-0.874195,0.03341849,150.1943297701245,153.3483818020544
2020-03-13,1355,-0.41231893194295655,151.9995856723792,0.0,0.22125653054704772,-0.4643425299630355,-0.55835557,-0.8662219,0.023371354,150.68293124135826,151.37286260417713
2020-03-16,1356,-0.5588412279837973,152.1464970915757,0.0,0.22125653054704772,0.04751011032830821,-0.5632939,-0.866616,0.026352122,150.8279715508583,151.2962397388948
2020-03-17,1357,-1.3127557964335623,152.70959620456657,0.0,0.22125653054704772,0.7739071060498759,-0.5445705,-0.86320525,0.020316795,151.39139721722935,150.70489212868083
2020-03-18,1358,-0.7325398268899885,152.76167039599875,0.0,0.22125653054704772,1.4698210980780946,-0.55966544,-0.86137193,0.023826107,151.4458263348859,151.64263032012565
2020-03-19,1359,0.24747168973697775,153.3483818020544,0.0,0.22125653054704772,1.2074253007250402,-0.55904627,-0.8467787,0.025229156,152.04985937681468,153.72787563368425
2020-03-20,1360,2.2198922958648115,151.37286260417713,0.0,0.22125653054704772,-0.41231893194295655,-0.6054049,-0.81410205,0.03946282,150.1405299534007,154.7331771191573
2020-03-23,1361,2.3007692475121244,151.2962397388948,0.0,0.22125653054704772,-0.5588412279837973,-0.52204084,-0.8270424,0.012636647,150.04495288981505,154.77721709544952
2020-03-24,1362,1.9936227471653911,150.70489212868083,0.0,0.22125653054704772,-1.3127557964335623,-0.57091653,-0.84173745,0.015223563,149.43635360200201,153.70937913924928
2020-03-25,1363,0.1825191558491479,151.64263032012565,0.0,0.22125653054704772,-0.7325398268899885,-0.6014324,-0.827634,0.023361504,150.38758384576002,151.91940716889337
2020-03-26,1364,-1.345024803746675,153.72787563368428,0.0,0.22125653054704772,0.24747168973697775,-0.60156476,-0.82620883,0.019319221,152.45776088514893,151.6601975761384
2020-03-27,1365,-2.3439517975556656,154.7331771191573,0.0,0.22125653054704772,2.2198922958648115,-0.6023082,-0.800043,0.043448135,153.49524463388568,151.1063060326578
2020-03-30,1366,-1.092898887298177,154.77721709544952,0.0,0.22125653054704772,2.3007692475121244,-0.57793415,-0.79695535,0.04349549,153.54371104973958,153.08565861202226
2020-03-31,1367,1.2005049649447486,153.70937913924928,0.0,0.22125653054704772,1.9936227471653911,-0.5709884,-0.80440634,0.037990585,152.47293104914328,155.55466786740172
2020-04-01,1368,2.907348955748734,151.9194071688934,0.0,0.22125653054704772,0.1825191558491479,-0.6107387,-0.76234734,0.05136545,150.76125052977588,156.3362344667979
2020-04-02,1369,3.4890605509883432,151.6601975761384,0.0,0.22125653054704772,-1.345024803746675,-0.5685662,-0.7519517,0.0368817,150.519782173153,156.9517137013184
2020-04-03,1370,3.5651350686704664,151.1063060326578,0.0,0.22125653054704772,-2.3439517975556656,-0.6028487,-0.6459621,0.07540272,150.13022067916512,156.4934499400006
2020-04-06,1371,1.3216134823889059,153.08565861202226,0.0,0.22125653054704772,-1.092898887298177,-0.5683287,-0.66279954,0.049139604,152.07101040388105,155.1088593158426
2020-04-07,1372,-1.5298141108202934,155.55466786740172,0.0,0.22125653054704772,1.2005049649447486,-0.56752914,-0.49228215,0.12541543,154.78890222584135,153.17497060832656
2020-04-08,1373,-0.8744282327274422,156.3362344667979,0.0,0.22125653054704772,2.907348955748734,-0.50202423,-0.5359641,0.10963105,155.49832702117314,154.96918629463724
2020-04-09,1374,-1.0006220874157479,156.9517137013184,0.0,0.22125653054704772,3.4890605509883432,-0.54516387,-0.51569897,0.11862965,156.1423146765077,155.38122018744548
2020-04-10,1375,-1.1120052162234217,156.4934499400006,0.0,0.22125653054704772,3.5651350686704664,-0.54762375,-0.5320143,0.10944976,155.66088416381373,154.7532346136198
2020-04-13,1376,-0.28800694961496065,155.1088593158426,0.0,0.22125653054704772,1.3216134823889059,-0.5678523,-0.5044994,0.10906191,154.32633562649198,154.6621350215445
2020-04-14,1377,2.327152020745693,153.17497060832656,0.0,0.22125653054704772,-1.5298141108202934,-0.53067464,-0.57156247,0.07970716,152.29948242950275,156.73958503211486
2020-04-15,1378,0.7290368275582049,154.96918629463724,0.0,0.22125653054704772,-0.8744282327274422,-0.5011079,-0.66678196,0.06347115,153.93588387049118,156.09896873409244
2020-04-16,1379,-0.16062682387864013,155.38122018744548,0.0,0.22125653054704772,-1.0006220874157479,-0.4660676,-0.6742569,0.09241508,154.33354729642207,155.1316362685545
2020-04-17,1380,-0.18709220942151328,154.7532346136198,0.0,0.22125653054704772,-1.1120052162234217,-0.44954884,-0.72560626,0.08793189,153.6303311162721,154.46370336782994
2020-04-20,1381,-0.8558426667917396,154.6621350215445,0.0,0.22125653054704772,-0.28800694961496065,-0.47640485,-0.75604373,0.088759616,153.49282247335188,153.33847048065905
2020-04-21,1382,-2.102331042112815,156.73958503211486,0.0,0.22125653054704772,2.327152020745693,-0.46357065,-0.7563931,0.09612279,155.55401486244276,153.4444000807059
2020-04-22,1383,-0.963654435762884,156.09896873409244,0.0,0.22125653054704772,0.7290368275582049,-0.39532447,-0.6847159,0.13407509,155.03013674597847,154.59471409770623
2020-04-23,1384,-1.5762000713010482,155.1316362685545,0.0,0.22125653054704772,-0.16062682387864013,-0.36941537,-0.6744722,0.12523814,154.08531334484195,152.68645130707907
2020-04-24,1385,-2.0945366958667444,154.46370336782994,0.0,0.22125653054704772,-0.18709220942151328,-0.3772453,-0.7809452,0.09619929,153.25742522973144,151.22840441899598
2020-04-27,1386,-0.45432644832809066,153.33847048065905,0.0,0.22125653054704772,-0.8558426667917396,-0.47141844,-0.81770223,0.09372069,152.08461536618114,152.64181325380366
2020-04-28,1387,-1.7757451066213625,153.4444000807059,0.0,0.22125653054704772,-2.102331042112815,-0.48805767,-0.85857403,0.07608187,152.1269646605727,150.71961865488825
2020-04-29,1388,-1.844214509319253,154.59471409770623,0.0,0.22125653054704772,-0.963654435762884,-0.51735324,-0.8847848,0.07413551,153.22688593419616,151.7436559496757
2020-04-30,1389,-0.732640538712126,152.68645130707907,0.0,0.22125653054704772,-1.5762000713010482,-0.5258404,-0.90333664,0.05620125,151.30717627552173,151.56780846768245
2020-05-01,1390,-0.23983077881711834,151.22840441899598,0.0,0.22125653054704772,-2.0945366958667444,-0.5106007,-0.8988464,0.065065265,149.86909697401887,150.8657121588852
2020-05-04,1391,-0.7654862698469822,152.64181325380366,0.0,0.22125653054704772,-0.45432644832809066,-0.47051913,-0.903303,0.051303476,151.2629960437969,151.47336113130032
2020-05-05,1392,2.1034129381841904,150.71961865488825,0.0,0.22125653054704772,-1.7757451066213625,-0.51705307,-0.9120201,0.058294594,149.34502168423342,153.88987461405705
2020-05-06,1393,1.8455081410132523,151.7436559496757,0.0,0.22125653054704772,-1.844214509319253,-0.5398952,-0.91221225,0.043294773,150.35943009950117,154.54409747369812
2020-05-07,1394,1.1298477689042574,151.56780846768245,0.0,0.22125653054704772,-0.732640538712126,-0.54553044,-0.9208064,0.041361377,150.17215948402875,153.28029397003164
2020-05-08,1395,1.204642444707682,150.8657121588852,0.0,0.22125653054704772,-0.23983077881711834,-0.5688726,-0.91600716,0.050431177,149.48377592795288,152.68310456206166
2020-05-11,1396,1.0962771612264666,151.47336113130032,0.0,0.22125653054704772,-0.7654862698469822,-0.54984397,-0.9120811,0.033077464,150.09179957382656,153.13392899472487
2020-05-12,1397,-0.1489727285117648,153.88987461405705,0.0,0.22125653054704772,2.1034129381841904,-0.56397885,-0.91716784,0.045973554,152.47844828109228,153.66062066894116
2020-05-13,1398,-2.7065020985567734,154.54409747369812,0.0,0.22125653054704772,1.8455081410132523,-0.543226,-0.90229404,0.079846606,153.14965363536592,150.36135823237686
2020-05-14,1399,-2.5415569855458675,153.28029397003164,0.0,0.22125653054704772,1.1298477689042574,-0.52310914,-0.88492423,0.07895906,151.92387630666278,149.38458795117106
2020-05-15,1400,-2.3063157943306267,152.68310456206166,0.0,0.2019081250308571,1.204642444707682,0.028470889,-0.16914666,-0.18881924,152.42484710496853,149.16175000627248
2020-05-18,1401,-3.630024869854842,153.13392899472484,0.0,0.2019081250308571,1.0962771612264666,0.0034183115,-0.18203497,-0.16800477,152.8551753450431,147.57512928803047
2020-05-19,1402,-4.225514522397611,153.66062066894116,0.0,0.2019081250308571,-0.1489727285117648,-0.019284174,-0.20415312,-0.18370332,153.34691964020482,147.16766882736874
2020-05-20,1403,-2.535548708380664,150.36135823237686,0.0,0.2019081250308571,-2.7065020985567734,-0.017424643,-0.1864112,-0.23898642,150.0810643219499,146.5488727558122
2020-05-21,1404,-4.054636516894661,149.38458795117106,0.0,0.2019081250308571,-2.5415569855458675,0.074147396,-0.15305224,-0.17673318,149.15595064630415,143.32758589749025
2020-05-22,1405,-4.0206856809358875,149.16175000627248,0.0,0.2019081250308571,-2.3063157943306267,-0.03342952,-0.16876844,-0.15316568,148.9100088978891,143.1644248823369
2020-05-25,1406,-1.0993363420765956,147.57512928803047,0.0,0.2019081250308571,-3.630024869854842,-0.012690365,-0.18065438,-0.14461546,147.30852637884752,145.95278225990063
2020-05-26,1407,-1.163847968274434,147.16766882736874,0.0,0.2019081250308571,-4.225514522397611,-0.006657392,-0.18496805,-0.09770177,146.8954599520076,145.45486090376457
2020-05-27,1408,-1.7924774367773177,146.5488727558122,0.0,0.2019081250308571,-2.535548708380664,-0.088670835,-0.22702533,-0.1526659,146.21616558828237,143.92201727781276
2020-05-28,1409,-0.8267845033975485,143.32758589749025,0.0,0.2019081250308571,-4.054636516894661,-0.048534974,-0.20395464,-0.20071419,143.0352618710105,142.142575628196
2020-05-29,1410,-0.2660446547828266,143.1644248823369,0.0,0.2019081250308571,-4.0206856809358875,-0.010019898,-0.1789906,-0.16905944,142.90817094370868,142.78354358238687
2020-06-01,1411,-1.9258423863113272,145.95278225990063,0.0,0.2019081250308571,-1.0993363420765956,-0.04536335,-0.16350013,-0.17816444,145.71414727003275,143.1419617151388
2020-06-02,1412,-2.330439361942982,145.45486090376457,0.0,0.2019081250308571,-1.163847968274434,0.053356543,-0.12588257,-0.13189141,145.27175503791128,142.06512357140383
2020-06-03,1413,-0.17483705622639567,143.92201727781276,0.0,0.2019081250308571,-1.7924774367773177,-0.02593647,-0.1219182,-0.10543342,143.746554260504,143.6703882595426
2020-06-04,1414,2.1078970704292876,142.142575628196,0.0,0.2019081250308571,-0.8267845033975485,-0.06593715,-0.12953353,-0.1484087,141.95845435005594,145.1387948156955
2020-06-05,1415,2.0022763843748015,142.78354358238687,0.0,0.2019081250308571,-0.2660446547828266,-0.00069426,-0.11174035,-0.15707536,142.62399606916782,145.64246475631052
2020-06-08,1416,1.2575428508684094,143.1419617151388,0.0,0.2019081250308571,-1.9258423863113272,0.0010828078,-0.09171826,-0.13153337,143.0106724412287,144.94203322128033
2020-06-09,1417,3.004546748714221,142.06512357140383,0.0,0.2019081250308571,-2.330439361942982,-0.13416575,-0.119672894,-0.20150833,141.89510826307932,146.3335366227253
2020-06-10,1418,1.6905696218151078,143.6703882595426,0.0,0.2019081250308571,-0.17483705622639567,0.014823616,-0.09573665,-0.17279015,143.53284256803903,146.09923619900223
2020-06-11,1419,1.5117026460475191,145.13879481569546,0.0,0.2019081250308571,2.1078970704292876,-0.022206083,-0.08538917,-0.15467493,145.01486135888536,147.3328618173658
2020-06-12,1420,1.5444438864641752,145.64246475631052,0.0,0.2019081250308571,2.0022763843748015,0.0447412,-0.06683406,-0.10380502,145.5451250691233,147.8918308993351
2020-06-15,1421,1.6780066773750102,144.94203322128033,0.0,0.2019081250308571,1.2575428508684094,-0.07358046,-0.09066826,-0.16246851,144.8106134309312,147.3741702170565
2020-06-16,1422,2.1449596475570765,146.3335366227253,0.0,0.2019081250308571,3.004546748714221,0.039628282,-0.06478906,-0.1740617,146.23872676016592,149.47233193412592
2020-06-17,1423,1.809600057581462,146.09923619900223,0.0,0.2019081250308571,1.6905696218151078,-0.03931713,-0.06255737,-0.19621854,146.00784371267383,148.74304806138545
2020-06-18,1424,2.692208151644415,147.33286181736582,0.0,0.2019081250308571,1.5117026460475191,-0.006422624,-0.05357188,-0.20173647,147.25393169200925,151.29936913326395
2020-06-19,1425,3.245392655775947,147.8918308993351,0.0,0.2019081250308571,1.5444438864641752,0.024428323,-0.039369524,-0.1739767,147.83360755983168,152.69150151783472
2020-06-22,1426,4.054383360340141,147.37417021705653,0.0,0.2019081250308571,1.6780066773750102,0.00048726797,-0.04384464,-0.13656138,147.30955375171945,153.34928405177624
2020-06-23,1427,2.197659526633755,149.47233193412592,0.0,0.2019081250308571,2.1449596475570765,0.008245811,-0.05818507,-0.12392409,149.3853598820083,152.75722487655787
2020-06-24,1428,2.1158040642766274,148.74304806138545,0.0,0.2019081250308571,1.809600057581462,0.03291063,-0.06663084,-0.10376878,148.64393754541675,151.89015951759717
2020-06-25,1429,-0.056776533603430934,151.29936913326395,0.0,0.2019081250308571,2.692208151644415,-0.10847591,-0.1233238,-0.21193697,151.11278371007054,151.21346659610623
2020-06-26,1430,-1.2713708916992528,152.6915015178347,0.0,0.2019081250308571,3.245392655775947,0.067143574,-0.09245923,-0.23376371,152.55032490238523,150.75022621343842
2020-06-29,1431,-1.6763175477761294,153.34928405177624,0.0,0.2019081250308571,4.054383360340141,0.016813755,-0.07978329,-0.1754499,153.2269407400472,150.77866309382725
2020-06-30,1432,-1.469617019814884,152.75722487655787,0.0,0.2019081250308571,2.197659526633755,-0.053842306,-0.122481406,-0.25597793,152.57012540701606,150.51227870077508
2020-07-01,1433,0.04436120202604421,151.89015951759717,0.0,0.2019081250308571,2.1158040642766274,0.06707809,-0.110657185,-0.20376898,151.72208390770788,151.95753981811845
2020-07-02,1434,1.0487280345722327,151.21346659610623,0.0,0.2019081250308571,-0.056776533603430934,-0.06654881,-0.15427732,-0.2104256,150.98018247102212,152.79928461234812
2020-07-03,1435,-0.6506742990286973,150.75022621343842,0.0,0.2019081250308571,-1.2713708916992528,0.0009519011,-0.18424356,-0.21528886,150.47247809107512,149.76933323573996
2020-07-06,1436,-0.8361231351707854,150.77866309382725,0.0,0.2019081250308571,-1.6763175477761294,0.0008300394,-0.19836652,-0.18825261,150.47957211784157,149.51796780879855
2020-07-07,1437,-1.3719083332266346,150.51227870077508,0.0,0.2019081250308571,-1.469617019814884,-0.036114812,-0.23502976,-0.25947136,150.158534094909,148.44738820674985
2020-07-08,1438,-1.7357801902263437,151.95753981811845,0.0,0.2019081250308571,0.04436120202604421,0.039705664,-0.2197865,-0.2273121,151.62355816566472,149.31989094440024
2020-07-09,1439,-2.9592692345515426,152.79928461234812,0.0,0.2019081250308571,1.0487280345722327,0.010315403,-0.21816409,-0.19382657,152.4659301740801,148.27754239220005
2020-07-10,1440,0.08839407325746951,149.76933323573996,0.0,0.2019081250308571,-0.6506742990286973,0.056541547,-0.2201828,-0.19656412,149.43956285315315,149.9017204498776
2020-07-13,1441,-0.027570334545612418,149.51796780879855,0.0,0.2019081250308571,-0.8361231351707854,0.021386072,-0.2173441,-0.1668549,149.19300190395592,149.47674520486785
2020-07-14,1442,1.4922859618140327,148.44738820674985,0.0,0.2019081250308571,-1.3719083332266346,-0.043654144,-0.23154712,-0.17688493,148.10366397445364,150.66264774163875
2020-07-15,1443,2.39748521337102,149.31989094440024,0.0,0.2019081250308571,-1.7357801902263437,-0.026999071,-0.23442799,-0.21330892,148.9698476886632,152.89981325041398
2020-07-16,1444,3.228343172383563,148.27754239220005,0.0,0.2019081250308571,-2.9592692345515426,-0.0014892071,-0.2155037,-0.1879824,147.95799457075384,153.06445030819677
2020-07-17,1445,2.301117517000173,149.9017204498776,0.0,0.2019081250308571,0.08839407325746951,-0.028258726,-0.21855289,-0.17972864,149.57410671564804,153.35113519743436
2020-07-20,1446,3.328586388605026,149.47674520486785,0.0,0.2019081250308571,-0.027570334545612418,-0.02290465,-0.21129656,-0.20895992,149.16090313562867,154.4522077998869
2020-07-21,1447,1.8666616736034758,150.66264774163875,0.0,0.2019081250308571,1.4922859618140327,-0.028733507,-0.19710833,-0.24300568,150.3656817194949,153.47500964346813
2020-07-22,1448,0.730011617831372,152.89981325041398,0.0,0.2019081250308571,2.39748521337102,0.025658473,-0.1638821,-0.2244734,152.64923649409636,154.01599965078447
2020-07-23,1449,-0.35427691436098474,153.06445030819677,0.0,0.2019081250308571,3.228343172383563,0.014425397,-0.1496014,-0.16569673,152.8354632916211,152.52217829666128
2020-07-24,1450,0.10637678857954302,153.35113519743436,0.0,0.2019081250308571,2.301117517000173,-0.01168327,-0.17274576,-0.14124577,153.08622696711222,153.51426521030766
2020-07-27,1451,0.7661289671645255,154.4522077998869,0.0,0.2019081250308571,3.328586388605026,-0.02370435,-0.21072605,-0.21240778,154.1267364371437,155.635510904267
2020-07-28,1452,1.6469689223891804,153.47500964346813,0.0,0.2019081250308571,1.8666616736034758,0.035671726,-0.19282603,-0.23107116,153.17906840762925,156.00269535592983
2020-07-29,1453,0.5059884388964209,154.01599965078447,0.0,0.2019081250308571,0.730011617831372,0.028049394,-0.1846878,-0.17869477,153.73155521440245,154.79530280306818
2020-07-30,1454,1.402389764645684,152.52217829666128,0.0,0.2019081250308571,-0.35427691436098474,0.0029602945,-0.19838244,-0.15587442,152.21960153659288,154.6611337139083
2020-07-31,1455,0.7122969451095251,153.51426521030766,0.0,0.2019081250308571,0.10637678857954302,-0.010520533,-0.22152263,-0.18170978,153.17419939327692,154.60774263170802
2020-08-03,1456,-1.3879570846246025,155.635510904267,0.0,0.2019081250308571,0.7661289671645255,0.053562716,-0.20625526,-0.14802264,155.3145034606404,153.47535680447953
2020-08-04,1457,-2.9478216386976452,156.00269535592986,0.0,0.2019081250308571,1.6469689223891804,0.012859002,-0.20940939,-0.15359761,155.67601167396856,151.4040141452762
2020-08-05,1458,-3.212431839808272,154.79530280306818,0.0,0.2019081250308571,0.5059884388964209,0.025771782,-0.20165756,-0.16310973,154.48314198450709,149.8226092092948
2020-08-06,1459,-3.1341417782557945,154.6611337139083,0.0,0.2019081250308571,1.402389764645684,0.007597387,-0.19715634,-0.19306894,154.35621266384524,149.81383450745665
2020-08-07,1460,-2.6505084157373404,154.60774263170802,0.0,0.2019081250308571,0.7122969451095251,-0.011548892,-0.19936776,-0.19626065,154.29950795346667,150.50985140187308
2020-08-10,1461,-2.357510918265038,153.47535680447953,0.0,0.2019081250308571,-1.3879570846246025,-0.0023944825,-0.21423802,-0.19791959,153.14655584312675,149.8571585109677
2020-08-11,1462,-0.22578776573811687,151.4040141452762,0.0,0.2019081250308571,-2.9478216386976452,0.025803894,-0.215006,-0.16718514,151.07848662043247,151.06216240449976
2020-08-12,1463,-0.41526316451248046,149.8226092092948,0.0,0.2019081250308571,-3.212431839808272,-0.012665004,-0.22827184,-0.1629654,149.48060334327403,149.2004511011371
2020-08-13,1464,0.5444403485437066,149.81383450745665,0.0,0.2019081250308571,-3.1341417782557945,-0.018911228,-0.23681995,-0.14399411,149.45904362483046,150.62948147021572
2020-08-14,1465,-0.31418354877508214,150.50985140187308,0.0,0.2019081250308571,-2.6505084157373404,-0.045289204,-0.25629973,-0.16031481,150.12409469406884,150.03697420948257
2020-08-17,1466,-0.6586436285274999,149.8571585109677,0.0,0.2019081250308571,-2.357510918265038,-0.020768777,-0.2629137,-0.17692135,149.46315993206647,148.87013388454287
2020-08-18,1467,-2.3604022658471724,151.06216240449976,0.0,0.2019081250308571,-0.22578776573811687,-0.0193284,-0.2688256,-0.20441656,150.6560727060298,147.49648770026621
2020-08-19,1468,-0.576023315609997,149.2004511011371,0.0,0.2019081250308571,-0.41526316451248046,-0.019959256,-0.25500235,-0.18741582,148.81998906863964,148.34102171579926
2020-08-20,1469,-0.9264641117362027,150.62948147021572,0.0,0.2019081250308571,0.5444403485437066,-0.019642264,-0.26554477,-0.203126,150.22949293642205,149.23395338269984
2020-08-21,1470,-0.2830489638631528,150.03697420948257,0.0,0.2019081250308571,-0.31418354877508214,0.020881891,-0.24238431,-0.15390156,149.67331115857897,149.612296108571
2020-08-24,1471,0.06671618794444889,148.87013388454287,0.0,0.2019081250308571,-0.6586436285274999,-0.06887652,-0.2733928,-0.2281831,148.46313100033274,148.96945436285844
2020-08-25,1472,2.735849506890675,147.49648770026621,0.0,0.2019081250308571,-2.3604022658471724,0.0011357814,-0.25726873,-0.2445132,147.11702123225348,151.53176963169503
2020-08-26,1473,2.5994827923808916,148.34102171579926,0.0,0.2019081250308571,-0.576023315609997,-0.007632479,-0.2371158,-0.18172278,147.9892855168449,152.19712104934345
2020-08-27,1474,2.5359361987722595,149.23395338269984,0.0,0.2019081250308571,-0.9264641117362027,-0.039767325,-0.25088477,-0.1824706,148.85955238960113,153.01843122739064
2020-08-28,1475,2.387049441131839,149.612296108571,0.0,0.2019081250308571,-0.2830489638631528,0.005636081,-0.2343989,-0.13625072,149.2616030521804,153.18361558669517
2020-08-31,1476,3.4308860879268988,148.96945436285844,0.0,0.2019081250308571,0.06671618794444889,-0.064551875,-0.25015152,-0.16136597,148.5968091003369,154.08042664785435
2020-09-01,1477,1.9875998456225341,151.531769631695,0.0,0.2019081250308571,2.735849506890675,0.032084927,-0.26850072,-0.1969214,151.1249052492731,154.54361485096365
2020-09-02,1478,2.028302862125342,152.19712104934345,0.0,0.2019081250308571,2.5994827923808916,0.044785783,-0.24776477,-0.17089145,151.8200304803373,155.28413961165967
2020-09-03,1479,1.6998513553233785,153.01843122739064,0.0,0.2019081250308571,2.5359361987722595,-0.0063055605,-0.2550802,-0.17584081,152.62811475507627,155.619517104504
2020-09-04,1480,2.5351298965442526,153.18361558669517,0.0,0.2019081250308571,2.387049441131839,0.028478459,-0.24465919,-0.14860342,152.80883780061987,157.0670192220409
2020-09-07,1481,3.399536429314254,154.08042664785435,0.0,0.2019081250308571,3.4308860879268988,-0.019633815,-0.26261705,-0.18719958,153.67578361303234,159.31844688219098
2020-09-08,1482,3.359457920110187,154.54361485096365,0.0,0.2019081250308571,1.9875998456225341,-0.016630009,-0.26434496,-0.24694504,154.13508406023888,159.73544256009893
2020-09-09,1483,3.2917498831823933,155.28413961165967,0.0,0.2019081250308571,2.028302862125342,0.014589533,-0.24431899,-0.24684955,154.90475027300647,160.39570509592727
2020-09-10,1484,2.660432315610306,155.619517104504,0.0,0.2019081250308571,1.6998513553233785,0.049145266,-0.22373012,-0.18690412,155.27134645485424,159.75966902694896
2020-09-11,1485,2.16201229389974,157.0670192220409,0.0,0.2019081250308571,2.5351298965442526,0.041460827,-0.24589062,-0.22783224,156.68080241402066,160.46282748728328
2020-09-14,1486,0.6712858732748295,159.31844688219098,0.0,0.2019081250308571,3.399536429314254,0.08397471,-0.2309249,-0.25998354,158.95053872701453,160.38792910963198
2020-09-15,1487,-0.1321056766734774,159.73544256009893,0.0,0.2019081250308571,3.359457920110187,0.09094669,-0.20046377,-0.25176185,159.4152331520433,159.52442297281755
2020-09-16,1488,-1.3865151725080072,160.39570509592727,0.0,0.2019081250308571,3.2917498831823933,0.0704147,-0.16939002,-0.1476252,160.12401010534472,158.17179430872105
2020-09-17,1489,-1.3216960558054214,159.75966902694896,0.0,0.2019081250308571,2.660432315610306,0.07781576,-0.21325421,-0.19459705,159.41897594423213,157.64813178265197
2020-09-18,1490,-2.45258962894791,160.46282748728328,0.0,0.2019081250308571,2.16201229389974,0.13797992,-0.22213161,-0.23713954,160.10638404310302,156.5273328220136
2020-09-21,1491,-4.0072717522787515,160.387929109632,0.0,0.2019081250308571,0.6712858732748295,0.1419544,-0.20335197,-0.20274825,160.06177517697517,153.96074893235686
2020-09-22,1492,-4.197131077514104,159.52442297281755,0.0,0.2019081250308571,-0.1321056766734774,0.18376265,-0.19315112,-0.16071402,159.2163033821516,152.82897384000037
2020-09-23,1493,-4.512787980873389,158.17179430872105,0.0,0.2019081250308571,-1.3865151725080072,0.2699862,-0.18702805,-0.10193001,157.87596962828425,151.0338365860253
2020-09-24,1494,-5.47672384259349,157.64813178265197,0.0,0.2019081250308571,-1.3216960558054214,0.27924195,-0.20806557,-0.1535301,157.32011663494995,149.01417896190827
2020-09-25,1495,-4.758186081997584,156.5273328220136,0.0,0.2019081250308571,-2.45258962894791,0.23781997,-0.18506801,-0.10887633,156.23765322578078,149.0794710571545
2020-09-28,1496,-2.6778828050886383,153.96074893235686,0.0,0.2019081250308571,-4.0072717522787515,0.16648732,-0.20270377,-0.14389156,153.64866514266902,149.8378605101116
2020-09-29,1497,0.08116443689283326,152.82897384000037,0.0,0.2019081250308571,-4.197131077514104,0.076429464,-0.19572085,-0.116353884,152.529851207617,152.9530166160267
2020-09-30,1498,2.3892409642811474,151.0338365860253,0.0,0.2019081250308571,-4.512787980873389,0.041200534,-0.22420791,-0.29889244,150.69520538541252,154.64239887966406
2020-10-01,1499,2.709215009748034,149.01417896190827,0.0,0.2019081250308571,-5.47672384259349,0.20869672,-0.166785,-0.21634047,148.76564459507935,153.0512934649971
2020-10-02,1500,1.7689147151032536,149.0794710571545,0.0,0.2019081250308571,-4.758186081997584,-0.017576233,-0.19352734,-0.21165986,148.7909659639207,151.7165597578826
2020-10-05,1501,0.03164747960231473,149.8378605101116,0.0,0.2019081250308571,-2.6778828050886383,0.03987539,-0.20316076,-0.18804856,149.53344626906664,149.88528041645307
2020-10-06,1502,-2.256650667969784,152.9530166160267,0.0,0.2019081250308571,0.08116443689283326,0.05306104,-0.19480997,-0.14051901,152.65504605910724,149.5014013448812
2020-10-07,1503,-3.999003410988644,154.64239887966406,0.0,0.2019081250308571,2.3892409642811474,0.0074900985,-0.18060029,-0.18131815,154.36311150051523,148.45824407363162
2020-10-08,1504,-2.759465758478119,153.0512934649971,0.0,0.2019081250308571,2.709215009748034,0.14432997,-0.12510306,-0.10267918,152.85981988567755,148.82789542892263
2020-10-09,1505,-2.4963503088269667,151.7165597578826,0.0,0.2019081250308571,1.7689147151032536,-0.021402672,-0.1393404,-0.12436809,151.50516127451922,147.92918294982505
2020-10-12,1506,-2.841569285497958,149.88528041645307,0.0,0.2019081250308571,0.03164747960231473,-0.047444776,-0.15217778,-0.22304766,149.65719006497207,145.62618632465666
2020-10-13,1507,-2.588804400718303,149.5014013448812,0.0,0.2019081250308571,-2.256650667969784,0.10319786,-0.10983735,-0.17049734,149.33718984376065,145.63110248772938
2020-10-14,1508,-0.5970880678486168,148.45824407363162,0.0,0.2019081250308571,-3.999003410988644,-0.03847535,-0.120609164,-0.14474641,148.2791885873799,147.5718176125304
2020-10-15,1509,-0.30934891431581013,148.82789542892263,0.0,0.2019081250308571,-2.759465758478119,-0.021259412,-0.14179182,-0.1534297,148.61686716270978,148.3674979502142
2020-10-16,1510,1.0964851216120008,147.92918294982505,0.0,0.2019081250308571,-2.4963503088269667,-0.039679542,-0.14891565,-0.1735677,147.7088923660465,149.55120443139208
2020-10-19,1511,2.647506805437505,145.62618632465666,0.0,0.2019081250308571,-2.841569285497958,-0.07714562,-0.14937094,-0.25601357,145.40866559718341,149.48164951810105
2020-10-20,1512,4.086282231493943,145.63110248772938,0.0,0.2019081250308571,-2.588804400718303,0.06409602,-0.11384714,-0.20509909,145.4653089462076,151.5820003522142
2020-10-21,1513,3.662773840677147,147.5718176125304,0.0,0.2019081250308571,-0.5970880678486168,0.0022742301,-0.09441942,-0.14526142,147.43248071880498,152.97703954425396
2020-10-22,1514,2.328304511003809,148.3674979502142,0.0,0.2019081250308571,-0.30934891431581013,-0.009749681,-0.0877901,-0.16981553,148.23724362927626,151.8219450978525
2020-10-23,1515,2.374643982391844,149.55120443139208,0.0,0.2019081250308571,1.0964851216120008,0.12543477,-0.04102406,-0.0906661,149.4898497382117,153.10251310801667
2020-10-26,1516,2.3984949690427415,149.48164951810105,0.0,0.2019081250308571,2.647506805437505,-0.03221725,-0.06472099,-0.10579936,149.38490690296945,153.0669593614348
2020-10-27,1517,2.1807993415115856,151.5820003522142,0.0,0.2019081250308571,4.086282231493943,0.01714307,-0.058309346,-0.14958681,151.49361103246977,154.8876996177454
2020-10-28,1518,0.46024059014730945,152.97703954425396,0.0,0.2019081250308571,3.662773840677147,0.12075454,-0.018131882,-0.10174753,152.94930215598325,153.68110197384232
2020-10-29,1519,1.0577917873849207,151.8219450978525,0.0,0.2019081250308571,2.328304511003809,-0.012794197,-0.030751944,-0.1338691,151.77525979471523,153.42790516454562
2020-10-30,1520,0.3123580396431347,153.10251310801667,0.0,0.2019081250308571,2.374643982391844,0.052189454,-0.027212173,-0.15283687,153.06085464857154,153.58074111660525
2020-11-02,1521,1.353365717493804,153.0669593614348,0.0,0.2019081250308571,2.3984949690427415,0.069443226,-0.010177225,-0.14188932,153.05138554396532,155.13851511424264
2020-11-03,1522,0.3025821415373109,154.88769961774537,0.0,0.2019081250308571,2.1807993415115856,0.018242374,-0.026429549,-0.14665852,154.84676481306116,155.3563621362266
2020-11-04,1523,1.238742009681415,153.68110197384232,0.0,0.2019081250308571,0.46024059014730945,0.0015426427,-0.045155823,-0.1843311,153.61170499948412,155.58481434493365
2020-11-05,1524,1.1528931170793566,153.42790516454562,0.0,0.2019081250308571,1.0577917873849207,0.024948075,-0.057406962,-0.19105719,153.339829517511,155.19676492286672
2020-11-06,1525,0.24339337683580986,153.58074111660525,0.0,0.2019081250308571,0.3123580396431347,0.012254342,-0.07431346,-0.16528668,153.46660747963938,153.95454646857843
2020-11-09,1526,-0.845319961169011,155.13851511424264,0.0,0.2019081250308571,1.353365717493804,-0.049377367,-0.12302852,-0.25187892,154.94764828088523,153.82709827852074
2020-11-10,1527,-0.8309563952227594,155.35636213622664,0.0,0.2019081250308571,0.3025821415373109,0.097914346,-0.100070596,-0.21447293,155.20089665471258,154.06541850967022
2020-11-11,1528,0.9672102955622819,155.58481434493362,0.0,0.2019081250308571,1.238742009681415,-0.019578293,-0.12916315,-0.2402073,155.38385591852636,157.08964668760927
2020-11-12,1529,1.1273412993910048,155.19676492286672,0.0,0.2019081250308571,1.1528931170793566,0.058930382,-0.1333592,-0.22042985,154.98979539834107,156.94636214916096
2020-11-13,1530,2.0771009426546305,153.95454646857843,0.0,0.2019081250308571,0.24339337683580986,0.0115778,-0.14419729,-0.21355979,153.7325508533245,157.15233780453693
2020-11-16,1531,3.387881107520019,153.82709827852074,0.0,0.2019081250308571,-0.845319961169011,-0.02736403,-0.17466447,-0.2657386,153.55841548347573,159.03857747934498
2020-11-17,1532,1.8872987248253814,154.06541850967022,0.0,0.2019081250308571,-0.8309563952227594,0.04483679,-0.17425391,-0.22991787,153.79695307952196,156.9730931886001
2020-11-18,1533,0.20142348884830685,157.08964668760927,0.0,0.2019081250308571,0.9672102955622819,0.059272304,-0.18541664,-0.20400856,156.7983740039198,157.40606213458693
2020-11-19,1534,-0.1345475582024025,156.94636214916096,0.0,0.2019081250308571,1.1273412993910048,0.07204313,-0.18364045,-0.18259661,156.65814285116684,156.73519465120177
2020-11-20,1535,-0.7383143692566985,157.15233780453693,0.0,0.2019081250308571,2.0771009426546305,0.03931898,-0.19617057,-0.17983447,156.8440507954275,155.9920595129032
2020-11-23,1536,-1.0470870071908056,159.03857747934498,0.0,0.2019081250308571,3.387881107520019,0.02883932,-0.2056539,-0.22537111,158.71150843292097,157.37330519813767
2020-11-24,1537,0.42618511211873766,156.9730931886001,0.0,0.2019081250308571,1.8872987248253814,0.087449625,-0.17547703,-0.1894617,156.697642967093,157.6420891418022
2020-11-25,1538,-0.11051137099850061,157.40606213458693,0.0,0.2019081250308571,0.20142348884830685,0.02224411,-0.18472862,-0.17400058,157.1152910866565,157.23211053728724
2020-11-26,1539,0.2748658980547658,156.73519465120177,0.0,0.2019081250308571,-0.1345475582024025,0.025963262,-0.19451588,-0.17135288,156.43032307165916,157.16600625154769
2020-11-27,1540,-0.4874968443525418,155.9920595129032,0.0,0.2019081250308571,-0.7383143692566985,0.011510149,-0.20666799,-0.17720468,155.66967511495,155.23160314533726
2020-11-30,1541,-2.632936392522267,157.37330519813767,0.0,0.2019081250308571,-1.0470870071908056,0.04212755,-0.20887494,-0.15511455,157.04459555202843,153.22976617346077
2020-12-01,1542,-2.3617515172716264,157.6420891418022,0.0,0.2019081250308571,0.42618511211873766,0.006949812,-0.22526556,-0.1768211,157.28697852780425,153.91897470963698
2020-12-02,1543,-2.809063185768834,157.23211053728724,0.0,0.2019081250308571,-0.11051137099850061,0.015086338,-0.2322191,-0.24220072,156.86698660811254,152.81536120397695
2020-12-03,1544,-0.9908059155142812,157.16600625154769,0.0,0.2019081250308571,0.2748658980547658,0.085790925,-0.20692128,-0.20032145,156.84079287448748,155.6087961644298
2020-12-04,1545,2.2069519863924025,155.23160314533726,0.0,0.2019081250308571,-0.4874968443525418,0.032881424,-0.20683643,-0.20723297,154.91053129046298,158.65749009446205
2020-12-07,1546,4.219178288098879,153.22976617346077,0.0,0.2019081250308571,-2.632936392522267,0.038864553,-0.20129427,-0.21096487,152.92131954779833,159.69480319875612
2020-12-08,1547,3.512828319629824,153.91897470963698,0.0,0.2019081250308571,-2.3617515172716264,0.052688465,-0.1871993,-0.12873562,153.63083791514703,159.32588404252098
2020-12-09,1548,3.42751948941451,152.81536120397695,0.0,0.2019081250308571,-2.809063185768834,-0.038846433,-0.21898672,-0.19624494,152.48071471849127,158.05313749206243
2020-12-10,1549,1.44120996489554,155.6087961644298,0.0,0.2019081250308571,-0.9908059155142812,0.096057385,-0.18292785,-0.16239615,155.32414619900726,157.85144564100557
2020-12-11,1550,-2.3251032572548236,158.65749009446205,0.0,0.2019081250308571,2.2069519863924025,0.058788255,-0.14557964,-0.15693252,158.42651908365386,154.96853962439695
2020-12-14,1551,-3.429070829692016,159.69480319875612,0.0,0.2019081250308571,4.219178288098879,0.13050444,-0.10120711,-0.12948917,159.5331781855051,154.2187552857335
2020-12-15,1552,-2.641410000003197,159.32588404252098,0.0,0.2019081250308571,3.512828319629824,0.11943896,-0.07569498,-0.09958039,159.2052776959531,155.11743420882834
2020-12-16,1553,-2.09323379732137,158.05313749206243,0.0,0.2019081250308571,3.42751948941451,0.039684996,-0.0852848,-0.1320035,157.91834610049685,154.74471580035177
2020-12-17,1554,-1.3656398756894395,157.85144564100554,0.0,0.2019081250308571,1.44120996489554,0.10359038,-0.07382709,-0.1048855,157.7349097386419,155.69576335497973
2020-12-18,1555,0.8114960349635769,154.96853962439695,0.0,0.2019081250308571,-2.3251032572548236,0.020272285,-0.06584421,-0.14473636,154.86650020038104,156.2261031788899
2020-12-21,1556,1.326899749479593,154.2187552857335,0.0,0.2019081250308571,-3.429070829692016,0.105811,-0.049440116,-0.13218214,154.1425063672541,156.26508356327045
2020-12-22,1557,-0.1689321934760346,155.11743420882834,0.0,0.2019081250308571,-2.641410000003197,0.041478664,-0.048434526,-0.118535265,155.04230349164732,154.85539092475562
2020-12-23,1558,0.5815395466773454,154.74471580035177,0.0,0.2019081250308571,-2.09323379732137,0.06375788,-0.046153665,-0.107947156,154.67329821030333,155.6446175191243
2020-12-24,1559,0.8021785010859483,155.69576335497973,0.0,0.2019081250308571,-1.3656398756894395,0.05945085,-0.050207913,-0.08907087,155.6175963089848,156.94472129571503
2020-12-25,1560,0.008246836981617989,156.2261031788899,0.0,0.2019081250308571,0.8114960349635769,0.06603723,-0.061974853,-0.071925506,156.12927906809261,156.2389868909418
2020-12-28,1561,0.4981257968877495,156.26508356327045,0.0,0.2019081250308571,1.326899749479593,0.038263813,-0.087403536,-0.08369009,156.12850123725332,157.0434802560273
2020-12-29,1562,0.7421367903277298,154.85539092475562,0.0,0.2019081250308571,-0.1689321934760346,0.056967214,-0.09588915,-0.07680403,154.70689706682367,156.00462975261408
2020-12-30,1563,0.13022218246863115,155.64461751912427,0.0,0.2019081250308571,0.5815395466773454,0.010678515,-0.11814493,-0.12724002,155.46073528479846,155.84730133695263
2020-12-31,1564,-2.1763415409161047,156.94472129571503,0.0,0.2019081250308571,0.8021785010859483,0.06267311,-0.09582922,-0.1586866,156.79432683907388,153.52906812988138
2021-01-01,1565,-1.9799594086871486,156.2389868909418,0.0,0.2019081250308571,0.008246836981617989,0.10701057,-0.06180045,-0.11910425,156.14243417229733,153.1455183699571
2021-01-04,1566,-3.4453529715232856,157.0434802560273,0.0,0.2019081250308571,0.4981257968877495,0.038465098,-0.07840264,-0.101156995,156.92035196470127,151.63277804244268
2021-01-05,1567,-3.3068348564622374,156.00462975261405,0.0,0.2019081250308571,0.7421367903277298,0.032168597,-0.104596674,-0.11860709,155.84145791034302,150.84581427825975
2021-01-06,1568,-2.665816227427409,155.84730133695263,0.0,0.2019081250308571,0.13022218246863115,0.033090755,-0.12093079,-0.13067369,155.65883229078756,151.69269868790445
2021-01-07,1569,-0.17122091602188583,153.52906812988138,0.0,0.2019081250308571,-2.1763415409161047,-0.03354077,-0.1374312,-0.19466574,153.31807247220667,153.26619425306953
2021-01-08,1570,0.6836954126355543,153.1455183699571,0.0,0.2019081250308571,-1.9799594086871486,-0.01931329,-0.1601432,-0.22779267,152.90026231629696,154.19256725370943
2021-01-11,1571,0.9966508495905968,151.63277804244268,0.0,0.2019081250308571,-3.4453529715232856,-0.024210155,-0.18311122,-0.24481605,151.35512109541153,153.1440274130605
2021-01-12,1572,2.209779706402437,150.84581427825975,0.0,0.2019081250308571,-3.3068348564622374,0.029010996,-0.18205261,-0.17695694,150.57119876961391,154.17917447013824
2021-01-13,1573,1.570479404970282,151.69269868790445,0.0,0.2019081250308571,-2.665816227427409,0.005758539,-0.21572387,-0.1888334,151.36546548360448,154.0750012796416
2021-01-14,1574,-0.03981442102043431,153.26619425306953,0.0,0.2019081250308571,-0.17122091602188583,0.060786888,-0.2151337,-0.15569799,152.93647108867944,153.20517220520762
2021-01-15,1575,-0.4760258926105765,154.19256725370943,0.0,0.2019081250308571,0.6836954126355543,-0.016289279,-0.23040646,-0.16834258,153.83729568304125,153.4585707091008
2021-01-18,1576,-1.0363985121888075,153.1440274130605,0.0,0.2019081250308571,0.9966508495905968,0.023324504,-0.24829185,-0.22373901,152.7637874730181,151.55684499144553
2021-01-19,1577,-1.8296959434968896,154.17917447013824,0.0,0.2019081250308571,2.209779706402437,0.06328182,-0.24113357,-0.24643119,153.80739212660973,151.35816436914112
2021-01-20,1578,-0.5817780254968707,154.0750012796416,0.0,0.2019081250308571,1.570479404970282,0.0708808,-0.20564836,-0.15763865,153.75814920512877,153.17862677941264
2021-01-21,1579,0.4013525276518992,153.20517220520762,0.0,0.2019081250308571,-0.03981442102043431,0.031924173,-0.23979798,-0.20950629,152.83779317861658,153.82006503634668
2021-01-22,1580,-0.13207986744488975,153.4585707091008,0.0,0.2019081250308571,-0.4760258926105765,0.07980304,-0.2361123,-0.23385642,153.0962367937778,153.2558828323254
2021-01-25,1581,0.3539445320700274,151.55684499144553,0.0,0.2019081250308571,-1.0363985121888075,0.072973415,-0.20754737,-0.1521898,151.24228976968246,152.0932721572706
2021-01-26,1582,-0.499042658841542,151.35816436914112,0.0,0.2019081250308571,-1.8296959434968896,0.0077991635,-0.24261594,-0.21244176,150.99094714296476,150.6028225612996
2021-01-27,1583,-1.6027739917526151,153.17862677941264,0.0,0.2019081250308571,-0.5817780254968707,0.089977436,-0.21907663,-0.15191604,152.8430478354879,150.7235195884684
2021-01-28,1584,-2.468635506780592,153.82006503634668,0.0,0.2019081250308571,0.4013525276518992,0.012047663,-0.22471145,-0.13402812,153.4744167206863,150.02280829430643
2021-01-29,1585,-2.3718381651143927,153.2558828323254,0.0,0.2019081250308571,-0.13207986744488975,0.009860918,-0.25407362,-0.19526108,152.86650444787767,149.6209013130253
2021-02-01,1586,-1.7153668196228766,152.0932721572706,0.0,0.2019081250308571,0.3539445320700274,0.02380927,-0.24573055,-0.23289104,151.71953021276516,149.48431463180606
2021-02-02,1587,-0.5110992493176925,150.6028225612996,0.0,0.2019081250308571,-0.499042658841542,0.025107875,-0.22655421,-0.18378238,150.2616299174943,149.83309266573755
2021-02-03,1588,0.6355066700649337,150.7235195884684,0.0,0.2019081250308571,-1.6027739917526151,-0.010698065,-0.24295402,-0.19380496,150.35733002627015,151.68137760880975
2021-02-04,1589,3.9229615790369765,150.02280829430643,0.0,0.2019081250308571,-2.468635506780592,-0.013389394,-0.2404657,-0.19076379,149.66205892116744,155.90814542348437
2021-02-05,1590,4.937526305016693,149.6209013130253,0.0,0.2019081250308571,-2.3718381651143927,0.012756497,-0.22986609,-0.15743195,149.27697476054266,157.00847267315902
2021-02-08,1591,5.28488342344009,149.48431463180606,0.0,0.2019081250308571,-1.7153668196228766,0.027436659,-0.22964385,-0.15882625,149.14103171322563,157.3843863964254
2021-02-09,1592,5.173428248697154,149.83309266573755,0.0,0.2019081250308571,-0.5110992493176925,0.07191658,-0.23297495,-0.17719187,149.48401650834495,157.58460020760342
2021-02-10,1593,4.9117173941785275,151.68137760880975,0.0,0.2019081250308571,0.6355066700649337,0.11408526,-0.24094078,-0.21065693,151.31591671666408,159.13153821655126
2021-02-11,1594,2.085849304076759,155.90814542348437,0.0,0.2019081250308571,3.9229615790369765,0.14669868,-0.20866722,-0.21029003,155.58281205094326,159.1601543897991
2021-02-12,1595,-0.021836549918397008,157.008472673159,0.0,0.2019081250308571,4.937526305016693,0.115538284,-0.16781521,-0.15646286,156.74498595712024,156.9741874396476
2021-02-15,1596,0.7760531719672281,157.3843863964254,0.0,0.2019081250308571,5.28488342344009,0.068064064,-0.1630769,-0.10898404,157.12772660186795,158.60577291923602
2021-02-16,1597,1.3172664199282869,157.58460020760342,0.0,0.2019081250308571,5.173428248697154,0.00034232438,-0.18010092,-0.17515652,157.30078814487067,159.66040922911642
2021-02-17,1598,0.4435873886574626,159.1315382165513,0.0,0.2019081250308571,4.9117173941785275,0.09526008,-0.14716676,-0.17610629,158.8973540897828,159.83742565145656
2021-02-18,1599,-0.06869494364512008,159.1601543897991,0.0,0.2019081250308571,2.085849304076759,0.09139033,-0.12580228,-0.124810085,158.959928427485,159.05081941143553
