date,3M,1Y,3Y,5Y,10Y,30Y
2020-01-03,-1.8809412436258555,-1.5316828996115195,-0.8911129857158695,-0.49799877395533265,-0.4156234764495892,-0.3285372692909849
2020-01-06,3.228011467004288,3.293479720155368,2.3515423073958264,2.3684512848986206,2.6518455939164465,2.9670775584945464
2020-01-07,0.5530228065079523,0.30463566194836034,0.32119483404540183,0.9294164395583504,1.8079914633477134,2.9966690842804233
2020-01-08,5.307703672685893,4.412970274861561,3.2750551270112727,2.518018132451072,1.9956648908825425,1.792495480893308
2020-01-09,0.05277047725527062,0.5317811033568098,1.1523388508380084,1.145685686161979,0.4611847535048508,-0.2675710988506719
2020-01-10,1.3239099145196054,1.626295197374672,1.7567561038439816,1.961755378691521,1.2727774591219987,1.1118745197773894
2020-01-13,1.1003593284540258,0.33920375150082727,-0.5541534631809064,-1.3243530857860009,-2.0181353628040632,-2.29210978415324
2020-01-14,-1.2970958377114261,-1.3656274595252427,-1.4074819203735878,-1.3132136580832565,-0.7558455119364815,-0.4831678379812132
2020-01-15,-2.0503215736801916,-2.3383432808862015,-2.4003459195746313,-3.1910507913963215,-3.1041812118531187,-3.082651020710303
2020-01-16,-0.13672387301597588,0.33038910938043564,0.6012430695851556,0.5822221980281039,-0.04007950089235379,-0.2472062196639424
2020-01-17,-0.03895005129073148,-0.03415822480818953,0.5990296513159521,-0.19374754461662924,-1.0683257903074228,-2.4641064948044633
2020-01-20,-1.3461052524214256,-1.519891531250428,-1.7095353448465467,-1.3911066863220967,-1.1346824751324647,-0.11745961139011385
2020-01-21,0.15950451497177554,-0.5101685637479036,-1.4043448044425588,-2.150169583206374,-3.625063649795024,-4.433677319341056
2020-01-22,0.35735392045017633,0.07428964376048341,-0.42348904814324406,-0.9889848118101785,-1.63363774648424,-2.337987050949142
2020-01-23,0.32830440145650286,1.0467114666811828,1.944591356623837,2.9801020958017954,4.1486318331433125,4.564291564792589
2020-01-24,-6.8418094875847935,-6.824353903262459,-5.839694896900571,-5.553939075230696,-4.474430590002765,-3.197733583158424
2020-01-27,-1.5048686500600983,-1.927368330365331,-2.2402153350268073,-2.909690512906593,-3.244684155273303,-3.586807776857537
2020-01-28,0.45247737314437764,-0.3362196485791724,-1.5081660261520913,-1.5043928769721937,0.07073084730877532,1.8204699986017925
2020-01-29,-2.1405248456207726,-2.3129477517874975,-2.6526804828444384,-2.3409043796088547,-2.230955045386862,-1.5134332649684001
2020-01-30,2.1801813004443726,1.5773135284972373,1.4166337699514475,1.0306243304484042,1.7533275149245853,2.744678521008881
2020-01-31,-1.582181705417618,-1.6228298169691513,-1.713182451143913,-1.7635626003347227,-3.124759615524919,-4.643049658411114
2020-02-03,0.7587691028220434,0.745701503161067,1.3875131432122156,1.9205584524549568,3.1805843168672077,4.05204407389137
2020-02-04,0.38859707972176416,-0.4190891095846805,-1.504252347245938,-1.8069262496832383,-1.586548508461627,-1.3146895959315064
2020-02-05,1.2609687299793393,0.9084124396808502,0.7294334262575752,0.5857288899056456,0.4403560962537245,0.7315767758275804
2020-02-06,2.8145782904780425,1.9477402477925398,0.53925553065306,-0.10278377274923756,-0.7781800198581212,-1.2827380085238094
2020-02-07,2.939363599324807,2.395612443668993,1.9540877229952347,1.549922012159044,1.2983525007511432,1.7251820126944484
2020-02-10,1.3936062408342664,0.5890320918331415,0.43379623510895193,-0.06421268515555134,-1.2993458894579923,-1.95025015436463
2020-02-11,1.7946309982401765,2.8740428024220943,4.0945131383871125,5.1087541327517805,6.245264377581128,6.957485424153376
2020-02-12,-0.5528886846681402,-0.9592687300579161,-2.1223784000703905,-2.240892571632269,-2.3779279190690783,-2.3837258255221094
2020-02-13,-4.739067982403711,-5.277589878542832,-6.268993084703078,-6.855160506443081,-7.552680493237007,-7.936718822665023
2020-02-14,0.7519853515133956,0.4442976780887786,0.35880141258375353,-0.2607047576635768,-0.5465028647579029,-1.5911051254354547
2020-02-17,2.3255689886718667,1.389868930746463,1.1272780538010618,1.782556613723285,3.206916619288336,4.707432589812699
2020-02-18,-2.194671120397551,-1.8197668899667896,-1.180535775080127,-0.8393841955589565,-0.23586551314940252,-0.2503781944844796
2020-02-19,-2.5134653789021577,-2.831129393296461,-3.200218213060335,-3.396319850220886,-3.7798205937982665,-4.084908324639569
2020-02-20,1.1471122084199425,0.7654907471138284,0.4356480984580191,0.04987931259279321,0.2428410606361453,0.16745129493935806
2020-02-21,-2.8363769495504343,-2.3127173716847693,-2.1635428806775714,-1.714831501071501,-1.5162376973063996,-1.4352794793043522
2020-02-24,1.0332973312563443,1.5426469787728436,1.912537920352575,1.6521550397810447,1.246606249321669,0.6188960346881434
2020-02-25,-4.019119357940948,-4.517914302313741,-4.4920871829488895,-4.788184032264375,-5.187302349224243,-6.079642908588756
2020-02-26,3.2061664442703197,2.999957736693881,2.553076302018109,2.016517554578501,1.728172187834165,1.1999141361256793
2020-02-27,-0.7615533014601272,-0.7385745937638077,0.13926661042669153,0.2451909293615273,0.40959663868957996,0.7801895601723174
2020-02-28,-3.0830282088192273,-2.004567589693673,-1.08372098876508,-0.17070497322695388,-0.02699239202610393,-0.22988006443140918
2020-03-02,2.134035590759442,1.359875249852971,0.6259915987001818,0.40626489417547873,0.6100640321521578,0.5105464851621111
2020-03-03,1.8746710460753935,1.4548837780686608,1.293690219727761,2.0792341597019703,3.847458218044064,5.879933565488393
2020-03-04,3.4306144462708854,4.139367317486187,4.839919026238171,5.009138928763823,4.242277906977243,3.2043023761967326
2020-03-05,-1.7929862305515964,-1.4348690868561054,-0.9909055526797328,-0.3244456327903045,0.8081800824227603,2.3096120618796956
2020-03-06,4.222980508543639,3.8097205462515493,3.6909686037218226,3.1224837134996797,2.750284498682065,2.12210994482378
2020-03-09,0.611163876400056,1.077972628606405,1.7317544944781993,2.0823973342104285,2.1062889958201048,1.9440130315841575
2020-03-10,1.337311302533406,0.7880692265308742,0.4862045476812238,0.45095955263101395,0.15738768563440253,0.3160912912988145
2020-03-11,2.212695867447012,2.4930767231606588,2.6805106941875323,2.8382996854181997,2.4581107168823113,1.8474525913537931
2020-03-12,-0.10609576297939682,0.5069805237332581,0.8342031754484669,1.4874185124810868,2.053775908313904,2.1753737297915965
2020-03-13,0.45118212769343913,0.20883333292571749,-0.057746889208898367,0.3111697228431076,0.3067278872982637,0.4121947989583319
2020-03-16,-1.876420398004175,-1.667154488069178,-1.4495372147650176,-1.0132145159154504,-0.9025289546285897,-0.0012659034978046435
2020-03-17,-2.493580359950931,-2.7664084781551246,-2.5105066771568207,-2.615893710176964,-2.5205674870134143,-2.4010835604330705
2020-03-18,-0.044786529319251756,0.2248582883008332,0.9596118564190625,2.1823446234380928,3.807135068317047,5.401246799473736
2020-03-19,-1.3194553876605841,-1.32900289778477,-1.4102929655436025,-1.020450792911065,0.07297705627942186,1.1505731969878141
2020-03-20,0.19203314638041036,-0.13873642541120113,0.31604221933032584,-0.08403270914194572,-0.616424863392373,-1.052871286405077
2020-03-23,0.4659404761350405,1.0535409736649015,1.3544167235147064,1.0624933835269523,0.26147184742590923,-0.32843088505418727
2020-03-24,-0.07950084646308753,0.44805637207372406,1.0468603564390389,1.5185698749559329,3.060344060536435,4.355443910459389
2020-03-25,1.7906898390863901,1.8924845127109347,1.9016208896377673,2.096307591680713,2.385014713553435,2.113132083435998
2020-03-26,1.5861536556158295,1.6192382122472093,1.2642609980413333,0.5469823197377544,-0.49968662231725247,-1.5943875053498147
2020-03-27,-2.2959753177320685,-2.452578622942081,-2.8650817303390586,-3.0983240936652834,-2.5357836414875212,-2.2975180386410887
2020-03-30,-2.0809553520309443,-2.284287254596018,-1.9368067710763714,-1.8520677073520009,-1.328232670525642,-0.9338454047445488
2020-03-31,2.2148724513555873,2.417581524194201,2.9398646833888264,2.5988206841285777,1.5979066673675657,0.4966924574982823
2020-04-01,-0.00941269863328209,1.1264407043229063,1.912464478575826,1.3785599013294014,-0.30355616139869923,-2.0871376349405946
2020-04-02,1.4425009729600813,1.9458439210637835,2.662292575046976,2.691678362236427,1.635098939305557,0.6539898647229148
2020-04-03,-4.032902737784916,-4.355758990884118,-5.2047193024109095,-4.796749040737769,-4.283583382365519,-3.4512309172582523
2020-04-06,-1.0127868935803086,-1.240047794647925,-1.2097790004652165,-1.1643491297978592,-1.9149919747501354,-2.09575084517013
2020-04-07,0.23207017175952416,-0.01607778738081933,-0.3932710636390002,-0.1718841915584246,0.029082915311207103,-0.19755902521594315
2020-04-08,3.315251524606433,4.301303037558046,5.262831813819613,6.078619543622654,6.330885785936946,6.675511181549254
2020-04-09,-2.5944083071849366,-3.225792955133233,-3.698543399963894,-3.6643291791799815,-3.19188297907651,-2.1942564212295235
2020-04-10,-1.6314490027730777,-1.291651365201485,-1.1596300193758236,-0.7491096747235915,-0.36727582565037054,-0.5970227724035659
2020-04-13,0.9234336873827242,0.5612720624277756,0.2539086199687901,0.5166872370305331,1.4850128336178603,3.078139285523651
2020-04-14,-2.0849848510473556,-1.5015411017781588,-0.31490793181903065,-0.08062682600273874,0.051412411772977507,-0.2552475781552044
2020-04-15,-1.9505720339620947,-1.41016131480729,-0.534992388596045,-0.6675410470230236,-1.039613217313029,-1.3459860137613688
2020-04-16,1.6443404675350326,1.1837750708814543,0.037519600359559035,0.24874037473159305,0.8609485677111284,1.8193177753440537
2020-04-17,-1.9394342109943175,-2.251276658592438,-3.023210047507341,-3.477219258866837,-3.02639023580058,-2.3586490018386197
2020-04-20,-1.715283129285572,-1.4567556185842712,-1.5442619539050906,-1.6437939205958596,-1.1289522331436874,-0.7327309335857457
2020-04-21,-0.5991958353499527,-1.000095459173922,-1.211299416552869,-1.5223393619935077,-1.8012574700763562,-1.7019801850710614
2020-04-22,-0.9996939162831175,-0.3245905746836364,-0.49345206368891503,-0.457591648962552,-0.18501495724341233,-0.4008575088691124
2020-04-23,-0.16323553874073582,-0.6748079987789257,-0.9502316575605629,-0.9596429136129903,-0.6678905332706098,0.03564274424916469
2020-04-24,0.4542235464932265,-1.0149942648572274,-2.1456899593190304,-2.898429632131405,-2.118429071574912,-1.7472352278006476
2020-04-27,0.35898230018833743,0.37048753330441997,0.4271617326645938,0.4600165311685167,0.06223491965862138,-0.4800238844722138
2020-04-28,0.2848899178793385,0.6414746823456774,0.9728256202896635,1.3260513766083282,1.0309015075343986,0.9763800169904524
2020-04-29,-1.4098403561601636,-0.9637633774075116,-0.06363524949675181,0.3985745122687234,0.9353657585479347,1.5422196102096386
2020-04-30,-0.04815602615999559,0.6188692400955542,0.9565834138890228,0.8286107577898161,-0.4625414791008087,-1.2135761166304437
2020-05-01,-0.0611995570898749,0.3677937924725594,1.240410772691769,2.3830274611610136,3.6321871403333983,4.77328082980808
2020-05-04,1.645622317129769,1.921053067557743,1.4540632383647,1.237417246040895,1.406478601276273,1.657755002242256
2020-05-05,0.7693507648799613,0.7942798978963328,0.6611046494606754,0.22186804252588566,-0.8116376976949891,-1.430302198746114
2020-05-06,-2.1854182935276967,-1.9513619364202484,-1.3960101048207108,-1.3658380407741255,-1.8261533310412137,-2.3379927715206694
2020-05-07,-0.9077570027574478,-0.3761963488647879,0.058137973104033236,0.1325373054804846,-0.47017412154879423,-1.3004736611919032
2020-05-08,0.15984088946301434,0.2823029673108213,0.054603903363892314,-0.19690590704861677,-0.14629641303356422,-0.548206463958234
2020-05-11,-1.065914127466705,-0.25296967150598704,0.4109842628125193,1.473666333561452,2.1081015066150233,2.744123324822434
2020-05-12,0.29320023594996414,0.5710475947494853,0.4790623188259513,0.7481178954765966,0.9775429568571692,1.106234837471165
2020-05-13,4.1466031155862115,4.152118776482716,4.14987833722642,4.1926042947530995,4.467308056630381,4.598146585873764
2020-05-14,1.236372338280356,1.8546645829117026,2.232122647274215,3.275377224864684,3.7749131598893815,4.3548965605837875
2020-05-15,2.920460716050055,2.810220317806733,2.4225963396122374,2.0842004262217717,1.6431027895625672,0.969914260694571
2020-05-18,-3.051164621581881,-2.3416102626001134,-1.4889749585552448,-1.1124616051294112,-0.6844734657920348,-0.42327910335098196
2020-05-19,2.2027452932301017,1.6505067503927773,2.02308618930358,1.626667942008142,0.6123544139543746,-0.5273154768210553
2020-05-20,-6.482592801964326,-5.714391120411255,-4.558796325781422,-3.704219614678106,-3.4013330065034264,-2.735403909721157
2020-05-21,-0.018675413901370064,-0.30040919175462477,-1.1313161325718024,-1.208449347580931,-0.9047889318197111,-0.9203276605810551
2020-05-22,-1.2943710267358188,-1.0197182518623116,-0.9265577400037639,-1.703231291240126,-2.5948445499872186,-3.762678700105404
2020-05-25,0.574552361796421,1.2653526345211663,1.7727675071461224,2.3138663577985774,2.4521894278534795,2.752365959714398
2020-05-26,0.05544938157817647,-0.5599592452238067,-1.239873039841255,-2.0124880521249278,-2.2479667727924646,-2.429919960924787
2020-05-27,1.9329491666185916,1.530645865610225,0.9591478305758461,0.9338926748108545,1.7933863181427423,2.471290792375891
2020-05-28,-0.7659952809168313,-1.2430413717961386,-1.474213269736735,-2.0421277906408353,-1.8516135518369392,-1.4299021347339735
2020-05-29,-0.9641263597659488,-0.719828951747381,-0.12562910551880968,0.06105822234374614,0.9652499036352236,1.4932846505843589
2020-06-01,2.559212572301517,1.7948675969674532,1.3167812482379748,1.2793357632514546,1.5404739807726386,2.0243956040878697
2020-06-02,-1.3273373452612258,-1.3796490981221154,-1.666585573504742,-1.8442299517512861,-1.9915453857953125,-2.826749191321598
2020-06-03,2.047116072378774,0.7849193289446887,0.4999457563651166,-1.0805007196576621,-2.1604947290977172,-3.145182085567111
2020-06-04,4.165621877881565,3.6744119605499836,2.8403471068811026,2.6719712503179505,2.1228410430858435,1.8539045812190125
2020-06-05,0.2175304181071258,-0.5498988860384912,-1.671495777283516,-2.2643608079373045,-3.2656991746495834,-3.840542031305727
2020-06-08,2.0579406324631844,1.2385764328053384,0.5666129995944402,0.0254797561390685,0.5944761781494723,1.1540939714236753
2020-06-09,0.8461525808435955,-0.21910262522140123,-0.9739411150213595,-1.486604031470451,-1.762326222729449,-2.1080946222392427
2020-06-10,-0.5745673560833442,-0.4654798707464547,-1.276573566065542,-1.2598276806936592,-0.8133616303912738,-0.6388197818885555
2020-06-11,-2.9758499638962377,-2.674478394940394,-2.99466324983122,-2.997104807303508,-3.77203418095875,-4.472787258433408
2020-06-12,1.3607226094679348,1.6590033673928861,1.6503596026833822,1.8722957040810062,2.067579895377003,2.07286211033062
2020-06-15,1.5875935421099108,1.5415676896577413,0.3814190278946583,0.45172125351911063,0.9982859005064348,1.1338367129765103
2020-06-16,0.3032456255052107,0.41903568864407603,0.7328809247130419,1.4000984793891558,3.122763917226834,4.531904742683457
2020-06-17,-0.6659996560642867,-0.7389383602816046,-1.2155683929579553,-0.9202400206050232,-0.6502554014979012,-0.8514949294311069
2020-06-18,-1.5038232137451146,-1.8201117617162144,-1.956612007189884,-2.278587713250335,-2.2013362295802086,-1.8181015734334505
2020-06-19,0.8234250754267425,0.9817185803763451,0.7763980700453477,1.164862997809779,1.8598486397431113,2.4817787571528527
2020-06-22,0.2968900878641545,-0.28321056654414534,-1.325138034786022,-1.2491131189516835,-0.9477315917965967,-0.3290803895481087
2020-06-23,-2.276124755403419,-1.2400516210732349,-0.031081372022567777,0.8810178271524638,1.4341493161590613,1.5818567761202385
2020-06-24,1.102255303792754,1.5308753858293667,2.0921064232616526,2.093164139374526,1.2765309152642956,0.3167096120348045
2020-06-25,1.0618560202762861,0.8541777036154663,0.8634595116039367,0.08011427132483817,-0.724595602169309,-2.114895788820048
2020-06-26,0.5078034446899249,0.06092561423205467,0.571897738109417,0.7485558210774901,0.9043074987935995,0.7675065108132539
2020-06-29,-3.085566935689954,-2.192543768681565,-1.4478004065959116,-0.8136162301440208,-0.5163025110822783,-0.7156365945129917
2020-06-30,2.4817910494472795,1.8402694890130356,0.9030130079888732,0.48610719651298595,0.357786864928622,0.5205404633833233
2020-07-01,-0.22705137884644344,-0.32968177191827763,-0.7565939225420149,-0.9771956548225269,-2.1302644881625366,-2.9743628083574336
2020-07-02,-1.3820664447187436,-0.9255479082780571,-0.35316368592299696,-0.395064635865916,-0.37391344746735555,-0.270153990055233
2020-07-03,-0.6565197729813566,-0.631018136485384,-1.3321043312983782,-1.2521610387864257,-0.2385707391869829,1.1978532272587383
2020-07-06,0.5778615070783477,0.6925351439363236,0.9758672921187816,0.7053780587052305,0.3926381521962785,-0.17505036165705867
2020-07-07,0.6602968779347851,0.8007539465960001,1.1512931500329504,1.5025026358116644,1.7696336198862017,2.369228651550914
2020-07-08,0.4013686084328505,1.1272390579136538,1.5309970719878052,1.5035590815788868,0.9919707874266326,0.2318926258252585
2020-07-09,-2.729251251374132,-1.660520830944856,-1.0425304479991127,-1.1383122348115116,-1.0168887296089224,-1.600908258434064
2020-07-10,0.8920588219457848,-0.34697995604564547,-2.473914979536307,-2.775276696798956,-1.9999131912567414,-0.8330578033363345
2020-07-13,-2.9979049679268233,-2.451154450953519,-1.2295557073294106,-1.3555924515450624,-1.3157540471111062,-1.5595152573778304
2020-07-14,-2.9618271047326505,-2.3066908015685783,-1.8845720564111712,-2.1000548832203147,-2.510740160136482,-2.9459458261232196
2020-07-15,2.587486129382288,2.2907566140205837,2.117399884255322,3.1784091349985832,3.873302416667457,4.666703357123936
2020-07-16,-2.58038282836357,-2.5437295279184813,-2.048026938122982,-2.2443956032830226,-3.831631399204438,-5.214940357918874
2020-07-17,-0.8836527030195995,-0.38801926044271795,0.483205344836124,0.5087790724136454,-0.20442413083689992,-1.2487474946724308
2020-07-20,-3.5981101125256654,-3.4669373843752904,-3.0537582539221564,-2.4535648391005083,-1.2877003486579497,-0.17984432519000393
2020-07-21,-0.4936222745794083,-0.6684447794334414,-1.0739921243208883,-0.10131162885795852,1.3082937430015207,2.5753625383655
2020-07-22,1.915585179760848,0.7082247645293194,0.23751615031697426,-0.4012183941120906,0.6697969190388786,1.5411038879902694
2020-07-23,-4.986443528233231,-5.2804488822356,-5.0132392193655395,-5.068932472762677,-4.756093612842438,-4.652345971482985
2020-07-24,-1.7008854864074774,-1.0755960657218733,-0.711172151913253,-0.5971756798737626,-0.6071621715576292,-1.1230551752604345
2020-07-27,-0.2751564600044887,0.05798248004578177,0.4353863660412127,-0.37644179941001,-0.8688716255297546,-2.038671178745055
2020-07-28,1.793883252192563,1.2986469130987555,1.0817852930248506,1.0835006733961983,0.5793994002462721,0.7194830635317562
2020-07-29,0.5662708303371566,1.5533228355510964,2.583716362469035,2.3199318922484835,0.42977249136049167,-1.8830751713568628
2020-07-30,-0.5272348632792134,-1.1141299907001745,-1.6931596349668787,-1.929608889490142,-2.1138047270715,-2.2117722467678735
2020-07-31,2.8214752780142405,2.2894234801991598,1.4206778761117533,0.5751763561965273,0.512199185533424,-0.1152390016103233
2020-08-03,6.41605957104443,6.277033042606828,5.762570994851757,5.035089617089072,3.1683042055496102,1.951252564137862
2020-08-04,-3.6143209245301122,-3.4162633674170717,-3.159679069551391,-3.008020349786289,-2.451465771868655,-2.716134630691869
2020-08-05,3.919887179522652,2.6973466772138632,1.1166931575360195,0.8404813151396517,2.1709447510122715,3.7461864972211156
2020-08-06,2.573596151257851,3.208677221879652,3.7045774444375734,4.2190673241982335,3.630775434447875,3.1149946186411537
2020-08-07,1.230750848211981,1.4529029650465208,1.247382635045291,1.2006093056740497,1.8781179766244271,2.1727905377215695
2020-08-10,-0.41251459788411715,-1.3259151687189608,-1.8475354599569727,-2.9784820345632568,-4.641154658062474,-5.7301070053016545
2020-08-11,3.2840213944862917,2.4336365364096224,1.6113069804471358,0.8752655580667845,0.5363327326735945,0.19999636171692536
2020-08-12,-1.974777092749358,-1.5436528167809715,-0.6606181530641297,-0.7944873020094168,-1.198138913494784,-2.0426299468741416
2020-08-13,-0.3634073126153048,-0.2016143439175444,0.2280093030459618,0.15698962029122576,-0.14836117234091617,-0.9201001027446587
2020-08-14,-1.8622070842496452,-2.438642639157118,-3.0048859783290194,-2.860844584774025,-2.07218385242518,-0.815043486428424
2020-08-17,-0.3483393593938455,-0.1401705278671006,-0.016657088841309786,-0.747763854313277,-2.772558747688292,-5.09822319402411
2020-08-18,-3.416026466762778,-2.942175575999295,-2.3613114385852896,-1.8744795435191364,-2.365881250024149,-2.5566206440676975
2020-08-19,3.1210007291625708,3.431371448010845,4.0256161624208975,4.021014192028138,3.36536823067064,3.0232593912187244
2020-08-20,0.4782074058658381,-0.40336922927752816,-1.2818526314849699,-2.228620123267566,-2.759415298261869,-3.3366495896272497
2020-08-21,-2.448023770838148,-2.51769671068538,-2.431202562072432,-2.211766983244834,-1.9759170589662922,-1.4320331706279443
2020-08-24,0.4135096463667942,0.19498592351427924,-0.6402854875088515,-0.36186893993801483,0.7560037592164282,2.041050369886399
2020-08-25,1.4092912156649984,1.224864307235185,0.2566312516520064,-0.1493749771789954,0.3937349710963378,0.7273557684458698
2020-08-26,-3.9056374109021963,-4.2375223331297285,-4.188188510688473,-4.1760859920097815,-4.4091864090788135,-4.385367559875908
2020-08-27,0.529924539879767,0.8504250318714934,1.325225597750812,1.6475860491190986,1.0451591338988209,0.05408190596991602
2020-08-28,-0.38093491068722507,-0.5447195174037134,-1.1580051520493129,-0.8719329945835685,-0.6887368360437574,0.6893414849103774
2020-08-31,0.7021030779609916,-0.02864145688259434,-0.6566814266156129,-1.0235879960796446,-0.4522511437863752,-0.0827707192729843
2020-09-01,1.44073806087337,0.7140389211662601,-0.22446624142404836,-1.179766682504635,-3.250486727079327,-4.548968782223417
2020-09-02,0.5196309209219319,-0.2962922192175199,-1.6593172728174732,-1.967946190694203,-1.292176747558571,-0.5289297208357358
2020-09-03,7.184100984522157,6.936084883410754,7.036741812974867,6.370657565471527,5.588657675261421,5.0136424639474875
2020-09-04,2.7916227601731514,3.0990073408363905,3.432019256792662,2.9557378429745818,1.6298641243165157,0.38916732356177874
2020-09-07,4.784978669411144,5.083004619367282,5.059527708443445,5.076149274288877,5.501737183861355,5.646085921906785
2020-09-08,3.718844278084932,3.4113965684779757,2.8669039033738297,2.095738808475023,1.0034762735526837,0.3051653635058216
2020-09-09,3.193057117265319,2.4634240456251177,1.3437305561270652,0.5590416045065716,-0.16753568584193523,-0.9530056543564314
2020-09-10,-1.2768771428572467,-1.2463870074248096,-0.9596262383319676,-0.7532435535504867,-0.7782867701672469,-0.9470352555562833
2020-09-11,1.1419884341996145,1.504298724301556,1.6476707300560722,1.23091625094216,-0.569297455556983,-2.174706823421113
2020-09-14,-2.728921404286888,-2.484877791090412,-1.948114882090568,-2.2230792071149974,-2.9094665448412105,-3.4135709151436266
2020-09-15,2.463249067519424,1.9908338880074705,2.160220865417317,2.031419031482118,1.6613239029191984,1.1133228277763418
2020-09-16,0.7645399476638559,0.8803188456218969,0.9075721721451657,0.5628512239308936,0.09873217237097442,-0.3255945143158634
2020-09-17,2.893822580808747,2.7506930273962116,2.2553917878661345,2.8343263356273685,3.94984016119464,5.105408832403402
2020-09-18,2.2337991980734717,2.4331892879350114,2.6599515693197073,2.021951201624006,0.45067893196670816,-1.1864297865646023
2020-09-21,-0.2682580773570198,-0.985120210545265,-1.7268411300519926,-1.2784689533953841,-0.7005356330185286,0.21832983801099992
2020-09-22,0.5209794564298154,0.29636529184391414,-0.6420794966762511,-0.5175260516535829,-0.2221693607682429,0.1568387545880512
2020-09-23,-0.1933928878819824,-0.012785454604813395,0.49131925700760526,0.4881623613826491,-0.5571374418454234,-1.89384763268583
2020-09-24,-0.7283921614360533,-1.185072558339817,-1.8142987221393625,-1.7956118685042544,-1.6226523038026297,-1.128669100603652
2020-09-25,-1.1724002694717406,-1.3986611274613647,-1.8377370884077315,-2.6567593433056036,-3.884369223431383,-4.873047162921518
2020-09-28,-0.429825952371532,-0.8453663537869804,-2.44465037262529,-2.567646225986442,-2.2113901666535707,-1.7331466737598777
2020-09-29,0.7304219099552256,1.0198919537776963,0.7813377718121295,0.9847955114971718,0.09068347984766412,-0.5071568265061277
2020-09-30,1.9102557409164334,1.9839279779600094,1.8417337966681213,1.7209288664024935,0.5935964044149866,0.14565208566672538
2020-10-01,-3.500647315378469,-2.517823926864393,-0.9877410909536977,-0.5762608212812825,-0.41383133891925716,-1.0140734765738735
2020-10-02,0.076798455123539,-0.05127007166279007,-0.3489630369307051,-0.831437788265843,-1.2404791171267249,-1.430990230943463
2020-10-05,-4.606204417122894,-4.032897033415317,-3.3110709740476807,-3.155053985485168,-2.9747221226935405,-2.2337406991967956
2020-10-06,0.5767661146958591,0.6713580561134691,0.49316112887893837,-0.018812978229076904,-1.0484628808910657,-2.988141285593482
2020-10-07,-0.7253327059003389,-0.689485244165855,-0.6173005730468972,-0.20215985157592264,0.4841940705612391,1.2605044248444663
2020-10-08,-2.4212311481455195,-2.0265539891105355,-0.563862891491862,0.022328819279904266,0.13991408148052997,0.8453410624754909
2020-10-09,1.6248647547234985,2.0052785463852807,1.8943430396063388,2.132913311760065,2.1002887294632178,2.270916925755939
2020-10-12,1.9470572796328245,1.5671194489272011,0.8900894387136926,0.6548607178162857,0.7846534527542026,0.8186723695319031
2020-10-13,-1.9181019624563422,-1.8807287456816812,-1.2467984066200533,-0.9122547731455821,-0.8971760486736979,-1.0318143388291734
2020-10-14,-1.2917280482582338,-0.8742626648047924,-0.6464137673510617,-0.24459415100155368,-0.06333609556548048,-0.1840477889783365
2020-10-15,-9.349958640859679,-8.222717203785157,-6.8263516126555235,-6.3120070605218626,-5.982951497400846,-6.028536104323257
2020-10-16,2.2832017532914417,1.6006697583212048,0.8328255429710385,0.586827383171018,0.5734852735187257,0.9054671529461711
2020-10-19,-0.7772768189628021,-1.7318734623728016,-2.999589248266643,-3.559946545448067,-3.4790321483989306,-3.183298108989163
2020-10-20,-0.2911926895353023,-0.2171603064334171,-0.4307211538003841,-0.252309889390645,0.8160777156237753,1.337079122948781
2020-10-21,2.0617898124168033,2.0169893748218204,2.414641653392069,2.149169336495005,1.6150707544354326,0.887946845203702
2020-10-22,0.6216081470484358,0.2864743393995006,0.11188786785107929,0.23092907988160327,0.796062702885969,1.870308845339963
2020-10-23,5.302457328475407,4.732995736018042,4.068890849390261,3.205689124479383,1.8501702898368944,0.850319805496369
2020-10-26,-2.626098273124766,-2.287474271795764,-1.7655358703109414,-1.3446922603859157,-1.2801425298026636,-0.6376249230508169
2020-10-27,1.7478944764945492,2.533900415828061,3.2114003733441088,3.5767571049611036,3.48695675303059,3.4440163484223962
2020-10-28,0.1341171731798596,-0.31526024341745895,-1.0865178292460698,-1.6373415907176003,-2.8527290559512863,-3.759826898172669
2020-10-29,-1.7737405559128394,-1.9540963144027756,-1.354297203600563,-1.4019461658471233,-1.4260529071465022,-1.7006144339480223
2020-10-30,1.4618741034547078,0.9222731703590892,1.06162516851378,0.6646132683708839,-0.952766132976679,-1.9854567397389111
2020-11-02,0.25279543162288753,1.1950096394383714,2.2970265200367823,2.7214619489445813,2.0972192449003835,1.142502986603544
2020-11-03,6.425371687842674,5.81153241364305,4.889534932387951,3.860758500786554,2.8688971597175428,1.5178276924534106
2020-11-04,1.2958262119961983,0.8061430069451703,0.35622265929680097,0.15160982178663573,-0.06373675572564075,-0.2686397365917692
2020-11-05,0.9548313887761228,1.2212659313465934,1.6018982298792395,1.2123196070591202,-0.19948661788271593,-1.7120335663943997
2020-11-06,0.4318788149005215,-0.12784556294254124,-1.3147889917239475,-2.1227781633258225,-3.2229155343471927,-4.8323910954878535
2020-11-09,2.6153191693221167,1.2159823442313478,0.06408707947636039,0.0277151604596515,1.2606345782638417,2.803527656300364
2020-11-10,-4.686117654182764,-4.965866046752643,-4.956773141051762,-4.883764762693188,-4.797007354161975,-4.219397120465285
2020-11-11,-4.355096423522387,-3.4385588021096147,-2.743535755306503,-1.908072066999944,-1.851561074059882,-1.8514846906289684
2020-11-12,2.471191892882363,1.9134424667715866,1.9942992893329237,1.3904891867472902,0.8213601084499977,0.37011452267496914
2020-11-13,2.097555583166688,2.102859202332663,2.603111553593207,2.5386652117296737,1.5279706166582585,0.6277288426382643
2020-11-16,-4.823784287901356,-3.3313533558892328,-1.2769064461842117,0.5940613995966348,2.0094613542132933,3.058589405485712
2020-11-17,0.1206636009529749,-0.570220008890221,-0.654429938864487,-1.266100838252493,-1.6756858181354861,-1.7638755704884712
2020-11-18,-0.3282203007988205,-1.3368696541920855,-1.8639157964465802,-1.6503284347357372,-0.649615547648974,0.8695815323292777
2020-11-19,0.0855623193236621,-0.7170962199329889,-2.328886409784081,-2.7220808268698438,-3.3445083758425476,-3.485777276301727
2020-11-20,-0.03301880221155962,0.012604129124582641,-0.12210050384560134,0.05117948453094989,-0.4516280054084998,-1.0796863268164536
2020-11-23,-0.2816416718370185,0.8880330397479597,2.4096675925985522,3.3552354528277206,2.850398745840277,2.0961610595530367
2020-11-24,0.3724004789835256,0.5388214386345069,0.4731215396124977,0.44309877116011087,0.4350046066264657,0.596722804439942
2020-11-25,2.3537764235691316,1.6681435868932226,1.0449229088666634,0.010931712039274899,-0.920900181832085,-1.2836527244215912
2020-11-26,3.094539369914573,2.5523989059268004,1.7756243966099206,1.2173454222900393,-0.3902928931864391,-1.9586652879907795
2020-11-27,-4.993139249813838,-3.7645691229210687,-2.254271241484407,-1.8293879292138104,-1.7119274235346094,-2.0035146630039247
2020-11-30,2.547296993197623,3.120157936684853,3.2401127591080936,3.0077191341571385,2.8320173957100625,2.1392421567843822
2020-12-01,1.6989863990513498,1.2645056391718867,1.0868460228985022,0.749542829819827,1.0143369525660972,1.275534703720771
2020-12-02,1.2699732050639234,0.6800283726450029,0.2504272498019766,0.10774866277878381,-0.3030774945312231,-0.12025106533566365
2020-12-03,0.360098189333824,1.2693119863772306,3.2700335123483804,3.9202437607115392,4.001560557280159,3.962175560937098
2020-12-04,1.3078578882310676,1.5605367405433945,1.981028665164919,2.0735501768517572,1.642117996116843,1.0189484166323926
2020-12-07,-1.609916775540876,-1.2749555064742513,-0.9725060484872206,-0.8400929021255443,-0.921972717568087,-0.9341464056876525
2020-12-08,1.3495695551428266,1.730481666804895,2.212460286258988,2.393656173215142,3.21895008251345,4.210615909854454
2020-12-09,4.147139709700509,3.9140783368107,3.557197347133023,4.145746521632621,4.109899920955717,4.465034120190969
2020-12-10,-2.997310950092835,-2.336193031940992,-1.7909911869394168,-1.3257950289462528,-0.648889461530322,-0.0851376260678105
2020-12-11,-3.7927610796885336,-3.2449437892382527,-2.8291502783722056,-1.8514315083777433,-1.9864872125983535,-1.5733970256247343
2020-12-14,5.420986384500059,4.550370357053524,3.2178715426755655,2.702295342069405,2.8350777511501946,3.168694709262443
2020-12-15,4.267926156573143,4.201221506208963,3.4780213961761675,3.124931188212443,1.482395842484019,0.13363127929544305
2020-12-16,2.0223354734052457,1.0842751095975878,0.4379819893916892,0.20101004865922256,-0.20015162438431489,-0.07487596709099265
2020-12-17,2.031121556113469,2.35339958666847,2.616809360712624,2.366789704166683,1.9449994422860328,0.9428849391534211
2020-12-18,-1.760235826868417,-1.0281886499480475,-0.3538381208028518,-0.035876629176723185,0.5379794868999532,0.8219570289529354
2020-12-21,0.83751023044214,1.3262449245809549,1.642596551635167,1.8758690079801799,2.707560002677134,3.195250125524618
2020-12-22,-0.28466151059376443,0.22063604909670076,0.5294621060023097,0.5217083606231743,0.7518347442767581,1.2668894326691493
2020-12-23,2.1457331585334583,2.0355171960817486,1.6236362572499274,1.4499778525217888,1.6403101633228,1.8058699027667657
2020-12-24,-1.1106579856585697,-2.7112271625547635,-4.6933724876844,-4.814360839221488,-4.636393093961688,-3.410449735713428
2020-12-25,-0.009365255978588394,0.5694612365755081,0.9477067411969298,1.1755218230426134,1.7611223179953228,2.0372519405609246
2020-12-28,0.05595484863385458,-0.42359587018738765,-0.8208567828085656,-1.4026503990814287,-2.233813793307693,-2.8947463411599816
2020-12-29,-4.335950640523434,-3.7533634339782296,-2.9625069744219967,-2.382375018152638,-2.371172845756986,-2.2926980152967236
2020-12-30,3.769156568849885,3.961715855011727,3.934770991436176,3.714944895388861,3.013915376452836,2.3322972453639235
2020-12-31,-0.647767866829696,-0.7485257951953539,-0.8801274798159398,-1.5493557990740037,-3.2908592648317914,-4.8669083202930175
2021-01-01,-0.12278161058527637,-0.1523949603307262,-0.6306429820825965,-0.33661042620396486,0.3978265601634057,1.2422484181710214
2021-01-04,-0.022216472530223186,-0.8758051449566207,-1.7176778380901148,-1.8410690990090295,-1.512956297666035,-0.9871237155057777
2021-01-05,-3.4611195080531676,-2.0749173855231895,-0.5621548898134598,-0.1458914213353868,-0.25529658136753675,-0.30834228395413277
2021-01-06,-3.2917454178510663,-2.804613666491429,-2.442030325184552,-2.518265791178953,-3.0847667180308402,-3.667397117093918
2021-01-07,3.9100198503703165,3.1282840462258044,1.7565069257209576,2.1291404990333884,2.282814393934407,2.9734941255500136
2021-01-08,-0.45814218532873596,-0.10416748134449705,0.24980194029309288,0.1599644583692328,-0.026375716111770586,-0.6110721220272897
2021-01-11,0.9618208433815223,0.2860712378335517,-0.6515698314886187,-1.1661160299476947,-1.7059155058606557,-1.896186811747791
2021-01-12,-2.33168441047229,-0.7892058581357997,0.2957195668875201,1.084943768980251,0.9000185330602317,0.5484178180346522
2021-01-13,-1.149525216035352,-1.1530774663542687,-1.1356111002720937,-0.6263069136352772,1.098074698655127,2.714332660303187
2021-01-14,0.007049557720018029,-0.5691600396087626,-1.3814805338350666,-1.7420462328725073,-1.911160839953796,-2.2003244293150814
2021-01-15,1.871539738903616,1.1601764686491212,0.44972691716611557,0.09944203768190718,1.3865701262076868,2.0625940094053163
2021-01-18,0.04254309707425463,0.46002647238538863,0.6704447212843689,0.6754879459398122,0.8507564637513454,0.712916316499701
2021-01-19,1.315745580150951,1.104986689128351,1.0228782872405695,1.350486655667904,1.9444031209839618,2.6511419013858006
2021-01-20,2.322585904724095,2.388330884844292,2.8013552067920333,2.9263566604877944,3.449264097136595,3.6402047259547654
2021-01-21,-0.9162606893167613,-1.3818589303282725,-2.2476295930082824,-2.307751458774776,-2.4372317095840312,-2.7183394351955936
2021-01-22,-2.113722603262369,-0.9122527458794494,0.4906759651119863,1.1273907819798978,1.2710862228570097,0.4956584999936009
2021-01-25,-1.586215950812564,-0.3977163262260053,0.3439265752972709,1.3648547399711664,1.539429975800033,2.2747211264048772
2021-01-26,-5.078123854397232,-4.1726629919768055,-3.125442528327227,-1.070757521385124,1.2939318310267733,3.2559586361916804
2021-01-27,0.5039386847668137,1.1438618721177019,1.5802288660234254,2.0099974289649936,1.573877088561071,1.5279951281046422
2021-01-28,-2.178905111101548,-1.9646672934702902,-1.3767611134066993,-1.1119118724259192,-1.5409740878033595,-1.9581106169179296
2021-01-29,0.7774569971892742,-0.06188671027462789,-0.622927364419068,-1.2146287232165598,-1.639516502271432,-1.564395229322102
2021-02-01,-1.5647455921225628,-1.2655346257131939,-0.6072869250394408,-0.316809851420885,-0.10110117655073303,-0.12464740481630265
2021-02-02,3.4965706267711116,2.9872120479638387,2.3360331133024825,2.4621175893843272,3.2282307044551484,4.238938661430103
2021-02-03,0.5195304845713622,0.8488158006910052,0.944700865309489,0.8422795507772474,1.3585433663655166,1.906992886416381
2021-02-04,-2.63066295152381,-3.0440276216258333,-3.0718720250803244,-2.8525789368543553,-1.903825968452555,-0.6521500472385533
2021-02-05,1.6359702180853475,2.249174511681984,2.75493494660366,2.5637010523703374,1.8526810459861487,1.1451660988800239
2021-02-08,-2.9169621085462616,-1.936661814230023,-0.8946790986692488,-0.5066537812135952,-0.07793737658459143,0.3707148672377869
2021-02-09,-1.5220816055448783,-1.619699001670094,-0.8422813046819577,-0.5595520358260941,-0.4055005683681223,-0.2977866627812187
2021-02-10,0.1834316334578201,0.838759417599011,1.0734230071354656,1.411816749964645,2.017030896315175,2.6003031859358483
2021-02-11,-1.4161735972399114,-0.37226818748412605,-0.04580948739039137,-0.20331027326316864,-1.2811269731167307,-2.275555067539825
2021-02-12,0.46871388092224464,0.4958916438455141,0.9847650347756698,0.21408798043367483,-0.960873933227413,-1.9315177038567555
2021-02-15,-1.1187133046965503,-0.591955027791391,-0.1631586532245155,0.24420148825612387,-0.5570051249089936,-1.0938499950889469
2021-02-16,0.9419883104381466,0.6338474222054913,0.4954611551210686,-0.06777637658919033,0.22330023643131192,0.163475450379158
2021-02-17,1.8919732165099568,1.48038895775211,1.1783774171369554,1.4901565846932474,1.7247102382632828,2.374576119336247
2021-02-18,3.4333132720067105,2.2079667182663076,0.8429237059379258,0.2531062455292332,1.4774879798206797,2.7015751097276386
2021-02-19,3.4953377589679757,2.1415216278846128,0.762449244966179,-0.41106366330576627,-1.2423363461867343,-1.0423917649265757
2021-02-22,-2.299102230891714,-1.9585278987684696,-1.7034662968224978,-1.2018821913535316,-0.5276136265780274,0.48721084561358374
2021-02-23,0.8168352532593737,1.5026642561286163,2.0467064230738075,2.6185420162889717,1.4630525096702929,0.35902181973828107
2021-02-24,3.8895600478068726,3.312506340997512,2.819708145648514,2.8257168290815926,2.7512913659228033,2.974278486345794
2021-02-25,-0.11906372187731051,-0.4302434524001697,-0.7199856605907495,-0.7319081171853536,-0.5088569592756276,-0.16058735879367347
2021-02-26,0.20452024947208436,0.7023451075819143,1.631868323917507,2.618077723164225,3.1232904477195067,3.320611325294731
2021-03-01,5.357644894154534,5.660438261769363,5.121700434857823,4.633710437984906,3.363078322416291,1.6049039009572663
2021-03-02,3.0948874033129403,3.0437819609809846,3.1531723823867708,2.702149865451098,1.8203613269584196,0.8456260381357605
2021-03-03,0.25539424285603296,0.49213877050831023,0.9839793304021516,1.087832547749512,1.6204845109558441,1.7502638827109784
2021-03-04,0.28515391603556317,0.7049104661789762,0.2513817139929486,0.4433608521870358,0.14135871297664693,0.5498882736992616
2021-03-05,2.067765922835596,1.558447557566378,0.10501489825935906,-0.242152304751464,-0.15623312764168062,-0.04914037932541859
2021-03-08,-4.640258227292504,-3.4500098268907653,-2.504290887222682,-1.7000870772057475,-1.3652224544535851,-1.3923995359920394
2021-03-09,-1.8919949194943886,-2.283024443429893,-2.170184534755437,-2.377503358863242,-2.160331096537371,-1.6214643347026048
2021-03-10,-3.3920395145207394,-2.7997819869187257,-2.697893932163664,-1.8115196119160348,-1.3165573212066572,-1.4692478864504643
2021-03-11,-0.27046912499351095,-0.7847484928856563,-0.9976687866135592,-2.4346593230969216,-4.211436155167281,-5.665014274101976
2021-03-12,-4.666343217818447,-3.4207274980419644,-2.2552294650780347,-1.9487999043398485,-2.5846744772684005,-3.339612510017842
2021-03-15,1.6250899228651416,1.3898159985545444,1.1101776802870056,0.7988229841386474,0.4970406003859562,0.4436789190784829
2021-03-16,0.9238787936276527,1.2584998779204604,1.421405464827652,1.751028617956285,0.7967662011962862,-0.20008886426681194
2021-03-17,1.066678184877734,1.1007519297164592,0.7981153454641454,0.7300605559245277,1.5309476807722877,2.4856711353922645
2021-03-18,-0.2901533445308413,-0.15443220981694594,0.2078003673754214,0.7492038926304456,1.825119230536032,2.938547087726784
2021-03-19,-1.222190596066719,-1.4177802051444477,-0.8119537901700724,-0.868228602026111,-0.1934753287027302,0.8447337921176246
2021-03-22,1.2390719542488604,1.4513804091590643,2.073514864561421,1.546679422915842,0.43070690526167965,-0.6802054691189774
2021-03-23,-2.0345784713516224,-2.642594582666735,-3.116503967145734,-3.1537333783535626,-2.51218429322857,-1.966389066650498
2021-03-24,0.9958929145751583,0.9396429130070771,0.5900933951471288,0.18986005900956116,-0.9897198421685793,-1.4404517174474218
2021-03-25,2.254241184410777,1.3105428169870148,-0.35831846412279766,-1.0791354801507502,-0.8008496379317442,-0.8493182310515213
2021-03-26,-1.2162933288563327,-1.032485409361783,-0.822969959169706,-0.5966728292694956,-0.5616501023961717,-0.7984741665881145
2021-03-29,-1.2684305153104258,-1.2866368634735004,-1.1860950215992982,-1.218428957279638,-0.6682140262157965,-0.04951801608941153
2021-03-30,3.4063928261383047,1.5437095338520113,-0.45345303033008655,-1.381062544521816,-1.5872650165658087,-1.5554803545216878
2021-03-31,-0.4330258268412379,-0.20211780229479892,0.14689130925651384,0.32314577482974727,0.19746937168529932,-0.5421322543441409
2021-04-01,2.13292807684633,1.3528442238762484,0.9621118363462688,0.221577488803959,0.33224375831162334,0.6366628258058338
2021-04-02,2.278739865514723,1.8123275415425688,1.432791932246813,1.5101714220221218,1.9131873409035993,2.0701392387795448
2021-04-05,3.1297905091288936,1.8263634041946197,0.43894212320889636,-0.5033568940719935,-0.2785730034712053,-0.2425266631746137
2021-04-06,-5.507915023167609,-3.7838851167963927,-1.9510038026304244,-0.7545355215781591,-0.27800920746310354,0.44793322688265746
2021-04-07,-1.0733137123596137,-1.1921002170825368,-1.3169791934712016,-1.3545377093759026,-1.0734956181605249,-0.4702923546942017
2021-04-08,-3.4663752838672846,-2.5371530865582415,-1.7597247508681413,-1.3094324824719283,-1.2201679201201632,-1.5930081064165158
2021-04-09,0.16478354021050023,0.8180207263098982,1.6411086422786436,1.732572775186636,1.8647536807037124,1.5613967829755104
2021-04-12,-1.2988964444141438,-1.3452035103835858,-0.799198402836554,-0.4622401085217387,0.2818710850819972,1.1825610754814253
2021-04-13,-0.7811786924752706,-0.9857047848353506,-0.4435170693803947,-0.7891905564708868,-1.7842699505099535,-2.9802856941374856
2021-04-14,0.3864908828131508,-0.22390707004080745,-0.9505908330992963,-1.1846787273201098,-1.2203553922436328,-0.9909806248832087
2021-04-15,1.9139474793513411,1.948993822067635,1.962133197368754,1.9346395609993738,1.746841487995665,1.903750559731554
2021-04-16,-1.9636730978584982,-1.04544196886307,-0.01353335430449576,-0.23956159164488788,-1.133514562686777,-2.893332265004167
2021-04-19,3.2849526167769483,2.7097853568212926,2.4570442692323446,2.409518663316801,2.8196126367376895,3.168481875017859
2021-04-20,-3.046632608028066,-3.318618083332847,-2.793799200340752,-2.7244567271162534,-2.2058479475964177,-1.253645862298125
2021-04-21,2.6650945236695645,1.55435396892325,0.10576458328634963,0.18130922648991188,-0.04383811511523561,0.5383045786221619
2021-04-22,2.087803006100142,1.3612636370140319,0.48789230051906607,-0.4188497735989394,-1.368026991046456,-2.1835132139307767
2021-04-23,3.4274284842362057,2.3171718716939793,1.7142861386870933,1.1176076129384427,1.730704531493732,2.533044916978522
2021-04-26,-0.30747829933583937,-0.9529727364593565,-1.0469784402248994,-1.0805293507645253,-0.8449342508892066,-0.4560705141203325
2021-04-27,-4.643534303808261,-4.199574956272389,-3.8402789942299176,-3.1850211860312783,-2.3790070086024073,-1.9235411607204433
2021-04-28,-1.3240201975815324,-1.694072521853851,-1.373408000929155,-1.8372835686477185,-2.555483067175812,-3.4884895416608774
2021-04-29,0.4081393815674961,0.23268912486082982,0.19236285537891362,0.09123300945796942,0.35666158271401294,0.5075966588048431
2021-04-30,2.40524021116455,2.0193595150530097,0.8267117513844902,0.6911044466261895,1.6485139908719582,2.6764397610081314
2021-05-03,-2.5152788321966657,-2.4068297796371763,-2.0247056929055596,-1.814996155352011,-0.6037512717255389,-0.17767077253201258
2021-05-04,3.3223525110335217,3.1623263361021614,2.8521706856080797,3.4045041007221055,3.8244169750643042,4.361725275327144
2021-05-05,2.382228394986141,2.2610833498602823,2.062487341317931,2.56218714683083,3.4264596529932856,4.619879698676588
2021-05-06,-1.7224134327219698,-2.3263411419251145,-2.109851951082531,-1.7966006227025488,-2.171561936276367,-2.035858375836508
2021-05-07,-0.9687705185387863,-1.0612180876309996,-0.7686396605909973,-1.4364269904236338,-2.425734988502626,-4.106719882501331
2021-05-10,-0.8464552127676495,0.09234764555983155,0.5039212362242917,0.34399726158085286,0.8647690978043077,0.5799705461658533
2021-05-11,1.2421578182248094,0.6543002038602364,-0.327548282640322,-1.1365772800730145,-1.6096809007580593,-2.154760240735909
2021-05-12,1.392233856213121,0.8953133261824675,0.3115734421140104,-0.2680996314180728,-0.7694617453144037,-0.8527622496465881
2021-05-13,-0.9586026353634924,-1.2431174498912068,-2.011097246216176,-1.8132636673067637,-1.3536247436023885,-0.5823995465794152
2021-05-14,3.860123883989486,3.121060419677013,1.6285042141072292,1.3220945265684403,1.3729341431649722,1.3837084349599404
2021-05-17,-1.5908504398301826,-2.0713570800256154,-3.075321395705144,-2.841546694137076,-2.007040286679551,-1.2650503917577716
2021-05-18,2.2417882414107915,2.1354646069708494,2.061412603447099,2.2236757649143346,1.7848727920367846,1.8121180616906152
2021-05-19,0.528514993797824,0.7254634912793545,1.2602258110851583,1.3755833793708039,0.8857447561950504,0.4486652004439762
2021-05-20,2.1655466384245425,0.9950129806800323,0.6092028718830633,-0.15077318646197213,0.019008947792231723,0.08160837739863425
2021-05-21,-0.9919047685575944,0.05780000275352748,0.8399629072730175,1.0291840516758022,0.4802862766612126,0.10538076504338356
2021-05-24,-4.4703102529402905,-3.5609406126386745,-2.7503068324435276,-2.549933262186954,-3.0697223158200337,-3.7173710468277665
2021-05-25,0.08811246815030316,0.3159353739375259,0.862691878838584,0.9125969762823427,0.8340639694389917,0.8555557821290805
2021-05-26,4.33826713945944,3.676496627596304,2.1862955714442744,1.5766341289638053,0.7735971332835767,0.36861519199407056
2021-05-27,1.760317508996767,2.3341909482099688,3.081370913627701,2.5266763252675517,1.1202874881823366,-0.30340466478153694
2021-05-28,2.880918931990051,2.485353193935813,1.1149426739929247,1.105231421913011,0.36499138081107496,0.49133806878751685
2021-05-31,-0.5650371558782119,-0.36875682586008374,-0.3433626646917709,-0.9146718192475145,-1.641714994356036,-2.626376711370515
2021-06-01,-1.0779029936868412,-0.49166064027001966,0.2822322197493232,0.1116464738387446,-0.7086021892946714,-1.850897734652257
2021-06-02,4.554366676677768,3.6797666178322253,3.352706424598839,2.372461357159894,2.1767931688616127,1.9198253714712177
2021-06-03,-2.033393888809787,-0.9676785062936677,0.4083147681516408,1.3399323014677833,2.1183772312998173,2.277232168361465
2021-06-04,-0.4803326916273498,-0.14598285877021056,0.5388102637099212,0.6954761939404364,-0.5198300160858427,-2.0489880180340148
2021-06-07,-6.50350841402596,-5.548996337140544,-4.729404828260098,-3.9385429668267857,-3.267548883628324,-2.4889001923150467
2021-06-08,-1.026446114039592,0.3344081163869195,1.1658505065988312,1.9728596540073973,1.462937157871913,0.8783551602542072
2021-06-09,-1.4991244627614364,-1.4634327874768704,-1.8477179580337566,-1.6991822382460775,-1.215837508815154,-1.1007422335065353
2021-06-10,1.5998431324738327,2.1820350215604023,3.0023584766469824,3.2859524151923836,3.2748302802476648,3.929448536882285
2021-06-11,4.132957449018226,3.7980214111510424,3.5459044588493693,3.2978025534149413,2.534903823259249,1.570553260152474
2021-06-14,0.8998166350285164,-0.17781103154219657,-1.518112465112642,-2.7216851215761118,-2.3389416466741864,-2.0603164211713487
2021-06-15,2.901145995597343,3.6692134575509794,4.069985097333495,4.016118899803001,4.530445067447397,4.803324399340081
2021-06-16,0.003189500108380372,1.3615054663113746,2.5688003862066378,3.2026625929196584,2.7568370329652314,2.2760519422932113
2021-06-17,-1.9094584359874212,-2.0777301877715093,-2.5248858470416913,-2.729456902891103,-2.8463365084174796,-2.7153562867856973
2021-06-18,-3.783219176871011,-3.3672168052202522,-2.7999125253894253,-2.3316018192919064,-1.679630921723252,-1.4819148702685858
2021-06-21,0.42611121208930847,0.7373278841011022,1.7116930649988316,1.6561216642289267,1.2723619772842198,0.5771883965598246
2021-06-22,-0.9210655646912258,-0.34408133418937226,0.44381159776314405,1.392113557389818,2.372933295413926,3.3804317991003696
2021-06-23,0.5034897848870568,-0.06516403410503635,-0.7594654716573057,-1.3432589324454458,-1.2727086634649165,-1.606158464474161
2021-06-24,0.002658503776631349,-1.1036220564794696,-2.634862469762922,-3.291428845803601,-3.0533144280654234,-2.7813792270280135
2021-06-25,-4.932490749090013,-3.6152804371903713,-2.509141962109762,-1.7571185103510967,-1.9212075577365262,-2.201457732763812
2021-06-28,1.044153781373458,1.2593922261877388,1.0065311439876545,1.0652464118844573,0.23818107050059822,-0.32507922201432393
2021-06-29,-1.435512155775731,-0.8931644676834161,-1.2237969395946013,-1.3676356177470872,-1.9486570283646198,-2.389515505243489
2021-06-30,1.5124965472806284,0.24260215916438455,-1.5903895868798479,-2.4956463117188576,-2.8439350607710523,-2.9682827708368276
2021-07-01,-2.03650351016873,-1.9827191186591264,-2.1162488385472855,-1.543814916863706,-1.4986083960074392,-1.587689477591514
2021-07-02,1.5140306353586208,1.0762103206979123,1.1938295477170513,1.390364579941128,1.0947165097078493,1.5276890023503409
2021-07-05,3.264673193603951,2.7612419458401316,2.161925576316426,1.2517733601399073,-0.3332165515489649,-1.9950533442726126
2021-07-06,-2.2736984243462377,-1.3656178057618096,0.15038876359994013,0.5072284247578551,-0.33312359369066513,-1.1114806459011195
2021-07-07,0.35904374994668586,-0.2901107936481573,-0.8025556539206224,-1.3902385585992771,-1.8963533469374738,-1.649932178236968
2021-07-08,1.3768294272518578,1.7842768095825967,1.6732433798993807,1.7599675031344741,0.7557154515001052,-0.15458429482224645
2021-07-09,-0.23225489172338243,-1.0783670934004785,-2.3781029156656253,-2.8516751171433263,-3.17035043129148,-3.7240612383043548
2021-07-12,-1.1356930900647821,-1.3678137739071339,-1.452108612562908,-1.6030614408388821,-1.215320175775858,-1.118255667947743
2021-07-13,-4.115033184688377,-2.716433658344153,-0.8731495832131397,-0.0830036379443122,0.12805875897825558,0.2918348582288566
2021-07-14,3.891656639399832,4.118386689504083,3.6211174763964404,3.2016761814507966,2.0174865536276787,0.314075933570912
2021-07-15,-1.8738177479197482,-2.205795131696986,-1.9542012926530017,-1.2614149645940653,0.28045474483100463,2.0524000134056752
2021-07-16,1.0312950081133643,1.2574919150383224,1.2155526961741714,1.604374641032269,2.1261135414579524,3.354350636016923
2021-07-19,-1.4738547542179514,-1.1170634054193052,-1.021632326361921,-0.7628000663890244,-0.8495046678082652,-1.0913272433108467
2021-07-20,-6.944035958534878,-6.033688618677546,-4.3921944692127735,-3.4410628454527803,-3.281776487375998,-3.718907061291432
2021-07-21,-0.15945982417440163,0.3443291594552367,1.1734045120588288,0.7733043063256062,-0.6496468325126514,-2.393574626907302
2021-07-22,2.700218546303468,2.7034855092984422,2.5756086029947056,2.3089641362123547,2.342894043980115,2.0249455418571927
2021-07-23,-0.4933493539238665,-1.0531152166812774,-1.7193989007271426,-1.829660585000692,-1.069679830206649,0.06435198208447623
2021-07-26,1.5012943478733387,1.9880690571473014,2.4083834860693987,2.920448064640979,2.418532179025412,1.3867151900222474
2021-07-27,-0.9940010819590395,-0.12259347976040225,0.8455542034586649,0.959322373146998,0.9950395883849605,0.37116166603485823
2021-07-28,0.3923438080984276,-0.004270093096980787,-0.31234890693578876,-0.006017787196022084,0.5286473007659165,1.1078522914491185
2021-07-29,1.5670514510315314,1.1790168732173978,0.49909470398459277,-0.07858137501148832,-0.3615284231604843,-0.475145100518759
2021-07-30,-3.5852795811699867,-3.4772082670517346,-2.5911378501409565,-2.7576680779074714,-2.309006748621467,-1.944305352532627
2021-08-02,0.6181821934343024,0.8418324889981399,0.6840478941029016,0.2590766418902213,-1.083281150074633,-2.6979401307254403
2021-08-03,0.9963395313984158,1.9755363772659962,2.8531558230938003,2.914221187751842,2.645054250676626,2.5132856152429994
2021-08-04,1.3206839205072374,1.1113797711092666,1.1338436164004762,1.6164324562969234,2.537662518530359,3.1027085146449362
2021-08-05,-3.8610447200790876,-3.848484391011331,-3.6082512445265724,-3.3080488808332476,-2.4088372494266874,-1.1112110121378915
2021-08-06,-3.5440315362267327,-3.2968223913918404,-2.82513302721048,-2.581571162466334,-2.791488015814947,-2.7279187840345553
2021-08-09,7.539377462015073,5.934594221375233,4.2870822660905805,3.0708963464717076,3.168241253564208,3.876703357359812
2021-08-10,2.265966020171062,0.766694936641299,-0.6573198669463043,-1.6054042936191504,-1.675612255776926,-1.540801896180044
2021-08-11,-0.22591413621722012,-0.5607669772813129,-0.7281480917745942,-0.3870705789035256,0.46661576999160737,1.1052887705697234
2021-08-12,0.3900767871411137,0.670775191270323,0.5157743954544713,0.3401811543414457,0.11414243670393454,0.15134939772480926
2021-08-13,4.488593826986165,4.137839421799461,3.505601537571623,3.1749831298553133,2.763473200378641,2.640366049016496
2021-08-16,-3.812006149288827,-2.8457746285233565,-1.9099182665446524,-1.0293218069678645,-0.6494821880786539,-0.13040595728912585
2021-08-17,0.3299474525450652,0.7222765759485217,1.0830980418425895,1.8819952125044281,3.328794996896045,4.738923615770574
2021-08-18,2.0913885295165358,1.601196634932034,1.0523427938269325,0.5989544669512625,1.2727238402053143,1.6402547543507229
2021-08-19,-1.235035543322427,-1.225512175347987,-0.9457753798979507,-0.3925078516596514,-0.014287044629268664,1.1929526153820813
2021-08-20,2.7149249009627674,2.408793847000723,1.691424426548771,1.7460555909323272,1.418898002792135,1.7419959657364092
2021-08-23,-2.941858309166445,-2.9557681629396093,-2.884609062924648,-3.010584574554276,-3.100756103130742,-2.8520488318434456
2021-08-24,0.38739553498201573,0.908457874380586,1.5217437215802043,2.0928092737800608,2.173142184380561,2.293050732263602
2021-08-25,1.3427123355655102,1.0917089018120496,1.0123345162489361,0.9242254064919297,1.052754154009694,1.1063879229315177
2021-08-26,0.047342402134464834,0.43296982146077134,1.2590296737346574,1.685944703293174,2.1214997330607943,2.385472539390765
2021-08-27,-4.410939173321671,-3.5215479893562662,-1.9154257861541346,-1.354065692994677,-1.0935316276485807,-0.996222568022942
2021-08-30,-1.7427937064254273,-1.6014984324861814,-1.6702717090671282,-1.5682281814413557,-0.8085352320147621,-0.7269489788263694
2021-08-31,2.108433833906842,1.6678539338769394,1.4024940638229566,0.9655815131798917,0.06665058446317929,0.0014283195063136134
2021-09-01,-1.0163111375736555,-1.0756970356577522,-1.3048055045107088,-1.0974264353625252,-1.3598538343763344,-1.7866207554512403
2021-09-02,-0.6893132065931784,-0.9499889352669655,-0.9463143528858797,-0.7650864843689043,-0.6295682839893235,-0.41559242781183947
2021-09-03,-0.06577678248333996,0.21670403192635135,0.3728913443356241,0.08466539563039,0.4260371833888499,-0.3058998847159877
2021-09-06,3.9793687211622686,3.3554101882300458,2.456741291965292,2.3050690271040786,2.5217804374894293,3.502075775301705
2021-09-07,1.4797299536188024,2.3067835037659634,2.979649848992816,2.9337536239160134,1.9948950069371918,0.7140877775409837
2021-09-08,-1.4575361449002955,-1.4745946698364154,-1.6183434651387163,-1.4189170025399989,-0.6153990944451682,-0.15869437565836364
2021-09-09,1.7911571290297523,0.9467953291468323,0.11855905081721296,-0.3503012550093221,-0.04409794699746783,0.470481897047792
2021-09-10,1.458855206932208,1.3674338358739657,1.5018192085152648,1.3637383358996225,1.7403827436874852,2.16589435234944
2021-09-13,0.8689553039167297,0.867384699615581,0.46552227895020337,0.2677535648742513,0.5624743538051646,0.597882538043093
2021-09-14,-0.6145982586724053,-1.0057947321715055,-1.4272184105395436,-2.0953867535743687,-2.4387005682076968,-2.7296462377243813
2021-09-15,2.420230742920637,1.6157396654257195,1.163937476436061,1.0855116027636669,1.6104950069542934,2.410308971104147
2021-09-16,2.1387710640226487,1.7648560049105644,1.8184608771617317,1.5582854041535477,1.1558176442016954,0.6159812174474588
2021-09-17,4.505257173271815,3.7177937038758824,3.4829853116638443,3.259221285930769,3.701997654570821,4.018790013069484
2021-09-20,2.70357253314093,2.5587431119626025,2.5884402049770383,2.2723659453470546,2.6619533450289,2.796616920486228
2021-09-21,4.762633832123431,5.374485406812601,5.912113059473301,6.129029042554501,5.091873031958816,4.366534974276393
2021-09-22,-3.392334926402407,-2.9975852122157587,-2.9741787992518365,-2.656086944288827,-1.77689529838152,-1.1514301875008126
2021-09-23,3.982703686394018,3.3225799535959943,2.098179467037431,1.575195216365044,1.8919702332806043,2.3644258160685716
2021-09-24,2.2011327152735127,1.867642047711593,1.2933391844101472,1.3365545887570995,1.3624972840449612,1.8707767901844363
2021-09-27,4.050416285169289,3.4263021549668427,2.2001027677073903,1.723992674372532,1.4666423701588105,1.2784628464767689
2021-09-28,-0.2576871945303427,-0.007145073343073349,0.6310922187206636,1.218661347891281,2.3132760229414906,3.395358681638605
2021-09-29,-2.1874079143564096,-1.6290317894021467,-0.9631235564928176,-0.8308350011596133,-0.5004032913164647,-0.13575844312141427
2021-09-30,-0.9524185756969672,-1.0892814947468743,-1.4972115367882566,-2.0735934777619036,-1.9264053475113396,-2.104618363285793
2021-10-01,4.539998705580839,4.324480790937146,3.9149101888469318,3.440989030517283,3.6706522751949855,4.038787933481602
2021-10-04,-3.4311116771142736,-3.586263817445623,-4.180331751186639,-4.759475798688095,-4.468669032372086,-4.590769144322149
2021-10-05,-1.249652528706413,-1.0360157991795127,-0.5357212108201725,-0.7085182434498183,-1.469439295265973,-1.9571852160198855
2021-10-06,5.021777834378982,3.5561765703455706,1.6111588132784682,0.2814283963009867,-0.9839634877753412,-2.000033566959214
2021-10-07,-0.11515344943595629,-1.598086669669252,-2.7653801757654417,-3.4180846691932665,-4.2376889930606065,-4.629306580498316
2021-10-08,1.2403488856897127,1.7833213262375747,2.000030107591577,2.109508858647091,0.9942487816795964,-0.6074244411349738
2021-10-11,-1.6848472854288588,-1.3337986548236813,-1.2411241848279353,-1.1616090815214086,-0.4319266600085303,0.31586926772839696
2021-10-12,-3.465665036765486,-3.3315079194823127,-2.672086499965065,-2.4523336199962387,-2.308851000423706,-1.7027024846486327
2021-10-13,0.8946266395840397,0.46572279260268523,0.0412380633723064,-0.3886820799255286,-1.4281512684478415,-2.5333047005298592
2021-10-14,-0.22499281474557264,-0.5013054733959077,-1.0139157335547377,-1.8382116411717053,-2.8168860347539404,-4.493416980133125
2021-10-15,0.16542830505641426,0.7099139551300038,0.9778929964927574,1.092696176719743,1.9013173025139718,2.556838177344689
2021-10-18,-2.5672810461390583,-1.5441239212343305,0.3761659908086745,1.63355406274297,2.9523028859403944,3.855560455711604
2021-10-19,-1.032742625413663,-0.15980813352980405,1.4623085542172287,1.767804482667712,1.9564692247104443,2.208813189906156
2021-10-20,-1.6214512799856973,-1.4011021330666118,-0.6249365260516004,-0.01482946129538476,0.6894595738440312,1.5315346822284415
2021-10-21,-1.8591004006179634,-1.5622505649576013,-1.4220652089168784,-0.9428659707658049,-0.14758297378496543,0.7504483580281551
2021-10-22,-0.28636969282822555,-0.8362549582574541,-1.348192622365385,-1.876015675098719,-1.7751130974054785,-1.9047639347129053
2021-10-25,2.618980060590337,3.028055870816937,2.9238177790272157,2.7651088831811776,2.11829690180112,1.6522557534287774
2021-10-26,-0.5722730157260436,0.19008411396050917,0.5820817338799245,1.5035008903379943,1.4932749252934308,1.1649809030176428
2021-10-27,1.835469802484102,1.577815322008158,0.9447883811006363,1.044446361170337,2.0422082210671544,3.2588879235312174
2021-10-28,0.15590486486667388,-0.49680985714180004,-1.0187844781385458,-1.6221621344469916,-2.3499100216345603,-3.2700841833285477
2021-10-29,-3.8189405837553814,-2.922557095741274,-1.9564026275651791,-2.150344673283433,-4.017465944971832,-5.814932508009996
2021-11-01,-0.052778505994499625,-0.3441966223306725,-0.28425861898684346,-0.1279380159724841,0.32254015228523336,0.6111249528077511
2021-11-02,1.8234111994263724,2.125167202696554,2.0034886421391285,2.4183927925109927,2.464955075763653,2.4679418727921565
2021-11-03,-0.8321820977202243,-1.5835247865363389,-2.449825143832207,-3.4624905758664504,-3.8303635717812146,-3.815526871944863
2021-11-04,0.2633639218028616,0.6970278177361067,0.880319948702768,0.7926195232628164,0.14369743241187116,-0.4208481009186915
2021-11-05,1.4513369337974424,0.8420024620741984,0.0378007379935319,-0.5118925616387049,-1.7754061964525114,-1.8512698508572178
2021-11-08,1.9794286567826447,1.6556067752747428,0.6389290785427715,0.08652063375369501,1.128010602561158,2.018923751601065
2021-11-09,5.078422224514778,4.094665583321655,3.3623656755795928,1.9747626379457817,0.6387124231183705,-0.9409399748308456
2021-11-10,1.9906675635223081,1.3271084957688473,0.9352702655956335,1.1103282456074837,2.317972795247414,3.5538690005588958
2021-11-11,-3.5371133765342844,-3.0421706571580387,-2.4332781748563015,-2.246050606628325,-2.885245434378314,-4.0569616291874055
2021-11-12,-2.770704123474088,-1.16322364014807,0.6874679218350721,2.0183771103744252,3.0240093114527244,3.0121256998127954
2021-11-15,4.108050995325874,3.7139241824162728,3.1963811493496586,2.473409925217096,1.2959870894738046,0.4911096295212136
2021-11-16,2.6172746373320344,1.942350385226721,1.8279073263893775,1.5128382211296643,2.256225626577635,2.604332237323881
2021-11-17,-5.802683353303317,-4.2312386592797235,-3.2010393943332716,-2.745769831553435,-3.2901818096450874,-4.206974142795339
2021-11-18,0.36519542202988475,-0.3447562068628063,-0.3129894153112822,-0.6748736722527404,0.1710750473997269,1.1851655350032075
2021-11-19,1.7033629106438575,0.6610687885965749,-0.38868723345646394,-1.0476916125446323,-0.9421680819419631,-0.9669378854568311
2021-11-22,1.2079431647364025,1.3639645110516962,1.4292899968887163,1.6372260329231558,1.8495158102599607,1.3783025387835934
2021-11-23,3.2250545060794167,3.5515741102459586,2.9874514191173596,2.68745752158166,2.2938334746092526,1.7240268568872175
2021-11-24,1.1923503704300398,0.6857388294582378,0.07071201256336757,0.1282571062475757,0.7955207409864773,1.1750669678686876
2021-11-25,-0.5489876070496003,0.48511028488933405,1.4570165350353825,2.2092092235876937,2.3966966639590304,2.7682398048346712
2021-11-26,-1.3864948916681996,-1.948584098275985,-1.539489599148114,-0.7037464739418908,0.8669866134915605,1.7929287747877165
2021-11-29,1.5162107325251029,1.5237375460388058,0.9688836477868445,0.6880089083845853,1.1342304691621674,1.1167176670841439
2021-11-30,-0.4519562021328749,0.03207386042212157,-0.03650001211732423,-0.502900619315616,-1.8552202993449285,-3.1761826760382306
2021-12-01,3.931972943865647,3.6324719350499635,3.0742322908857034,2.0580798024761204,1.6626282219461164,1.254756277489344
2021-12-02,-3.216402981967592,-3.4553588801284896,-3.3740956335325922,-2.6834192163052606,-1.31449462991986,-0.0015209777282532144
2021-12-03,1.6813081171884736,1.3177180084732676,0.8186146744457279,0.34493410059308616,0.058605787196786,-0.3112472477133643
2021-12-06,0.22029368334637311,-0.03741673919828159,-0.16976228002780758,-0.2978767933270454,-0.22596111965551557,-0.29675244398195133
2021-12-07,1.996461605944111,1.8361282137435264,1.4794006629867074,1.57207286189176,1.4139517913914101,1.7958466993794886
2021-12-08,0.296340540340001,0.08481990265063466,-0.21391342037864192,-1.1158154867087156,-2.1196969526483755,-2.891737101182512
2021-12-09,-2.506619185049974,-2.26782278020794,-1.5448134408849956,-1.4471864985519556,-1.454771550911138,-1.61227474882768
2021-12-10,-0.08053676239829777,-0.3934670695316278,-0.37944444132076427,-1.1229535352654807,-1.974423436513062,-3.4769970096498515
2021-12-13,5.76694995276843,4.943994834856147,3.968478487210536,3.473955609900825,3.6780443275792774,4.057694685460644
2021-12-14,0.22567134534576816,-0.4829626174229329,-1.1854373986430744,-1.0262076347175242,0.38645511989470194,1.5422569719725665
2021-12-15,-0.835821073772447,-0.37867912650741964,-0.28889291939755424,-0.3205436250091065,-1.6726851188669567,-2.869948153028501
2021-12-16,-2.9518159664210675,-3.0411609275389218,-2.45143692908929,-2.082553209392124,-1.7528511726415452,-1.3595057177348213
2021-12-17,1.1657578771895327,0.5308161342134188,-0.4861857753393206,-1.868086515820222,-4.622014363193783,-6.276577923650173
2021-12-20,0.3665226705541702,0.6880675054805163,0.8594503275805021,1.035700285342056,1.7900603135293736,2.256182860536704
2021-12-21,-0.19338374143829107,0.4323741028982031,0.8970313730694457,1.0974448722333108,1.0139675408360471,1.1512214286936384
2021-12-22,-2.637908298515379,-1.9908628332693468,-1.2556885856034317,-1.0408978635959354,-0.7526816971752393,-1.5275702852132866
2021-12-23,-2.6059554463409906,-2.006386146498418,-2.3052219639984717,-2.934447310341959,-4.233515457243087,-5.506481255062745
2021-12-24,-0.1265638648908496,-0.6224752291454916,-1.224503280271927,-1.9135698103313725,-2.453516513821574,-2.872610479248383
2021-12-27,-1.379082638277218,-1.2618346189519958,-1.3812641702520168,-1.3334772963605523,-1.981951879220789,-2.332579962111936
2021-12-28,-1.671316179760618,-1.8264146162095152,-1.9324548128683006,-1.9362282287405552,-1.6104665527809203,-0.9848990127483415
2021-12-29,0.43147235504359394,0.711958106680477,0.4358483161612803,0.40179941020479504,0.12441459605430083,-0.09148240956613485
2021-12-30,3.1384618388795804,3.2045088508017017,3.034480190796085,3.0613043558499697,2.6805467339520828,2.3590214451237213
2021-12-31,-0.08012512360671131,-0.15024768643896458,-0.4540670641385969,-0.18302257125917265,-0.06872465616165613,-0.1434131184181897
2022-01-03,-3.5923412766531104,-2.465557347913494,-1.0795980858849141,-0.21432827907319485,0.2672164058493909,0.4836327718713118
2022-01-04,3.1241860338796723,2.948635174632397,2.3973954472964465,1.9392646095850452,1.1527089341432983,0.9686025664696452
2022-01-05,2.823798037929981,3.2481939579120045,3.7307217245131863,4.102644989256143,3.940193016987381,4.051507679141908
2022-01-06,-0.04516794336786312,0.609135744814937,1.3681583955814869,1.5002934360194953,1.2104720657537538,0.8836906007591683
2022-01-07,-0.11815187832091567,-0.5259933959966823,-0.8217503953027006,-1.533246410471767,-1.9160004565860866,-2.5691320173541587
2022-01-10,-0.9460161026380032,-2.0972952697577707,-3.366113839125928,-3.5161555409445544,-2.8922041729568804,-2.18405487323734
2022-01-11,2.095116836243971,1.744019191945112,1.1428411688590323,0.9153005965643057,0.8352968871729427,0.620511777914956
2022-01-12,-0.5820963326496287,-0.11791538237186927,0.7610897083965895,0.5614597235195973,0.6543092014855034,-0.029349748831597466
2022-01-13,6.068560856187188,5.343318454524271,3.9322432437502997,3.0700159955153516,2.8702575490143545,2.6657172289998865
2022-01-14,-3.2758138495283973,-2.592609181833172,-1.1252630824303278,-0.5387960704171579,-0.5856532782964052,-0.3282253185215911
2022-01-17,2.9010356210180444,2.927804225937214,2.6312024317534544,2.2106057406865,1.700414765567304,1.4349176176049028
2022-01-18,-0.7294013861196547,0.5386428408803212,1.7709705600488235,2.200479091264551,2.1881490244106683,1.958520370965644
2022-01-19,-3.1500007612558,-2.127528498281661,-1.8839141099477708,-1.4792352188512048,-1.558716761087764,-1.9814311798676432
2022-01-20,2.0528869077413248,1.8459575205555634,2.139375861687842,2.825473452754146,4.591141802868526,5.914295860336294
2022-01-21,-1.00964282087177,-0.7611145188132884,-0.4494533647616983,-1.239746008108522,-3.1712050873621056,-5.124867409417355
2022-01-24,-1.6351614918838742,-1.6450756662515609,-1.1465827699283615,-0.567756364651073,1.0084446082706755,2.752100440728178
2022-01-25,0.732425284081728,0.8010598663819035,1.2419036718022802,1.1446805805628735,1.5989730616093212,2.2129904396014144
2022-01-26,1.299695586866001,0.5644011359542844,0.220675499316636,-0.37562114719689177,-0.11488706082865008,-0.22278721736643803
2022-01-27,0.7138669970874201,0.9901254428813733,1.3578931247737902,1.7413001352188928,2.5824171289691833,2.9513954206286552
2022-01-28,1.4248735838254145,0.6116661889800312,0.021322085180042194,-0.9619797064603919,-1.1782356680624329,-1.711298833444319
2022-01-31,-1.8084146125915357,-0.9659891842987545,-0.2742671184043033,0.7295041073010822,1.4145956944028981,1.6391083312324195
2022-02-01,1.2505263866863459,-0.20970395765824712,-1.5529857362301058,-1.7967193771469603,-1.1602279515813052,-0.21864449303428124
2022-02-02,-0.8812904310388614,-0.5296536363340376,0.01999093528630702,0.7159883411777646,1.2400642357829117,1.6448199599992996
2022-02-03,-0.28408594205102666,0.1255615862954862,0.3717674097528434,0.35072237396218675,-0.1472792131857137,-0.5355773056322288
2022-02-04,-0.31126213509669043,-0.06308689295697611,0.9306334206002465,1.2342110187067323,0.8828783033977938,0.8881536642564303
2022-02-07,-1.4563290792815042,-1.076171502544554,-0.14691146695717805,0.756843581258293,2.150132387674919,3.774264771527891
2022-02-08,-1.1311799725457927,-0.5823474606763135,0.15884707562685563,-0.40130502151862757,-1.440236031221831,-2.5451114933809915
2022-02-09,-3.083471670143201,-2.528689953860219,-1.7301591924692605,-1.910649119369534,-2.282058261878772,-3.0021976111537008
2022-02-10,-1.5999471483035599,-2.0912263303286327,-2.2599026779059894,-1.6076274881523744,-0.3707147242801856,0.5754472802538935
2022-02-11,1.9537055415445703,2.395879453360239,2.7887741227561325,2.704217136980569,2.2775543795608755,1.3902999358498036
2022-02-14,-0.7870943234518535,-0.2831701691894839,0.8110608145563081,0.662880734901039,1.747620517192594,1.4962017243799863
2022-02-15,-1.0380688336659283,-2.389448733366306,-3.592010826650638,-4.029608627615566,-4.111823196400843,-2.819256789743241
2022-02-16,1.8998910966576688,1.7037085712583,1.2104887418413313,1.5296042401136578,2.0714892683505237,2.972212872161162
2022-02-17,-0.5204842462692927,0.13619013336416685,1.5217651843523416,1.709207674253177,1.3202627580346071,0.4468507080011008
2022-02-18,1.1343779872444948,0.9928127405031795,1.4723014003402035,1.6891081630006077,1.7184418647630206,1.2771463401841654
2022-02-21,2.186453404086164,2.4658968437549333,2.508398641442655,2.4221835606152986,1.2574482325328429,0.7915574652180624
2022-02-22,-2.772143119699866,-2.8437091314303498,-3.3696306153570443,-3.4197602508139635,-3.63930814605542,-3.5955824832941907
2022-02-23,0.9776418084403105,0.08547066435866668,-0.21428189499483885,-0.6836975992186467,-0.30110511370975424,-0.10856351421733024
2022-02-24,3.6285893918833523,3.394908262195351,3.2751041629153654,3.2825292360145752,2.758110018237314,2.71806498674394
2022-02-25,0.5860404380821027,0.0987698833011752,-0.3979304947972384,-0.7425687187133878,-1.7411170521857589,-2.1082210531391254
2022-02-28,-3.150073995627567,-2.9746398102881155,-2.3468938225463365,-2.156087964955411,-1.80584919565967,-1.9794877198288319
2022-03-01,-2.3768011828107394,-1.1522423981689567,0.5523510552823296,1.5140213402133895,1.7557194855877256,1.758109110527739
2022-03-02,1.2827388538791507,0.7668744716256004,-0.8474730169839351,-1.3132746468850431,-1.4238165126727598,-1.1359630846384583
2022-03-03,-1.5406664379261858,-1.134364453123471,-0.5617386032236382,-0.5098809540456717,-0.8505118144147339,-1.5747516504601489
2022-03-04,-2.2876554569298158,-3.214527980888171,-3.1882471828854175,-3.1999368022876062,-2.01632846170976,-0.8221858221534539
2022-03-07,-3.1076438337616086,-3.15022583164164,-2.7152630213835405,-1.8533842188294791,-0.9308912160159277,0.6385181199757728
2022-03-08,-0.928831039238398,-1.5588494586361357,-2.27146060166179,-2.387379581661442,-1.775059808669921,-1.5666373594146688
2022-03-09,0.11077360076896525,0.9698933017985745,2.0758292539808654,2.5791303571686797,2.5746349022093273,1.5735502435685333
2022-03-10,-1.8485720476334233,-1.942338001074262,-1.8417478488342631,-2.335853154115375,-2.54632543473412,-3.3865681380114587
2022-03-11,-1.0249477819461728,-0.9683266712448013,-0.968908888672182,-1.5910481093066142,-2.311784751216539,-3.1317220929578227
2022-03-14,3.2572365873263287,2.5698912507781113,1.5316243174972488,1.682496797066424,2.5461374622347765,3.635010535290961
2022-03-15,-1.2214679634964476,-0.40724849428523946,0.784188999919655,1.3835175168513736,1.710309396033427,1.7546732610687954
2022-03-16,0.8558792732074938,0.3070336875298896,0.5220353070362282,0.22366838237100062,0.3000226008834872,0.7957072975272705
2022-03-17,0.007676891858388046,0.42202923257095293,0.4633219475313144,-0.19329863910484413,-0.7769381583604851,-1.5884124081324558
2022-03-18,-2.9622554004953727,-3.2043615555755967,-3.3563192621791416,-2.9223670029883575,-1.5957780224305829,-0.13100792119953297
2022-03-21,-3.6716721759791238,-2.1137659336221137,0.22542683014599163,1.4755037942345783,2.742640366044169,3.6582822792773584
2022-03-22,-0.07319745467606609,0.15190979441781494,0.06707159914629557,-0.548978219533458,-2.344147838631949,-3.9662034715825634
2022-03-23,-0.5495388120345446,0.6794606578050644,2.0745240384485886,2.812248752139146,3.576444894146169,3.377370303254157
2022-03-24,1.056141239693975,0.5488282284433321,0.04560738580647872,-0.6274524022344963,-1.5234792981317469,-2.1707959243220554
2022-03-25,1.5188743477474453,1.9937063643860498,2.011059248749092,2.3283515247454645,3.5404877759231734,4.51495075321513
2022-03-28,-0.3433409988425229,-0.37186368592374563,-0.11118411195321087,0.4319819935298064,0.9497599432265247,1.535205160474673
2022-03-29,-4.781282529521169,-3.4643339731606826,-1.9474385862539911,-0.7631968848307302,-0.003921602392686907,0.8157183118854938
2022-03-30,-2.898213926077986,-2.2245741977028555,-1.2670865980224821,-1.1265269874461747,-1.132391951597489,-1.822859275310451
2022-03-31,-1.301091444449698,-0.7422796758425498,-0.22923773745846532,-0.06479547035742605,-0.08908777934735213,-0.49639318438896574
2022-04-01,-4.8708888494392255,-5.937916914260244,-5.940466458112192,-5.684901330134595,-4.284753738824776,-2.811783321434058
2022-04-04,-0.9083600946537818,-0.4250049756771457,0.5168995515184349,0.25110706463409294,-0.5490080773415951,-1.6832149636731408
2022-04-05,0.45265402905467766,-0.36827815662356933,-0.7979607803238586,-0.8763918855024144,-0.3641391709471087,0.3687352532292909
2022-04-06,-0.002226990349374347,-0.21113532600187668,-0.7206117302707593,-1.1213775985132735,-1.206983513455695,-1.910099750516725
2022-04-07,-2.6165023698755174,-1.4831755822843018,-0.41735695460025646,0.01848451314878652,-0.048095966424988035,-0.6276203129919278
2022-04-08,0.655797746321074,0.4336594541178851,0.047015719168985726,0.3708579256887834,0.22744468533506534,0.6114020514520035
2022-04-11,5.799791493139228,5.881931502356563,6.10936791598764,5.699954461390577,5.189619766561604,5.012383060232528
2022-04-12,-2.108058488379738,-1.7800090115517087,-1.1733699082712157,-0.8285995815492164,-1.2169715824048577,-1.799987765816935
2022-04-13,-3.5515838350363538,-2.804197881783521,-2.370946701712251,-2.094346052572371,-2.1721479783168185,-2.4029934062944402
2022-04-14,-2.4865294025814055,-1.5289120860621175,-0.21263447613204534,0.4557084185232263,0.6674491309033304,0.7000699236862751
2022-04-15,-1.326167540982226,-1.537190128006305,-1.004299133248976,-1.1448875796214786,-1.4878924284142503,-1.4000858365168956
2022-04-18,-1.23997502604416,-1.2267017305411798,-0.8323600174302115,-0.5106846088271944,0.3144225406808143,0.6032205185727779
2022-04-19,0.4770352218940399,0.6772720327078208,1.4076806825741528,0.9532955554615086,-0.28445835474375514,-1.3556576368581652
2022-04-20,1.5820461319918433,0.711791024627928,-0.7170676033369183,-1.2951180279428876,-1.943005627124661,-2.0648569116506366
2022-04-21,1.3224002222413045,1.239055120462007,0.8556243178080347,0.0030786034507013227,-1.8288781637998408,-2.8521304104328404
2022-04-22,-1.481518861830633,-0.24429185473469062,1.3070555298355657,1.9610903249921652,1.1326968467320508,0.4646051675139429
2022-04-25,-0.15587394933280763,-1.1377249027417768,-2.433010412804304,-3.8637264178850383,-5.362145904143256,-6.532840196695444
2022-04-26,-0.8794344280465438,-0.3684456408477921,0.49910694789154775,1.3495632325547735,1.790725610006616,2.2846841871261514
2022-04-27,-0.9707128709979251,-1.3128598236349376,-1.1368752411446081,-0.9092020668248768,0.2350232270101671,1.8356467319827097
2022-04-28,2.012007907679214,1.4944204001663852,1.0271254044366795,0.8958870776520023,0.5505350278019794,0.5678394086494176
2022-04-29,-3.728541499532767,-3.559268998224452,-3.70105043571316,-3.6144723363337405,-4.262773440192635,-4.751480646932249
2022-05-02,1.4353901714733386,2.4180344118496233,2.586619152580605,2.621814461504135,2.185977971213182,1.693394443730245
2022-05-03,-0.2124763149097486,-0.5602462156833354,-0.8376388660320977,-1.0533256456781714,-0.758455794284929,-0.17764437987106696
2022-05-04,2.684439977815023,2.2356195710780735,1.7854061132291488,1.6077042639703443,1.2283160340678556,1.5968947297770875
2022-05-05,-0.7772250991469054,-0.5724499337003142,-0.5267436888082511,-0.4483708503453254,-0.25044753635810046,-0.11595313813188568
2022-05-06,0.42482074627789856,0.666290825882454,0.1757352124722278,-0.2013235946673575,-1.610115919256172,-2.686220932272798
2022-05-09,-0.7359673519776955,0.43063393290090346,2.3651715170876386,2.9546215092425054,2.747570528281562,2.1213114070685712
2022-05-10,4.134330940955033,2.743716842228494,1.6582129120714217,1.4350806412942951,2.057550904672656,2.6739308014249286
2022-05-11,1.6784429038614324,0.22820075456828626,-1.23074565053356,-1.5680729934403281,-0.6483267143152727,0.7605472269949676
2022-05-12,-2.541926403470418,-2.802260343350582,-3.4027053550464537,-3.2230886534524217,-2.5827300470489423,-1.9214406186353727
2022-05-13,3.454717329793322,3.264020342331575,2.6891991392617776,2.3185552503547147,1.8564225312101001,1.671280741021075
2022-05-16,-3.3940648927433426,-2.2320294043812527,-0.5599547307796549,0.2583220387708973,0.017617582775608653,-0.2859845130092076
2022-05-17,2.799446379373416,1.4595112573990932,0.48075626464023635,0.020609499929413744,1.3458500890837666,2.201117078331416
2022-05-18,3.193193107304282,2.6581588980915782,2.1029422931294395,1.8854262128614074,1.7008798305467199,1.7950342373766581
2022-05-19,-1.219312939389905,-1.1498862472695937,-0.6289789213418828,-0.15361713210872985,1.1213717739062545,2.386343800598123
2022-05-20,3.4555803052271905,3.722299630885484,3.73524192556145,3.7615290676352497,4.072502823971824,4.097612109512072
2022-05-23,-1.8101482471671648,-1.1604922033249032,0.2620214347268668,1.1194678478440245,2.0621816429467366,3.00457180541871
2022-05-24,-3.1606515579337024,-2.896568597520943,-2.7820471027539817,-1.6659281039227647,-0.06344026638736011,1.8604900869753305
2022-05-25,1.7015082593501596,2.5135448119465664,3.0674687704508763,3.3478196183753806,3.2471880990831536,2.966574745761408
2022-05-26,-1.2905453168166936,-0.3661986093228098,0.47153317357544466,0.5717657695377909,-0.5150140792868019,-1.7010737308176704
2022-05-27,-4.539782680393412,-3.066143653042186,-1.5652257242162015,-0.9257591193347459,-1.6308894290203213,-1.7948827763943687
2022-05-30,-0.9274614085601485,-0.7501152445022363,-0.385987482107053,0.04638000095131822,0.23295975355948073,0.8018956159951962
2022-05-31,0.28438541058259936,-0.07280888518401696,-0.01282098849011426,0.1676991198428457,0.7784804248045507,1.1294688875222558
2022-06-01,-0.8097711653011874,-0.1981137673484401,0.24242455401126684,0.49975003030606757,0.2942633895162583,0.03367086438159639
2022-06-02,1.2395136360299652,1.6142532694588763,2.1490312712697968,2.340230265496368,2.7119826484061083,2.9486872062766345
2022-06-03,0.24989980950751445,0.28487641070022995,0.15730970875615924,-0.2802687295269113,-0.4648435229008374,-1.1791333248961866
2022-06-06,1.840575389903698,1.788658511448027,1.4807533848681054,1.456740052129124,1.8291049880880372,2.208759767701407
2022-06-07,-0.48724458205038346,0.10264259433645506,1.049564834966521,1.6945714640106413,3.0639244011208877,3.768677354526684
2022-06-08,-4.607899264682613,-3.985606578109069,-3.2972014713217312,-2.889047256135102,-2.511950708720523,-2.0891625605630626
2022-06-09,1.337306570518182,2.0303667049470064,3.050937499480355,3.385400770557734,2.6308574239488625,2.109132169803063
2022-06-10,0.04168853841033382,-0.3335654158365564,-1.018611525133517,-0.9666642138479009,-1.0601977273878571,-0.8625774422581944
2022-06-13,0.4381057170320002,0.7595610377267192,0.8120036776487982,1.5664108228760298,1.9328860627226163,2.6027018191729034
2022-06-14,-3.989844521457897,-3.6904954009447266,-3.606585502313342,-3.9553286544550925,-5.033467033848726,-6.360900171996731
2022-06-15,-2.6042426369731864,-2.076669899596739,-1.3160617694757182,-0.8018095169814998,0.1121256818059635,1.0098017644547763
2022-06-16,-5.088840726558308,-5.118400122627564,-4.9649157623287365,-4.505151028873655,-3.619405831646194,-3.000220061352632
2022-06-17,1.2509465025659416,2.0710308698010493,2.6230806654022665,2.9718328615406797,3.2534665393635365,3.143267107921366
2022-06-20,5.228005529613,4.257065000603966,3.147553533449088,2.3657611746526364,1.335584724212513,0.42190205456780205
2022-06-21,-1.0974099745786337,-0.2637581872554584,0.29583871279958984,0.25426520847129375,-0.04607035542529836,-0.8091159148528426
2022-06-22,4.1940066564214895,3.6880417576017344,3.7570069709252696,3.6921146678265515,3.439434114958795,3.37133135487262
2022-06-23,0.7704066693881462,0.6718782719342009,0.013829871399417826,0.2441522201543478,-0.44143132817509034,-0.05586541879343265
2022-06-24,-0.06735514709550472,0.08761762573721299,0.3058472790463007,1.3779417982973552,1.0871148252894702,1.1775102987031438
2022-06-27,-0.6313603657055911,-0.5110527046824576,-0.19635908609574315,-0.3944574860114791,0.5290008602197638,1.0772250777573156
2022-06-28,-3.169272441241633,-1.7998673100869667,0.11234706854565957,0.8000653438262617,0.9938567686883726,0.8967065969716526
2022-06-29,-1.4011802920673944,-1.0839001985863295,-0.45714443568578567,-0.1738083279370084,0.1933686506863097,0.06335722256451959
2022-06-30,2.0408201104261448,1.9579978708148538,1.6690320096653721,1.6114085777138687,1.265865882583661,0.9992428951376642
2022-07-01,-1.7691017790371966,-2.0805224784069765,-2.1341820287295477,-2.6980664692306533,-3.0968175785085705,-3.339149150202081
2022-07-04,-2.972076866727802,-2.2426146729721097,-1.3429809208868715,-0.5516806626896908,-0.40926048310954144,-0.058563248108089994
2022-07-05,-5.601814935298721,-5.378512432738347,-4.070214663293648,-3.802712911228312,-3.1664549696669653,-2.8381938486250036
2022-07-06,1.0379355790057776,0.5246567678580671,-0.3586701115233293,-0.7267237969834639,-0.7416491015259652,-0.5318465655657079
2022-07-07,0.8562599224192002,0.7060052964887209,0.6120470934804167,0.7632760320174903,0.7529317727617002,1.1032081964886586
2022-07-08,1.3386975884621233,1.647471159069891,1.6857821901040015,1.6539440415205497,0.7021162745278975,-0.0646024126054634
2022-07-11,-0.986385168830628,-1.2065075587296636,-1.343487401916077,-1.159214717050805,-0.921606954538845,-0.7382275656544035
2022-07-12,-1.8039277946973797,-1.0921336490695044,-0.6903395189736816,-0.8462025311464672,-1.6995048888813535,-2.7278442035484574
2022-07-13,-0.07596933916893533,-0.707798916983915,-1.5566617957975648,-1.8603192669022661,-1.929920512389538,-2.2387334630317834
2022-07-14,-3.5555248140055618,-2.8263627955732673,-1.7721376699227687,-1.8242124335574594,-2.005171693874397,-2.4176017670047845
2022-07-15,3.3030120731673662,1.8851341259287668,0.5857729781646004,-0.757282090776279,-1.7656719526901732,-3.0144436773518635
2022-07-18,-1.4836596055316509,-0.8880824722744318,0.24883510359541283,0.6920703176776843,0.4621259754764573,0.5270111888047158
2022-07-19,3.019307702984264,3.344867491434167,3.5011550558301074,3.4918401571523816,3.4304481489888072,3.2021325301959447
2022-07-20,-2.0153436222595467,-2.4446942118057535,-2.6090299311372966,-2.8245918434546713,-2.1584318115150936,-1.9602068102761994
2022-07-21,1.4994498891592656,1.8969497273416014,2.117940447513078,1.7746775325031106,0.9136216927014829,-0.22824737420688024
2022-07-22,1.0998717373807754,0.5824615686593315,0.370272235161595,-0.122457839290524,-1.3404745959074926,-2.027783046785281
2022-07-25,-3.655830128355264,-3.625086797477106,-3.7184233000459255,-3.387677978244552,-2.689726971081674,-1.8636943588697275
2022-07-26,-1.3703692213108631,-0.2426011919998139,1.4038587647241307,2.646237152684927,2.94530317237105,3.0971145671347955
2022-07-27,-3.172385497136876,-2.7445490668839057,-2.072078637449337,-1.1720832583961283,0.10744247971872234,1.3034512868870252
2022-07-28,1.5219664164974667,2.091542771081256,3.0672017001135643,3.6783897741412552,4.7351591384306335,5.590865418027446
2022-07-29,1.4314289044336626,1.0963114407305241,0.6310290969611998,0.3870362278808326,0.08133063948085884,0.020708837451266504
2022-08-01,-3.1244085161285184,-2.3596337955990254,-2.0447508338961473,-1.3003977316114579,-1.332526809353407,-1.5862551421522042
2022-08-02,0.49928812735795525,0.21658634360663953,-0.08680700848651135,-0.48627688784868006,-1.0137206568741064,-1.6367752108925604
2022-08-03,1.5864136389470929,1.454025656414215,1.4334236657233212,1.2229414521536253,1.3971757452440947,1.9301911538907035
2022-08-04,3.937748987163614,1.735846017087006,-0.6248521638537508,-2.1556133764405683,-2.9563235937271948,-2.9806610119858856
2022-08-05,0.3078047728230171,0.22220539012360874,0.6640153378562275,0.45880600028103125,0.16375791107403614,-0.33251253295638605
2022-08-08,1.8871563125765434,1.3520129863775487,0.5756792252362697,0.6270383235252641,1.2676582953971671,1.9711965815139898
2022-08-09,-3.196388811426143,-2.950889802024159,-3.1363264171586636,-3.6862486835032016,-4.626215160664593,-5.398170864097729
2022-08-10,-2.9505785526401596,-2.406908300801902,-1.4764662485435842,-1.113205828375774,-0.4640206711128858,0.21074310337576563
2022-08-11,0.04792517436715826,-0.5779598400835084,-0.7319396701108261,-0.8198369412727669,-1.0716376719420495,-1.33555992434915
2022-08-12,3.9843220373129817,2.2148049213004395,-0.06608661232765378,-1.4275702580151872,-2.344426916729425,-2.5716640684650294
2022-08-15,-0.12905823030964214,0.079971557684555,0.5643955521397181,0.23428415937813973,0.05431009062428771,-0.14222359575635224
2022-08-16,5.361526884332202,4.7069113423508835,3.896606720527762,2.7706158866458885,0.9177940902742154,-0.32491202963091936
2022-08-17,2.257223074475867,2.7373174524865096,3.1343993018847716,3.8371996434698463,2.956773235077348,2.6894969309845695
2022-08-18,-2.0086422590889885,-2.0604571705192587,-1.8875111781552434,-2.1882680523370723,-1.7591095977448123,-1.7940737862334188
2022-08-19,0.9239237524651944,0.3064460616457598,-0.9784787084455182,-1.0496297633467044,-0.8110703560470611,-0.364714043173997
2022-08-22,1.1760242291889433,0.8355229120560637,0.0531698948213144,-0.006479922720625808,-0.6394779731759392,-0.8949827948082412
2022-08-23,0.8862327219254951,1.0268861174260735,0.9013528182108654,0.23774474406410562,-1.0525046125817727,-2.561942117584204
2022-08-24,-0.4848601470472502,-0.5929336172513899,-0.5616621212303219,-1.1464492326342501,-1.3518112260309412,-1.4236723851083877
2022-08-25,0.13433781018155067,0.41496000605021344,0.3917922529444784,0.34789002194255403,1.2157538070362683,1.6593985666963462
2022-08-26,0.8252664949774502,-0.3323884560894719,-1.5921229434196604,-1.4240350267839652,-1.3853414099941563,-0.6383149541057342
2022-08-29,3.1808235671537233,3.0277439866917,2.9274027055340213,2.676535917766376,2.1155212624702546,1.6430920075292565
2022-08-30,1.8937600650876352,1.308758851410241,0.3705802663597435,-0.28485676597749254,0.1365283450524224,0.36736028512258656
2022-08-31,0.2344317390047923,0.44373040764327243,0.5742209867406256,0.4243117440753341,-0.32438418293034843,-1.2106579254280714
2022-09-01,3.1931271000797956,2.5190188008186176,1.9771249268011992,1.8262515184364947,2.4754091023617697,3.075100955990262
2022-09-02,-3.7801348154022474,-4.058522099027284,-4.954687080594544,-5.404461729753329,-5.283888749192744,-5.207937354202441
2022-09-05,1.170352921409945,1.8037518711838008,2.669628182405681,2.334601254357871,1.1787067384984695,-0.2871652208650044
2022-09-06,-0.16285186679452224,-0.22013772743991744,-0.21243975381559643,-0.6955087801812532,-1.369881533117967,-2.411946091877404
2022-09-07,-2.1907967470120138,-1.167618146851801,-0.3510288596211275,0.10206011608810961,0.1435631462405329,0.2645528854265944
2022-09-08,-0.14547754826077508,-0.32417749500317505,-0.5165505528118786,-0.6877255692357753,-1.2797203769779664,-1.228467038500769
2022-09-09,0.41258620483941577,0.49787182139842123,-0.0868226704035191,-0.7126038542141444,-1.8499527633137003,-2.8706131980311245
2022-09-12,-1.1081621452302404,-0.9172088288239344,-0.48389004813556014,-0.3384014305673144,0.9751656331141056,2.189355669645243
2022-09-13,1.7527714331911692,1.789478072566908,2.393228670994274,2.2577712892228874,1.7762780640437459,1.1870999105210611
2022-09-14,-1.645978780287205,-2.737940465698818,-3.0668328265968103,-3.1558631399543735,-2.8718089054299956,-2.2435540258473274
2022-09-15,-1.6929639968604526,-2.17243898365278,-2.410363416990835,-2.5190580922525463,-2.3065526264328895,-1.9962336713935436
2022-09-16,0.6303457829155867,0.9986791609332801,1.420937003425804,1.0175159679148837,0.23660891490617786,-0.7800329800857764
2022-09-19,-0.20937063544770318,-0.5665547216981537,-1.2645149726397076,-0.445449994154723,0.4681732552915374,1.820589533259609
2022-09-20,0.839186539608372,0.6399917845087089,0.3441418632368798,0.39392745070134794,0.19237529915638873,0.3921258664411731
2022-09-21,2.6574873207667604,2.8048218653090373,2.854174119223707,2.7155650310588086,2.611779741102227,2.417843274401621
2022-09-22,1.3798375004701047,1.4495251381968721,0.6683143078018539,0.1782389380670324,-0.4226286166838733,-1.1154124221856243
2022-09-23,-0.9703978017491011,-0.11969150242547855,0.826611840499103,1.094075427159913,0.5977559490239592,0.06549017032320137
2022-09-26,1.1904681773706294,0.4505673045663183,-0.14941585779686406,-0.11651842499960097,-0.6418157722465789,-0.8431139097696772
2022-09-27,-4.079279692222082,-3.2505685379757843,-1.5144036397376048,-0.4858693852548779,0.09541330732121267,0.6741575059570071
2022-09-28,-1.4070256478114995,-1.5290254995365071,-1.5609685244890148,-1.3275959063365317,-1.8655194924147356,-1.385177427937645
2022-09-29,3.093818697831363,3.098502512648116,2.7282125887584385,2.627174263441079,3.008575270911873,2.799388497280697
2022-09-30,-0.982852015122937,-1.679538547251136,-3.2612890259585026,-4.016515963347089,-5.234423796449317,-5.445470423238952
2022-10-03,0.8980758154975454,0.6321579361618035,0.6601706576351063,0.14344871998961395,-0.42989836869686826,-1.2589857901706303
2022-10-04,0.2988221363248833,0.5624899260606497,0.6541554671276373,1.4103931564602323,2.141587714134552,3.1217048724925256
2022-10-05,-1.557438069333017,-1.8050754987959827,-1.793366436797017,-2.009731996998587,-1.1961488540401355,-0.867067035766178
2022-10-06,2.8813125090710656,2.6268272221999123,2.7772462167400924,2.23615405826072,1.1064556497658806,0.23298138287022319
2022-10-07,-1.9017580997662265,-1.2803872374490322,-0.5552626548922746,-0.5120577886127631,-0.13302241928871972,0.008020158292598722
2022-10-10,-3.132040605255515,-3.4768612483349948,-2.889825996608719,-2.2254178583227535,-1.4907442772015056,-0.5745222011679374
2022-10-11,1.9559928979363317,2.4632244521889834,3.0912816611145644,3.517439985779225,3.9323181773760485,4.029459507172328
2022-10-12,3.019006888476916,2.4101901437434847,0.5791636578082127,-0.2608742886151205,-0.7186080765316127,-1.2173735158282462
2022-10-13,0.8810847039965264,1.2575774265632056,1.5164882137784996,1.6639883243802167,1.8671901571086114,1.882870079591692
2022-10-14,4.22642081410447,4.080049249305073,3.928587828648755,4.251811092047486,4.733251853352671,5.0414140161121335
2022-10-17,2.681202381447667,2.355848759649426,2.6933004425745644,2.6004568228350955,2.8532681463339316,2.5057368400715596
2022-10-18,-2.427681592565545,-2.290216284972324,-1.7784692111797895,-1.311923313092267,-0.4179789357309005,-0.1249547658531025
2022-10-19,-0.6335136335998026,-0.5778787000988661,-0.2059543303550626,-1.0854801908491307,-1.9395403284703683,-3.159657004654104
2022-10-20,0.5354745285594209,0.0827283962755665,-0.5793525500215058,-0.7551456523408273,-1.1840981982981447,-1.0984351586822427
2022-10-21,0.1522848310762548,-0.3643904397394593,-0.556536905652294,-0.37805929633507596,1.9010699058200853,4.097029730309076
2022-10-24,5.188285337753129,3.4576644171055104,1.8139530230111056,0.6987062300483071,-0.0055951973652046405,0.255210770124803
2022-10-25,-1.7474678303496027,-2.220392260281878,-2.801372295223814,-3.284982040121287,-2.9790497702625984,-2.8407460845174537
2022-10-26,0.8546458542880053,0.780845324999202,0.9914070218162152,0.5999003074877773,-0.5321352484323416,-0.9202505296478147
2022-10-27,2.4785304823111254,1.8927357218104568,2.1564318304692076,1.937520965806927,0.9399682096654871,0.4167565778922633
2022-10-28,-2.314683478920676,-2.6250446067444866,-2.830282821952368,-2.688305039026595,-3.1702134740735577,-3.0165611693187433
2022-10-31,-2.7061711173864023,-2.863876964466394,-2.8620847397555327,-3.078055783393685,-3.1099580932006265,-3.3848341791328895
2022-11-01,0.3449095706650418,0.7600693051452723,1.32706498658135,2.1443881957627475,2.7016009428413756,3.3718894441550518
2022-11-02,-3.7788091038998495,-2.9868503456981443,-2.103993813413707,-1.000029520874124,0.3097283821402286,1.6951135876018153
2022-11-03,0.3457317124158088,1.005507460242372,1.6140348674233973,2.4457828685413574,3.864998342241144,4.619381564535674
2022-11-04,1.8468930130866923,2.335521109885219,2.969015436880351,2.9416883691196105,2.415648108641877,1.913908233023065
2022-11-07,-3.4601279872362056,-2.973209034515323,-2.4926461349839446,-1.858520330381097,-0.09384013386886103,1.1493488637663862
2022-11-08,0.0862640172515583,0.11126037357325202,0.1423413678609542,0.12130027499832607,-0.04876101678124023,-0.8633852048087309
2022-11-09,-1.9575245153852006,-1.5083146155858262,-0.8560174392700404,-1.205651952053266,-2.5669943044416943,-3.8424476924394213
2022-11-10,-1.10725319823346,-1.0202624546516326,-0.7180394509855859,-0.9788489042800386,-1.2283772491349598,-1.8990711370338254
2022-11-11,2.189176212024879,1.679352116134325,0.843525971101311,0.8783106589221212,2.2446577571510584,3.57664178275674
2022-11-14,-2.6289136347538378,-2.4334376598022622,-2.3206953305678457,-2.354127763585101,-3.060872705633244,-3.8676728313995934
2022-11-15,2.625196128991858,2.826647967696738,2.9433513468256844,3.0745316805826484,3.40439734144673,3.2777201544458734
2022-11-16,1.6422710847584732,0.9977150741860008,-0.07521263746896878,-0.7734023240391075,-1.8272496187358822,-2.296045971157712
2022-11-17,-2.292260585407435,-2.062345699678847,-1.4982035290361129,-1.1963288708400022,-0.8335889023839638,-0.43727687680417127
2022-11-18,2.0299737673419305,1.6441882309405909,1.4195580190964563,0.7946477844358757,0.01846838005072904,-0.7925289880042818
2022-11-21,3.0116185297238474,1.5356170297193383,0.7553977589031202,-0.10540349323009401,-0.6967537195580409,-1.1260364320234917
2022-11-22,3.590849986230582,3.038411468293578,2.53251360745681,2.622257506051362,3.90576188491476,4.598677476838109
2022-11-23,1.2039348788956517,1.2624771122773382,1.417324222724936,1.7256168838961194,2.1651085872343323,2.488522295568618
2022-11-24,0.8213372112093165,0.6810373191611152,0.1998794188323494,-0.19950083098994043,-1.4668873354605871,-2.439135444101437
2022-11-25,-1.8676268135387808,-1.2004295628217143,-1.1102705474177466,-1.3298726813337325,-1.9175183235720095,-2.4076733077044388
2022-11-28,-2.346609046523973,-2.6141720272654823,-2.5538397222453213,-2.726231478124763,-2.670958364342768,-3.1137622203272652
2022-11-29,0.6430646447503019,0.867466427849628,0.608494892967526,1.0452265670990002,0.9484233382427654,1.3395007433530282
2022-11-30,-0.9346582249766033,-1.1369113395437225,-1.9028772797286653,-2.111351694543151,-1.561055909725395,-1.0172593836357269
2022-12-01,0.37656915675050584,-0.14624619128520422,-0.9280894902104375,-1.3642220018080131,-3.01204241666424,-4.115475397470547
2022-12-02,2.2591797251352297,1.544054228184777,0.29372466324479873,0.21727244471865248,0.060273743449590356,0.7522355279280468
2022-12-05,-0.06807586325958681,-0.6333833762164787,-0.9352071457694233,-1.4968181758388877,-2.0288597422109422,-2.298391122184329
2022-12-06,-0.6052847334460765,-0.4470792932798062,0.3475188892221759,0.18667238812990483,-0.029570120049049464,-0.947783387194745
2022-12-07,4.642267966944491,4.666754797922712,4.327152344117824,3.7077945390419753,2.21149680552708,0.7338260025008925
2022-12-08,0.40482119780742565,0.4491237121049707,0.9828796033501952,0.5649383514047202,0.011961425234607859,-0.9560543528029264
2022-12-09,3.7313944062982163,3.4277225429525604,2.8655658635935666,2.723709769527982,3.5566696682893806,3.9417244278685537
2022-12-12,0.7344581395678063,-0.24010840389299126,-1.5844710022248076,-1.4871233309788678,-1.6177977330445348,-1.2204034513055184
2022-12-13,-1.692910444360285,-2.5225596377546733,-3.210127847929245,-3.014522121289742,-1.5695758583126107,-0.27378305816485593
2022-12-14,-3.6590771005766243,-2.946971222926109,-1.2533336504860326,-1.109839708215743,-1.9299175361357168,-3.0643398166284364
2022-12-15,-1.0260988319650721,-1.9089926716748806,-2.6942096564233076,-2.0638778997279505,-1.2047350569976523,0.1900439579917368
2022-12-16,0.10192566082478649,-1.430608601455985,-2.847118854724373,-3.524550846068353,-3.3091082032127073,-3.139823292641486
2022-12-19,0.4672450898367764,-0.4362606302152461,-1.3040667678328788,-1.500695093446236,-1.4980511086212012,-1.556592229348075
2022-12-20,-1.8381206402790173,-2.068252684561811,-2.2508185143887527,-2.6513695540084647,-1.9907952371960302,-1.8706564279176607
2022-12-21,1.4579122726998683,1.3880323293941732,1.3393964184789553,2.035493325946325,2.6888216916496788,3.7776407289649594
2022-12-22,0.2951968692565199,-0.5026872858561404,-1.5024787770240966,-2.201316760239891,-1.9049783601028825,-1.4255129694147328
2022-12-23,-2.7035857894778914,-1.6957731748350913,-0.4769807394936709,0.3703526617341524,0.16802255589185577,-0.12418365413084942
2022-12-26,-4.951823915263764,-4.172433810038978,-3.7266453813749933,-3.5856679014396597,-3.4921927383078533,-3.8522414107212466
2022-12-27,-3.2380549755639088,-1.6125340752643602,0.03457847128172098,1.2849176429525322,1.832747920400779,1.8987359983563046
2022-12-28,-2.8373229114589726,-2.802582290041311,-2.7483276294791192,-2.9117144300841336,-2.251224459960266,-2.293355641355621
2022-12-29,-1.089694852668588,-1.4544662756982962,-2.361952338188189,-2.6209148922481607,-1.5120545490491466,-0.2812627880810492
2022-12-30,1.5899424535071205,0.9198154894078936,0.38082032818507194,-0.031546920124370104,-0.5773396261979702,-0.36301294745682
2023-01-02,3.0199150430624044,1.9449065695654966,0.5751776275304543,-0.41400832219897765,-0.6511107859991316,-0.7907743770238174
2023-01-03,3.161491375156489,1.6297114757869657,-0.20145470356198736,-0.8826991195991951,-1.1807649492452832,-1.1839865634915459
2023-01-04,1.4000161330465222,0.9817208667587174,0.2449832209024727,0.17352665555692148,0.5299985474929159,0.9952263046542065
2023-01-05,-3.6607586475601916,-3.6064748000343982,-4.08675254609685,-5.024208262934726,-5.746213028195735,-6.6458516036028925
2023-01-06,-0.45342696450032527,-1.7804497849811973,-2.193593172121888,-2.3295763977270845,-1.3894240773551836,-0.8478147929175339
2023-01-09,1.598862161417891,1.3575368730014414,0.9669332149220722,0.9864678008012273,0.9305682832044582,1.0265315872121317
2023-01-10,4.596916216323432,4.566157356565714,4.581782656073541,3.9226296903156044,3.8367880966104995,3.8832037505140082
2023-01-11,-0.9548134924317608,-0.8885412319813213,-0.5897827745546369,-1.0516026128402522,-2.0791138059334635,-3.345852595751353
2023-01-12,0.05491420292575988,-0.04962659179708062,-0.06627633774374253,-0.06561840895713544,-0.034381283686713004,-0.608846565190202
2023-01-13,-0.8024009545354982,-0.01918967812661876,0.48990769594392525,0.29455928533774767,-0.9025794391058994,-2.2461482234756414
2023-01-16,-0.057333569257123074,-0.7507996183562238,-0.7615410137820966,0.12889575219405813,2.6593899723687198,5.394690599377894
2023-01-17,-4.001387581154736,-4.062665829015932,-3.537630684862636,-2.896476833015882,-1.7968011204266165,-1.13650359592965
2023-01-18,-1.124172756403441,-1.1519791312059269,-0.589489515352648,0.18108028876229199,0.7369297095488836,1.425570844459223
2023-01-19,0.5618304794117623,0.4999229553280582,0.4190878385789354,0.7523625525454047,1.1457774604526794,1.4748570350163082
2023-01-20,-0.7019226832027492,-0.6444434249017306,-0.7348180357833023,-0.9295676012767373,-0.811748585946459,-0.7998954046911866
2023-01-23,1.9443986088981902,1.4553175875187119,1.331303883128232,1.0696361538607757,1.2414341104820537,1.8148141103286441
2023-01-24,1.229973617485003,1.5470356191928936,1.5871081522012886,2.274508354136895,4.041017885461029,5.519140558496405
2023-01-25,-0.09593428611327504,-0.05445254053095816,-0.34831212943369216,-0.740270038988422,-0.5096772442330977,-0.68902281668759
2023-01-26,0.5844845766414863,0.05861895733523248,0.1404508739628607,0.37182213327637825,0.6908654381367008,1.522035891241158
2023-01-27,-0.48133100950491503,0.0274171721091232,1.0864572173265863,1.8793578305365877,2.7334518961473098,3.293362248930265
2023-01-30,0.02745205824088437,-0.23750283979859788,-0.527208525869538,0.004064897397704215,-0.5316427566470328,-0.31143177295787083
2023-01-31,1.4591549479768595,1.9815649891699039,3.2033272814144365,3.7164320786731153,3.499704057178965,3.302515843324594
2023-02-01,1.1677464988331998,1.779979648612251,2.4219160000201523,2.8322359421707244,2.7070572166931317,2.9664562789958104
2023-02-02,-0.24106388456162087,-0.9530111200673819,-1.6091869437166562,-2.4653221647417123,-2.7990075836617834,-2.9197979818130992
2023-02-03,-1.680634208782772,-1.050342012119465,-0.9374566601891399,-0.6542576451209925,-0.751090765690865,-1.200934322692948
2023-02-06,0.716499381736968,2.068034892016213,3.5904317530371266,3.9570585115348056,2.858418427314291,1.4239288880969259
2023-02-07,-1.6978752372720063,-1.9041553412321388,-1.7704106891953675,-0.875839977668802,0.9035028536571676,3.2830984245844075
2023-02-08,-3.998034538711437,-3.9817884811510496,-3.471091137430138,-2.539528609081554,-1.0987667452694971,-0.42522053541755866
2023-02-09,-1.8957794196648337,-1.323297087874753,-0.7269254470048114,-1.0814396684127203,-2.7795357421878997,-4.661329605505138
2023-02-10,-0.19083954345959775,-0.6471285129442172,-1.1952350345851404,-1.468460583009401,-1.1627323802511302,-0.7907439222698542
2023-02-13,-1.9524018321976477,-1.6926211830367688,-1.4420682371734994,-1.6431331440572183,-2.029537167429041,-2.855310113023135
2023-02-14,1.6766219500732316,1.5430150033370893,1.450437504209745,1.307852283646671,0.977934505940814,0.8078164191276827
2023-02-15,0.29114926656745865,-0.8452211223634265,-1.431711170057115,-1.4722223724608074,-2.1439721039287374,-1.81921019762874
2023-02-16,-2.0446972447198952,-2.1539140350716135,-2.1562755529747513,-2.5508535081183226,-2.5019489852618815,-2.8280311901293764
2023-02-17,0.26439068835291124,0.21209766496141924,0.07699127565810038,0.14235278679306518,0.453325508347735,0.4550908845635693
2023-02-20,2.318590267252141,1.555722456184716,0.6172691029351807,0.38430747960362943,0.07494333901809647,0.6536971766312849
2023-02-21,1.1382383717531752,1.5979066774494122,2.1147319947098175,2.2475756549547476,2.255567065570041,1.9328359744409163
2023-02-22,-3.8805600883054403,-3.626862311967116,-3.320076490012802,-3.075002807133309,-3.2701218209036043,-3.236257924873165
2023-02-23,3.2734926619661042,2.2906405419415243,0.9121764664792753,-0.6602458577340098,-2.255061079940468,-3.3857352143943586
2023-02-24,1.1517975725662932,1.5624340436414474,2.148150962383477,2.588447700832397,1.6787601757846105,1.1412588020953685
2023-02-27,0.23926259331932265,0.7212956401114301,0.691815107806315,0.6508373263950151,0.40335978288612573,-0.38727991361313663
2023-02-28,0.478829778126455,-0.058098471826850684,-1.432095418110757,-2.2219185618597592,-2.5942521334914037,-3.1580070218006906
2023-03-01,0.4850111426810688,-0.2784395691111552,-1.4031190169028207,-1.980271065192607,-2.2219373375024443,-2.449506363139786
2023-03-02,-0.3582724425994943,-0.5853617708606151,-1.1823683878741775,-0.8258225169244682,-0.9398057219212053,-0.4929966760854221
2023-03-03,-3.353172077600375,-3.494650774775643,-3.352083024610142,-2.8658842843422683,-1.715501908162631,-1.1444700067382296
2023-03-06,1.141728253803409,1.06863317459589,1.1444441785813275,1.1430047822494238,0.9079889470933633,0.9124472642666692
2023-03-07,-0.5760557766371299,-1.3535184082770435,-1.3388854941805306,-1.0778840645759846,-0.8509211495589586,-0.17530804870995453
2023-03-08,-3.930343936901881,-4.346304483661134,-4.659218838422197,-5.226544133810052,-5.614208578813562,-5.636056326265848
2023-03-09,-0.4088309120983791,-0.5471154400150002,0.14679309389613593,1.0914527837766475,2.511810309424556,4.102473593500644
2023-03-10,-1.0563854695528452,-1.3872910424333806,-2.3648902935730742,-3.4133435136641577,-3.6885327642183885,-4.14146944965017
2023-03-13,-5.1166348094561,-5.413677547380624,-4.648422947286379,-4.410056576982679,-3.762346786583004,-2.922507689623144
2023-03-14,2.7530572639841377,1.6757460827930615,-0.044615623241073266,-0.5335628767669132,-1.1120892568683427,-1.0972180285499178
2023-03-15,-0.004029845288844314,-0.7033493401759294,-1.872497523436012,-2.5067025724369696,-3.4659946845056577,-3.8080092232130713
2023-03-16,1.2477011985256858,1.1503037310049091,0.7758560657898705,0.6459089587322886,0.22896240607437335,-0.08200997259488751
2023-03-17,-2.3264894736660935,-2.347619275750379,-2.2708906071601476,-1.761629986248936,-0.5756050411724889,0.08256177264449605
2023-03-20,-2.26735818281929,-2.104211631361075,-2.6498823730834786,-2.533272057343794,-2.8086161744971694,-3.054434971290876
2023-03-21,4.068069389263718,3.7540482891482707,3.7229133689280935,2.950014469923312,2.57179718145375,2.3946343767364375
2023-03-22,2.385274725980935,2.8192767609516167,3.3281147760626073,3.0999307546679233,3.2313234334020002,2.97735210501493
2023-03-23,0.1442147731299137,0.5969885302029354,0.7197621460705239,0.5457435341396089,0.5634824150638096,0.6261289451534591
2023-03-24,-3.051851299674624,-2.5416497151695694,-1.7909473529151843,-1.0141467647397207,-0.7706143554377931,-0.6144747428838304
2023-03-27,3.3205393463467736,3.540222322978037,3.0526112117791993,2.889757902068002,2.3121925319027348,1.763028770803876
2023-03-28,-3.966152079061569,-3.4308864246170856,-2.9414188105159056,-2.122299132666061,-0.8650722592385307,0.34275587804448726
2023-03-29,-2.720437259379116,-2.092356742475987,-0.944558728916034,-1.313093150079414,-1.7940002574913017,-2.229626213621705
2023-03-30,0.4532325890161726,0.5236457276438511,0.472340417294026,-0.02413807658356859,-1.582758959767805,-2.1407511657186795
2023-03-31,-0.2835715048698173,-0.8379106834988104,-1.8575540569107485,-1.943106484299495,-1.6668040728576194,-1.151490763474916
2023-04-03,0.1894281891168248,-0.45054171229250706,-1.6193408787024577,-2.5554170777125407,-2.848495748298907,-2.927572392647848
2023-04-04,-1.8086739991911571,-0.8316443480937075,0.054273838627150184,0.9445860459275313,1.4680767707800246,2.0102222753448196
2023-04-05,-2.611955807666888,-1.616825461627558,-0.2785010275083266,0.06144771131317839,0.11419479739060989,-0.21926948156782977
2023-04-06,0.2694185956989781,-0.16290565473671137,-0.9730463659225475,-1.684461806200055,-2.5856610912424305,-3.3982099334490368
2023-04-07,-1.1390000548441304,-1.2666171929045955,-1.5417093444241026,-1.6550307762921879,-0.9100257017387925,-0.2989626197651418
2023-04-10,1.2092734260599869,0.9848004687122991,0.8077984808236405,0.11069038374933449,-0.67965110741528,-1.5190971623835647
2023-04-11,-1.7119008118867463,-1.2850549263954125,-0.2786024184732838,-0.20147459861044048,-0.15716065913444766,-0.02504518340269435
2023-04-12,-2.6760334554059906,-1.7806721548129012,-1.0324219232716647,-0.30749270211885005,0.08295139613352376,-0.45525739153653433
2023-04-13,-3.260469307871805,-3.2972472000914355,-2.9044909836635657,-2.4303582590878836,-0.7896680769789999,-0.03080523266278945
2023-04-14,-3.944996852624927,-3.4587089305056384,-2.5277231299718927,-2.290559816743043,-2.998217053020502,-3.427268589233856
2023-04-17,2.2796825337507265,1.0782609639229612,0.44256023367119646,0.09105466149046393,0.9395906255321052,1.9595782867662948
2023-04-18,3.270111174436696,2.810648784756564,1.7818223631033359,1.8224110243278968,2.822801119007101,4.088362919295285
2023-04-19,2.6136299723906298,1.9102503075465016,1.0268411879853723,1.222878685560591,1.4535906695148704,1.5864081450134293
2023-04-20,3.5833994705974703,4.446554946002523,5.153292808199339,5.010794371216276,4.830740733259242,4.253105467835949
2023-04-21,-0.009463058738212737,0.061209309303933424,-0.16187709017088103,0.5168087384900488,1.7415955933656857,2.685114758210938
2023-04-24,1.8087982124008306,0.6918310278913875,-0.5133463862547316,-1.3762396275943445,-2.466402717788263,-3.2137340975989748
2023-04-25,6.64169645288446,5.704403734737529,4.232149080958836,3.9509672485921854,3.5366385514582266,3.8423687010751273
2023-04-26,-0.48146891776013057,-0.23830110585252307,0.19990047945421807,-0.4310326108865947,-2.0974021366456874,-4.3856333404591386
2023-04-27,2.7293518014140705,2.0107819085414924,1.2013273109891198,-0.28082065685688384,-2.302093495425339,-4.5351728743074915
2023-04-28,0.693058457567286,1.4621185151813876,2.1252440926130323,2.496168798525833,2.7663179930674353,2.4017661993225303
2023-05-01,2.5108231028970973,2.5125265181221934,1.9254168135538041,2.0696229372007213,2.435388847263731,2.837929238122383
2023-05-02,3.698203275340406,3.3665076527375604,3.147252507352194,3.2643833722839855,3.247292950034808,2.937862695847482
2023-05-03,-1.190685712352746,-0.20736535730074834,1.1442944967319235,2.221460204178616,2.429865831809419,2.4091750773148846
2023-05-04,-0.3377296217950576,0.23256848985488965,0.27087708539341726,0.6405161369622991,1.0022402586085555,1.6171910991241045
2023-05-05,1.7242313092279637,1.2535956851032815,0.011193783373730781,-1.1236555821632965,-1.8681349634783295,-2.6964489020674165
2023-05-08,0.6100316657339011,0.6390614487909563,1.0978386604024504,1.2244687804960463,2.33091746497025,3.3517542774427866
2023-05-09,3.469095631021002,3.708085344246692,4.620552314188409,4.19671536506141,3.902371414319239,2.9449675871819903
2023-05-10,1.5213956275282214,1.168543701988911,0.9986819084298659,1.113968207946181,1.379830092133405,1.6348006966550255
2023-05-11,0.9037432203319096,-0.12114506711760065,-1.3401596384578607,-2.5977466673189564,-3.568490819385728,-4.211711867773493
2023-05-12,0.9422543360201541,-0.0041509761746993945,-0.9904366501352513,-1.5916733879569822,-1.5591405921238977,-0.9234105469010601
2023-05-15,-0.2651332305071641,-1.1566594240819406,-1.4095915158196082,-1.6727708401934382,-1.388107949510342,-1.069954596415501
2023-05-16,0.2620368146109442,0.3212240733303062,-0.6331947525828774,-0.382896074281458,0.201584256689058,0.3261488696607362
2023-05-17,-1.7868921535165505,-1.6740612723116222,-1.7494543461105572,-1.2273489656915881,-0.27050671025552475,0.7588309291647111
2023-05-18,-3.09782445595701,-1.9622443958595248,-0.6562401369397453,0.0024317257644401735,0.19675080275578516,0.7635758373499613
2023-05-19,-2.0996185879207374,-1.1536841496029293,0.33600442555119514,0.06653420547904076,-1.174741418514369,-2.515156025242149
2023-05-22,0.31576887230100326,-0.390582761138214,-1.1632637939106516,-2.0607988865390503,-2.504447603706872,-2.770449991373569
2023-05-23,0.8690431780049579,1.1571645036740907,1.6836529715991144,1.5581227983461954,1.17032911664956,0.5332537849748853
2023-05-24,-2.3008652656687723,-2.650584356787933,-3.0598325355096545,-2.239722976645808,-1.048286928711084,0.016615768344330206
2023-05-25,1.077588164787091,1.1333109643175021,1.5055831773156836,1.6610500139747408,1.2898886214189886,1.3042082016410994
2023-05-26,0.9647367966156395,1.8374337189021706,2.2578520542459124,2.767928029032385,2.449177789246626,1.635371828698995
2023-05-29,-1.7581860864098964,-1.683129397105354,-1.494108119035964,-1.4856311047285242,-1.89499899715182,-2.1514035011347854
2023-05-30,-2.6646913281139994,-2.754345530614266,-3.190617076212332,-3.222438301464292,-3.162386910628978,-3.0816518661306525
2023-05-31,1.24188687052742,1.0882174545447043,1.2098104416697009,0.7813113208919642,-0.2765162870147275,-0.7468702413492956
2023-06-01,1.023487790238331,0.9320721618750749,1.1336488438271175,1.2372961692443507,2.3629827906680667,3.167520746863728
2023-06-02,-1.1143864503653234,-1.7933881492884662,-2.1650624434043753,-2.5770519744497733,-2.54563892986579,-3.2276474323539084
2023-06-05,0.15820223622835528,0.453962594846935,0.5280699625885621,0.24086661637845452,-0.49886931171245763,-1.1168375867982583
2023-06-06,-2.414244147484279,-2.5985855846986095,-2.6700448166836033,-2.75383593237688,-2.441748946428879,-2.167775749139267
2023-06-07,-0.3559636761068852,-0.5693802160900763,-0.7413786473355,-0.7943590494866815,-0.5426624649416567,-0.5230798067191067
2023-06-08,-1.9522076922871001,-1.6917922999038826,-1.1228540630356054,-1.0875761636371717,-0.7729917920881402,-0.9533604692963493
2023-06-09,-1.810258686582289,-1.1559033311722366,-1.1333715794413557,-0.7375640580997711,-0.45826651690257236,-0.617892020010169
2023-06-12,-0.5399760347694738,-0.9460146210316545,-0.7974618485910856,-0.6872825278732897,-0.4970500609982942,0.18578561994777587
2023-06-13,-0.05753498298939341,-0.4952252558381165,-1.104464768316804,-1.979505831806172,-2.8022829919033487,-3.733289382553062
2023-06-14,-1.3615802277569422,-0.8214066745916515,-0.5913698489944608,-0.07699345141736202,0.515513250107924,1.0084289714078931
2023-06-15,-1.1328946313299948,-1.1290623297081304,-0.7313143663970401,-0.7167729754487873,-0.7366386882796672,-1.1012008871339685
2023-06-16,1.96531281009924,1.7185858130456477,0.9954197948673027,0.28566172012283175,-1.0463470383359041,-2.1280689271057085
2023-06-19,2.438920065409622,1.2169316874716785,0.12965313978594573,-0.22997764378005492,-0.06986855442443485,0.6239938593940231
2023-06-20,2.173875285585636,1.8909493507498265,1.4335059488213453,1.3550984165284774,0.9388559514901473,-0.030056187997828943
2023-06-21,2.297597031166587,2.3897760043928074,2.283708647779603,1.8330652642172929,1.4611009969770272,0.8376706690977898
2023-06-22,1.0711510071726327,0.6170587292617213,0.12063590172153305,-0.34831902720808827,0.47550386205434947,0.8579326517332397
2023-06-23,-2.505407184298436,-1.834529053510714,-1.3415996883630932,-0.7416413598904548,-1.4529106147806115,-1.755587370610323
2023-06-26,0.45946630416100476,0.9694288416010277,1.2708704187147646,0.9697851376668787,0.1434756254881986,-0.7930869893742365
2023-06-27,2.848235160295598,2.01406305583971,1.4935817681085428,1.7101756858869166,2.5052192061216783,3.3863978113281235
2023-06-28,-3.5352879469468412,-2.2791106973502284,-0.7670544383548528,0.10925682005717974,0.58930870006213,1.1220151607806983
2023-06-29,-0.5048324839229679,-0.7180143176686027,-0.652709007532426,-0.9097437449824941,-1.4338529906233077,-2.237212910295572
2023-06-30,0.09255771526768264,-0.5810144117500027,-0.8639291156423479,-1.2308450189926656,-1.646487974684696,-1.7005175237758685
2023-07-03,-0.922508733050309,-1.2018807666588138,-1.2817656338892647,-0.9157689205097075,-1.7204747175279866,-1.3729657760026548
2023-07-04,1.0178198043548914,1.7096519602743054,2.5892810029511715,2.7915522167975215,2.732638564785761,2.381236099376016
2023-07-05,0.9922781695258287,0.6205502367665261,0.7132891999591884,0.09466396759703066,-0.3992995708857361,-1.5127927050444523
2023-07-06,3.4987701092757284,3.5259791904944215,2.9195935450235577,2.1424770591272235,1.0448207800554332,0.33691026779787414
2023-07-07,-1.3318689347524781,-1.3260014909656892,-1.5463827303350275,-1.9957191907560734,-2.3310666103747213,-2.4039497510873975
2023-07-10,1.272048838250095,1.6573786770649246,2.446879043116512,2.9828453536627997,2.8281027796578595,2.5468536737161873
2023-07-11,-3.705430679514077,-2.5313264691556814,-1.2643526028332186,-0.591263829664701,-0.7829402755096471,-1.2175923038492797
2023-07-12,2.158567821756119,2.4789739029060787,3.158409195089318,3.6702421044884304,4.8362387689382835,5.708649216356898
2023-07-13,1.3180944162596742,1.5840650620329022,1.6160546829655953,1.8863565781237934,3.1703099121614287,4.055824287736209
2023-07-14,-5.401319302652086,-4.626027734023053,-3.7656340512195907,-2.746489812104258,-1.4711087716752225,-0.1472432847721361
2023-07-17,-3.0281612198082897,-1.989323720165892,-0.795598663517394,-1.0297413283283152,-2.027193973671171,-3.7390579006397306
2023-07-18,1.9119408073287048,1.236144053309518,0.7348830134109363,0.7565559502971109,1.3347185536064732,1.8283408395226353
2023-07-19,-2.211161536594952,-1.3172448145408744,-0.5059571059895518,0.3048181951383455,1.0143502639579083,1.3370560208134652
2023-07-20,2.4157066074623312,2.8386854215572743,3.2152490634828723,3.215371882849105,2.1651327150872923,1.239226777692437
2023-07-21,1.1705427748411878,0.6740082313917206,0.46052660112789745,0.46707069677167645,0.3148627935712245,0.18698538763106676
2023-07-24,-0.3633850322544152,-0.837090360954873,-1.0702160870910582,-1.879405018621716,-2.9739986484965453,-4.425871168639484
2023-07-25,1.4339789471830677,0.9144429823765066,0.3942742359392515,-0.17486527392356344,-1.3508596666050199,-2.052322368436288
2023-07-26,2.2654685577188083,3.371238076777683,4.0225900339252,4.343133563431278,4.1119965841353245,3.4522683392209874
2023-07-27,2.6298869510212874,2.0221543989232593,0.8541644649773694,-0.7807057279640262,-2.3973131695743,-3.950555321152871
2023-07-28,-1.0831543053227755,-1.7180758060530543,-2.8185295865126747,-2.661538496609772,-1.968830215111872,-1.6102049956974174
2023-07-31,1.3439291656778263,-0.05641501405238003,-1.279995807036638,-1.8541346402102477,-1.970285948112549,-1.387705958724883
2023-08-01,-3.7881044089140836,-4.288590323275576,-4.683425163711918,-4.766605716662031,-3.6971971326497766,-2.692494893783204
2023-08-02,-1.4181036716880868,-1.1068388814456487,-1.3555900599508952,-1.2744575227329857,-0.9725868343376742,-1.1419673772636418
2023-08-03,-5.1706098069931095,-4.662142325077001,-4.508110860419601,-4.144574813623514,-3.9802540975618417,-4.483222176983137
2023-08-04,-1.7675012803594736,-2.329194282731528,-3.0623893369978727,-3.769794106684188,-3.062673107467484,-2.7494589659419866
2023-08-07,-1.9527581693135065,-1.5789952063158363,-0.8121664862741351,0.07802308983637651,1.131103692273605,2.2970685945126856
2023-08-08,0.8388809680019982,1.5615319847095854,2.6184678224650426,3.141487921960273,3.299400344503134,3.611322996080135
2023-08-09,1.263158452639379,1.233213788702825,1.4612387422746842,1.0298774697185653,0.2611994171097809,-0.19125571760962856
2023-08-10,1.7967267872525117,0.758675223533789,-0.2366036486615375,-1.1322336768761154,-2.1479202438381417,-2.985744359027409
2023-08-11,-0.1870326080678275,0.18651908765088265,-0.05254710125650597,-0.6519849445723924,-1.458175348572155,-2.2770928570116755
2023-08-14,3.855598994302234,3.049505170332756,1.9854871015176023,1.6555516646493906,0.6227270038071442,-0.08245055366038478
2023-08-15,1.467247288793816,0.9899309293942338,0.4097458003047727,-0.012791164375292041,1.0113398515078753,1.8663347440206035
2023-08-16,2.050975754836548,2.9238699323433703,3.4762419150071278,3.6451363597680864,3.661516382268193,3.5639965460237732
2023-08-17,-2.9921238973329434,-2.6436742945334046,-2.4069679862581683,-2.611997553398826,-2.6136443942891496,-2.764215104310752
2023-08-18,0.777826257223424,-0.30615120844545984,-0.856737089388071,-1.4005492946554732,-0.34856946364509866,0.41189951620119736
2023-08-21,-3.8205112557370136,-3.4103945853594553,-2.692028676621039,-2.547078843830164,-3.390125089799456,-3.738198436599882
2023-08-22,7.048381937221881,6.800904629746496,6.347849198728683,5.969253768416172,4.592429641775331,3.6567082647117832
2023-08-23,1.2034873529554346,1.3850068420176331,1.1979501357282984,1.0686150647941428,1.1006862334353773,1.023151987676485
2023-08-24,6.839315903565213,6.059540378713635,5.057037555091082,4.618613253515136,3.39120664563346,2.5838618279671266
2023-08-25,-0.44841629949181616,-0.39696268719717764,-0.4624193787614139,-0.9203301034073519,-1.2657498668983358,-1.8402347002071995
2023-08-28,2.915738890427466,2.7582811591122525,2.317529606475377,2.3111285841282303,1.863955171888021,1.6979793887293315
2023-08-29,7.956932925517268,7.568960920352019,7.135199178176066,7.1328904153746375,7.184797340765892,7.76430832610111
2023-08-30,0.6521142437043714,0.4791645753451146,1.1431023286864406,0.6625153221730073,0.970399007937317,1.5181344512816164
2023-08-31,-1.6473482678560636,-1.995572997897499,-2.4304999520095016,-2.8262883519534654,-3.3713713394974754,-4.224119819600425
2023-09-01,0.4693477782604205,0.1723797360897894,0.06869674375686863,0.40704915993758917,1.8304115018380251,3.132088756032303
2023-09-04,-0.9300854417053639,-0.9152647559046656,-0.5232252244045554,-0.11693171774247446,-0.1731721282643761,0.19464157449955444
2023-09-05,4.546105696688096,4.216284702058504,3.4932050385702684,2.9260136021328265,2.284625759840342,1.6201107102927992
2023-09-06,-1.7481886551780956,-1.471033172699654,-0.9687638922262654,-1.097281834878494,-0.49597497067792595,0.18367127324352417
2023-09-07,3.2712570783067108,2.993836141678985,2.6662287112597216,2.801609082076295,3.4312960024495354,4.075991150637037
2023-09-08,3.8072229649728673,2.579904505882702,1.165539112185554,0.49237695551469507,0.5867808138296127,1.2633547586208493
2023-09-11,1.2789680780078694,1.046824011409031,0.9592046857823444,1.3535624112065658,2.9653072618702314,4.63824765096672
2023-09-12,1.7402718165147935,2.2509076821454865,2.5507847954674645,2.9970059238012325,2.566762634432518,2.384861294032037
2023-09-13,1.740894373294255,1.9164300536220757,1.5852278987143364,0.87238591576142,-0.7964687532921566,-1.8491370429432497
2023-09-14,1.6869020831189463,1.671697025597485,1.2604741907613182,1.1476744175440867,1.300872603382519,1.0073092815882756
2023-09-15,-2.709543940224135,-2.9609702860935894,-3.335766772228954,-3.847211434192266,-4.818651595626866,-5.676582138750685
2023-09-18,2.1991123612233654,2.663037065047158,2.9003976295663314,3.5322232200432957,3.88393320953182,4.005455601449581
2023-09-19,3.9881527295345442,4.508481345864723,5.096569125769346,4.487021769243782,1.7995841084031294,-0.5700640176357297
2023-09-20,0.28429534424097014,1.103305029650592,1.6463949918964715,1.5229674952674355,0.7663877372299677,0.036806856136717414
2023-09-21,-6.243577813055845,-5.657302336011449,-5.1448525424689695,-4.762434053649622,-3.332387129077219,-2.3573035677490584
2023-09-22,-3.3858225460492886,-3.4827007520903397,-3.874465898656121,-4.122440818963469,-4.406943981927158,-4.315344368492635
2023-09-25,2.4587630217759227,3.288232850745576,4.751323846689592,5.132031631667422,5.307853690848985,4.88946311268097
2023-09-26,0.9932471139711296,1.4227392060786048,1.6732109800469352,1.792788289254199,2.0932502502120975,1.432345672946056
2023-09-27,0.14223895089866545,0.46295680823882357,0.06024473780308348,-0.2802808559614345,-1.0225740728121213,-1.6881073735795393
2023-09-28,1.6568890214144982,1.7026751476238111,2.431826958073735,3.434330810857089,5.176173785470883,7.048758403342781
2023-09-29,0.1264997948744906,0.34655729383787914,0.041074348014502604,0.09510398543017828,-0.12112347319588324,-0.10236691220653071
2023-10-02,3.01017686101952,2.6367197619693084,1.7035593648718095,1.3842002507478135,1.1623447898667205,1.2180505951477905
2023-10-03,-1.9200428258550062,-2.865000753322855,-3.801521178331324,-4.1050886443127155,-3.4878767431007596,-3.0993884726203014
2023-10-04,1.6096450631168935,1.7585377497875587,1.5050605507217707,1.5814926454345901,1.581857601504577,1.794088864900445
2023-10-05,2.706688762776066,3.108969718825927,3.7251937637326815,4.111619431286773,4.888398356636037,5.452217267066972
2023-10-06,2.156343671377403,1.1830423314318494,0.11546460402684922,-0.40049548200329355,-0.4714460388147934,0.052805289129453925
2023-10-09,1.9358426254334482,2.291203699343569,2.206229865842957,1.6925827338625687,0.36186082096212324,-1.0406175600358392
2023-10-10,-1.6934475650772995,-1.9047042683241866,-1.8406769282496516,-2.152073390806075,-3.021374837701174,-3.9372114132368186
2023-10-11,0.17357173109613377,0.5076947932272979,1.0366391456271273,0.48802184296552475,-0.20251731013098961,-1.6228520293000148
2023-10-12,-0.04508313975386535,0.19696085310649813,0.026933692509478746,-0.19337612796679338,-0.7217271364588385,-0.9653061874884905
2023-10-13,-0.45478516735952823,-0.01394719982799053,0.8445847276085328,0.984203572158382,1.8133194354869264,2.704877284422169
2023-10-16,-0.9624291049432632,-0.12601921625647883,0.41183561660864676,1.1028236195374852,1.4259005918837442,1.8305233650920627
2023-10-17,-1.4111314508145956,-1.395147755182835,-1.9564576292183666,-1.4095996740465466,-1.0695029673222667,-0.276011793893538
2023-10-18,3.854833171572869,3.841414170058277,4.141698952457773,4.057060629425369,4.516728911126844,4.361421389683429
2023-10-19,-1.1339400527898835,-0.7970385396338653,-0.4042134419578236,-0.4269687179416781,-0.5450753866151015,-1.158874327157644
2023-10-20,0.23195297735982834,0.177528716873665,0.3410232229118293,0.29692537196543967,0.07579204314103194,-0.06973759387474132
2023-10-23,-1.7671935600187982,-1.7661390989061942,-2.3583652313164283,-2.9501277011296345,-4.02610282743785,-4.793128388185863
2023-10-24,-3.645874448063191,-2.0886750829829825,-0.4234911035690292,0.49929590591339945,1.103163049267586,1.346992717470119
2023-10-25,0.13567767739930403,0.7381765052734579,1.4375238249291655,1.8700670218480209,0.9364559174672493,0.76081349054955
2023-10-26,-0.2731499875241017,0.002560408577556572,0.03142398117281786,-0.4297217559563027,-0.653202182249446,-1.7225143267558085
2023-10-27,-6.563559318073509,-5.217650285317177,-3.9353400245938808,-2.384937987839786,-0.8241362846330258,0.9747266620590445
2023-10-30,-1.8241399412945558,-1.020455337565096,-0.4428283318050674,0.2718262621956402,0.7198039823376412,1.0211826008705405
2023-10-31,0.2864129677773164,0.8259872418317382,0.26790531960956265,-0.46865364203081405,-1.584927504679623,-2.570953086944394
2023-11-01,-3.6787317758435023,-3.203547104485338,-2.634505032878165,-2.1870697250257365,-1.6524048378676603,-1.2258979228438438
2023-11-02,-3.8482850069204044,-4.130741596282395,-4.417532242635147,-3.4219050200449352,-1.6044441414377442,-0.36970997385084026
